2026-07-02 04:44:04.6019|INFO|Main|AdaptableLog|AdaptableLog initialized.
2026-07-02 04:44:04.6128|INFO|Main|AdaptableLog|ExternalDataBridge initialized.
2026-07-02 04:44:04.6649|INFO|Main|GameData.Common.DataUpgradeManager|DataUpgradeManager initialized.
2026-07-02 04:44:04.7356|INFO|Worker1|GameData.Common.WorkerThread.WorkerThreadManager|Worker thread started.
2026-07-02 04:44:04.7356|INFO|Worker4|GameData.Common.WorkerThread.WorkerThreadManager|Worker thread started.
2026-07-02 04:44:04.7356|INFO|Worker0|GameData.Common.WorkerThread.WorkerThreadManager|Worker thread started.
2026-07-02 04:44:04.7356|INFO|Worker3|GameData.Common.WorkerThread.WorkerThreadManager|Worker thread started.
2026-07-02 04:44:04.7356|INFO|Worker2|GameData.Common.WorkerThread.WorkerThreadManager|Worker thread started.
2026-07-02 04:44:04.7356|INFO|Worker14|GameData.Common.WorkerThread.WorkerThreadManager|Worker thread started.
2026-07-02 04:44:04.7356|INFO|Worker16|GameData.Common.WorkerThread.WorkerThreadManager|Worker thread started.
2026-07-02 04:44:04.7356|INFO|Worker5|GameData.Common.WorkerThread.WorkerThreadManager|Worker thread started.
2026-07-02 04:44:04.7356|INFO|Worker6|GameData.Common.WorkerThread.WorkerThreadManager|Worker thread started.
2026-07-02 04:44:04.7356|INFO|Worker7|GameData.Common.WorkerThread.WorkerThreadManager|Worker thread started.
2026-07-02 04:44:04.7356|INFO|Worker23|GameData.Common.WorkerThread.WorkerThreadManager|Worker thread started.
2026-07-02 04:44:04.7356|INFO|Worker8|GameData.Common.WorkerThread.WorkerThreadManager|Worker thread started.
2026-07-02 04:44:04.7356|INFO|Worker9|GameData.Common.WorkerThread.WorkerThreadManager|Worker thread started.
2026-07-02 04:44:04.7356|INFO|Worker10|GameData.Common.WorkerThread.WorkerThreadManager|Worker thread started.
2026-07-02 04:44:04.7356|INFO|Worker11|GameData.Common.WorkerThread.WorkerThreadManager|Worker thread started.
2026-07-02 04:44:04.7356|INFO|Worker12|GameData.Common.WorkerThread.WorkerThreadManager|Worker thread started.
2026-07-02 04:44:04.7356|INFO|Worker1|AdaptableLog|CharacterActionPlanner created.
2026-07-02 04:44:04.7356|INFO|Worker13|GameData.Common.WorkerThread.WorkerThreadManager|Worker thread started.
2026-07-02 04:44:04.7356|INFO|Worker15|GameData.Common.WorkerThread.WorkerThreadManager|Worker thread started.
2026-07-02 04:44:04.7356|INFO|Worker17|GameData.Common.WorkerThread.WorkerThreadManager|Worker thread started.
2026-07-02 04:44:04.7356|INFO|Worker18|GameData.Common.WorkerThread.WorkerThreadManager|Worker thread started.
2026-07-02 04:44:04.7356|INFO|Worker19|GameData.Common.WorkerThread.WorkerThreadManager|Worker thread started.
2026-07-02 04:44:04.7356|INFO|Worker20|GameData.Common.WorkerThread.WorkerThreadManager|Worker thread started.
2026-07-02 04:44:04.7356|INFO|Worker21|GameData.Common.WorkerThread.WorkerThreadManager|Worker thread started.
2026-07-02 04:44:04.7356|INFO|Worker22|GameData.Common.WorkerThread.WorkerThreadManager|Worker thread started.
2026-07-02 04:44:04.7356|INFO|Worker24|GameData.Common.WorkerThread.WorkerThreadManager|Worker thread started.
2026-07-02 04:44:04.7356|INFO|Worker25|GameData.Common.WorkerThread.WorkerThreadManager|Worker thread started.
2026-07-02 04:44:04.7356|INFO|Worker26|GameData.Common.WorkerThread.WorkerThreadManager|Worker thread started.
2026-07-02 04:44:04.7356|INFO|Worker27|GameData.Common.WorkerThread.WorkerThreadManager|Worker thread started.
2026-07-02 04:44:04.7356|INFO|Worker28|GameData.Common.WorkerThread.WorkerThreadManager|Worker thread started.
2026-07-02 04:44:04.7356|INFO|Worker29|GameData.Common.WorkerThread.WorkerThreadManager|Worker thread started.
2026-07-02 04:44:04.7356|INFO|Worker30|GameData.Common.WorkerThread.WorkerThreadManager|Worker thread started.
2026-07-02 04:44:04.7356|INFO|Worker31|GameData.Common.WorkerThread.WorkerThreadManager|Worker thread started.
2026-07-02 04:44:04.7356|INFO|ReadInterProcessMessages|GameData.GameDataBridge.GameDataBridge|ReadInterProcessMessages thread started.
2026-07-02 04:44:04.7356|INFO|WriteInterProcessMessages|GameData.GameDataBridge.GameDataBridge|WriteInterProcessMessages thread started.
2026-07-02 04:44:04.8248|INFO|Main|GameData.Steamworks.SteamManager|Verifying steam user successful! steam id 76561198177603869
2026-07-02 04:44:04.8248|INFO|Main|GameData.Program|GameData module initialized.
2026-07-02 04:44:04.8694|INFO|Main|GameData.GameDataBridge.GameDataBridge|Machine Frequency (Ticks/Second): 10000000
2026-07-02 04:44:12.6200|INFO|ReadInterProcessMessages|GameData.GameDataBridge.GameDataBridge|Incoming message: Initialize
2026-07-02 04:44:12.6229|INFO|ReadInterProcessMessages|GameData.Domains.Global.GlobalDomain|Game Version: 1.0.46, Build Date: 202607012112125378
2026-07-02 04:44:14.4517|INFO|ReadInterProcessMessages|AdaptableLog|CharacterActionPlanner initialized.
2026-07-02 04:44:14.4517|INFO|ReadInterProcessMessages|GameData.GameDataBridge.GameDataBridge|Transition: 0 -> 1
2026-07-02 04:44:14.4693|INFO|Main|GameData.Domains.Mod.ModDomain|Start loading mod [天幕心帷]过月性能优化 for GameData ...
2026-07-02 04:44:14.4693|INFO|Main|GameData.Domains.Mod.ModDomain| - Loading plugin from TaiwuOptimization.dll
2026-07-02 04:44:15.0465|INFO|Main|GameData.Domains.Mod.ModDomain|Start loading mod [完全版]取消大太阴/洗髓经童子身限定 for GameData ...
2026-07-02 04:44:15.0465|INFO|Main|GameData.Domains.Mod.ModDomain| - Loading plugin from AlwaysVirgin.dll
2026-07-02 04:44:15.0465|INFO|Main|GameData.Domains.Mod.ModDomain|Start loading mod [天幕心帷]自动战斗策略 for GameData ...
2026-07-02 04:44:15.0465|INFO|Main|GameData.Domains.Mod.ModDomain| - Loading plugin from AutoCombatBackend.dll
2026-07-02 04:44:15.0465|INFO|Main|AdaptableLog|Initialize 1_3741592756
2026-07-02 04:44:15.2012|INFO|Main|AdaptableLog|OnModSettingUpdate 1_3741592756
2026-07-02 04:44:15.2012|INFO|Main|GameData.Domains.Mod.ModDomain|Start loading mod [天幕心帷]更好的搜索 for GameData ...
2026-07-02 04:44:15.2012|INFO|Main|GameData.Domains.Mod.ModDomain| - Loading plugin from BetterSearchBackend.dll
2026-07-02 04:44:15.5220|INFO|Main|GameData.Domains.Mod.ModDomain|Start loading mod [天幕心帷]拟真自动突破加强版 for GameData ...
2026-07-02 04:44:15.5220|INFO|Main|GameData.Domains.Mod.ModDomain| - Loading plugin from AutoBreakBackend.dll
2026-07-02 04:44:15.5220|INFO|Main|AdaptableLog|Initialize 1_3467883114
2026-07-02 04:44:15.5220|INFO|Main|自动突破|PreloadOrTools 执行，依赖目录=D:\SteamLibrary\steamapps\workshop\content\838350\3467883114\Plugins
2026-07-02 04:44:15.5298|INFO|Main|自动突破|依赖 Google.Protobuf 已存在（Location=D:\SteamLibrary\steamapps\common\The Scroll Of Taiwu\Backend\Google.Protobuf.dll）
2026-07-02 04:44:15.5298|INFO|Main|自动突破|依赖 Google.OrTools 已存在（Location=<空/字节加载>）
2026-07-02 04:44:15.5298|INFO|Main|自动突破|已为 Google.OrTools 注册原生库解析器（目录=D:\SteamLibrary\steamapps\workshop\content\838350\3467883114\Plugins）
2026-07-02 04:44:15.5298|INFO|Main|自动突破|自动突破设置 forceSuccessRate100=True, allGridVisible=True, timeout=0, useExactSolver=True, speedWarmStart=True, noInjuryBreak=False
2026-07-02 04:44:15.7965|INFO|Main|自动突破|自动突破设置 forceSuccessRate100=True, allGridVisible=True, timeout=0, useExactSolver=True, speedWarmStart=True, noInjuryBreak=False
2026-07-02 04:44:15.7965|INFO|Main|GameData.Domains.Mod.ModDomain|Start loading mod [天幕心帷]修改武器式 for GameData ...
2026-07-02 04:44:15.7965|INFO|Main|GameData.Domains.Mod.ModDomain| - Loading plugin from CustomWeaponBackend.dll
2026-07-02 04:44:15.7965|INFO|Main|AdaptableLog|Initialize 1_3746604877
2026-07-02 04:44:15.8347|INFO|Main|AdaptableLog|OnModSettingUpdate 1_3746604877
2026-07-02 04:44:15.8347|INFO|Main|GameData.Domains.Mod.ModDomain|Start loading mod myna12548的基础mod for GameData ...
2026-07-02 04:44:15.8347|INFO|Main|GameData.Domains.Mod.ModDomain| - Loading plugin from MynahBaseModBackend.dll
2026-07-02 04:44:15.8601|INFO|Main|GameData.Domains.Mod.ModDomain|Start loading mod 食物加强 for GameData ...
2026-07-02 04:44:15.8601|INFO|Main|GameData.Domains.Mod.ModDomain| - Loading plugin from FoodEnhance.dll
2026-07-02 04:44:15.8811|INFO|Main|GameData.Domains.Mod.ModDomain|Start loading mod 蛐蛐增强 for GameData ...
2026-07-02 04:44:15.8811|INFO|Main|GameData.Domains.Mod.ModDomain| - Loading plugin from QuQuSSR.dll
2026-07-02 04:44:15.8999|INFO|Main|GameData.Domains.Mod.ModDomain|Start loading mod 解除婚配与同道数量限制 for GameData ...
2026-07-02 04:44:15.8999|INFO|Main|GameData.Domains.Mod.ModDomain| - Loading plugin from NoMarriageLimit.dll
2026-07-02 04:44:15.9100|INFO|Main|AdaptableLog|[NoMarriageLimit] Initialized (enableNoMarriageLimit=True, enableNoCompanionLimit=True)
2026-07-02 04:44:15.9100|INFO|Main|AdaptableLog|[NoMarriageLimit] Settings updated: enableNoMarriageLimit=True, enableNoCompanionLimit=True
2026-07-02 04:44:15.9100|INFO|Main|GameData.Domains.Mod.ModDomain|Start loading mod 蛐蛐透视 for GameData ...
2026-07-02 04:44:15.9100|INFO|Main|GameData.Domains.Mod.ModDomain|Start loading mod 自定义开局·点数无限 for GameData ...
2026-07-02 04:44:15.9100|INFO|Main|GameData.Domains.Mod.ModDomain|Start loading mod 璇女峰拯救计划 for GameData ...
2026-07-02 04:44:15.9100|INFO|Main|GameData.Domains.Mod.ModDomain| - Loading plugin from XuanNvMemberUpgrade.dll
2026-07-02 04:44:15.9203|INFO|Main|GameData.Domains.Mod.ModDomain|Start loading mod [正式版V1.0天幕心帷]自定义村民招募 for GameData ...
2026-07-02 04:44:15.9203|INFO|Main|GameData.Domains.Mod.ModDomain| - Loading plugin from CustomRecruitment.dll
2026-07-02 04:44:15.9417|INFO|Main|GameData.Domains.Mod.ModDomain|Start loading mod 猪猪编辑器 for GameData ...
2026-07-02 04:44:15.9417|INFO|Main|GameData.Domains.Mod.ModDomain| - Loading plugin from FeatureEditor.Backend.dll
2026-07-02 04:44:16.0303|INFO|Main|GameData.Domains.Mod.ModDomain|Start loading mod 物品无重量 for GameData ...
2026-07-02 04:44:16.0303|INFO|Main|GameData.Domains.Mod.ModDomain| - Loading plugin from ItemWeight.dll
2026-07-02 04:44:16.0303|INFO|Main|GameData.Domains.Mod.ModDomain|Start loading mod 捏人优化框架（新） for GameData ...
2026-07-02 04:44:16.0303|INFO|Main|GameData.Domains.Mod.ModDomain|Start loading mod 天人道修改 for GameData ...
2026-07-02 04:44:16.0303|INFO|Main|GameData.Domains.Mod.ModDomain| - Loading plugin from SamsaraMod.dll
2026-07-02 04:44:16.0584|INFO|Main|GameData.Domains.Mod.ModDomain|Start loading mod 【天幕心帷】激昂元鸡 for GameData ...
2026-07-02 04:44:16.0584|INFO|Main|GameData.Domains.Mod.ModDomain| - Loading plugin from BigCheckenCoop.dll
2026-07-02 04:44:16.0635|INFO|Main|GameData.Domains.Mod.ModDomain| - Loading plugin from HyperactivityChicken.dll
2026-07-02 04:44:16.0814|INFO|Main|GameData.Domains.Mod.ModDomain|Start loading mod 具体春宵（重置版） for GameData ...
2026-07-02 04:44:16.0814|INFO|Main|GameData.Domains.Mod.ModDomain| - Loading plugin from JTCX.Backend.dll
2026-07-02 04:44:16.2348|INFO|Main|GameData.Domains.Mod.ModDomain|Start loading mod 不易变老/长生不老 for GameData ...
2026-07-02 04:44:16.2348|INFO|Main|GameData.Domains.Mod.ModDomain| - Loading plugin from MoreYoung.dll
2026-07-02 04:44:16.2475|INFO|Main|GameData.Domains.Mod.ModDomain|Start loading mod 【招聘简历速览】派遣村民高亮最高属性 for GameData ...
2026-07-02 04:44:16.2475|INFO|Main|GameData.Domains.Mod.ModDomain|Start loading mod 出生特质无限制 for GameData ...
2026-07-02 04:44:16.2475|INFO|Main|GameData.Domains.Mod.ModDomain|Start loading mod 【天幕心帷】功法一格 for GameData ...
2026-07-02 04:44:16.2475|INFO|Main|GameData.Domains.Mod.ModDomain| - Loading plugin from SkillOneGrid.dll
2026-07-02 04:44:16.2475|INFO|Main|GameData.Domains.Mod.ModDomain|Start loading mod 太吾迎娇(npc立绘) for GameData ...
2026-07-02 04:44:16.2475|INFO|Main|GameData.Domains.Mod.ModDomain|Start loading mod 无忧传剑 for GameData ...
2026-07-02 04:44:16.2475|INFO|Main|GameData.Domains.Mod.ModDomain| - Loading plugin from TransferTaiwuMod.dll
2026-07-02 04:44:16.2809|INFO|Main|GameData.Domains.Mod.ModDomain|Start loading mod ~更多信息 v3.45~ for GameData ...
2026-07-02 04:44:16.2809|INFO|Main|GameData.Domains.Mod.ModDomain| - Loading plugin from MynahMoreInfoBackend.dll
2026-07-02 04:44:16.2809|INFO|Main|GameData.Domains.Mod.ModDomain|Start loading mod [天幕心斋]NPC行为解除限制 for GameData ...
2026-07-02 04:44:16.2809|INFO|Main|GameData.Domains.Mod.ModDomain| - Loading plugin from TaiwuRemoveAILimitation.dll
2026-07-02 04:44:16.3130|INFO|Main|AdaptableLog|[TaiwuRemoveAILimitation]: NPC action reachability diagnostics summary
goals: total=275, currentReachable=163, originalReachable=172, reachableByBypass=0, blockedByNoneSensor=0, blockedByMissingProducer=103
actions: total=384, implemented=183, implementationPathMissing=201, implementationNotLoaded=0, currentReachable=358, originalReachable=359, reachableByBypass=0, blockedByNoneSensor=0, blockedByMissingProducer=25
2026-07-02 04:44:16.3130|INFO|Main|AdaptableLog|[TaiwuRemoveAILimitation]: NPC action reachability diagnostics details
goal G0: currentReachable=True, originalReachable=True, noneSensors=-, missingProducer=-, blockedNoneSensors=-, blockedMissingProducer=-
goal G1: currentReachable=True, originalReachable=True, noneSensors=-, missingProducer=-, blockedNoneSensors=-, blockedMissingProducer=-
goal G2: currentReachable=True, originalReachable=True, noneSensors=-, missingProducer=-, blockedNoneSensors=-, blockedMissingProducer=-
goal G3: currentReachable=True, originalReachable=True, noneSensors=-, missingProducer=-, blockedNoneSensors=-, blockedMissingProducer=-
goal G4: currentReachable=False, originalReachable=False, noneSensors=-, missingProducer=466, blockedNoneSensors=-, blockedMissingProducer=466
goal G5: currentReachable=True, originalReachable=True, noneSensors=-, missingProducer=-, blockedNoneSensors=-, blockedMissingProducer=-
goal G6: currentReachable=True, originalReachable=True, noneSensors=-, missingProducer=-, blockedNoneSensors=-, blockedMissingProducer=-
goal G7: currentReachable=True, originalReachable=True, noneSensors=-, missingProducer=-, blockedNoneSensors=-, blockedMissingProducer=-
goal G8: currentReachable=True, originalReachable=True, noneSensors=-, missingProducer=-, blockedNoneSensors=-, blockedMissingProducer=-
goal G9: currentReachable=True, originalReachable=True, noneSensors=-, missingProducer=-, blockedNoneSensors=-, blockedMissingProducer=-
goal G10: currentReachable=False, originalReachable=False, noneSensors=-, missingProducer=272, blockedNoneSensors=-, blockedMissingProducer=272
goal G11: currentReachable=False, originalReachable=False, noneSensors=-, missingProducer=282, blockedNoneSensors=-, blockedMissingProducer=282
goal G12: currentReachable=False, originalReachable=True, noneSensors=434,435,436,437, missingProducer=-, blockedNoneSensors=-, blockedMissingProducer=-
goal G13: currentReachable=False, originalReachable=True, noneSensors=438,439, missingProducer=-, blockedNoneSensors=-, blockedMissingProducer=-
goal G14: currentReachable=False, originalReachable=False, noneSensors=-, missingProducer=474, blockedNoneSensors=-, blockedMissingProducer=474
goal G15: currentReachable=True, originalReachable=True, noneSensors=-, missingProducer=-, blockedNoneSensors=-, blockedMissingProducer=-
goal G16: currentReachable=False, originalReachable=False, noneSensors=-, missingProducer=107, blockedNoneSensors=-, blockedMissingProducer=107
goal G17: currentReachable=False, originalReachable=False, noneSensors=-, missingProducer=475, blockedNoneSensors=-, blockedMissingProducer=475
goal G18: currentReachable=True, originalReachable=True, noneSensors=-, missingProducer=-, blockedNoneSensors=-, blockedMissingProducer=-
goal G19: currentReachable=False, originalReachable=False, noneSensors=-, missingProducer=493, blockedNoneSensors=-, blockedMissingProducer=493
goal G20: currentReachable=False, originalReachable=False, noneSensors=-, missingProducer=494, blockedNoneSensors=-, blockedMissingProducer=494
goal G21: currentReachable=False, originalReachable=False, noneSensors=-, missingProducer=495, blockedNoneSensors=-, blockedMissingProducer=495
goal G22: currentReachable=False, originalReachable=False, noneSensors=-, missingProducer=496, blockedNoneSensors=-, blockedMissingProducer=496
goal G23: currentReachable=False, originalReachable=False, noneSensors=-, missingProducer=497, blockedNoneSensors=-, blockedMissingProducer=497
goal G24: currentReachable=False, originalReachable=False, noneSensors=-, missingProducer=498, blockedNoneSensors=-, blockedMissingProducer=498
goal G25: currentReachable=False, originalReachable=False, noneSensors=-, missingProducer=499, blockedNoneSensors=-, blockedMissingProducer=499
goal G26: currentReachable=False, originalReachable=False, noneSensors=-, missingProducer=500, blockedNoneSensors=-, blockedMissingProducer=500
goal G27: currentReachable=False, originalReachable=False, noneSensors=-, missingProducer=501, blockedNoneSensors=-, blockedMissingProducer=501
goal G28: currentReachable=False, originalReachable=False, noneSensors=-, missingProducer=502, blockedNoneSensors=-, blockedMissingProducer=502
goal G29: currentReachable=False, originalReachable=False, noneSensors=-, missingProducer=503, blockedNoneSensors=-, blockedMissingProducer=503
goal G30: currentReachable=False, originalReachable=False, noneSensors=-, missingProducer=504, blockedNoneSensors=-, blockedMissingProducer=504
goal G31: currentReachable=False, originalReachable=False, noneSensors=-, missingProducer=505, blockedNoneSensors=-, blockedMissingProducer=505
goal G32: currentReachable=False, originalReachable=False, noneSensors=-, missingProducer=506, blockedNoneSensors=-, blockedMissingProducer=506
goal G33: currentReachable=False, originalReachable=False, noneSensors=-, missingProducer=507, blockedNoneSensors=-, blockedMissingProducer=507
goal G34: currentReachable=False, originalReachable=False, noneSensors=-, missingProducer=454, blockedNoneSensors=-, blockedMissingProducer=454
goal G35: currentReachable=False, originalReachable=False, noneSensors=-, missingProducer=452, blockedNoneSensors=-, blockedMissingProducer=452
goal G36: currentReachable=False, originalReachable=False, noneSensors=-, missingProducer=458, blockedNoneSensors=-, blockedMissingProducer=458
goal G37: currentReachable=False, originalReachable=False, noneSensors=-, missingProducer=455, blockedNoneSensors=-, blockedMissingProducer=455
goal G38: currentReachable=False, originalReachable=False, noneSensors=-, missingProducer=453, blockedNoneSensors=-, blockedMissingProducer=453
goal G39: currentReachable=False, originalReachable=False, noneSensors=-, missingProducer=456, blockedNoneSensors=-, blockedMissingProducer=456
goal G40: currentReachable=False, originalReachable=False, noneSensors=-, missingProducer=457, blockedNoneSensors=-, blockedMissingProducer=457
goal G41: currentReachable=True, originalReachable=True, noneSensors=-, missingProducer=-, blockedNoneSensors=-, blockedMissingProducer=-
goal G42: currentReachable=True, originalReachable=True, noneSensors=-, missingProducer=-, blockedNoneSensors=-, blockedMissingProducer=-
goal G43: currentReachable=False, originalReachable=False, noneSensors=-, missingProducer=517, blockedNoneSensors=-, blockedMissingProducer=517
goal G44: currentReachable=True, originalReachable=True, noneSensors=-, missingProducer=-, blockedNoneSensors=-, blockedMissingProducer=-
goal G45: currentReachable=True, originalReachable=True, noneSensors=-, missingProducer=-, blockedNoneSensors=-, blockedMissingProducer=-
goal G46: currentReachable=True, originalReachable=True, noneSensors=-, missingProducer=-, blockedNoneSensors=-, blockedMissingProducer=-
goal G47: currentReachable=False, originalReachable=False, noneSensors=-, missingProducer=519, blockedNoneSensors=-, blockedMissingProducer=519
goal G48: currentReachable=True, originalReachable=True, noneSensors=-, missingProducer=-, blockedNoneSensors=-, blockedMissingProducer=-
goal G49: currentReachable=True, originalReachable=True, noneSensors=-, missingProducer=-, blockedNoneSensors=-, blockedMissingProducer=-
goal G50: currentReachable=False, originalReachable=False, noneSensors=-, missingProducer=520, blockedNoneSensors=-, blockedMissingProducer=520
goal G51: currentReachable=False, originalReachable=False, noneSensors=-, missingProducer=521, blockedNoneSensors=-, blockedMissingProducer=521
goal G52: currentReachable=True, originalReachable=True, noneSensors=-, missingProducer=-, blockedNoneSensors=-, blockedMissingProducer=-
goal G53: currentReachable=True, originalReachable=True, noneSensors=-, missingProducer=-, blockedNoneSensors=-, blockedMissingProducer=-
goal G54: currentReachable=True, originalReachable=True, noneSensors=-, missingProducer=-, blockedNoneSensors=-, blockedMissingProducer=-
goal G55: currentReachable=True, originalReachable=True, noneSensors=-, missingProducer=-, blockedNoneSensors=-, blockedMissingProducer=-
goal G56: currentReachable=True, originalReachable=True, noneSensors=-, missingProducer=-, blockedNoneSensors=-, blockedMissingProducer=-
goal G57: currentReachable=True, originalReachable=True, noneSensors=-, missingProducer=-, blockedNoneSensors=-, blockedMissingProducer=-
goal G58: currentReachable=True, originalReachable=True, noneSensors=-, missingProducer=-, blockedNoneSensors=-, blockedMissingProducer=-
goal G59: currentReachable=True, originalReachable=True, noneSensors=-, missingProducer=-, blockedNoneSensors=-, blockedMissingProducer=-
goal G60: currentReachable=False, originalReachable=False, noneSensors=-, missingProducer=382, blockedNoneSensors=-, blockedMissingProducer=382
goal G61: currentReachable=True, originalReachable=True, noneSensors=-, missingProducer=-, blockedNoneSensors=-, blockedMissingProducer=-
goal G62: currentReachable=True, originalReachable=True, noneSensors=-, missingProducer=-, blockedNoneSensors=-, blockedMissingProducer=-
goal G63: currentReachable=True, originalReachable=True, noneSensors=-, missingProducer=-, blockedNoneSensors=-, blockedMissingProducer=-
goal G64: currentReachable=True, originalReachable=True, noneSensors=-, missingProducer=-, blockedNoneSensors=-, blockedMissingProducer=-
goal G65: currentReachable=True, originalReachable=True, noneSensors=-, missingProducer=-, blockedNoneSensors=-, blockedMissingProducer=-
goal G66: currentReachable=True, originalReachable=True, noneSensors=-, missingProducer=-, blockedNoneSensors=-, blockedMissingProducer=-
goal G67: currentReachable=True, originalReachable=True, noneSensors=-, missingProducer=-, blockedNoneSensors=-, blockedMissingProducer=-
goal G68: currentReachable=True, originalReachable=True, noneSensors=-, missingProducer=-, blockedNoneSensors=-, blockedMissingProducer=-
goal G69: currentReachable=True, originalReachable=True, noneSensors=-, missingProducer=-, blockedNoneSensors=-, blockedMissingProducer=-
goal G70: currentReachable=True, originalReachable=True, noneSensors=-, missingProducer=-, blockedNoneSensors=-, blockedMissingProducer=-
goal G71: currentReachable=True, originalReachable=True, noneSensors=-, missingProducer=-, blockedNoneSensors=-, blockedMissingProducer=-
goal G72: currentReachable=True, originalReachable=True, noneSensors=-, missingProducer=-, blockedNoneSensors=-, blockedMissingProducer=-
goal G73: currentReachable=True, originalReachable=True, noneSensors=-, missingProducer=-, blockedNoneSensors=-, blockedMissingProducer=-
goal G74: currentReachable=False, originalReachable=False, noneSensors=-, missingProducer=529, blockedNoneSensors=-, blockedMissingProducer=529
goal G75: currentReachable=True, originalReachable=True, noneSensors=-, missingProducer=-, blockedNoneSensors=-, blockedMissingProducer=-
goal G76: currentReachable=True, originalReachable=True, noneSensors=-, missingProducer=-, blockedNoneSensors=-, blockedMissingProducer=-
goal G77: currentReachable=False, originalReachable=False, noneSensors=-, missingProducer=531, blockedNoneSensors=-, blockedMissingProducer=531
goal G78: currentReachable=False, originalReachable=False, noneSensors=-, missingProducer=532, blockedNoneSensors=-, blockedMissingProducer=532
goal G79: currentReachable=False, originalReachable=False, noneSensors=-, missingProducer=533, blockedNoneSensors=-, blockedMissingProducer=533
goal G80: currentReachable=False, originalReachable=False, noneSensors=-, missingProducer=515, blockedNoneSensors=-, blockedMissingProducer=515
goal G81: currentReachable=False, originalReachable=False, noneSensors=-, missingProducer=534, blockedNoneSensors=-, blockedMissingProducer=534
goal G82: currentReachable=True, originalReachable=True, noneSensors=-, missingProducer=-, blockedNoneSensors=-, blockedMissingProducer=-
goal G83: currentReachable=True, originalReachable=True, noneSensors=-, missingProducer=-, blockedNoneSensors=-, blockedMissingProducer=-
goal G84: currentReachable=True, originalReachable=True, noneSensors=-, missingProducer=-, blockedNoneSensors=-, blockedMissingProducer=-
goal G85: currentReachable=True, originalReachable=True, noneSensors=-, missingProducer=-, blockedNoneSensors=-, blockedMissingProducer=-
goal G86: currentReachable=True, originalReachable=True, noneSensors=-, missingProducer=-, blockedNoneSensors=-, blockedMissingProducer=-
goal G87: currentReachable=False, originalReachable=False, noneSensors=-, missingProducer=470, blockedNoneSensors=-, blockedMissingProducer=470
goal G88: currentReachable=False, originalReachable=False, noneSensors=-, missingProducer=468, blockedNoneSensors=-, blockedMissingProducer=468
goal G89: currentReachable=True, originalReachable=True, noneSensors=-, missingProducer=-, blockedNoneSensors=-, blockedMissingProducer=-
goal G90: currentReachable=False, originalReachable=False, noneSensors=-, missingProducer=538, blockedNoneSensors=-, blockedMissingProducer=538
goal G91: currentReachable=True, originalReachable=True, noneSensors=-, missingProducer=-, blockedNoneSensors=-, blockedMissingProducer=-
goal G92: currentReachable=True, originalReachable=True, noneSensors=-, missingProducer=-, blockedNoneSensors=-, blockedMissingProducer=-
goal G93: currentReachable=True, originalReachable=True, noneSensors=-, missingProducer=-, blockedNoneSensors=-, blockedMissingProducer=-
goal G94: currentReachable=True, originalReachable=True, noneSensors=-, missingProducer=-, blockedNoneSensors=-, blockedMissingProducer=-
goal G95: currentReachable=True, originalReachable=True, noneSensors=-, missingProducer=-, blockedNoneSensors=-, blockedMissingProducer=-
goal G96: currentReachable=True, originalReachable=True, noneSensors=-, missingProducer=-, blockedNoneSensors=-, blockedMissingProducer=-
goal G97: currentReachable=True, originalReachable=True, noneSensors=-, missingProducer=-, blockedNoneSensors=-, blockedMissingProducer=-
goal G98: currentReachable=True, originalReachable=True, noneSensors=-, missingProducer=-, blockedNoneSensors=-, blockedMissingProducer=-
goal G99: currentReachable=True, originalReachable=True, noneSensors=-, missingProducer=-, blockedNoneSensors=-, blockedMissingProducer=-
goal G100: currentReachable=True, originalReachable=True, noneSensors=-, missingProducer=-, blockedNoneSensors=-, blockedMissingProducer=-
goal G101: currentReachable=False, originalReachable=False, noneSensors=-, missingProducer=542, blockedNoneSensors=-, blockedMissingProducer=542
goal G102: currentReachable=False, originalReachable=False, noneSensors=-, missingProducer=543, blockedNoneSensors=-, blockedMissingProducer=543
goal G103: currentReachable=False, originalReachable=False, noneSensors=-, missingProducer=544, blockedNoneSensors=-, blockedMissingProducer=544
goal G104: currentReachable=True, originalReachable=True, noneSensors=-, missingProducer=-, blockedNoneSensors=-, blockedMissingProducer=-
goal G105: currentReachable=True, originalReachable=True, noneSensors=-, missingProducer=-, blockedNoneSensors=-, blockedMissingProducer=-
goal G106: currentReachable=False, originalReachable=False, noneSensors=-, missingProducer=545, blockedNoneSensors=-, blockedMissingProducer=545
goal G107: currentReachable=False, originalReachable=False, noneSensors=-, missingProducer=546, blockedNoneSensors=-, blockedMissingProducer=546
goal G108: currentReachable=False, originalReachable=False, noneSensors=-, missingProducer=547, blockedNoneSensors=-, blockedMissingProducer=547
goal G109: currentReachable=False, originalReachable=False, noneSensors=-, missingProducer=548, blockedNoneSensors=-, blockedMissingProducer=548
goal G110: currentReachable=False, originalReachable=False, noneSensors=-, missingProducer=389, blockedNoneSensors=-, blockedMissingProducer=389
goal G111: currentReachable=False, originalReachable=False, noneSensors=-, missingProducer=390, blockedNoneSensors=-, blockedMissingProducer=390
goal G112: currentReachable=True, originalReachable=True, noneSensors=-, missingProducer=-, blockedNoneSensors=-, blockedMissingProducer=-
goal G113: currentReachable=False, originalReachable=False, noneSensors=-, missingProducer=549, blockedNoneSensors=-, blockedMissingProducer=549
goal G114: currentReachable=True, originalReachable=True, noneSensors=-, missingProducer=-, blockedNoneSensors=-, blockedMissingProducer=-
goal G115: currentReachable=True, originalReachable=True, noneSensors=-, missingProducer=-, blockedNoneSensors=-, blockedMissingProducer=-
goal G116: currentReachable=False, originalReachable=False, noneSensors=-, missingProducer=515, blockedNoneSensors=-, blockedMissingProducer=515
goal G117: currentReachable=False, originalReachable=False, noneSensors=-, missingProducer=550, blockedNoneSensors=-, blockedMissingProducer=550
goal G118: currentReachable=True, originalReachable=True, noneSensors=-, missingProducer=-, blockedNoneSensors=-, blockedMissingProducer=-
goal G119: currentReachable=True, originalReachable=True, noneSensors=-, missingProducer=-, blockedNoneSensors=-, blockedMissingProducer=-
goal G120: currentReachable=True, originalReachable=True, noneSensors=-, missingProducer=-, blockedNoneSensors=-, blockedMissingProducer=-
goal G121: currentReachable=True, originalReachable=True, noneSensors=-, missingProducer=-, blockedNoneSensors=-, blockedMissingProducer=-
goal G122: currentReachable=False, originalReachable=False, noneSensors=-, missingProducer=553, blockedNoneSensors=-, blockedMissingProducer=553
goal G123: currentReachable=True, originalReachable=True, noneSensors=-, missingProducer=-, blockedNoneSensors=-, blockedMissingProducer=-
goal G124: currentReachable=True, originalReachable=True, noneSensors=-, missingProducer=-, blockedNoneSensors=-, blockedMissingProducer=-
goal G125: currentReachable=False, originalReachable=False, noneSensors=-, missingProducer=554, blockedNoneSensors=-, blockedMissingProducer=554
goal G126: currentReachable=False, originalReachable=False, noneSensors=-, missingProducer=383, blockedNoneSensors=-, blockedMissingProducer=383
goal G127: currentReachable=False, originalReachable=False, noneSensors=-, missingProducer=555, blockedNoneSensors=-, blockedMissingProducer=555
goal G128: currentReachable=True, originalReachable=True, noneSensors=-, missingProducer=-, blockedNoneSensors=-, blockedMissingProducer=-
goal G129: currentReachable=True, originalReachable=True, noneSensors=-, missingProducer=-, blockedNoneSensors=-, blockedMissingProducer=-
goal G130: currentReachable=False, originalReachable=False, noneSensors=-, missingProducer=557, blockedNoneSensors=-, blockedMissingProducer=557
goal G131: currentReachable=True, originalReachable=True, noneSensors=-, missingProducer=-, blockedNoneSensors=-, blockedMissingProducer=-
goal G132: currentReachable=False, originalReachable=False, noneSensors=-, missingProducer=559, blockedNoneSensors=-, blockedMissingProducer=559
goal G133: currentReachable=True, originalReachable=True, noneSensors=-, missingProducer=-, blockedNoneSensors=-, blockedMissingProducer=-
goal G134: currentReachable=True, originalReachable=True, noneSensors=-, missingProducer=-, blockedNoneSensors=-, blockedMissingProducer=-
goal G135: currentReachable=True, originalReachable=True, noneSensors=-, missingProducer=-, blockedNoneSensors=-, blockedMissingProducer=-
goal G136: currentReachable=True, originalReachable=True, noneSensors=-, missingProducer=-, blockedNoneSensors=-, blockedMissingProducer=-
goal G137: currentReachable=True, originalReachable=True, noneSensors=-, missingProducer=-, blockedNoneSensors=-, blockedMissingProducer=-
goal G138: currentReachable=True, originalReachable=True, noneSensors=-, missingProducer=-, blockedNoneSensors=-, blockedMissingProducer=-
goal G139: currentReachable=True, originalReachable=True, noneSensors=-, missingProducer=-, blockedNoneSensors=-, blockedMissingProducer=-
goal G140: currentReachable=True, originalReachable=True, noneSensors=-, missingProducer=-, blockedNoneSensors=-, blockedMissingProducer=-
goal G141: currentReachable=True, originalReachable=True, noneSensors=-, missingProducer=-, blockedNoneSensors=-, blockedMissingProducer=-
goal G142: currentReachable=True, originalReachable=True, noneSensors=-, missingProducer=-, blockedNoneSensors=-, blockedMissingProducer=-
goal G143: currentReachable=True, originalReachable=True, noneSensors=-, missingProducer=-, blockedNoneSensors=-, blockedMissingProducer=-
goal G144: currentReachable=True, originalReachable=True, noneSensors=-, missingProducer=-, blockedNoneSensors=-, blockedMissingProducer=-
goal G145: currentReachable=True, originalReachable=True, noneSensors=-, missingProducer=-, blockedNoneSensors=-, blockedMissingProducer=-
goal G146: currentReachable=False, originalReachable=False, noneSensors=-, missingProducer=564, blockedNoneSensors=-, blockedMissingProducer=564
goal G147: currentReachable=False, originalReachable=False, noneSensors=-, missingProducer=565, blockedNoneSensors=-, blockedMissingProducer=565
goal G148: currentReachable=False, originalReachable=False, noneSensors=-, missingProducer=566, blockedNoneSensors=-, blockedMissingProducer=566
goal G149: currentReachable=False, originalReachable=False, noneSensors=-, missingProducer=567, blockedNoneSensors=-, blockedMissingProducer=567
goal G150: currentReachable=False, originalReachable=False, noneSensors=-, missingProducer=568, blockedNoneSensors=-, blockedMissingProducer=568
goal G151: currentReachable=False, originalReachable=False, noneSensors=-, missingProducer=569, blockedNoneSensors=-, blockedMissingProducer=569
goal G152: currentReachable=False, originalReachable=False, noneSensors=-, missingProducer=570, blockedNoneSensors=-, blockedMissingProducer=570
goal G153: currentReachable=False, originalReachable=False, noneSensors=-, missingProducer=571, blockedNoneSensors=-, blockedMissingProducer=571
goal G154: currentReachable=False, originalReachable=False, noneSensors=-, missingProducer=572, blockedNoneSensors=-, blockedMissingProducer=572
goal G155: currentReachable=False, originalReachable=False, noneSensors=-, missingProducer=573, blockedNoneSensors=-, blockedMissingProducer=573
goal G156: currentReachable=False, originalReachable=False, noneSensors=-, missingProducer=574, blockedNoneSensors=-, blockedMissingProducer=574
goal G157: currentReachable=False, originalReachable=False, noneSensors=-, missingProducer=575, blockedNoneSensors=-, blockedMissingProducer=575
goal G158: currentReachable=False, originalReachable=False, noneSensors=-, missingProducer=576, blockedNoneSensors=-, blockedMissingProducer=576
goal G159: currentReachable=True, originalReachable=True, noneSensors=-, missingProducer=-, blockedNoneSensors=-, blockedMissingProducer=-
... truncated detail lines: 143

2026-07-02 04:44:16.3390|INFO|Main|AdaptableLog|[TaiwuRemoveAILimitation]: NPC action reachability diagnostics summary
goals: total=275, currentReachable=163, originalReachable=172, reachableByBypass=0, blockedByNoneSensor=0, blockedByMissingProducer=103
actions: total=384, implemented=183, implementationPathMissing=201, implementationNotLoaded=0, currentReachable=358, originalReachable=359, reachableByBypass=0, blockedByNoneSensor=0, blockedByMissingProducer=25
2026-07-02 04:44:16.3390|INFO|Main|AdaptableLog|[TaiwuRemoveAILimitation]: NPC action reachability diagnostics details
goal G0: currentReachable=True, originalReachable=True, noneSensors=-, missingProducer=-, blockedNoneSensors=-, blockedMissingProducer=-
goal G1: currentReachable=True, originalReachable=True, noneSensors=-, missingProducer=-, blockedNoneSensors=-, blockedMissingProducer=-
goal G2: currentReachable=True, originalReachable=True, noneSensors=-, missingProducer=-, blockedNoneSensors=-, blockedMissingProducer=-
goal G3: currentReachable=True, originalReachable=True, noneSensors=-, missingProducer=-, blockedNoneSensors=-, blockedMissingProducer=-
goal G4: currentReachable=False, originalReachable=False, noneSensors=-, missingProducer=466, blockedNoneSensors=-, blockedMissingProducer=466
goal G5: currentReachable=True, originalReachable=True, noneSensors=-, missingProducer=-, blockedNoneSensors=-, blockedMissingProducer=-
goal G6: currentReachable=True, originalReachable=True, noneSensors=-, missingProducer=-, blockedNoneSensors=-, blockedMissingProducer=-
goal G7: currentReachable=True, originalReachable=True, noneSensors=-, missingProducer=-, blockedNoneSensors=-, blockedMissingProducer=-
goal G8: currentReachable=True, originalReachable=True, noneSensors=-, missingProducer=-, blockedNoneSensors=-, blockedMissingProducer=-
goal G9: currentReachable=True, originalReachable=True, noneSensors=-, missingProducer=-, blockedNoneSensors=-, blockedMissingProducer=-
goal G10: currentReachable=False, originalReachable=False, noneSensors=-, missingProducer=272, blockedNoneSensors=-, blockedMissingProducer=272
goal G11: currentReachable=False, originalReachable=False, noneSensors=-, missingProducer=282, blockedNoneSensors=-, blockedMissingProducer=282
goal G12: currentReachable=False, originalReachable=True, noneSensors=434,435,436,437, missingProducer=-, blockedNoneSensors=-, blockedMissingProducer=-
goal G13: currentReachable=False, originalReachable=True, noneSensors=438,439, missingProducer=-, blockedNoneSensors=-, blockedMissingProducer=-
goal G14: currentReachable=False, originalReachable=False, noneSensors=-, missingProducer=474, blockedNoneSensors=-, blockedMissingProducer=474
goal G15: currentReachable=True, originalReachable=True, noneSensors=-, missingProducer=-, blockedNoneSensors=-, blockedMissingProducer=-
goal G16: currentReachable=False, originalReachable=False, noneSensors=-, missingProducer=107, blockedNoneSensors=-, blockedMissingProducer=107
goal G17: currentReachable=False, originalReachable=False, noneSensors=-, missingProducer=475, blockedNoneSensors=-, blockedMissingProducer=475
goal G18: currentReachable=True, originalReachable=True, noneSensors=-, missingProducer=-, blockedNoneSensors=-, blockedMissingProducer=-
goal G19: currentReachable=False, originalReachable=False, noneSensors=-, missingProducer=493, blockedNoneSensors=-, blockedMissingProducer=493
goal G20: currentReachable=False, originalReachable=False, noneSensors=-, missingProducer=494, blockedNoneSensors=-, blockedMissingProducer=494
goal G21: currentReachable=False, originalReachable=False, noneSensors=-, missingProducer=495, blockedNoneSensors=-, blockedMissingProducer=495
goal G22: currentReachable=False, originalReachable=False, noneSensors=-, missingProducer=496, blockedNoneSensors=-, blockedMissingProducer=496
goal G23: currentReachable=False, originalReachable=False, noneSensors=-, missingProducer=497, blockedNoneSensors=-, blockedMissingProducer=497
goal G24: currentReachable=False, originalReachable=False, noneSensors=-, missingProducer=498, blockedNoneSensors=-, blockedMissingProducer=498
goal G25: currentReachable=False, originalReachable=False, noneSensors=-, missingProducer=499, blockedNoneSensors=-, blockedMissingProducer=499
goal G26: currentReachable=False, originalReachable=False, noneSensors=-, missingProducer=500, blockedNoneSensors=-, blockedMissingProducer=500
goal G27: currentReachable=False, originalReachable=False, noneSensors=-, missingProducer=501, blockedNoneSensors=-, blockedMissingProducer=501
goal G28: currentReachable=False, originalReachable=False, noneSensors=-, missingProducer=502, blockedNoneSensors=-, blockedMissingProducer=502
goal G29: currentReachable=False, originalReachable=False, noneSensors=-, missingProducer=503, blockedNoneSensors=-, blockedMissingProducer=503
goal G30: currentReachable=False, originalReachable=False, noneSensors=-, missingProducer=504, blockedNoneSensors=-, blockedMissingProducer=504
goal G31: currentReachable=False, originalReachable=False, noneSensors=-, missingProducer=505, blockedNoneSensors=-, blockedMissingProducer=505
goal G32: currentReachable=False, originalReachable=False, noneSensors=-, missingProducer=506, blockedNoneSensors=-, blockedMissingProducer=506
goal G33: currentReachable=False, originalReachable=False, noneSensors=-, missingProducer=507, blockedNoneSensors=-, blockedMissingProducer=507
goal G34: currentReachable=False, originalReachable=False, noneSensors=-, missingProducer=454, blockedNoneSensors=-, blockedMissingProducer=454
goal G35: currentReachable=False, originalReachable=False, noneSensors=-, missingProducer=452, blockedNoneSensors=-, blockedMissingProducer=452
goal G36: currentReachable=False, originalReachable=False, noneSensors=-, missingProducer=458, blockedNoneSensors=-, blockedMissingProducer=458
goal G37: currentReachable=False, originalReachable=False, noneSensors=-, missingProducer=455, blockedNoneSensors=-, blockedMissingProducer=455
goal G38: currentReachable=False, originalReachable=False, noneSensors=-, missingProducer=453, blockedNoneSensors=-, blockedMissingProducer=453
goal G39: currentReachable=False, originalReachable=False, noneSensors=-, missingProducer=456, blockedNoneSensors=-, blockedMissingProducer=456
goal G40: currentReachable=False, originalReachable=False, noneSensors=-, missingProducer=457, blockedNoneSensors=-, blockedMissingProducer=457
goal G41: currentReachable=True, originalReachable=True, noneSensors=-, missingProducer=-, blockedNoneSensors=-, blockedMissingProducer=-
goal G42: currentReachable=True, originalReachable=True, noneSensors=-, missingProducer=-, blockedNoneSensors=-, blockedMissingProducer=-
goal G43: currentReachable=False, originalReachable=False, noneSensors=-, missingProducer=517, blockedNoneSensors=-, blockedMissingProducer=517
goal G44: currentReachable=True, originalReachable=True, noneSensors=-, missingProducer=-, blockedNoneSensors=-, blockedMissingProducer=-
goal G45: currentReachable=True, originalReachable=True, noneSensors=-, missingProducer=-, blockedNoneSensors=-, blockedMissingProducer=-
goal G46: currentReachable=True, originalReachable=True, noneSensors=-, missingProducer=-, blockedNoneSensors=-, blockedMissingProducer=-
goal G47: currentReachable=False, originalReachable=False, noneSensors=-, missingProducer=519, blockedNoneSensors=-, blockedMissingProducer=519
goal G48: currentReachable=True, originalReachable=True, noneSensors=-, missingProducer=-, blockedNoneSensors=-, blockedMissingProducer=-
goal G49: currentReachable=True, originalReachable=True, noneSensors=-, missingProducer=-, blockedNoneSensors=-, blockedMissingProducer=-
goal G50: currentReachable=False, originalReachable=False, noneSensors=-, missingProducer=520, blockedNoneSensors=-, blockedMissingProducer=520
goal G51: currentReachable=False, originalReachable=False, noneSensors=-, missingProducer=521, blockedNoneSensors=-, blockedMissingProducer=521
goal G52: currentReachable=True, originalReachable=True, noneSensors=-, missingProducer=-, blockedNoneSensors=-, blockedMissingProducer=-
goal G53: currentReachable=True, originalReachable=True, noneSensors=-, missingProducer=-, blockedNoneSensors=-, blockedMissingProducer=-
goal G54: currentReachable=True, originalReachable=True, noneSensors=-, missingProducer=-, blockedNoneSensors=-, blockedMissingProducer=-
goal G55: currentReachable=True, originalReachable=True, noneSensors=-, missingProducer=-, blockedNoneSensors=-, blockedMissingProducer=-
goal G56: currentReachable=True, originalReachable=True, noneSensors=-, missingProducer=-, blockedNoneSensors=-, blockedMissingProducer=-
goal G57: currentReachable=True, originalReachable=True, noneSensors=-, missingProducer=-, blockedNoneSensors=-, blockedMissingProducer=-
goal G58: currentReachable=True, originalReachable=True, noneSensors=-, missingProducer=-, blockedNoneSensors=-, blockedMissingProducer=-
goal G59: currentReachable=True, originalReachable=True, noneSensors=-, missingProducer=-, blockedNoneSensors=-, blockedMissingProducer=-
goal G60: currentReachable=False, originalReachable=False, noneSensors=-, missingProducer=382, blockedNoneSensors=-, blockedMissingProducer=382
goal G61: currentReachable=True, originalReachable=True, noneSensors=-, missingProducer=-, blockedNoneSensors=-, blockedMissingProducer=-
goal G62: currentReachable=True, originalReachable=True, noneSensors=-, missingProducer=-, blockedNoneSensors=-, blockedMissingProducer=-
goal G63: currentReachable=True, originalReachable=True, noneSensors=-, missingProducer=-, blockedNoneSensors=-, blockedMissingProducer=-
goal G64: currentReachable=True, originalReachable=True, noneSensors=-, missingProducer=-, blockedNoneSensors=-, blockedMissingProducer=-
goal G65: currentReachable=True, originalReachable=True, noneSensors=-, missingProducer=-, blockedNoneSensors=-, blockedMissingProducer=-
goal G66: currentReachable=True, originalReachable=True, noneSensors=-, missingProducer=-, blockedNoneSensors=-, blockedMissingProducer=-
goal G67: currentReachable=True, originalReachable=True, noneSensors=-, missingProducer=-, blockedNoneSensors=-, blockedMissingProducer=-
goal G68: currentReachable=True, originalReachable=True, noneSensors=-, missingProducer=-, blockedNoneSensors=-, blockedMissingProducer=-
goal G69: currentReachable=True, originalReachable=True, noneSensors=-, missingProducer=-, blockedNoneSensors=-, blockedMissingProducer=-
goal G70: currentReachable=True, originalReachable=True, noneSensors=-, missingProducer=-, blockedNoneSensors=-, blockedMissingProducer=-
goal G71: currentReachable=True, originalReachable=True, noneSensors=-, missingProducer=-, blockedNoneSensors=-, blockedMissingProducer=-
goal G72: currentReachable=True, originalReachable=True, noneSensors=-, missingProducer=-, blockedNoneSensors=-, blockedMissingProducer=-
goal G73: currentReachable=True, originalReachable=True, noneSensors=-, missingProducer=-, blockedNoneSensors=-, blockedMissingProducer=-
goal G74: currentReachable=False, originalReachable=False, noneSensors=-, missingProducer=529, blockedNoneSensors=-, blockedMissingProducer=529
goal G75: currentReachable=True, originalReachable=True, noneSensors=-, missingProducer=-, blockedNoneSensors=-, blockedMissingProducer=-
goal G76: currentReachable=True, originalReachable=True, noneSensors=-, missingProducer=-, blockedNoneSensors=-, blockedMissingProducer=-
goal G77: currentReachable=False, originalReachable=False, noneSensors=-, missingProducer=531, blockedNoneSensors=-, blockedMissingProducer=531
goal G78: currentReachable=False, originalReachable=False, noneSensors=-, missingProducer=532, blockedNoneSensors=-, blockedMissingProducer=532
goal G79: currentReachable=False, originalReachable=False, noneSensors=-, missingProducer=533, blockedNoneSensors=-, blockedMissingProducer=533
goal G80: currentReachable=False, originalReachable=False, noneSensors=-, missingProducer=515, blockedNoneSensors=-, blockedMissingProducer=515
goal G81: currentReachable=False, originalReachable=False, noneSensors=-, missingProducer=534, blockedNoneSensors=-, blockedMissingProducer=534
goal G82: currentReachable=True, originalReachable=True, noneSensors=-, missingProducer=-, blockedNoneSensors=-, blockedMissingProducer=-
goal G83: currentReachable=True, originalReachable=True, noneSensors=-, missingProducer=-, blockedNoneSensors=-, blockedMissingProducer=-
goal G84: currentReachable=True, originalReachable=True, noneSensors=-, missingProducer=-, blockedNoneSensors=-, blockedMissingProducer=-
goal G85: currentReachable=True, originalReachable=True, noneSensors=-, missingProducer=-, blockedNoneSensors=-, blockedMissingProducer=-
goal G86: currentReachable=True, originalReachable=True, noneSensors=-, missingProducer=-, blockedNoneSensors=-, blockedMissingProducer=-
goal G87: currentReachable=False, originalReachable=False, noneSensors=-, missingProducer=470, blockedNoneSensors=-, blockedMissingProducer=470
goal G88: currentReachable=False, originalReachable=False, noneSensors=-, missingProducer=468, blockedNoneSensors=-, blockedMissingProducer=468
goal G89: currentReachable=True, originalReachable=True, noneSensors=-, missingProducer=-, blockedNoneSensors=-, blockedMissingProducer=-
goal G90: currentReachable=False, originalReachable=False, noneSensors=-, missingProducer=538, blockedNoneSensors=-, blockedMissingProducer=538
goal G91: currentReachable=True, originalReachable=True, noneSensors=-, missingProducer=-, blockedNoneSensors=-, blockedMissingProducer=-
goal G92: currentReachable=True, originalReachable=True, noneSensors=-, missingProducer=-, blockedNoneSensors=-, blockedMissingProducer=-
goal G93: currentReachable=True, originalReachable=True, noneSensors=-, missingProducer=-, blockedNoneSensors=-, blockedMissingProducer=-
goal G94: currentReachable=True, originalReachable=True, noneSensors=-, missingProducer=-, blockedNoneSensors=-, blockedMissingProducer=-
goal G95: currentReachable=True, originalReachable=True, noneSensors=-, missingProducer=-, blockedNoneSensors=-, blockedMissingProducer=-
goal G96: currentReachable=True, originalReachable=True, noneSensors=-, missingProducer=-, blockedNoneSensors=-, blockedMissingProducer=-
goal G97: currentReachable=True, originalReachable=True, noneSensors=-, missingProducer=-, blockedNoneSensors=-, blockedMissingProducer=-
goal G98: currentReachable=True, originalReachable=True, noneSensors=-, missingProducer=-, blockedNoneSensors=-, blockedMissingProducer=-
goal G99: currentReachable=True, originalReachable=True, noneSensors=-, missingProducer=-, blockedNoneSensors=-, blockedMissingProducer=-
goal G100: currentReachable=True, originalReachable=True, noneSensors=-, missingProducer=-, blockedNoneSensors=-, blockedMissingProducer=-
goal G101: currentReachable=False, originalReachable=False, noneSensors=-, missingProducer=542, blockedNoneSensors=-, blockedMissingProducer=542
goal G102: currentReachable=False, originalReachable=False, noneSensors=-, missingProducer=543, blockedNoneSensors=-, blockedMissingProducer=543
goal G103: currentReachable=False, originalReachable=False, noneSensors=-, missingProducer=544, blockedNoneSensors=-, blockedMissingProducer=544
goal G104: currentReachable=True, originalReachable=True, noneSensors=-, missingProducer=-, blockedNoneSensors=-, blockedMissingProducer=-
goal G105: currentReachable=True, originalReachable=True, noneSensors=-, missingProducer=-, blockedNoneSensors=-, blockedMissingProducer=-
goal G106: currentReachable=False, originalReachable=False, noneSensors=-, missingProducer=545, blockedNoneSensors=-, blockedMissingProducer=545
goal G107: currentReachable=False, originalReachable=False, noneSensors=-, missingProducer=546, blockedNoneSensors=-, blockedMissingProducer=546
goal G108: currentReachable=False, originalReachable=False, noneSensors=-, missingProducer=547, blockedNoneSensors=-, blockedMissingProducer=547
goal G109: currentReachable=False, originalReachable=False, noneSensors=-, missingProducer=548, blockedNoneSensors=-, blockedMissingProducer=548
goal G110: currentReachable=False, originalReachable=False, noneSensors=-, missingProducer=389, blockedNoneSensors=-, blockedMissingProducer=389
goal G111: currentReachable=False, originalReachable=False, noneSensors=-, missingProducer=390, blockedNoneSensors=-, blockedMissingProducer=390
goal G112: currentReachable=True, originalReachable=True, noneSensors=-, missingProducer=-, blockedNoneSensors=-, blockedMissingProducer=-
goal G113: currentReachable=False, originalReachable=False, noneSensors=-, missingProducer=549, blockedNoneSensors=-, blockedMissingProducer=549
goal G114: currentReachable=True, originalReachable=True, noneSensors=-, missingProducer=-, blockedNoneSensors=-, blockedMissingProducer=-
goal G115: currentReachable=True, originalReachable=True, noneSensors=-, missingProducer=-, blockedNoneSensors=-, blockedMissingProducer=-
goal G116: currentReachable=False, originalReachable=False, noneSensors=-, missingProducer=515, blockedNoneSensors=-, blockedMissingProducer=515
goal G117: currentReachable=False, originalReachable=False, noneSensors=-, missingProducer=550, blockedNoneSensors=-, blockedMissingProducer=550
goal G118: currentReachable=True, originalReachable=True, noneSensors=-, missingProducer=-, blockedNoneSensors=-, blockedMissingProducer=-
goal G119: currentReachable=True, originalReachable=True, noneSensors=-, missingProducer=-, blockedNoneSensors=-, blockedMissingProducer=-
goal G120: currentReachable=True, originalReachable=True, noneSensors=-, missingProducer=-, blockedNoneSensors=-, blockedMissingProducer=-
goal G121: currentReachable=True, originalReachable=True, noneSensors=-, missingProducer=-, blockedNoneSensors=-, blockedMissingProducer=-
goal G122: currentReachable=False, originalReachable=False, noneSensors=-, missingProducer=553, blockedNoneSensors=-, blockedMissingProducer=553
goal G123: currentReachable=True, originalReachable=True, noneSensors=-, missingProducer=-, blockedNoneSensors=-, blockedMissingProducer=-
goal G124: currentReachable=True, originalReachable=True, noneSensors=-, missingProducer=-, blockedNoneSensors=-, blockedMissingProducer=-
goal G125: currentReachable=False, originalReachable=False, noneSensors=-, missingProducer=554, blockedNoneSensors=-, blockedMissingProducer=554
goal G126: currentReachable=False, originalReachable=False, noneSensors=-, missingProducer=383, blockedNoneSensors=-, blockedMissingProducer=383
goal G127: currentReachable=False, originalReachable=False, noneSensors=-, missingProducer=555, blockedNoneSensors=-, blockedMissingProducer=555
goal G128: currentReachable=True, originalReachable=True, noneSensors=-, missingProducer=-, blockedNoneSensors=-, blockedMissingProducer=-
goal G129: currentReachable=True, originalReachable=True, noneSensors=-, missingProducer=-, blockedNoneSensors=-, blockedMissingProducer=-
goal G130: currentReachable=False, originalReachable=False, noneSensors=-, missingProducer=557, blockedNoneSensors=-, blockedMissingProducer=557
goal G131: currentReachable=True, originalReachable=True, noneSensors=-, missingProducer=-, blockedNoneSensors=-, blockedMissingProducer=-
goal G132: currentReachable=False, originalReachable=False, noneSensors=-, missingProducer=559, blockedNoneSensors=-, blockedMissingProducer=559
goal G133: currentReachable=True, originalReachable=True, noneSensors=-, missingProducer=-, blockedNoneSensors=-, blockedMissingProducer=-
goal G134: currentReachable=True, originalReachable=True, noneSensors=-, missingProducer=-, blockedNoneSensors=-, blockedMissingProducer=-
goal G135: currentReachable=True, originalReachable=True, noneSensors=-, missingProducer=-, blockedNoneSensors=-, blockedMissingProducer=-
goal G136: currentReachable=True, originalReachable=True, noneSensors=-, missingProducer=-, blockedNoneSensors=-, blockedMissingProducer=-
goal G137: currentReachable=True, originalReachable=True, noneSensors=-, missingProducer=-, blockedNoneSensors=-, blockedMissingProducer=-
goal G138: currentReachable=True, originalReachable=True, noneSensors=-, missingProducer=-, blockedNoneSensors=-, blockedMissingProducer=-
goal G139: currentReachable=True, originalReachable=True, noneSensors=-, missingProducer=-, blockedNoneSensors=-, blockedMissingProducer=-
goal G140: currentReachable=True, originalReachable=True, noneSensors=-, missingProducer=-, blockedNoneSensors=-, blockedMissingProducer=-
goal G141: currentReachable=True, originalReachable=True, noneSensors=-, missingProducer=-, blockedNoneSensors=-, blockedMissingProducer=-
goal G142: currentReachable=True, originalReachable=True, noneSensors=-, missingProducer=-, blockedNoneSensors=-, blockedMissingProducer=-
goal G143: currentReachable=True, originalReachable=True, noneSensors=-, missingProducer=-, blockedNoneSensors=-, blockedMissingProducer=-
goal G144: currentReachable=True, originalReachable=True, noneSensors=-, missingProducer=-, blockedNoneSensors=-, blockedMissingProducer=-
goal G145: currentReachable=True, originalReachable=True, noneSensors=-, missingProducer=-, blockedNoneSensors=-, blockedMissingProducer=-
goal G146: currentReachable=False, originalReachable=False, noneSensors=-, missingProducer=564, blockedNoneSensors=-, blockedMissingProducer=564
goal G147: currentReachable=False, originalReachable=False, noneSensors=-, missingProducer=565, blockedNoneSensors=-, blockedMissingProducer=565
goal G148: currentReachable=False, originalReachable=False, noneSensors=-, missingProducer=566, blockedNoneSensors=-, blockedMissingProducer=566
goal G149: currentReachable=False, originalReachable=False, noneSensors=-, missingProducer=567, blockedNoneSensors=-, blockedMissingProducer=567
goal G150: currentReachable=False, originalReachable=False, noneSensors=-, missingProducer=568, blockedNoneSensors=-, blockedMissingProducer=568
goal G151: currentReachable=False, originalReachable=False, noneSensors=-, missingProducer=569, blockedNoneSensors=-, blockedMissingProducer=569
goal G152: currentReachable=False, originalReachable=False, noneSensors=-, missingProducer=570, blockedNoneSensors=-, blockedMissingProducer=570
goal G153: currentReachable=False, originalReachable=False, noneSensors=-, missingProducer=571, blockedNoneSensors=-, blockedMissingProducer=571
goal G154: currentReachable=False, originalReachable=False, noneSensors=-, missingProducer=572, blockedNoneSensors=-, blockedMissingProducer=572
goal G155: currentReachable=False, originalReachable=False, noneSensors=-, missingProducer=573, blockedNoneSensors=-, blockedMissingProducer=573
goal G156: currentReachable=False, originalReachable=False, noneSensors=-, missingProducer=574, blockedNoneSensors=-, blockedMissingProducer=574
goal G157: currentReachable=False, originalReachable=False, noneSensors=-, missingProducer=575, blockedNoneSensors=-, blockedMissingProducer=575
goal G158: currentReachable=False, originalReachable=False, noneSensors=-, missingProducer=576, blockedNoneSensors=-, blockedMissingProducer=576
goal G159: currentReachable=True, originalReachable=True, noneSensors=-, missingProducer=-, blockedNoneSensors=-, blockedMissingProducer=-
... truncated detail lines: 143

2026-07-02 04:44:16.4534|INFO|Main|AdaptableLog|AiNodeFactory.Register on GameData, Version=1.0.0.0, Culture=neutral, PublicKeyToken=null added 4 types
2026-07-02 04:44:16.4534|INFO|Main|AdaptableLog|AiActionFactory.Register on GameData, Version=1.0.0.0, Culture=neutral, PublicKeyToken=null added 67 types
2026-07-02 04:44:16.4534|INFO|Main|AdaptableLog|AiConditionFactory.Register on GameData, Version=1.0.0.0, Culture=neutral, PublicKeyToken=null added 127 types
2026-07-02 04:44:21.9656|WARN|Main|AdaptableLog|Duplicate event 8327f785-a687-4e1e-9292-bd91f388852f detected.
2026-07-02 04:44:22.4050|INFO|Main|AdaptableLog|ConchShip events init complete,can load mod events now
2026-07-02 04:44:22.4050|INFO|Main|GameData.DLC.DlcManager|Start loading Dlc Events:
2026-07-02 04:44:22.4050|INFO|Main|GameData.DLC.DlcManager|DLC: 3464590_1, Path: D:/SteamLibrary/steamapps/common/The Scroll Of Taiwu/The Scroll of Taiwu_Data/YearOfSnakeCloth\1.0.0.0\Events
2026-07-02 04:44:22.4050|INFO|Main|GameData.DLC.DlcManager|DLC: 4528730_184683593729, Path: D:/SteamLibrary/steamapps/common/The Scroll Of Taiwu/The Scroll of Taiwu_Data/CricketPolymorph\1.0.43\Events
2026-07-02 04:44:22.4225|INFO|Main|GameData.DLC.DlcManager|DLC: 2764960_1, Path: D:/SteamLibrary/steamapps/common/The Scroll Of Taiwu/The Scroll of Taiwu_Data/HappyNewYear2024\1.0.0.0\Events
2026-07-02 04:44:22.4225|INFO|Main|GameData.DLC.DlcManager|DLC: 2764950_133143986177, Path: D:/SteamLibrary/steamapps/common/The Scroll Of Taiwu/The Scroll of Taiwu_Data/FiveLoong\1.0.31\Events
2026-07-02 04:44:22.5036|INFO|Main|GameData.DLC.DlcManager|DLC: 2172690_1, Path: D:/SteamLibrary/steamapps/common/The Scroll Of Taiwu/The Scroll of Taiwu_Data/GiftFromConchShip2\1.0.0.0\Events
2026-07-02 04:44:22.5036|INFO|Main|GameData.DLC.DlcManager|DLC: 2241120_1, Path: D:/SteamLibrary/steamapps/common/The Scroll Of Taiwu/The Scroll of Taiwu_Data/GiftFromConchShip1\1.0.0.0\Events
2026-07-02 04:44:22.5140|INFO|Main|GameData.DLC.DlcManager|DLC: 4395170_1, Path: D:/SteamLibrary/steamapps/common/The Scroll Of Taiwu/The Scroll of Taiwu_Data/HappyNewYear2026\1.0.0.0\Events
2026-07-02 04:44:22.5140|INFO|Main|GameData.DLC.DlcManager|DLC: 4834450_287768313856, Path: D:/SteamLibrary/steamapps/common/The Scroll Of Taiwu/The Scroll of Taiwu_Data/GreenHillsRemain\0.84.67.0\Events
2026-07-02 04:44:22.5140|INFO|Main|GameData.DLC.DlcManager|DLC: 4834440_287768313856, Path: D:/SteamLibrary/steamapps/common/The Scroll Of Taiwu/The Scroll of Taiwu_Data/EightYears\0.84.67.0\Events
2026-07-02 04:44:22.5140|INFO|Main|GameData.Domains.Mod.ModDomain| - Loading events from Taiwu_EventPackage_jutichunxiao.dll
2026-07-02 04:44:22.6030|INFO|Main|GameData.GameDataBridge.GameDataBridge|Transition: 1 -> 2
2026-07-02 04:44:22.6114|INFO|WriteInterProcessMessages|GameData.GameDataBridge.GameDataBridge|Outgoing message: GameModuleInitialized
2026-07-02 04:44:22.6114|INFO|WriteInterProcessMessages|GameData.GameDataBridge.GameDataBridge|Transition: 2 -> 3
2026-07-02 04:44:22.6114|INFO|Main|AdaptableLog|CallMethod Load Config
2026-07-02 04:44:22.6363|INFO|Main|AdaptableLog|CallMethod Load Config
2026-07-02 04:44:22.7574|INFO|Main|GameData.Domains.Global.GlobalDomain|Game Version: 1.0.46, Build Date: 202607012112125378
2026-07-02 04:45:24.7097|INFO|Main|GameData.Domains.World.WorldDomain|WorldCreatingTime: 2026-06-25 [01:38]
2026-07-02 04:45:24.7097|INFO|Main|GameData.Domains.World.WorldDomain|GameVersionCreating: 1.0.24
2026-07-02 04:45:24.7097|INFO|Main|GameData.Domains.World.WorldDomain|GameVersionLastSaving: 1.0.44
2026-07-02 04:45:24.7097|INFO|Main|GameData.Domains.World.WorldDomain|LoadWorld: 4093641615
2026-07-02 04:45:25.5174|INFO|Main|GameData.Domains.World.WorldDomain|Currrent Population / World Standard Population: 6508/5184, Probability Adjustment of Creating Character: 100%
2026-07-02 04:45:25.6640|INFO|Main|AdaptableLog|OnLoadedArchiveData
2026-07-02 04:45:25.6640|INFO|Main|AdaptableLog|OnLoadedArchiveData
2026-07-02 04:45:26.3138|INFO|Main|GameData.Common.DataUpgradeManager|[DataUpgradeManager] Execute GameData.Domains.Character.CharacterDomain.FixHuanxinFeatureOnNonTaiwu
2026-07-02 04:45:26.3138|INFO|Main|GameData.Common.DataUpgradeManager|[DataUpgradeManager] Execute GameData.Domains.Story.StoryDomain.FixSectMainStoryYuanshanBone
2026-07-02 04:45:26.3138|INFO|Main|GameData.Common.DataUpgradeManager|[DataUpgradeManager] Execute GameData.Domains.Taiwu.TaiwuDomain.FixCricketPolymorphOrganization
2026-07-02 04:45:26.3138|WARN|Main|AdaptableLog|Fix cricket 无门无派无-鲁若愚(14404) organization status.
2026-07-02 04:45:26.3138|INFO|Main|GameData.Common.DataUpgradeManager|[DataUpgradeManager] Execute GameData.Domains.Story.StoryDomain.SetJixiStatus
2026-07-02 04:45:26.3138|INFO|Main|GameData.Domains.Global.GlobalDomain|LoadWorld: 1,642.2
2026-07-02 04:45:26.3748|WARN|Main|GameData.Domains.Item.ItemDomain|4 unowned Weapon detected.
2026-07-02 04:45:26.3748|WARN|Main|GameData.Domains.Item.ItemDomain|12 unowned Armor detected.
2026-07-02 04:45:26.3748|WARN|Main|GameData.Domains.Item.ItemDomain|9 unowned Accessory detected.
2026-07-02 04:45:26.3748|WARN|Main|GameData.Domains.Item.ItemDomain|9 unowned Carrier detected.
2026-07-02 04:45:26.3748|WARN|Main|GameData.Domains.Item.ItemDomain|8 unowned CraftTool detected.
2026-07-02 04:45:26.3748|WARN|Main|GameData.Domains.Item.ItemDomain|5 unowned TeaWine detected.
2026-07-02 04:45:26.3748|WARN|Main|GameData.Domains.Item.ItemDomain|71 unowned SkillBook detected.
2026-07-02 04:45:26.3748|WARN|Main|GameData.Domains.Item.ItemDomain|2911 unowned Cricket detected.
2026-07-02 04:45:26.3748|WARN|Main|GameData.Domains.Item.ItemDomain|1 unowned Misc detected.
2026-07-02 04:45:26.3748|INFO|Main|GameData.Domains.Item.ItemDomain|Total unowned items: 3030
2026-07-02 04:45:26.3748|INFO|Main|GameData.Domains.Character.CharacterDomain|Clearing obsolete relations: 1155715 => 1155715
2026-07-02 04:45:26.6526|INFO|Main|GameData.Domains.Global.GlobalDomain|FixAbnormalDomainArchiveData: 276.6
2026-07-02 04:45:32.2366|INFO|Main|AdaptableLog|new Event triggered : 1505c7c2-8a55-4794-bd85-1c5aec7ea341, _triggeredEventList.Count = 1
2026-07-02 04:45:32.2366|INFO|Main|AdaptableLog|new Event triggered : 5820ef21-229c-4bf5-a968-9dec8ae6a480, _triggeredEventList.Count = 2
2026-07-02 04:45:32.3879|INFO|Main|AdaptableLog|1505c7c2-8a55-4794-bd85-1c5aec7ea341 to event => 
2026-07-02 04:45:32.3879|INFO|Main|AdaptableLog|5820ef21-229c-4bf5-a968-9dec8ae6a480 to event => 
2026-07-02 04:45:32.3879|INFO|Main|AdaptableLog|new Event triggered : 71299605-65e4-4f30-9c57-83aec3976a76, _triggeredEventList.Count = 1
2026-07-02 04:45:32.3879|INFO|Main|AdaptableLog|new Event triggered : efe7bcff-9473-4642-8fcb-926b515fadfb, _triggeredEventList.Count = 2
2026-07-02 04:45:32.3879|INFO|Main|AdaptableLog|new Event triggered : f6b9c251-40ee-4d2c-b6eb-ed5d773cc280, _triggeredEventList.Count = 3
2026-07-02 04:45:32.3879|INFO|Main|AdaptableLog|new Event triggered : dfbd3ae5-d3cb-41a7-b173-dba659030a53, _triggeredEventList.Count = 4
2026-07-02 04:45:32.3879|INFO|Main|AdaptableLog|new Event triggered : 47b16801-a628-466a-92a3-1340ebd855f3, _triggeredEventList.Count = 5
2026-07-02 04:45:32.3879|INFO|Main|AdaptableLog|new Event triggered : 01f62c25-6b53-4f2d-b8bf-17bc85de1ffe, _triggeredEventList.Count = 6
2026-07-02 04:45:32.3879|INFO|Main|AdaptableLog|new Event triggered : a930d7f8-2aa7-4ba1-9dac-c739e6e0d588, _triggeredEventList.Count = 7
2026-07-02 04:45:32.3879|INFO|Main|AdaptableLog|new Event triggered : ffb3be21-ac9d-4bee-9416-6d9ce36c2bf5, _triggeredEventList.Count = 8
2026-07-02 04:45:32.3879|INFO|Main|AdaptableLog|new Event triggered : 45b767f3-3d09-4502-bc94-6492c69c2e30, _triggeredEventList.Count = 9
2026-07-02 04:45:32.3879|INFO|Main|AdaptableLog|new Event triggered : 48988c0c-1507-405f-bd84-b694ca524728, _triggeredEventList.Count = 10
2026-07-02 04:45:32.3879|INFO|Main|AdaptableLog|new Event triggered : 784bc662-1b0d-4635-974b-795c85a9b6cd, _triggeredEventList.Count = 11
2026-07-02 04:45:32.3879|INFO|Main|AdaptableLog|new Event triggered : 479cab4a-177c-4eab-8ff3-eb355a816a49, _triggeredEventList.Count = 12
2026-07-02 04:45:32.3879|INFO|Main|AdaptableLog|new Event triggered : bfb51350-2d44-4cb5-a962-a9d39f3b7813, _triggeredEventList.Count = 13
2026-07-02 04:45:32.3879|INFO|Main|AdaptableLog|new Event triggered : 5e1562f8-4ce6-44e8-9c64-88250bcf706a, _triggeredEventList.Count = 14
2026-07-02 04:45:32.3879|INFO|Main|AdaptableLog|new Event triggered : 4387ea59-e4b6-4253-a597-0626bc2dbe57, _triggeredEventList.Count = 15
2026-07-02 04:45:32.3879|INFO|Main|AdaptableLog|new Event triggered : cfce0d18-d248-453a-bb0c-c99e35fa7eee, _triggeredEventList.Count = 16
2026-07-02 04:45:32.3879|INFO|Main|AdaptableLog|new Event triggered : 6c74677a-b6a8-4e73-a360-0482714758c2, _triggeredEventList.Count = 17
2026-07-02 04:45:32.3879|INFO|Main|AdaptableLog|new Event triggered : f73b8df1-5006-4369-8646-e55f6b4e6b91, _triggeredEventList.Count = 18
2026-07-02 04:45:32.3879|INFO|Main|AdaptableLog|new Event triggered : d76d1356-5005-40cf-84a3-af4ecc0794be, _triggeredEventList.Count = 19
2026-07-02 04:45:32.3879|INFO|Main|AdaptableLog|new Event triggered : 08021ce5-d120-422e-88ed-e642360438c7, _triggeredEventList.Count = 20
2026-07-02 04:45:32.3879|INFO|Main|AdaptableLog|new Event triggered : 65ce1528-da27-4ae8-a393-b8727970b8ad, _triggeredEventList.Count = 21
2026-07-02 04:45:32.3879|INFO|Main|AdaptableLog|new Event triggered : 27492a80-0dae-40d1-9854-fc2593f01980, _triggeredEventList.Count = 22
2026-07-02 04:45:32.3879|INFO|Main|AdaptableLog|new Event triggered : 768c8640-3845-4f35-bc35-21824189cdbf, _triggeredEventList.Count = 23
2026-07-02 04:45:32.3879|INFO|Main|AdaptableLog|new Event triggered : 97d86bd8-61e1-4fb2-bcfa-8f3674e13b88, _triggeredEventList.Count = 24
2026-07-02 04:45:32.3879|INFO|Main|AdaptableLog|new Event triggered : a48b5771-4629-44fd-b816-8f9ba7707b97, _triggeredEventList.Count = 25
2026-07-02 04:45:32.3879|INFO|Main|AdaptableLog|new Event triggered : 5de04bdc-3947-4db6-b2cb-f990b26ed6f4, _triggeredEventList.Count = 26
2026-07-02 04:45:32.3879|INFO|Main|AdaptableLog|new Event triggered : de53aedc-cb90-4c28-913f-43effff06ac6, _triggeredEventList.Count = 27
2026-07-02 04:45:32.3879|INFO|Main|AdaptableLog|new Event triggered : 1412d1b2-3b80-43f2-ba8a-e4a1eaf6dd99, _triggeredEventList.Count = 28
2026-07-02 04:45:32.3879|INFO|Main|AdaptableLog|new Event triggered : f6c1339f-b90e-4c58-8639-26ff79191e97, _triggeredEventList.Count = 29
2026-07-02 04:45:32.3879|INFO|Main|AdaptableLog|new Event triggered : 4cb982fb-fccd-4564-9267-6f4df8507a76, _triggeredEventList.Count = 30
2026-07-02 04:45:32.3879|INFO|Main|AdaptableLog|new Event triggered : 9fc6207e-dd11-4c40-99df-a8a3e5c59a54, _triggeredEventList.Count = 31
2026-07-02 04:45:32.3879|INFO|Main|AdaptableLog|new Event triggered : 01aff125-4f66-4c38-9fb2-33870cdfe846, _triggeredEventList.Count = 32
2026-07-02 04:45:32.3879|INFO|Main|AdaptableLog|new Event triggered : 3782a2bb-6c5a-4331-bb40-048a8b392c8f, _triggeredEventList.Count = 33
2026-07-02 04:45:32.3879|INFO|Main|AdaptableLog|new Event triggered : 6719c936-74b0-4b70-ba84-a45e64e66e4d, _triggeredEventList.Count = 34
2026-07-02 04:45:32.3879|INFO|Main|AdaptableLog|new Event triggered : ea5b8a77-9015-42f5-9323-72496f35bea7, _triggeredEventList.Count = 35
2026-07-02 04:45:32.3879|INFO|Main|AdaptableLog|new Event triggered : 78f7d7fc-8c19-49f7-a380-c211c49d8cb7, _triggeredEventList.Count = 36
2026-07-02 04:45:32.3879|INFO|Main|AdaptableLog|new Event triggered : f30b9925-12ed-4d62-b21b-e6d8e7ecaae8, _triggeredEventList.Count = 37
2026-07-02 04:45:32.3879|INFO|Main|AdaptableLog|new Event triggered : 50fbbc23-ad40-4de3-882c-d638f24c87f8, _triggeredEventList.Count = 38
2026-07-02 04:45:32.3879|INFO|Main|AdaptableLog|new Event triggered : 8bb5b4b3-c498-4609-a89f-fcd2860c16e3, _triggeredEventList.Count = 39
2026-07-02 04:45:32.3879|INFO|Main|AdaptableLog|new Event triggered : c07d2f7a-c25a-42eb-976e-9a0b43f74e3b, _triggeredEventList.Count = 40
2026-07-02 04:45:32.3879|INFO|Main|AdaptableLog|new Event triggered : 942deff8-49fd-497b-9fbd-8567dede8dc6, _triggeredEventList.Count = 41
2026-07-02 04:45:32.3879|INFO|Main|AdaptableLog|new Event triggered : f02a649c-fdf3-4160-85bc-840f8410d69d, _triggeredEventList.Count = 42
2026-07-02 04:45:32.3879|INFO|Main|AdaptableLog|new Event triggered : e864306a-d431-481a-99fc-8216df16532a, _triggeredEventList.Count = 43
2026-07-02 04:45:32.3879|INFO|Main|AdaptableLog|new Event triggered : 6baee519-6108-4f0f-a44d-bbd4a6d65a02, _triggeredEventList.Count = 44
2026-07-02 04:45:32.3879|INFO|Main|AdaptableLog|new Event triggered : 42b7b9de-2b93-4495-b475-6a8ef66d3fb8, _triggeredEventList.Count = 45
2026-07-02 04:45:32.3879|INFO|Main|AdaptableLog|71299605-65e4-4f30-9c57-83aec3976a76 to event => 
2026-07-02 04:45:32.3879|INFO|Main|AdaptableLog|efe7bcff-9473-4642-8fcb-926b515fadfb to event => 
2026-07-02 04:45:32.3879|INFO|Main|AdaptableLog|f6b9c251-40ee-4d2c-b6eb-ed5d773cc280 to event => 
2026-07-02 04:45:32.3879|INFO|Main|AdaptableLog|dfbd3ae5-d3cb-41a7-b173-dba659030a53 to event => 
2026-07-02 04:45:32.3879|INFO|Main|AdaptableLog|47b16801-a628-466a-92a3-1340ebd855f3 to event => 
2026-07-02 04:45:32.3879|INFO|Main|AdaptableLog|01f62c25-6b53-4f2d-b8bf-17bc85de1ffe to event => 
2026-07-02 04:45:32.3879|INFO|Main|AdaptableLog|a930d7f8-2aa7-4ba1-9dac-c739e6e0d588 to event => 
2026-07-02 04:45:32.3879|INFO|Main|AdaptableLog|ffb3be21-ac9d-4bee-9416-6d9ce36c2bf5 to event => 
2026-07-02 04:45:32.3879|INFO|Main|AdaptableLog|45b767f3-3d09-4502-bc94-6492c69c2e30 to event => 
2026-07-02 04:45:32.3879|INFO|Main|AdaptableLog|48988c0c-1507-405f-bd84-b694ca524728 to event => 
2026-07-02 04:45:32.3879|INFO|Main|AdaptableLog|784bc662-1b0d-4635-974b-795c85a9b6cd to event => 
2026-07-02 04:45:32.3879|INFO|Main|AdaptableLog|479cab4a-177c-4eab-8ff3-eb355a816a49 to event => 
2026-07-02 04:45:32.3879|INFO|Main|AdaptableLog|bfb51350-2d44-4cb5-a962-a9d39f3b7813 to event => 
2026-07-02 04:45:32.3879|INFO|Main|AdaptableLog|5e1562f8-4ce6-44e8-9c64-88250bcf706a to event => 
2026-07-02 04:45:32.3879|INFO|Main|AdaptableLog|4387ea59-e4b6-4253-a597-0626bc2dbe57 to event => 
2026-07-02 04:45:32.3879|INFO|Main|AdaptableLog|cfce0d18-d248-453a-bb0c-c99e35fa7eee to event => 
2026-07-02 04:45:32.3879|INFO|Main|AdaptableLog|6c74677a-b6a8-4e73-a360-0482714758c2 to event => 
2026-07-02 04:45:32.3879|INFO|Main|AdaptableLog|f73b8df1-5006-4369-8646-e55f6b4e6b91 to event => 
2026-07-02 04:45:32.3879|INFO|Main|AdaptableLog|d76d1356-5005-40cf-84a3-af4ecc0794be to event => 
2026-07-02 04:45:32.3879|INFO|Main|AdaptableLog|08021ce5-d120-422e-88ed-e642360438c7 to event => 
2026-07-02 04:45:32.3879|INFO|Main|AdaptableLog|65ce1528-da27-4ae8-a393-b8727970b8ad to event => 
2026-07-02 04:45:32.3879|INFO|Main|AdaptableLog|27492a80-0dae-40d1-9854-fc2593f01980 to event => 
2026-07-02 04:45:32.3879|INFO|Main|AdaptableLog|768c8640-3845-4f35-bc35-21824189cdbf to event => 
2026-07-02 04:45:32.3879|INFO|Main|AdaptableLog|97d86bd8-61e1-4fb2-bcfa-8f3674e13b88 to event => 
2026-07-02 04:45:32.3879|INFO|Main|AdaptableLog|a48b5771-4629-44fd-b816-8f9ba7707b97 to event => 
2026-07-02 04:45:32.3879|INFO|Main|AdaptableLog|5de04bdc-3947-4db6-b2cb-f990b26ed6f4 to event => 
2026-07-02 04:45:32.3879|INFO|Main|AdaptableLog|de53aedc-cb90-4c28-913f-43effff06ac6 to event => 
2026-07-02 04:45:32.3879|INFO|Main|AdaptableLog|1412d1b2-3b80-43f2-ba8a-e4a1eaf6dd99 to event => 
2026-07-02 04:45:32.3879|INFO|Main|AdaptableLog|f6c1339f-b90e-4c58-8639-26ff79191e97 to event => 
2026-07-02 04:45:32.3879|INFO|Main|AdaptableLog|4cb982fb-fccd-4564-9267-6f4df8507a76 to event => 
2026-07-02 04:45:32.3879|INFO|Main|AdaptableLog|9fc6207e-dd11-4c40-99df-a8a3e5c59a54 to event => 
2026-07-02 04:45:32.3879|INFO|Main|AdaptableLog|01aff125-4f66-4c38-9fb2-33870cdfe846 to event => 
2026-07-02 04:45:32.3879|INFO|Main|AdaptableLog|3782a2bb-6c5a-4331-bb40-048a8b392c8f to event => 
2026-07-02 04:45:32.3879|INFO|Main|AdaptableLog|6719c936-74b0-4b70-ba84-a45e64e66e4d to event => 
2026-07-02 04:45:32.3879|INFO|Main|AdaptableLog|ea5b8a77-9015-42f5-9323-72496f35bea7 to event => 
2026-07-02 04:45:32.3879|INFO|Main|AdaptableLog|78f7d7fc-8c19-49f7-a380-c211c49d8cb7 to event => 
2026-07-02 04:45:32.3879|INFO|Main|AdaptableLog|f30b9925-12ed-4d62-b21b-e6d8e7ecaae8 to event => 
2026-07-02 04:45:32.3879|INFO|Main|AdaptableLog|50fbbc23-ad40-4de3-882c-d638f24c87f8 to event => 
2026-07-02 04:45:32.3879|INFO|Main|AdaptableLog|8bb5b4b3-c498-4609-a89f-fcd2860c16e3 to event => 
2026-07-02 04:45:32.3879|INFO|Main|AdaptableLog|c07d2f7a-c25a-42eb-976e-9a0b43f74e3b to event => 
2026-07-02 04:45:32.3879|INFO|Main|AdaptableLog|942deff8-49fd-497b-9fbd-8567dede8dc6 to event => 
2026-07-02 04:45:32.3879|INFO|Main|AdaptableLog|f02a649c-fdf3-4160-85bc-840f8410d69d to event => 
2026-07-02 04:45:32.4037|INFO|Main|AdaptableLog|e864306a-d431-481a-99fc-8216df16532a to event => 
2026-07-02 04:45:32.4037|INFO|Main|AdaptableLog|6baee519-6108-4f0f-a44d-bbd4a6d65a02 to event => 
2026-07-02 04:45:32.4037|INFO|Main|AdaptableLog|42b7b9de-2b93-4495-b475-6a8ef66d3fb8 to event => 
2026-07-02 04:45:33.6672|INFO|Main|GameData.Domains.Global.GlobalDomain|Required Space: 1073741824 bytes.
Available Space: 1399504056320
2026-07-02 04:45:33.6977|INFO|Main|GameData.Domains.World.WorldDomain|AdvanceMonth: begin ------------------------------------------------------------
2026-07-02 04:45:33.7291|INFO|Main|GameData.Domains.Character.CharacterDomain|Removing all temporary enemies with a total count of 38
2026-07-02 04:45:33.7396|INFO|Main|GameData.Domains.Character.CharacterDomain|Clearing temporary characters with a total count of 0
2026-07-02 04:45:33.7396|INFO|Main|GameData.Domains.Global.GlobalDomain|Required Space: 1073741824 bytes.
Available Space: 1399504056320
2026-07-02 04:45:33.7396|INFO|Main|GameData.Domains.World.WorldDomain|New month begin: Year 17, Month 9 (200)
2026-07-02 04:45:34.0215|INFO|Main|GameData.Domains.Global.GlobalDomain|[AdvanceMonth_Execute] PreAdvanceMonth: 275.6
2026-07-02 04:45:34.2476|INFO|Main|AdaptableLog|太吾村村民-璧随怡(16443) changed generic skill slot allocation.
2026-07-02 04:45:34.2476|INFO|Main|AdaptableLog|太吾村村民-璧随怡(16443) changed equipped skills.
2026-07-02 04:45:34.2766|INFO|Main|GameData.Domains.Character.CharacterDomain|元山派长老-厍沛(1781) is dead at age 24.(玄灰绝命:{killer=-1, location={13, 642}, adventure=0})
2026-07-02 04:45:34.3152|INFO|Main|GameData.Domains.Character.CharacterDomain|山寨豪富-第五宝(4123) is dead at age 17.(玄灰绝命:{killer=-1, location={3, 225}, adventure=0})
2026-07-02 04:45:34.3383|INFO|Main|GameData.Domains.Character.CharacterDomain|大理权贵-韩存玉(4405) is dead at age 32.(玄灰绝命:{killer=-1, location={116, 15}, adventure=0})
2026-07-02 04:45:34.3461|INFO|Main|GameData.Domains.Character.CharacterDomain|山寨管事夫人/管事老爷-牛善(4512) is dead at age 61.(寿终正寝:{killer=-1, location={33, 414}, adventure=0})
2026-07-02 04:45:34.3461|INFO|Main|GameData.Domains.Character.CharacterDomain|伏龙坛外姓弟子-于立鼎(5417) is dead at age 18.(玄灰绝命:{killer=-1, location={40, 203}, adventure=0})
2026-07-02 04:45:34.3721|INFO|Main|AdaptableLog|逃跑概率：(113 - 100) * (100 - 40[5品朱霞长索]) / 100 + 0 * 20 = 7%，最终取7%
2026-07-02 04:45:34.3721|INFO|Main|AdaptableLog|逃跑概率：(123 - 100) * (100 - 40[5品朱霞长索]) / 100 + 0 * 20 = 13%，最终取13%
2026-07-02 04:45:34.4051|INFO|Main|GameData.Domains.Global.GlobalDomain|[AdvanceMonth_Execute] UpdateStatus: 380.6
2026-07-02 04:45:34.5227|INFO|Main|GameData.Domains.Global.GlobalDomain|[AdvanceMonth_Execute] SelfImprovement: 98.4
2026-07-02 04:45:34.9159|INFO|Main|GameData.Domains.Global.GlobalDomain|[AdvanceMonth_Execute] CharacterPreparation: 393.0
2026-07-02 04:45:35.0822|INFO|Main|GameData.Domains.Character.CharacterDomain|[DistantMarriage] PassConditionCount=2227, PassSuccessRateCheckCount=5, FoundTargetCount=4
2026-07-02 04:45:35.0822|INFO|Main|GameData.Domains.Character.CharacterDomain|Adore Relations In Marriage: 2/2
2026-07-02 04:45:35.0822|INFO|Main|GameData.Domains.Global.GlobalDomain|[AdvanceMonth_Execute] CharacterRelationsUpdate: 171.3
2026-07-02 04:45:35.1155|WARN|Worker7|GameData.Domains.Map.MapDomain|Invalid travel route -1 => 31: path not exists.
2026-07-02 04:45:35.5171|INFO|Worker3|AdaptableLog|[TaiwuRemoveAILimitation]: CreateAction succeeded: charId=8413, actionId=16, goalId=273, state=1
2026-07-02 04:45:35.5171|INFO|Worker20|AdaptableLog|[TaiwuRemoveAILimitation]: CreateAction succeeded: charId=1171, actionId=15, goalId=273, state=1
2026-07-02 04:45:35.5485|INFO|Worker2|AdaptableLog|[TaiwuRemoveAILimitation]: CreateAction succeeded: charId=87, actionId=23, goalId=238, state=1
2026-07-02 04:45:35.5485|INFO|Worker14|AdaptableLog|[TaiwuRemoveAILimitation]: CreateAction succeeded: charId=2332, actionId=20, goalId=273, state=1
2026-07-02 04:45:35.5485|INFO|Worker13|AdaptableLog|[TaiwuRemoveAILimitation]: CreateAction succeeded: charId=2602, actionId=16, goalId=238, state=1
2026-07-02 04:45:35.5634|INFO|Worker6|AdaptableLog|[TaiwuRemoveAILimitation]: CreateAction failed: charId=8064, actionId=18, goalId=273, state=1
2026-07-02 04:45:35.5634|INFO|Worker11|AdaptableLog|[TaiwuRemoveAILimitation]: CreateAction succeeded: charId=14671, actionId=15, goalId=179, state=1
2026-07-02 04:45:35.5634|INFO|Worker21|AdaptableLog|[TaiwuRemoveAILimitation]: CreateAction succeeded: charId=8425, actionId=23, goalId=273, state=1
2026-07-02 04:45:35.5634|INFO|Worker14|AdaptableLog|[TaiwuRemoveAILimitation]: CreateAction succeeded: charId=2335, actionId=21, goalId=241, state=1
2026-07-02 04:45:35.5756|INFO|Worker8|AdaptableLog|[TaiwuRemoveAILimitation]: CreateAction succeeded: charId=2164, actionId=22, goalId=273, state=1
2026-07-02 04:45:35.5756|INFO|Worker22|AdaptableLog|[TaiwuRemoveAILimitation]: CreateAction succeeded: charId=1387, actionId=15, goalId=5, state=1
2026-07-02 04:45:35.5756|INFO|Worker11|AdaptableLog|[TaiwuRemoveAILimitation]: CreateAction failed: charId=15293, actionId=14, goalId=273, state=1
2026-07-02 04:45:35.5756|INFO|Worker16|AdaptableLog|[TaiwuRemoveAILimitation]: CreateAction failed: charId=12548, actionId=18, goalId=241, state=1
2026-07-02 04:45:35.5919|INFO|Worker6|AdaptableLog|[TaiwuRemoveAILimitation]: CreateAction succeeded: charId=572, actionId=18, goalId=273, state=1
2026-07-02 04:45:35.5919|INFO|Worker1|AdaptableLog|[TaiwuRemoveAILimitation]: CreateAction succeeded: charId=2339, actionId=14, goalId=194, state=1
2026-07-02 04:45:35.5919|INFO|Worker11|AdaptableLog|[TaiwuRemoveAILimitation]: CreateAction failed: charId=16322, actionId=17, goalId=273, state=1
2026-07-02 04:45:35.6063|INFO|Worker11|AdaptableLog|[TaiwuRemoveAILimitation]: CreateAction failed: charId=16269, actionId=16, goalId=273, state=1
2026-07-02 04:45:35.6063|INFO|Worker9|AdaptableLog|[TaiwuRemoveAILimitation]: CreateAction succeeded: charId=3800, actionId=22, goalId=238, state=1
2026-07-02 04:45:35.6063|INFO|Worker21|AdaptableLog|[TaiwuRemoveAILimitation]: CreateAction failed: charId=469, actionId=16, goalId=238, state=1
2026-07-02 04:45:35.6063|INFO|Worker0|AdaptableLog|[TaiwuRemoveAILimitation]: CreateAction failed: charId=243, actionId=19, goalId=238, state=1
2026-07-02 04:45:35.6063|INFO|Worker24|AdaptableLog|[TaiwuRemoveAILimitation]: CreateAction succeeded: charId=1122, actionId=15, goalId=273, state=1
2026-07-02 04:45:35.6063|INFO|Worker26|AdaptableLog|[TaiwuRemoveAILimitation]: CreateAction succeeded: charId=14759, actionId=17, goalId=238, state=1
2026-07-02 04:45:35.6063|INFO|Worker14|AdaptableLog|[TaiwuRemoveAILimitation]: CreateAction failed: charId=9257, actionId=22, goalId=273, state=1
2026-07-02 04:45:35.6063|INFO|Worker0|AdaptableLog|[TaiwuRemoveAILimitation]: CreateAction failed: charId=243, actionId=20, goalId=238, state=1
2026-07-02 04:45:35.6220|INFO|Worker0|AdaptableLog|[TaiwuRemoveAILimitation]: CreateAction failed: charId=243, actionId=19, goalId=238, state=1
2026-07-02 04:45:35.6220|INFO|Worker23|AdaptableLog|[TaiwuRemoveAILimitation]: CreateAction succeeded: charId=3583, actionId=14, goalId=238, state=1
2026-07-02 04:45:35.6220|INFO|Worker0|AdaptableLog|[TaiwuRemoveAILimitation]: CreateAction failed: charId=243, actionId=22, goalId=238, state=1
2026-07-02 04:45:35.6220|INFO|Worker0|AdaptableLog|[TaiwuRemoveAILimitation]: CreateAction failed: charId=243, actionId=22, goalId=238, state=1
2026-07-02 04:45:35.6220|INFO|Worker16|AdaptableLog|[TaiwuRemoveAILimitation]: CreateAction failed: charId=12136, actionId=16, goalId=273, state=1
2026-07-02 04:45:35.6384|INFO|Worker13|AdaptableLog|[TaiwuRemoveAILimitation]: CreateAction failed: charId=8865, actionId=16, goalId=273, state=1
2026-07-02 04:45:35.6384|INFO|Worker0|AdaptableLog|[TaiwuRemoveAILimitation]: CreateAction succeeded: charId=242, actionId=21, goalId=273, state=1
2026-07-02 04:45:35.6384|INFO|Worker16|AdaptableLog|[TaiwuRemoveAILimitation]: CreateAction failed: charId=11400, actionId=18, goalId=273, state=1
2026-07-02 04:45:35.6384|INFO|Worker3|AdaptableLog|[TaiwuRemoveAILimitation]: CreateAction succeeded: charId=8145, actionId=17, goalId=273, state=1
2026-07-02 04:45:35.6384|INFO|Worker13|AdaptableLog|[TaiwuRemoveAILimitation]: CreateAction succeeded: charId=8865, actionId=16, goalId=191, state=1
2026-07-02 04:45:35.6557|INFO|Worker2|AdaptableLog|[TaiwuRemoveAILimitation]: CreateAction succeeded: charId=40, actionId=14, goalId=273, state=1
2026-07-02 04:45:35.6557|INFO|Worker9|AdaptableLog|[TaiwuRemoveAILimitation]: CreateAction succeeded: charId=4391, actionId=16, goalId=273, state=1
2026-07-02 04:45:35.6712|INFO|Worker25|AdaptableLog|[TaiwuRemoveAILimitation]: CreateAction succeeded: charId=4494, actionId=15, goalId=273, state=1
2026-07-02 04:45:35.6712|INFO|Worker8|AdaptableLog|[TaiwuRemoveAILimitation]: CreateAction succeeded: charId=2939, actionId=16, goalId=273, state=1
2026-07-02 04:45:35.6712|INFO|Worker10|AdaptableLog|[TaiwuRemoveAILimitation]: CreateAction failed: charId=1926, actionId=16, goalId=238, state=1
2026-07-02 04:45:35.6712|INFO|Worker16|AdaptableLog|[TaiwuRemoveAILimitation]: CreateAction succeeded: charId=14519, actionId=15, goalId=238, state=1
2026-07-02 04:45:35.6712|INFO|Worker20|AdaptableLog|[TaiwuRemoveAILimitation]: CreateAction succeeded: charId=1166, actionId=23, goalId=273, state=1
2026-07-02 04:45:35.6712|INFO|Worker30|AdaptableLog|[TaiwuRemoveAILimitation]: CreateAction succeeded: charId=3354, actionId=14, goalId=273, state=1
2026-07-02 04:45:35.6712|INFO|Worker10|AdaptableLog|[TaiwuRemoveAILimitation]: CreateAction failed: charId=1926, actionId=17, goalId=238, state=1
2026-07-02 04:45:35.6712|INFO|Worker21|AdaptableLog|[TaiwuRemoveAILimitation]: CreateAction failed: charId=4082, actionId=20, goalId=238, state=1
2026-07-02 04:45:35.6712|INFO|Worker10|AdaptableLog|[TaiwuRemoveAILimitation]: CreateAction succeeded: charId=1926, actionId=17, goalId=238, state=1
2026-07-02 04:45:35.6860|INFO|Worker16|AdaptableLog|[TaiwuRemoveAILimitation]: CreateAction failed: charId=13915, actionId=15, goalId=273, state=1
2026-07-02 04:45:35.6860|INFO|Worker18|AdaptableLog|[TaiwuRemoveAILimitation]: CreateAction succeeded: charId=5648, actionId=23, goalId=273, state=1
2026-07-02 04:45:35.6860|INFO|Worker3|AdaptableLog|[TaiwuRemoveAILimitation]: CreateAction succeeded: charId=3403, actionId=14, goalId=238, state=1
2026-07-02 04:45:35.6860|INFO|Worker23|AdaptableLog|[TaiwuRemoveAILimitation]: CreateAction succeeded: charId=2340, actionId=16, goalId=273, state=1
2026-07-02 04:45:35.6860|INFO|Worker16|AdaptableLog|[TaiwuRemoveAILimitation]: CreateAction failed: charId=13915, actionId=15, goalId=179, state=1
2026-07-02 04:45:35.6860|INFO|Worker29|AdaptableLog|[TaiwuRemoveAILimitation]: CreateAction succeeded: charId=371, actionId=15, goalId=238, state=1
2026-07-02 04:45:35.6860|INFO|Worker6|AdaptableLog|[TaiwuRemoveAILimitation]: CreateAction succeeded: charId=11293, actionId=18, goalId=273, state=1
2026-07-02 04:45:35.6860|INFO|Worker25|AdaptableLog|[TaiwuRemoveAILimitation]: CreateAction failed: charId=4690, actionId=22, goalId=273, state=1
2026-07-02 04:45:35.7012|INFO|Worker8|AdaptableLog|[TaiwuRemoveAILimitation]: CreateAction succeeded: charId=2074, actionId=16, goalId=194, state=1
2026-07-02 04:45:35.7012|INFO|Worker24|AdaptableLog|[TaiwuRemoveAILimitation]: CreateAction failed: charId=1126, actionId=15, goalId=193, state=1
2026-07-02 04:45:35.7012|INFO|Worker2|AdaptableLog|[TaiwuRemoveAILimitation]: CreateAction succeeded: charId=38, actionId=17, goalId=273, state=1
2026-07-02 04:45:35.7012|INFO|Worker16|AdaptableLog|[TaiwuRemoveAILimitation]: CreateAction failed: charId=12135, actionId=16, goalId=273, state=1
2026-07-02 04:45:35.7012|INFO|Worker3|AdaptableLog|[TaiwuRemoveAILimitation]: CreateAction failed: charId=7317, actionId=17, goalId=273, state=1
2026-07-02 04:45:35.7170|INFO|Worker29|AdaptableLog|[TaiwuRemoveAILimitation]: CreateAction succeeded: charId=365, actionId=19, goalId=273, state=1
2026-07-02 04:45:35.7012|INFO|Worker16|AdaptableLog|[TaiwuRemoveAILimitation]: CreateAction failed: charId=12135, actionId=16, goalId=241, state=1
2026-07-02 04:45:35.7170|INFO|Worker19|AdaptableLog|[TaiwuRemoveAILimitation]: CreateAction succeeded: charId=11120, actionId=22, goalId=238, state=1
2026-07-02 04:45:35.7170|INFO|Worker16|AdaptableLog|[TaiwuRemoveAILimitation]: CreateAction failed: charId=12671, actionId=23, goalId=273, state=1
2026-07-02 04:45:35.7340|INFO|Worker10|AdaptableLog|[TaiwuRemoveAILimitation]: CreateAction succeeded: charId=1752, actionId=16, goalId=273, state=1
2026-07-02 04:45:35.7340|INFO|Worker6|AdaptableLog|[TaiwuRemoveAILimitation]: CreateAction failed: charId=8264, actionId=18, goalId=273, state=1
2026-07-02 04:45:35.7340|INFO|Worker18|AdaptableLog|[TaiwuRemoveAILimitation]: CreateAction failed: charId=2515, actionId=15, goalId=196, state=1
2026-07-02 04:45:35.7340|INFO|Worker16|AdaptableLog|[TaiwuRemoveAILimitation]: CreateAction failed: charId=12671, actionId=14, goalId=187, state=1
2026-07-02 04:45:35.7560|INFO|Worker1|AdaptableLog|[TaiwuRemoveAILimitation]: CreateAction succeeded: charId=3307, actionId=17, goalId=238, state=1
2026-07-02 04:45:35.7560|INFO|Worker20|AdaptableLog|[TaiwuRemoveAILimitation]: CreateAction succeeded: charId=1170, actionId=17, goalId=273, state=1
2026-07-02 04:45:35.7659|INFO|Worker22|AdaptableLog|[TaiwuRemoveAILimitation]: CreateAction succeeded: charId=1432, actionId=15, goalId=273, state=1
2026-07-02 04:45:35.7659|INFO|Worker1|AdaptableLog|[TaiwuRemoveAILimitation]: CreateAction succeeded: charId=2416, actionId=19, goalId=193, state=1
2026-07-02 04:45:35.7659|INFO|Worker4|AdaptableLog|[TaiwuRemoveAILimitation]: CreateAction succeeded: charId=4742, actionId=23, goalId=238, state=1
2026-07-02 04:45:35.7659|INFO|Worker1|AdaptableLog|[TaiwuRemoveAILimitation]: CreateAction succeeded: charId=2421, actionId=17, goalId=238, state=1
2026-07-02 04:45:35.7802|INFO|Worker0|AdaptableLog|[TaiwuRemoveAILimitation]: CreateAction succeeded: charId=244, actionId=21, goalId=238, state=1
2026-07-02 04:45:35.7802|INFO|Worker6|AdaptableLog|[TaiwuRemoveAILimitation]: CreateAction succeeded: charId=568, actionId=18, goalId=273, state=1
2026-07-02 04:45:35.7802|INFO|Worker16|AdaptableLog|[TaiwuRemoveAILimitation]: CreateAction failed: charId=13845, actionId=14, goalId=273, state=1
2026-07-02 04:45:35.7802|INFO|Worker27|AdaptableLog|[TaiwuRemoveAILimitation]: CreateAction failed: charId=3990, actionId=17, goalId=273, state=1
2026-07-02 04:45:35.7802|INFO|Worker23|AdaptableLog|[TaiwuRemoveAILimitation]: CreateAction failed: charId=4884, actionId=22, goalId=238, state=1
2026-07-02 04:45:35.7941|INFO|Worker11|AdaptableLog|[TaiwuRemoveAILimitation]: CreateAction succeeded: charId=4332, actionId=23, goalId=273, state=1
2026-07-02 04:45:35.7941|INFO|Worker23|AdaptableLog|[TaiwuRemoveAILimitation]: CreateAction failed: charId=4884, actionId=20, goalId=238, state=1
2026-07-02 04:45:35.7941|INFO|Worker16|AdaptableLog|[TaiwuRemoveAILimitation]: CreateAction failed: charId=13845, actionId=14, goalId=241, state=1
2026-07-02 04:45:35.7941|INFO|Worker23|AdaptableLog|[TaiwuRemoveAILimitation]: CreateAction succeeded: charId=4884, actionId=23, goalId=238, state=1
2026-07-02 04:45:35.7941|INFO|Worker10|AdaptableLog|[TaiwuRemoveAILimitation]: CreateAction succeeded: charId=4100, actionId=15, goalId=241, state=1
2026-07-02 04:45:35.8114|INFO|Worker16|AdaptableLog|[TaiwuRemoveAILimitation]: CreateAction failed: charId=11720, actionId=16, goalId=273, state=1
2026-07-02 04:45:35.8114|INFO|Worker22|AdaptableLog|[TaiwuRemoveAILimitation]: CreateAction succeeded: charId=8271, actionId=15, goalId=5, state=1
2026-07-02 04:45:35.8114|INFO|Worker18|AdaptableLog|[TaiwuRemoveAILimitation]: CreateAction failed: charId=2512, actionId=20, goalId=273, state=1
2026-07-02 04:45:35.8260|INFO|Worker20|AdaptableLog|[TaiwuRemoveAILimitation]: CreateAction succeeded: charId=7855, actionId=21, goalId=273, state=1
2026-07-02 04:45:35.8260|INFO|Worker16|AdaptableLog|[TaiwuRemoveAILimitation]: CreateAction failed: charId=9457, actionId=21, goalId=241, state=1
2026-07-02 04:45:35.8260|INFO|Worker22|AdaptableLog|[TaiwuRemoveAILimitation]: CreateAction succeeded: charId=7003, actionId=15, goalId=273, state=1
2026-07-02 04:45:35.8260|INFO|Worker22|AdaptableLog|[TaiwuRemoveAILimitation]: CreateAction succeeded: charId=1422, actionId=15, goalId=5, state=1
2026-07-02 04:45:35.8260|INFO|Worker0|AdaptableLog|[TaiwuRemoveAILimitation]: CreateAction failed: charId=239, actionId=22, goalId=273, state=1
2026-07-02 04:45:35.8260|INFO|Worker16|AdaptableLog|[TaiwuRemoveAILimitation]: CreateAction failed: charId=13882, actionId=14, goalId=273, state=1
2026-07-02 04:45:35.8426|INFO|Worker29|AdaptableLog|[TaiwuRemoveAILimitation]: CreateAction failed: charId=8595, actionId=18, goalId=238, state=1
2026-07-02 04:45:35.8426|INFO|Worker29|AdaptableLog|[TaiwuRemoveAILimitation]: CreateAction failed: charId=8595, actionId=18, goalId=238, state=1
2026-07-02 04:45:35.8426|INFO|Worker29|AdaptableLog|[TaiwuRemoveAILimitation]: CreateAction succeeded: charId=8595, actionId=18, goalId=238, state=1
2026-07-02 04:45:35.8426|INFO|Worker10|AdaptableLog|[TaiwuRemoveAILimitation]: CreateAction succeeded: charId=1966, actionId=22, goalId=273, state=1
2026-07-02 04:45:35.8426|INFO|Worker22|AdaptableLog|[TaiwuRemoveAILimitation]: CreateAction succeeded: charId=1423, actionId=15, goalId=273, state=1
2026-07-02 04:45:35.8602|INFO|Worker22|AdaptableLog|[TaiwuRemoveAILimitation]: CreateAction succeeded: charId=1362, actionId=15, goalId=5, state=1
2026-07-02 04:45:35.8602|INFO|Worker19|AdaptableLog|[TaiwuRemoveAILimitation]: CreateAction succeeded: charId=3100, actionId=14, goalId=273, state=1
2026-07-02 04:45:35.8718|INFO|Worker8|AdaptableLog|[TaiwuRemoveAILimitation]: CreateAction succeeded: charId=2073, actionId=15, goalId=273, state=1
2026-07-02 04:45:35.8718|INFO|Worker5|AdaptableLog|[TaiwuRemoveAILimitation]: CreateAction succeeded: charId=33, actionId=20, goalId=238, state=1
2026-07-02 04:45:35.8718|INFO|Worker7|AdaptableLog|[TaiwuRemoveAILimitation]: CreateAction failed: charId=3176, actionId=21, goalId=194, state=1
2026-07-02 04:45:35.8718|INFO|Worker21|AdaptableLog|[TaiwuRemoveAILimitation]: CreateAction succeeded: charId=465, actionId=19, goalId=273, state=1
2026-07-02 04:45:35.8718|INFO|Worker22|AdaptableLog|[TaiwuRemoveAILimitation]: CreateAction failed: charId=1400, actionId=15, goalId=5, state=1
2026-07-02 04:45:35.8718|INFO|Worker16|AdaptableLog|[TaiwuRemoveAILimitation]: CreateAction failed: charId=10124, actionId=17, goalId=273, state=1
2026-07-02 04:45:35.8914|INFO|Worker3|AdaptableLog|[TaiwuRemoveAILimitation]: CreateAction succeeded: charId=7318, actionId=17, goalId=238, state=1
2026-07-02 04:45:35.8914|INFO|Worker7|AdaptableLog|[TaiwuRemoveAILimitation]: CreateAction failed: charId=3176, actionId=21, goalId=193, state=1
2026-07-02 04:45:35.8914|INFO|Worker22|AdaptableLog|[TaiwuRemoveAILimitation]: CreateAction succeeded: charId=1400, actionId=15, goalId=196, state=1
2026-07-02 04:45:35.8914|INFO|Worker3|AdaptableLog|[TaiwuRemoveAILimitation]: CreateAction succeeded: charId=3385, actionId=20, goalId=194, state=1
2026-07-02 04:45:35.8914|INFO|Worker3|AdaptableLog|[TaiwuRemoveAILimitation]: CreateAction failed: charId=3441, actionId=19, goalId=238, state=1
2026-07-02 04:45:35.8914|INFO|Worker3|AdaptableLog|[TaiwuRemoveAILimitation]: CreateAction succeeded: charId=3441, actionId=19, goalId=238, state=1
2026-07-02 04:45:35.8914|INFO|Worker29|AdaptableLog|[TaiwuRemoveAILimitation]: CreateAction succeeded: charId=8197, actionId=14, goalId=273, state=1
2026-07-02 04:45:35.9061|INFO|Worker16|AdaptableLog|[TaiwuRemoveAILimitation]: CreateAction failed: charId=12579, actionId=14, goalId=273, state=1
2026-07-02 04:45:35.9198|INFO|Worker18|AdaptableLog|[TaiwuRemoveAILimitation]: CreateAction failed: charId=2510, actionId=23, goalId=273, state=1
2026-07-02 04:45:35.9198|INFO|Worker16|AdaptableLog|[TaiwuRemoveAILimitation]: CreateAction failed: charId=11951, actionId=14, goalId=273, state=1
2026-07-02 04:45:35.9198|INFO|Worker30|AdaptableLog|[TaiwuRemoveAILimitation]: CreateAction succeeded: charId=5153, actionId=21, goalId=273, state=1
2026-07-02 04:45:35.9198|INFO|Worker22|AdaptableLog|[TaiwuRemoveAILimitation]: CreateAction succeeded: charId=1379, actionId=15, goalId=238, state=1
2026-07-02 04:45:35.9539|INFO|Worker31|AdaptableLog|[TaiwuRemoveAILimitation]: CreateAction failed: charId=3822, actionId=16, goalId=273, state=1
2026-07-02 04:45:35.9690|INFO|Worker16|AdaptableLog|[TaiwuRemoveAILimitation]: CreateAction failed: charId=13623, actionId=18, goalId=273, state=1
2026-07-02 04:45:35.9690|INFO|Worker1|AdaptableLog|[TaiwuRemoveAILimitation]: CreateAction succeeded: charId=5266, actionId=15, goalId=273, state=1
2026-07-02 04:45:35.9690|INFO|Worker5|AdaptableLog|[TaiwuRemoveAILimitation]: CreateAction succeeded: charId=1693, actionId=17, goalId=238, state=1
2026-07-02 04:45:35.9690|INFO|Worker14|AdaptableLog|[TaiwuRemoveAILimitation]: CreateAction failed: charId=2322, actionId=18, goalId=238, state=1
2026-07-02 04:45:35.9866|INFO|Worker22|AdaptableLog|[TaiwuRemoveAILimitation]: CreateAction failed: charId=1351, actionId=15, goalId=5, state=1
2026-07-02 04:45:35.9866|INFO|Worker14|AdaptableLog|[TaiwuRemoveAILimitation]: CreateAction succeeded: charId=2322, actionId=14, goalId=238, state=1
2026-07-02 04:45:35.9866|INFO|Worker19|AdaptableLog|[TaiwuRemoveAILimitation]: CreateAction failed: charId=1064, actionId=23, goalId=192, state=1
2026-07-02 04:45:35.9866|INFO|Worker18|AdaptableLog|[TaiwuRemoveAILimitation]: CreateAction succeeded: charId=2564, actionId=16, goalId=273, state=1
2026-07-02 04:45:35.9866|INFO|Worker31|AdaptableLog|[TaiwuRemoveAILimitation]: CreateAction succeeded: charId=3846, actionId=20, goalId=241, state=1
2026-07-02 04:45:35.9866|INFO|Worker27|AdaptableLog|[TaiwuRemoveAILimitation]: CreateAction succeeded: charId=3751, actionId=16, goalId=273, state=1
2026-07-02 04:45:35.9866|INFO|Worker19|AdaptableLog|[TaiwuRemoveAILimitation]: CreateAction succeeded: charId=1064, actionId=23, goalId=193, state=1
2026-07-02 04:45:35.9866|INFO|Worker29|AdaptableLog|[TaiwuRemoveAILimitation]: CreateAction succeeded: charId=7838, actionId=14, goalId=238, state=1
2026-07-02 04:45:35.9866|INFO|Worker5|AdaptableLog|[TaiwuRemoveAILimitation]: CreateAction succeeded: charId=1750, actionId=14, goalId=238, state=1
2026-07-02 04:45:35.9866|INFO|Worker26|AdaptableLog|[TaiwuRemoveAILimitation]: CreateAction succeeded: charId=3491, actionId=14, goalId=238, state=1
2026-07-02 04:45:36.0013|INFO|Worker19|AdaptableLog|[TaiwuRemoveAILimitation]: CreateAction failed: charId=956, actionId=17, goalId=273, state=1
2026-07-02 04:45:36.0013|INFO|Worker1|AdaptableLog|[TaiwuRemoveAILimitation]: CreateAction succeeded: charId=5214, actionId=15, goalId=273, state=1
2026-07-02 04:45:36.0013|INFO|Worker19|AdaptableLog|[TaiwuRemoveAILimitation]: CreateAction succeeded: charId=956, actionId=17, goalId=195, state=1
2026-07-02 04:45:36.0013|INFO|Worker6|AdaptableLog|[TaiwuRemoveAILimitation]: CreateAction succeeded: charId=4492, actionId=17, goalId=196, state=1
2026-07-02 04:45:36.0013|INFO|Worker29|AdaptableLog|[TaiwuRemoveAILimitation]: CreateAction failed: charId=7117, actionId=18, goalId=273, state=1
2026-07-02 04:45:36.0200|INFO|Worker14|AdaptableLog|[TaiwuRemoveAILimitation]: CreateAction failed: charId=8930, actionId=15, goalId=190, state=1
2026-07-02 04:45:36.0284|INFO|Worker14|AdaptableLog|[TaiwuRemoveAILimitation]: CreateAction failed: charId=8930, actionId=15, goalId=193, state=1
2026-07-02 04:45:36.0284|INFO|Worker16|AdaptableLog|[TaiwuRemoveAILimitation]: CreateAction failed: charId=12379, actionId=17, goalId=241, state=1
2026-07-02 04:45:36.0284|INFO|Worker14|AdaptableLog|[TaiwuRemoveAILimitation]: CreateAction succeeded: charId=8930, actionId=15, goalId=8, state=1
2026-07-02 04:45:36.0284|INFO|Worker14|AdaptableLog|[TaiwuRemoveAILimitation]: CreateAction succeeded: charId=7565, actionId=14, goalId=273, state=1
2026-07-02 04:45:36.0284|INFO|Worker23|AdaptableLog|[TaiwuRemoveAILimitation]: CreateAction succeeded: charId=4894, actionId=17, goalId=273, state=1
2026-07-02 04:45:36.0284|INFO|Worker16|AdaptableLog|[TaiwuRemoveAILimitation]: CreateAction failed: charId=12379, actionId=17, goalId=192, state=1
2026-07-02 04:45:36.0284|INFO|Worker16|AdaptableLog|[TaiwuRemoveAILimitation]: CreateAction failed: charId=13118, actionId=17, goalId=241, state=1
2026-07-02 04:45:36.0284|INFO|Worker14|AdaptableLog|[TaiwuRemoveAILimitation]: CreateAction failed: charId=2228, actionId=14, goalId=8, state=1
2026-07-02 04:45:36.0284|INFO|Worker16|AdaptableLog|[TaiwuRemoveAILimitation]: CreateAction failed: charId=13118, actionId=14, goalId=238, state=1
2026-07-02 04:45:36.0284|INFO|Worker16|AdaptableLog|[TaiwuRemoveAILimitation]: CreateAction failed: charId=13362, actionId=23, goalId=273, state=1
2026-07-02 04:45:36.0512|INFO|Worker10|AdaptableLog|[TaiwuRemoveAILimitation]: CreateAction succeeded: charId=1218, actionId=22, goalId=273, state=1
2026-07-02 04:45:36.0618|INFO|Worker30|AdaptableLog|[TaiwuRemoveAILimitation]: CreateAction failed: charId=3238, actionId=16, goalId=273, state=1
2026-07-02 04:45:36.0618|INFO|Worker29|AdaptableLog|[TaiwuRemoveAILimitation]: CreateAction succeeded: charId=13142, actionId=18, goalId=273, state=1
2026-07-02 04:45:36.0618|INFO|Worker23|AdaptableLog|[TaiwuRemoveAILimitation]: CreateAction failed: charId=3587, actionId=14, goalId=194, state=1
2026-07-02 04:45:36.0771|INFO|Worker30|AdaptableLog|[TaiwuRemoveAILimitation]: CreateAction succeeded: charId=3237, actionId=16, goalId=273, state=1
2026-07-02 04:45:36.0771|INFO|Worker25|AdaptableLog|[TaiwuRemoveAILimitation]: CreateAction succeeded: charId=4541, actionId=15, goalId=238, state=1
2026-07-02 04:45:36.0771|INFO|Worker29|AdaptableLog|[TaiwuRemoveAILimitation]: CreateAction succeeded: charId=5333, actionId=18, goalId=238, state=1
2026-07-02 04:45:36.0771|INFO|Worker27|AdaptableLog|[TaiwuRemoveAILimitation]: CreateAction succeeded: charId=2469, actionId=14, goalId=273, state=1
2026-07-02 04:45:36.0771|INFO|Worker23|AdaptableLog|[TaiwuRemoveAILimitation]: CreateAction failed: charId=3587, actionId=14, goalId=195, state=1
2026-07-02 04:45:36.0771|INFO|Worker29|AdaptableLog|[TaiwuRemoveAILimitation]: CreateAction succeeded: charId=7576, actionId=14, goalId=191, state=1
2026-07-02 04:45:36.0966|INFO|Worker29|AdaptableLog|[TaiwuRemoveAILimitation]: CreateAction succeeded: charId=7575, actionId=14, goalId=273, state=1
2026-07-02 04:45:36.0966|INFO|Worker2|AdaptableLog|[TaiwuRemoveAILimitation]: CreateAction succeeded: charId=41, actionId=14, goalId=273, state=1
2026-07-02 04:45:36.0966|INFO|Worker23|AdaptableLog|[TaiwuRemoveAILimitation]: CreateAction failed: charId=3587, actionId=14, goalId=190, state=1
2026-07-02 04:45:36.0966|INFO|Worker17|AdaptableLog|[TaiwuRemoveAILimitation]: CreateAction failed: charId=2997, actionId=18, goalId=241, state=1
2026-07-02 04:45:36.1096|INFO|Worker18|AdaptableLog|[TaiwuRemoveAILimitation]: CreateAction failed: charId=2565, actionId=17, goalId=193, state=1
2026-07-02 04:45:36.1096|INFO|Worker16|AdaptableLog|[TaiwuRemoveAILimitation]: CreateAction succeeded: charId=10357, actionId=17, goalId=241, state=1
2026-07-02 04:45:36.1096|INFO|Worker18|AdaptableLog|[TaiwuRemoveAILimitation]: CreateAction succeeded: charId=2565, actionId=17, goalId=196, state=1
2026-07-02 04:45:36.1096|INFO|Worker30|AdaptableLog|[TaiwuRemoveAILimitation]: CreateAction failed: charId=3311, actionId=14, goalId=273, state=1
2026-07-02 04:45:36.1096|INFO|Worker23|AdaptableLog|[TaiwuRemoveAILimitation]: CreateAction succeeded: charId=3587, actionId=14, goalId=193, state=1
2026-07-02 04:45:36.1096|INFO|Worker9|AdaptableLog|[TaiwuRemoveAILimitation]: CreateAction succeeded: charId=272, actionId=22, goalId=273, state=1
2026-07-02 04:45:36.1245|INFO|Worker16|AdaptableLog|[TaiwuRemoveAILimitation]: CreateAction failed: charId=11950, actionId=17, goalId=273, state=1
2026-07-02 04:45:36.1245|INFO|Worker0|AdaptableLog|[TaiwuRemoveAILimitation]: CreateAction succeeded: charId=316, actionId=23, goalId=273, state=1
2026-07-02 04:45:36.1245|INFO|Worker9|AdaptableLog|[TaiwuRemoveAILimitation]: CreateAction failed: charId=5953, actionId=21, goalId=273, state=1
2026-07-02 04:45:36.1410|INFO|Worker19|AdaptableLog|[TaiwuRemoveAILimitation]: CreateAction failed: charId=994, actionId=19, goalId=241, state=1
2026-07-02 04:45:36.1410|INFO|Worker16|AdaptableLog|[TaiwuRemoveAILimitation]: CreateAction failed: charId=12247, actionId=17, goalId=273, state=1
2026-07-02 04:45:36.1410|INFO|Worker22|AdaptableLog|[TaiwuRemoveAILimitation]: CreateAction succeeded: charId=1370, actionId=15, goalId=273, state=1
2026-07-02 04:45:36.1410|INFO|Worker2|AdaptableLog|[TaiwuRemoveAILimitation]: CreateAction succeeded: charId=276, actionId=15, goalId=238, state=1
2026-07-02 04:45:36.1410|INFO|Worker18|AdaptableLog|[TaiwuRemoveAILimitation]: CreateAction succeeded: charId=2555, actionId=23, goalId=238, state=1
2026-07-02 04:45:36.1410|INFO|Worker22|AdaptableLog|[TaiwuRemoveAILimitation]: CreateAction succeeded: charId=7825, actionId=15, goalId=273, state=1
2026-07-02 04:45:36.1410|INFO|Worker9|AdaptableLog|[TaiwuRemoveAILimitation]: CreateAction succeeded: charId=5953, actionId=22, goalId=238, state=1
2026-07-02 04:45:36.1608|INFO|Worker13|AdaptableLog|[TaiwuRemoveAILimitation]: CreateAction succeeded: charId=8173, actionId=16, goalId=273, state=1
2026-07-02 04:45:36.1608|INFO|Worker16|AdaptableLog|[TaiwuRemoveAILimitation]: CreateAction succeeded: charId=3138, actionId=18, goalId=273, state=1
2026-07-02 04:45:36.1723|INFO|Worker26|AdaptableLog|[TaiwuRemoveAILimitation]: CreateAction succeeded: charId=4538, actionId=19, goalId=194, state=1
2026-07-02 04:45:36.1723|INFO|Worker17|AdaptableLog|[TaiwuRemoveAILimitation]: CreateAction succeeded: charId=3095, actionId=20, goalId=241, state=1
2026-07-02 04:45:36.1723|INFO|Worker6|AdaptableLog|[TaiwuRemoveAILimitation]: CreateAction succeeded: charId=713, actionId=16, goalId=273, state=1
2026-07-02 04:45:36.1723|INFO|Worker20|AdaptableLog|[TaiwuRemoveAILimitation]: CreateAction succeeded: charId=7329, actionId=22, goalId=273, state=1
2026-07-02 04:45:36.1723|INFO|Worker29|AdaptableLog|[TaiwuRemoveAILimitation]: CreateAction succeeded: charId=5421, actionId=14, goalId=273, state=1
2026-07-02 04:45:36.1911|INFO|Worker3|AdaptableLog|[TaiwuRemoveAILimitation]: CreateAction succeeded: charId=3437, actionId=17, goalId=273, state=1
2026-07-02 04:45:36.1911|INFO|Worker7|AdaptableLog|[TaiwuRemoveAILimitation]: CreateAction failed: charId=4044, actionId=15, goalId=273, state=1
2026-07-02 04:45:36.1911|INFO|Worker7|AdaptableLog|[TaiwuRemoveAILimitation]: CreateAction failed: charId=4044, actionId=14, goalId=238, state=1
2026-07-02 04:45:36.1911|INFO|Worker16|AdaptableLog|[TaiwuRemoveAILimitation]: CreateAction failed: charId=10289, actionId=21, goalId=273, state=1
2026-07-02 04:45:36.2026|INFO|Worker7|AdaptableLog|[TaiwuRemoveAILimitation]: CreateAction failed: charId=4044, actionId=14, goalId=192, state=1
2026-07-02 04:45:36.2026|INFO|Worker23|AdaptableLog|[TaiwuRemoveAILimitation]: CreateAction succeeded: charId=4831, actionId=19, goalId=273, state=1
2026-07-02 04:45:36.2026|INFO|Worker13|AdaptableLog|[TaiwuRemoveAILimitation]: CreateAction succeeded: charId=6999, actionId=16, goalId=190, state=1
2026-07-02 04:45:36.2026|INFO|Worker19|AdaptableLog|[TaiwuRemoveAILimitation]: CreateAction failed: charId=941, actionId=23, goalId=238, state=1
2026-07-02 04:45:36.2026|INFO|Worker19|AdaptableLog|[TaiwuRemoveAILimitation]: CreateAction succeeded: charId=941, actionId=22, goalId=238, state=1
2026-07-02 04:45:36.2026|INFO|Worker14|AdaptableLog|[TaiwuRemoveAILimitation]: CreateAction failed: charId=2227, actionId=15, goalId=8, state=1
2026-07-02 04:45:36.2026|INFO|Worker7|AdaptableLog|[TaiwuRemoveAILimitation]: CreateAction succeeded: charId=1276, actionId=15, goalId=273, state=1
2026-07-02 04:45:36.2026|INFO|Worker13|AdaptableLog|[TaiwuRemoveAILimitation]: CreateAction succeeded: charId=2638, actionId=16, goalId=273, state=1
2026-07-02 04:45:36.2184|INFO|Worker25|AdaptableLog|[TaiwuRemoveAILimitation]: CreateAction succeeded: charId=4496, actionId=14, goalId=273, state=1
2026-07-02 04:45:36.2026|INFO|Worker0|AdaptableLog|[TaiwuRemoveAILimitation]: CreateAction succeeded: charId=1691, actionId=23, goalId=273, state=1
2026-07-02 04:45:36.2184|INFO|Worker13|AdaptableLog|[TaiwuRemoveAILimitation]: CreateAction succeeded: charId=8172, actionId=16, goalId=273, state=1
2026-07-02 04:45:36.2184|INFO|Worker21|AdaptableLog|[TaiwuRemoveAILimitation]: CreateAction succeeded: charId=520, actionId=14, goalId=241, state=1
2026-07-02 04:45:36.2184|INFO|Worker29|AdaptableLog|[TaiwuRemoveAILimitation]: CreateAction succeeded: charId=9188, actionId=14, goalId=238, state=1
2026-07-02 04:45:36.2184|INFO|Worker1|AdaptableLog|[TaiwuRemoveAILimitation]: CreateAction failed: charId=5308, actionId=16, goalId=196, state=1
2026-07-02 04:45:36.2184|INFO|Worker14|AdaptableLog|[TaiwuRemoveAILimitation]: CreateAction succeeded: charId=8611, actionId=18, goalId=192, state=1
2026-07-02 04:45:36.2310|INFO|Worker0|AdaptableLog|[TaiwuRemoveAILimitation]: CreateAction succeeded: charId=280, actionId=15, goalId=238, state=1
2026-07-02 04:45:36.2310|INFO|Worker28|AdaptableLog|[TaiwuRemoveAILimitation]: CreateAction failed: charId=3047, actionId=17, goalId=273, state=1
2026-07-02 04:45:36.2310|INFO|Worker1|AdaptableLog|[TaiwuRemoveAILimitation]: CreateAction failed: charId=5308, actionId=17, goalId=192, state=1
2026-07-02 04:45:36.2310|INFO|Worker1|AdaptableLog|[TaiwuRemoveAILimitation]: CreateAction succeeded: charId=5308, actionId=16, goalId=193, state=1
2026-07-02 04:45:36.2310|INFO|Worker5|AdaptableLog|[TaiwuRemoveAILimitation]: CreateAction succeeded: charId=1754, actionId=17, goalId=273, state=1
2026-07-02 04:45:36.2310|INFO|Worker29|AdaptableLog|[TaiwuRemoveAILimitation]: CreateAction succeeded: charId=5382, actionId=14, goalId=192, state=1
2026-07-02 04:45:36.2518|INFO|Worker29|AdaptableLog|[TaiwuRemoveAILimitation]: CreateAction failed: charId=8318, actionId=18, goalId=238, state=1
2026-07-02 04:45:36.2518|INFO|Worker29|AdaptableLog|[TaiwuRemoveAILimitation]: CreateAction succeeded: charId=8318, actionId=18, goalId=238, state=1
2026-07-02 04:45:36.2518|INFO|Worker16|AdaptableLog|[TaiwuRemoveAILimitation]: CreateAction failed: charId=14780, actionId=14, goalId=273, state=1
2026-07-02 04:45:36.2518|INFO|Worker8|AdaptableLog|[TaiwuRemoveAILimitation]: CreateAction succeeded: charId=2342, actionId=15, goalId=273, state=1
2026-07-02 04:45:36.2676|INFO|Worker28|AdaptableLog|[TaiwuRemoveAILimitation]: CreateAction succeeded: charId=2944, actionId=14, goalId=195, state=1
2026-07-02 04:45:36.2676|INFO|Worker10|AdaptableLog|[TaiwuRemoveAILimitation]: CreateAction succeeded: charId=1798, actionId=22, goalId=273, state=1
2026-07-02 04:45:36.2822|INFO|Worker24|AdaptableLog|[TaiwuRemoveAILimitation]: CreateAction succeeded: charId=2114, actionId=20, goalId=273, state=1
2026-07-02 04:45:36.2822|INFO|Worker13|AdaptableLog|[TaiwuRemoveAILimitation]: CreateAction failed: charId=2616, actionId=16, goalId=238, state=1
2026-07-02 04:45:36.2822|INFO|Worker9|AdaptableLog|[TaiwuRemoveAILimitation]: CreateAction failed: charId=11283, actionId=21, goalId=273, state=1
2026-07-02 04:45:36.2822|INFO|Worker20|AdaptableLog|[TaiwuRemoveAILimitation]: CreateAction failed: charId=5077, actionId=15, goalId=273, state=1
2026-07-02 04:45:36.2941|INFO|Worker30|AdaptableLog|[TaiwuRemoveAILimitation]: CreateAction succeeded: charId=3345, actionId=20, goalId=273, state=1
2026-07-02 04:45:36.2941|INFO|Worker20|AdaptableLog|[TaiwuRemoveAILimitation]: CreateAction succeeded: charId=4824, actionId=23, goalId=238, state=1
2026-07-02 04:45:36.2941|INFO|Worker29|AdaptableLog|[TaiwuRemoveAILimitation]: CreateAction failed: charId=5516, actionId=22, goalId=238, state=1
2026-07-02 04:45:36.2941|INFO|Worker20|AdaptableLog|[TaiwuRemoveAILimitation]: CreateAction succeeded: charId=5150, actionId=19, goalId=273, state=1
2026-07-02 04:45:36.2941|INFO|Worker12|AdaptableLog|[TaiwuRemoveAILimitation]: CreateAction succeeded: charId=5708, actionId=14, goalId=273, state=1
2026-07-02 04:45:36.2941|INFO|Worker7|AdaptableLog|[TaiwuRemoveAILimitation]: CreateAction failed: charId=1268, actionId=23, goalId=195, state=1
2026-07-02 04:45:36.2941|INFO|Worker9|AdaptableLog|[TaiwuRemoveAILimitation]: CreateAction succeeded: charId=8655, actionId=22, goalId=273, state=1
2026-07-02 04:45:36.3105|INFO|Worker31|AdaptableLog|[TaiwuRemoveAILimitation]: CreateAction failed: charId=10733, actionId=16, goalId=273, state=1
2026-07-02 04:45:36.2941|INFO|Worker26|AdaptableLog|[TaiwuRemoveAILimitation]: CreateAction failed: charId=518, actionId=17, goalId=273, state=1
2026-07-02 04:45:36.3105|INFO|Worker7|AdaptableLog|[TaiwuRemoveAILimitation]: CreateAction failed: charId=1268, actionId=23, goalId=190, state=1
2026-07-02 04:45:36.3105|INFO|Worker13|AdaptableLog|[TaiwuRemoveAILimitation]: CreateAction succeeded: charId=2703, actionId=14, goalId=273, state=1
2026-07-02 04:45:36.3105|INFO|Worker27|AdaptableLog|[TaiwuRemoveAILimitation]: CreateAction succeeded: charId=3743, actionId=23, goalId=273, state=1
2026-07-02 04:45:36.3271|INFO|Worker14|AdaptableLog|[TaiwuRemoveAILimitation]: CreateAction failed: charId=8606, actionId=18, goalId=273, state=1
2026-07-02 04:45:36.3271|INFO|Worker19|AdaptableLog|[TaiwuRemoveAILimitation]: CreateAction succeeded: charId=982, actionId=17, goalId=273, state=1
2026-07-02 04:45:36.3271|INFO|Worker16|AdaptableLog|[TaiwuRemoveAILimitation]: CreateAction failed: charId=12789, actionId=15, goalId=273, state=1
2026-07-02 04:45:36.3443|INFO|Worker16|AdaptableLog|[TaiwuRemoveAILimitation]: CreateAction failed: charId=12789, actionId=15, goalId=241, state=1
2026-07-02 04:45:36.3443|INFO|Worker6|AdaptableLog|[TaiwuRemoveAILimitation]: CreateAction succeeded: charId=4448, actionId=17, goalId=193, state=1
2026-07-02 04:45:36.3443|INFO|Worker14|AdaptableLog|[TaiwuRemoveAILimitation]: CreateAction failed: charId=2234, actionId=14, goalId=8, state=1
2026-07-02 04:45:36.3443|INFO|Worker24|AdaptableLog|[TaiwuRemoveAILimitation]: CreateAction failed: charId=875, actionId=21, goalId=273, state=1
2026-07-02 04:45:36.3576|INFO|Worker16|AdaptableLog|[TaiwuRemoveAILimitation]: CreateAction failed: charId=10663, actionId=18, goalId=273, state=1
2026-07-02 04:45:36.3576|INFO|Worker24|AdaptableLog|[TaiwuRemoveAILimitation]: CreateAction failed: charId=875, actionId=22, goalId=194, state=1
2026-07-02 04:45:36.3576|INFO|Worker16|AdaptableLog|[TaiwuRemoveAILimitation]: CreateAction failed: charId=10663, actionId=18, goalId=196, state=1
2026-07-02 04:45:36.3576|INFO|Worker24|AdaptableLog|[TaiwuRemoveAILimitation]: CreateAction failed: charId=875, actionId=19, goalId=238, state=1
2026-07-02 04:45:36.3576|INFO|Worker24|AdaptableLog|[TaiwuRemoveAILimitation]: CreateAction succeeded: charId=875, actionId=20, goalId=238, state=1
2026-07-02 04:45:36.3576|INFO|Worker18|AdaptableLog|[TaiwuRemoveAILimitation]: CreateAction succeeded: charId=2465, actionId=23, goalId=238, state=1
2026-07-02 04:45:36.3576|INFO|Worker31|AdaptableLog|[TaiwuRemoveAILimitation]: CreateAction succeeded: charId=8213, actionId=17, goalId=241, state=1
2026-07-02 04:45:36.3576|INFO|Worker18|AdaptableLog|[TaiwuRemoveAILimitation]: CreateAction succeeded: charId=2467, actionId=14, goalId=273, state=1
2026-07-02 04:45:36.3576|INFO|Worker29|AdaptableLog|[TaiwuRemoveAILimitation]: CreateAction failed: charId=5334, actionId=14, goalId=238, state=1
2026-07-02 04:45:36.3576|INFO|Worker29|AdaptableLog|[TaiwuRemoveAILimitation]: CreateAction failed: charId=5334, actionId=18, goalId=238, state=1
2026-07-02 04:45:36.3576|INFO|Worker29|AdaptableLog|[TaiwuRemoveAILimitation]: CreateAction succeeded: charId=5334, actionId=18, goalId=238, state=1
2026-07-02 04:45:36.3729|INFO|Worker12|AdaptableLog|[TaiwuRemoveAILimitation]: CreateAction succeeded: charId=5652, actionId=23, goalId=273, state=1
2026-07-02 04:45:36.3729|INFO|Worker10|AdaptableLog|[TaiwuRemoveAILimitation]: CreateAction succeeded: charId=1816, actionId=19, goalId=273, state=1
2026-07-02 04:45:36.3729|INFO|Worker31|AdaptableLog|[TaiwuRemoveAILimitation]: CreateAction succeeded: charId=3887, actionId=20, goalId=273, state=1
2026-07-02 04:45:36.3729|INFO|Worker29|AdaptableLog|[TaiwuRemoveAILimitation]: CreateAction failed: charId=9790, actionId=14, goalId=273, state=1
2026-07-02 04:45:36.3729|INFO|Worker13|AdaptableLog|[TaiwuRemoveAILimitation]: CreateAction succeeded: charId=2699, actionId=16, goalId=273, state=1
2026-07-02 04:45:36.3959|INFO|Worker19|AdaptableLog|[TaiwuRemoveAILimitation]: CreateAction failed: charId=1005, actionId=17, goalId=241, state=1
2026-07-02 04:45:36.3959|INFO|Worker19|AdaptableLog|[TaiwuRemoveAILimitation]: CreateAction succeeded: charId=1005, actionId=17, goalId=241, state=1
2026-07-02 04:45:36.3959|INFO|Worker19|AdaptableLog|[TaiwuRemoveAILimitation]: CreateAction succeeded: charId=1006, actionId=17, goalId=195, state=1
2026-07-02 04:45:36.4026|INFO|Worker16|AdaptableLog|[TaiwuRemoveAILimitation]: CreateAction failed: charId=13883, actionId=23, goalId=273, state=1
2026-07-02 04:45:36.4026|INFO|Worker19|AdaptableLog|[TaiwuRemoveAILimitation]: CreateAction succeeded: charId=8729, actionId=19, goalId=241, state=1
2026-07-02 04:45:36.4026|INFO|Worker19|AdaptableLog|[TaiwuRemoveAILimitation]: CreateAction succeeded: charId=990, actionId=17, goalId=273, state=1
2026-07-02 04:45:36.4262|INFO|Worker9|AdaptableLog|[TaiwuRemoveAILimitation]: CreateAction succeeded: charId=11094, actionId=19, goalId=273, state=1
2026-07-02 04:45:36.4262|INFO|Worker9|AdaptableLog|[TaiwuRemoveAILimitation]: CreateAction succeeded: charId=9741, actionId=15, goalId=273, state=1
2026-07-02 04:45:36.4262|INFO|Worker26|AdaptableLog|[TaiwuRemoveAILimitation]: CreateAction failed: charId=4540, actionId=14, goalId=241, state=1
2026-07-02 04:45:36.4262|INFO|Worker14|AdaptableLog|[TaiwuRemoveAILimitation]: CreateAction failed: charId=2369, actionId=15, goalId=238, state=1
2026-07-02 04:45:36.4262|INFO|Worker14|AdaptableLog|[TaiwuRemoveAILimitation]: CreateAction failed: charId=2369, actionId=18, goalId=238, state=1
2026-07-02 04:45:36.4262|INFO|Worker0|AdaptableLog|[TaiwuRemoveAILimitation]: CreateAction succeeded: charId=4042, actionId=16, goalId=273, state=1
2026-07-02 04:45:36.4359|INFO|Worker1|AdaptableLog|[TaiwuRemoveAILimitation]: CreateAction succeeded: charId=5299, actionId=22, goalId=273, state=1
2026-07-02 04:45:36.4359|INFO|Worker3|AdaptableLog|[TaiwuRemoveAILimitation]: CreateAction succeeded: charId=4835, actionId=17, goalId=238, state=1
2026-07-02 04:45:36.4359|INFO|Worker20|AdaptableLog|[TaiwuRemoveAILimitation]: CreateAction failed: charId=8527, actionId=23, goalId=245, state=1
2026-07-02 04:45:36.4359|INFO|Worker14|AdaptableLog|[TaiwuRemoveAILimitation]: CreateAction failed: charId=8933, actionId=14, goalId=238, state=1
2026-07-02 04:45:36.4359|INFO|Worker14|AdaptableLog|[TaiwuRemoveAILimitation]: CreateAction succeeded: charId=8933, actionId=14, goalId=190, state=1
2026-07-02 04:45:36.4359|INFO|Worker31|AdaptableLog|[TaiwuRemoveAILimitation]: CreateAction succeeded: charId=3636, actionId=21, goalId=273, state=1
2026-07-02 04:45:36.4359|INFO|Worker19|AdaptableLog|[TaiwuRemoveAILimitation]: CreateAction succeeded: charId=7698, actionId=22, goalId=273, state=1
2026-07-02 04:45:36.4359|INFO|Worker16|AdaptableLog|[TaiwuRemoveAILimitation]: CreateAction failed: charId=13836, actionId=20, goalId=273, state=1
2026-07-02 04:45:36.4359|INFO|Worker19|AdaptableLog|[TaiwuRemoveAILimitation]: CreateAction failed: charId=957, actionId=22, goalId=273, state=1
2026-07-02 04:45:36.4359|INFO|Worker9|AdaptableLog|[TaiwuRemoveAILimitation]: CreateAction succeeded: charId=2842, actionId=16, goalId=273, state=1
2026-07-02 04:45:36.4359|INFO|Worker0|AdaptableLog|[TaiwuRemoveAILimitation]: CreateAction succeeded: charId=328, actionId=14, goalId=238, state=1
2026-07-02 04:45:36.4359|INFO|Worker1|AdaptableLog|[TaiwuRemoveAILimitation]: CreateAction succeeded: charId=5207, actionId=19, goalId=238, state=1
2026-07-02 04:45:36.4359|INFO|Worker16|AdaptableLog|[TaiwuRemoveAILimitation]: CreateAction failed: charId=11718, actionId=20, goalId=273, state=1
2026-07-02 04:45:36.4359|INFO|Worker16|AdaptableLog|[TaiwuRemoveAILimitation]: CreateAction failed: charId=11718, actionId=14, goalId=238, state=1
2026-07-02 04:45:36.4359|INFO|Worker20|AdaptableLog|[TaiwuRemoveAILimitation]: CreateAction succeeded: charId=4969, actionId=22, goalId=241, state=1
2026-07-02 04:45:36.4359|INFO|Worker20|AdaptableLog|[TaiwuRemoveAILimitation]: CreateAction failed: charId=8402, actionId=23, goalId=273, state=1
2026-07-02 04:45:36.4359|INFO|Worker9|AdaptableLog|[TaiwuRemoveAILimitation]: CreateAction succeeded: charId=5919, actionId=17, goalId=273, state=1
2026-07-02 04:45:36.4359|INFO|Worker16|AdaptableLog|[TaiwuRemoveAILimitation]: CreateAction failed: charId=12216, actionId=16, goalId=273, state=1
2026-07-02 04:45:36.4359|INFO|Worker19|AdaptableLog|[TaiwuRemoveAILimitation]: CreateAction succeeded: charId=1014, actionId=17, goalId=273, state=1
2026-07-02 04:45:36.4499|INFO|Worker31|AdaptableLog|[TaiwuRemoveAILimitation]: CreateAction succeeded: charId=3643, actionId=14, goalId=273, state=1
2026-07-02 04:45:36.4499|INFO|Worker3|AdaptableLog|[TaiwuRemoveAILimitation]: CreateAction failed: charId=5264, actionId=17, goalId=194, state=1
2026-07-02 04:45:36.4499|INFO|Worker20|AdaptableLog|[TaiwuRemoveAILimitation]: CreateAction succeeded: charId=5046, actionId=59, goalId=235, state=1
2026-07-02 04:45:36.4499|INFO|Worker16|AdaptableLog|[TaiwuRemoveAILimitation]: CreateAction failed: charId=13621, actionId=17, goalId=273, state=1
2026-07-02 04:45:36.4499|INFO|Worker3|AdaptableLog|[TaiwuRemoveAILimitation]: CreateAction succeeded: charId=5264, actionId=15, goalId=192, state=1
2026-07-02 04:45:36.4499|INFO|Worker10|AdaptableLog|[TaiwuRemoveAILimitation]: CreateAction succeeded: charId=8381, actionId=22, goalId=273, state=1
2026-07-02 04:45:36.4499|INFO|Worker26|AdaptableLog|[TaiwuRemoveAILimitation]: CreateAction succeeded: charId=4619, actionId=15, goalId=15, state=1
2026-07-02 04:45:36.4499|INFO|Worker16|AdaptableLog|[TaiwuRemoveAILimitation]: CreateAction failed: charId=13516, actionId=23, goalId=238, state=1
2026-07-02 04:45:36.4499|INFO|Worker16|AdaptableLog|[TaiwuRemoveAILimitation]: CreateAction failed: charId=13200, actionId=14, goalId=273, state=1
2026-07-02 04:45:36.4499|INFO|Worker19|AdaptableLog|[TaiwuRemoveAILimitation]: CreateAction succeeded: charId=954, actionId=15, goalId=238, state=1
2026-07-02 04:45:36.4499|INFO|Worker26|AdaptableLog|[TaiwuRemoveAILimitation]: CreateAction succeeded: charId=4589, actionId=21, goalId=238, state=1
2026-07-02 04:45:36.4499|INFO|Worker20|AdaptableLog|[TaiwuRemoveAILimitation]: CreateAction succeeded: charId=4973, actionId=23, goalId=241, state=1
2026-07-02 04:45:36.4499|INFO|Worker9|AdaptableLog|[TaiwuRemoveAILimitation]: CreateAction succeeded: charId=7835, actionId=23, goalId=273, state=1
2026-07-02 04:45:36.4499|INFO|Worker24|AdaptableLog|[TaiwuRemoveAILimitation]: CreateAction failed: charId=920, actionId=19, goalId=273, state=1
2026-07-02 04:45:36.4499|INFO|Worker20|AdaptableLog|[TaiwuRemoveAILimitation]: CreateAction failed: charId=7667, actionId=20, goalId=241, state=1
2026-07-02 04:45:36.4499|INFO|Worker24|AdaptableLog|[TaiwuRemoveAILimitation]: CreateAction failed: charId=925, actionId=20, goalId=238, state=1
2026-07-02 04:45:36.4499|INFO|Worker24|AdaptableLog|[TaiwuRemoveAILimitation]: CreateAction succeeded: charId=925, actionId=20, goalId=238, state=1
2026-07-02 04:45:36.4499|INFO|Worker14|AdaptableLog|[TaiwuRemoveAILimitation]: CreateAction failed: charId=2220, actionId=14, goalId=8, state=1
2026-07-02 04:45:36.4499|INFO|Worker9|AdaptableLog|[TaiwuRemoveAILimitation]: CreateAction succeeded: charId=8590, actionId=22, goalId=238, state=1
2026-07-02 04:45:36.4499|INFO|Worker1|AdaptableLog|[TaiwuRemoveAILimitation]: CreateAction succeeded: charId=5303, actionId=23, goalId=273, state=1
2026-07-02 04:45:36.4499|INFO|Worker10|AdaptableLog|[TaiwuRemoveAILimitation]: CreateAction succeeded: charId=7747, actionId=18, goalId=238, state=1
2026-07-02 04:45:36.4499|INFO|Worker14|AdaptableLog|[TaiwuRemoveAILimitation]: CreateAction failed: charId=2220, actionId=18, goalId=194, state=1
2026-07-02 04:45:36.4499|INFO|Worker14|AdaptableLog|[TaiwuRemoveAILimitation]: CreateAction succeeded: charId=2220, actionId=14, goalId=245, state=1
2026-07-02 04:45:36.4499|INFO|Worker16|AdaptableLog|[TaiwuRemoveAILimitation]: CreateAction failed: charId=12997, actionId=15, goalId=273, state=1
2026-07-02 04:45:36.4499|INFO|Worker14|AdaptableLog|[TaiwuRemoveAILimitation]: CreateAction failed: charId=8325, actionId=18, goalId=238, state=1
2026-07-02 04:45:36.4499|INFO|Worker14|AdaptableLog|[TaiwuRemoveAILimitation]: CreateAction failed: charId=8325, actionId=18, goalId=238, state=1
2026-07-02 04:45:36.4499|INFO|Worker3|AdaptableLog|[TaiwuRemoveAILimitation]: CreateAction succeeded: charId=3486, actionId=23, goalId=273, state=1
2026-07-02 04:45:36.4499|INFO|Worker9|AdaptableLog|[TaiwuRemoveAILimitation]: CreateAction succeeded: charId=6989, actionId=14, goalId=18, state=1
2026-07-02 04:45:36.4662|INFO|Worker16|AdaptableLog|[TaiwuRemoveAILimitation]: CreateAction failed: charId=12997, actionId=15, goalId=241, state=1
2026-07-02 04:45:36.4662|INFO|Worker16|AdaptableLog|[TaiwuRemoveAILimitation]: CreateAction failed: charId=12787, actionId=18, goalId=273, state=1
2026-07-02 04:45:36.4662|INFO|Worker19|AdaptableLog|[TaiwuRemoveAILimitation]: CreateAction succeeded: charId=940, actionId=20, goalId=241, state=1
2026-07-02 04:45:36.4662|INFO|Worker16|AdaptableLog|[TaiwuRemoveAILimitation]: CreateAction failed: charId=10069, actionId=14, goalId=273, state=1
2026-07-02 04:45:36.4662|INFO|Worker9|AdaptableLog|[TaiwuRemoveAILimitation]: CreateAction succeeded: charId=5747, actionId=15, goalId=238, state=1
2026-07-02 04:45:36.4662|INFO|Worker16|AdaptableLog|[TaiwuRemoveAILimitation]: CreateAction failed: charId=13842, actionId=16, goalId=187, state=1
2026-07-02 04:45:36.4662|INFO|Worker14|AdaptableLog|[TaiwuRemoveAILimitation]: CreateAction succeeded: charId=10356, actionId=19, goalId=273, state=1
2026-07-02 04:45:36.4662|INFO|Worker3|AdaptableLog|[TaiwuRemoveAILimitation]: CreateAction failed: charId=9808, actionId=21, goalId=238, state=1
2026-07-02 04:45:36.4662|INFO|Worker16|AdaptableLog|[TaiwuRemoveAILimitation]: CreateAction succeeded: charId=7933, actionId=18, goalId=273, state=1
2026-07-02 04:45:36.4662|INFO|Worker20|AdaptableLog|[TaiwuRemoveAILimitation]: CreateAction succeeded: charId=7664, actionId=19, goalId=238, state=1
2026-07-02 04:45:36.4662|INFO|Worker16|AdaptableLog|[TaiwuRemoveAILimitation]: CreateAction failed: charId=13166, actionId=17, goalId=273, state=1
2026-07-02 04:45:36.4662|INFO|Worker14|AdaptableLog|[TaiwuRemoveAILimitation]: CreateAction succeeded: charId=2286, actionId=14, goalId=8, state=1
2026-07-02 04:45:36.4662|INFO|Worker14|AdaptableLog|[TaiwuRemoveAILimitation]: CreateAction failed: charId=8995, actionId=18, goalId=273, state=1
2026-07-02 04:45:36.4662|INFO|Worker16|AdaptableLog|[TaiwuRemoveAILimitation]: CreateAction succeeded: charId=6977, actionId=16, goalId=238, state=1
2026-07-02 04:45:36.4662|INFO|Worker29|AdaptableLog|[TaiwuRemoveAILimitation]: CreateAction failed: charId=5517, actionId=17, goalId=194, state=1
2026-07-02 04:45:36.4662|INFO|Worker16|AdaptableLog|[TaiwuRemoveAILimitation]: CreateAction failed: charId=13369, actionId=16, goalId=273, state=1
2026-07-02 04:45:36.4662|INFO|Worker19|AdaptableLog|[TaiwuRemoveAILimitation]: CreateAction failed: charId=1063, actionId=23, goalId=238, state=1
2026-07-02 04:45:36.4662|INFO|Worker29|AdaptableLog|[TaiwuRemoveAILimitation]: CreateAction succeeded: charId=5517, actionId=17, goalId=193, state=1
2026-07-02 04:45:36.4662|INFO|Worker20|AdaptableLog|[TaiwuRemoveAILimitation]: CreateAction succeeded: charId=4958, actionId=23, goalId=241, state=1
2026-07-02 04:45:36.4662|INFO|Worker20|AdaptableLog|[TaiwuRemoveAILimitation]: CreateAction succeeded: charId=10446, actionId=20, goalId=241, state=1
2026-07-02 04:45:36.4829|INFO|Worker16|AdaptableLog|[TaiwuRemoveAILimitation]: CreateAction failed: charId=11719, actionId=18, goalId=273, state=1
2026-07-02 04:45:36.4829|INFO|Worker9|AdaptableLog|[TaiwuRemoveAILimitation]: CreateAction succeeded: charId=7375, actionId=15, goalId=273, state=1
2026-07-02 04:45:36.4829|INFO|Worker9|AdaptableLog|[TaiwuRemoveAILimitation]: CreateAction succeeded: charId=5738, actionId=20, goalId=241, state=1
2026-07-02 04:45:36.4829|INFO|Worker9|AdaptableLog|[TaiwuRemoveAILimitation]: CreateAction succeeded: charId=9739, actionId=15, goalId=273, state=1
2026-07-02 04:45:36.4829|INFO|Worker16|AdaptableLog|[TaiwuRemoveAILimitation]: CreateAction failed: charId=12419, actionId=16, goalId=273, state=1
2026-07-02 04:45:36.4829|INFO|Worker14|AdaptableLog|[TaiwuRemoveAILimitation]: CreateAction succeeded: charId=2265, actionId=15, goalId=8, state=1
2026-07-02 04:45:36.4829|INFO|Worker9|AdaptableLog|[TaiwuRemoveAILimitation]: CreateAction succeeded: charId=6990, actionId=15, goalId=241, state=1
2026-07-02 04:45:36.4829|INFO|Worker26|AdaptableLog|[TaiwuRemoveAILimitation]: CreateAction failed: charId=4625, actionId=15, goalId=273, state=1
2026-07-02 04:45:36.4978|INFO|Worker16|AdaptableLog|[TaiwuRemoveAILimitation]: CreateAction failed: charId=11585, actionId=19, goalId=241, state=1
2026-07-02 04:45:36.4978|INFO|Worker26|AdaptableLog|[TaiwuRemoveAILimitation]: CreateAction succeeded: charId=4595, actionId=22, goalId=15, state=1
2026-07-02 04:45:36.4978|INFO|Worker16|AdaptableLog|[TaiwuRemoveAILimitation]: CreateAction failed: charId=12543, actionId=17, goalId=241, state=1
2026-07-02 04:45:36.4978|INFO|Worker9|AdaptableLog|[TaiwuRemoveAILimitation]: CreateAction succeeded: charId=5744, actionId=19, goalId=238, state=1
2026-07-02 04:45:36.4978|INFO|Worker26|AdaptableLog|[TaiwuRemoveAILimitation]: CreateAction succeeded: charId=8092, actionId=19, goalId=15, state=1
2026-07-02 04:45:36.4978|INFO|Worker9|AdaptableLog|[TaiwuRemoveAILimitation]: CreateAction failed: charId=10383, actionId=23, goalId=238, state=1
2026-07-02 04:45:36.4978|INFO|Worker9|AdaptableLog|[TaiwuRemoveAILimitation]: CreateAction succeeded: charId=10383, actionId=23, goalId=241, state=1
2026-07-02 04:45:36.4978|INFO|Worker16|AdaptableLog|[TaiwuRemoveAILimitation]: CreateAction failed: charId=13197, actionId=14, goalId=273, state=1
2026-07-02 04:45:36.4978|INFO|Worker9|AdaptableLog|[TaiwuRemoveAILimitation]: CreateAction succeeded: charId=9363, actionId=20, goalId=238, state=1
2026-07-02 04:45:36.4978|INFO|Worker9|AdaptableLog|[TaiwuRemoveAILimitation]: CreateAction failed: charId=10204, actionId=20, goalId=238, state=1
2026-07-02 04:45:36.4978|INFO|Worker9|AdaptableLog|[TaiwuRemoveAILimitation]: CreateAction succeeded: charId=10204, actionId=19, goalId=238, state=1
2026-07-02 04:45:36.4978|INFO|Worker9|AdaptableLog|[TaiwuRemoveAILimitation]: CreateAction succeeded: charId=5732, actionId=14, goalId=18, state=1
2026-07-02 04:45:36.5126|INFO|Worker14|AdaptableLog|[TaiwuRemoveAILimitation]: CreateAction succeeded: charId=2212, actionId=15, goalId=8, state=1
2026-07-02 04:45:36.5126|INFO|Worker9|AdaptableLog|[TaiwuRemoveAILimitation]: CreateAction succeeded: charId=5791, actionId=22, goalId=238, state=1
2026-07-02 04:45:36.5126|INFO|Worker9|AdaptableLog|[TaiwuRemoveAILimitation]: CreateAction succeeded: charId=8720, actionId=19, goalId=238, state=1
2026-07-02 04:45:36.5126|INFO|Worker9|AdaptableLog|[TaiwuRemoveAILimitation]: CreateAction succeeded: charId=7497, actionId=19, goalId=238, state=1
2026-07-02 04:45:36.5126|INFO|Worker9|AdaptableLog|[TaiwuRemoveAILimitation]: CreateAction failed: charId=8308, actionId=22, goalId=241, state=1
2026-07-02 04:45:36.5126|INFO|Worker9|AdaptableLog|[TaiwuRemoveAILimitation]: CreateAction succeeded: charId=8308, actionId=20, goalId=241, state=1
2026-07-02 04:45:36.5126|INFO|Worker9|AdaptableLog|[TaiwuRemoveAILimitation]: CreateAction failed: charId=8010, actionId=20, goalId=238, state=1
2026-07-02 04:45:36.5126|INFO|Worker9|AdaptableLog|[TaiwuRemoveAILimitation]: CreateAction succeeded: charId=8010, actionId=21, goalId=238, state=1
2026-07-02 04:45:36.5126|INFO|Worker16|AdaptableLog|[TaiwuRemoveAILimitation]: CreateAction failed: charId=13117, actionId=15, goalId=241, state=1
2026-07-02 04:45:36.5126|INFO|Worker9|AdaptableLog|[TaiwuRemoveAILimitation]: CreateAction succeeded: charId=5760, actionId=21, goalId=241, state=1
2026-07-02 04:45:36.5126|INFO|Worker16|AdaptableLog|[TaiwuRemoveAILimitation]: CreateAction failed: charId=13164, actionId=15, goalId=241, state=1
2026-07-02 04:45:36.5126|INFO|Worker16|AdaptableLog|[TaiwuRemoveAILimitation]: CreateAction failed: charId=13164, actionId=15, goalId=241, state=1
2026-07-02 04:45:36.5334|INFO|Worker9|AdaptableLog|[TaiwuRemoveAILimitation]: CreateAction succeeded: charId=8009, actionId=14, goalId=273, state=1
2026-07-02 04:45:36.5334|INFO|Worker16|AdaptableLog|[TaiwuRemoveAILimitation]: CreateAction failed: charId=9893, actionId=22, goalId=241, state=1
2026-07-02 04:45:36.5334|INFO|Worker16|AdaptableLog|[TaiwuRemoveAILimitation]: CreateAction failed: charId=10890, actionId=22, goalId=241, state=1
2026-07-02 04:45:36.5334|INFO|Worker16|AdaptableLog|[TaiwuRemoveAILimitation]: CreateAction failed: charId=10890, actionId=22, goalId=241, state=1
2026-07-02 04:45:36.5334|INFO|Worker16|AdaptableLog|[TaiwuRemoveAILimitation]: CreateAction failed: charId=13551, actionId=15, goalId=241, state=1
2026-07-02 04:45:36.5334|INFO|Worker9|AdaptableLog|[TaiwuRemoveAILimitation]: CreateAction succeeded: charId=5810, actionId=19, goalId=241, state=1
2026-07-02 04:45:36.5439|INFO|Worker16|AdaptableLog|[TaiwuRemoveAILimitation]: CreateAction failed: charId=13366, actionId=17, goalId=273, state=1
2026-07-02 04:45:36.5439|INFO|Worker16|AdaptableLog|[TaiwuRemoveAILimitation]: CreateAction failed: charId=12053, actionId=22, goalId=273, state=1
2026-07-02 04:45:36.5439|INFO|Worker9|AdaptableLog|[TaiwuRemoveAILimitation]: CreateAction failed: charId=5203, actionId=21, goalId=238, state=1
2026-07-02 04:45:36.5439|INFO|Worker16|AdaptableLog|[TaiwuRemoveAILimitation]: CreateAction failed: charId=14014, actionId=16, goalId=273, state=1
2026-07-02 04:45:36.5439|INFO|Worker16|AdaptableLog|[TaiwuRemoveAILimitation]: CreateAction failed: charId=14014, actionId=14, goalId=241, state=1
2026-07-02 04:45:36.5439|INFO|Worker16|AdaptableLog|[TaiwuRemoveAILimitation]: CreateAction failed: charId=14014, actionId=17, goalId=238, state=1
2026-07-02 04:45:36.5439|INFO|Worker16|AdaptableLog|[TaiwuRemoveAILimitation]: CreateAction failed: charId=14014, actionId=16, goalId=190, state=1
2026-07-02 04:45:36.5439|INFO|Worker16|AdaptableLog|[TaiwuRemoveAILimitation]: CreateAction failed: charId=14014, actionId=15, goalId=193, state=1
2026-07-02 04:45:36.5439|INFO|Worker16|AdaptableLog|[TaiwuRemoveAILimitation]: CreateAction failed: charId=14454, actionId=16, goalId=238, state=1
2026-07-02 04:45:36.5610|INFO|Worker16|AdaptableLog|[TaiwuRemoveAILimitation]: CreateAction succeeded: charId=13319, actionId=22, goalId=241, state=1
2026-07-02 04:45:36.5610|INFO|Worker16|AdaptableLog|[TaiwuRemoveAILimitation]: CreateAction failed: charId=13196, actionId=14, goalId=273, state=1
2026-07-02 04:45:36.5610|INFO|Worker16|AdaptableLog|[TaiwuRemoveAILimitation]: CreateAction failed: charId=10889, actionId=18, goalId=238, state=1
2026-07-02 04:45:36.5751|INFO|Worker16|AdaptableLog|[TaiwuRemoveAILimitation]: CreateAction failed: charId=13400, actionId=15, goalId=273, state=1
2026-07-02 04:45:36.5751|INFO|Worker16|AdaptableLog|[TaiwuRemoveAILimitation]: CreateAction failed: charId=13400, actionId=15, goalId=241, state=1
2026-07-02 04:45:36.5751|INFO|Worker16|AdaptableLog|[TaiwuRemoveAILimitation]: CreateAction failed: charId=13843, actionId=15, goalId=273, state=1
2026-07-02 04:45:36.5751|INFO|Worker16|AdaptableLog|[TaiwuRemoveAILimitation]: CreateAction failed: charId=9896, actionId=16, goalId=241, state=1
2026-07-02 04:45:36.5751|INFO|Worker16|AdaptableLog|[TaiwuRemoveAILimitation]: CreateAction failed: charId=9896, actionId=16, goalId=241, state=1
2026-07-02 04:45:36.5751|INFO|Worker16|AdaptableLog|[TaiwuRemoveAILimitation]: CreateAction failed: charId=12248, actionId=18, goalId=273, state=1
2026-07-02 04:45:36.5751|INFO|Worker16|AdaptableLog|[TaiwuRemoveAILimitation]: CreateAction failed: charId=13403, actionId=15, goalId=273, state=1
2026-07-02 04:45:36.5913|INFO|Worker16|AdaptableLog|[TaiwuRemoveAILimitation]: CreateAction failed: charId=15301, actionId=14, goalId=273, state=1
2026-07-02 04:45:36.5913|INFO|Worker16|AdaptableLog|[TaiwuRemoveAILimitation]: CreateAction succeeded: charId=14282, actionId=16, goalId=273, state=1
2026-07-02 04:45:36.5913|INFO|Worker16|AdaptableLog|[TaiwuRemoveAILimitation]: CreateAction failed: charId=13734, actionId=18, goalId=241, state=1
2026-07-02 04:45:36.5913|INFO|Worker16|AdaptableLog|[TaiwuRemoveAILimitation]: CreateAction succeeded: charId=13307, actionId=18, goalId=273, state=1
2026-07-02 04:45:36.5913|INFO|Worker16|AdaptableLog|[TaiwuRemoveAILimitation]: CreateAction succeeded: charId=14281, actionId=17, goalId=273, state=1
2026-07-02 04:45:36.5913|INFO|Worker16|AdaptableLog|[TaiwuRemoveAILimitation]: CreateAction failed: charId=12790, actionId=17, goalId=273, state=1
2026-07-02 04:45:36.6075|INFO|Worker16|AdaptableLog|[TaiwuRemoveAILimitation]: CreateAction failed: charId=14268, actionId=17, goalId=273, state=1
2026-07-02 04:45:36.6075|INFO|Worker16|AdaptableLog|[TaiwuRemoveAILimitation]: CreateAction failed: charId=14268, actionId=22, goalId=241, state=1
2026-07-02 04:45:36.6075|INFO|Worker16|AdaptableLog|[TaiwuRemoveAILimitation]: CreateAction failed: charId=14268, actionId=21, goalId=241, state=1
2026-07-02 04:45:36.6075|INFO|Worker16|AdaptableLog|[TaiwuRemoveAILimitation]: CreateAction succeeded: charId=2061, actionId=20, goalId=196, state=1
2026-07-02 04:45:36.6075|INFO|Worker16|AdaptableLog|[TaiwuRemoveAILimitation]: CreateAction failed: charId=12788, actionId=16, goalId=273, state=1
2026-07-02 04:45:36.6075|INFO|Worker16|AdaptableLog|[TaiwuRemoveAILimitation]: CreateAction failed: charId=12788, actionId=16, goalId=193, state=1
2026-07-02 04:45:36.6075|INFO|Worker16|AdaptableLog|[TaiwuRemoveAILimitation]: CreateAction failed: charId=11717, actionId=21, goalId=238, state=1
2026-07-02 04:45:36.6075|INFO|Worker16|AdaptableLog|[TaiwuRemoveAILimitation]: CreateAction failed: charId=10070, actionId=19, goalId=273, state=1
2026-07-02 04:45:36.6242|INFO|Worker16|AdaptableLog|[TaiwuRemoveAILimitation]: CreateAction failed: charId=13515, actionId=14, goalId=273, state=1
2026-07-02 04:45:36.6242|INFO|Worker16|AdaptableLog|[TaiwuRemoveAILimitation]: CreateAction failed: charId=15065, actionId=23, goalId=273, state=1
2026-07-02 04:45:36.6420|INFO|Worker16|AdaptableLog|[TaiwuRemoveAILimitation]: CreateAction failed: charId=14013, actionId=23, goalId=241, state=1
2026-07-02 04:45:36.6420|INFO|Worker16|AdaptableLog|[TaiwuRemoveAILimitation]: CreateAction failed: charId=12546, actionId=19, goalId=241, state=1
2026-07-02 04:45:36.6420|INFO|Worker16|AdaptableLog|[TaiwuRemoveAILimitation]: CreateAction failed: charId=12546, actionId=19, goalId=241, state=1
2026-07-02 04:45:36.6420|INFO|Worker16|AdaptableLog|[TaiwuRemoveAILimitation]: CreateAction failed: charId=8805, actionId=18, goalId=273, state=1
2026-07-02 04:45:36.6537|INFO|Worker16|AdaptableLog|[TaiwuRemoveAILimitation]: CreateAction failed: charId=3186, actionId=17, goalId=273, state=1
2026-07-02 04:45:36.6537|INFO|Worker16|AdaptableLog|[TaiwuRemoveAILimitation]: CreateAction failed: charId=2833, actionId=21, goalId=194, state=1
2026-07-02 04:45:36.6537|INFO|Worker16|AdaptableLog|[TaiwuRemoveAILimitation]: CreateAction succeeded: charId=2833, actionId=20, goalId=190, state=1
2026-07-02 04:45:36.6537|INFO|Worker16|AdaptableLog|[TaiwuRemoveAILimitation]: CreateAction succeeded: charId=3180, actionId=19, goalId=273, state=1
2026-07-02 04:45:36.6537|INFO|Worker16|AdaptableLog|[TaiwuRemoveAILimitation]: CreateAction succeeded: charId=2183, actionId=14, goalId=273, state=1
2026-07-02 04:45:36.6732|INFO|Main|AdaptableLog|[TaiwuRemoveAILimitation]: ExecuteAction finished: char=村庄文人-狄安标(2339)(id=2339), action=锻造金铁道具(A14), target=<none>, no-next-action
2026-07-02 04:45:36.6732|INFO|Main|AdaptableLog|[TaiwuRemoveAILimitation]: ExecuteAction finished: char=杭州手艺人-解蓉苑(5308)(id=5308), action=锻造玉石道具(A16), target=<none>, no-next-action
2026-07-02 04:45:36.6867|INFO|Main|AdaptableLog|[TaiwuRemoveAILimitation]: ExecuteAction finished: char=京城商人-党雄(41)(id=41), action=锻造金铁道具(A14), target=<none>, no-next-action
2026-07-02 04:45:36.7017|INFO|Main|AdaptableLog|[TaiwuRemoveAILimitation]: ExecuteAction finished: char=太原文人-孙智锐(33)(id=33), action=制作疗伤药(A20), target=<none>, no-next-action
2026-07-02 04:45:36.7017|INFO|Main|AdaptableLog|[TaiwuRemoveAILimitation]: ExecuteAction finished: char=村庄商人-蒙夕星(4492)(id=4492), action=锻造织物道具(A17), target=<none>, no-next-action
2026-07-02 04:45:36.7183|INFO|Main|AdaptableLog|[TaiwuRemoveAILimitation]: ExecuteAction finished: char=广州手艺人-阮复志(2073)(id=2073), action=锻造木材道具(A15), target=<none>, no-next-action
2026-07-02 04:45:36.7183|INFO|Main|AdaptableLog|[TaiwuRemoveAILimitation]: ExecuteAction finished: char=市镇商人-萧富德(4391)(id=4391), action=锻造玉石道具(A16), target=<none>, next=售出道具(A35)
2026-07-02 04:45:36.7656|INFO|Main|AdaptableLog|[TaiwuRemoveAILimitation]: ExecuteAction finished: char=市镇大夫-印湘萍(2335)(id=2335), action=制造解毒药(A21), target=<none>, no-next-action
2026-07-02 04:45:36.7893|INFO|Main|AdaptableLog|[TaiwuRemoveAILimitation]: ExecuteAction finished: char=太吾村大夫-佘文(10357)(id=10357), action=锻造织物道具(A17), target=<none>, no-next-action
2026-07-02 04:45:36.8365|INFO|Main|AdaptableLog|[TaiwuRemoveAILimitation]: ExecuteAction finished: char=山寨大夫-荣宇清(3095)(id=3095), action=制作疗伤药(A20), target=<none>, no-next-action
2026-07-02 04:45:36.8438|INFO|Main|AdaptableLog|[TaiwuRemoveAILimitation]: ExecuteAction finished: char=百花谷朱匣弟子-卢辨芬(11120)(id=11120), action=制作调息药(A22), target=<none>, no-next-action
2026-07-02 04:45:36.8438|INFO|Main|AdaptableLog|[TaiwuRemoveAILimitation]: ExecuteAction finished: char=山寨豪富-高懿亨(3100)(id=3100), action=锻造金铁道具(A14), target=<none>, no-next-action
2026-07-02 04:45:36.8438|INFO|Main|AdaptableLog|[TaiwuRemoveAILimitation]: ExecuteAction finished: char=百花谷金匣弟子-蒋蕾(956)(id=956), action=锻造织物道具(A17), target=<none>, next=发起挑战(A84)
2026-07-02 04:45:36.8438|INFO|Main|AdaptableLog|[TaiwuRemoveAILimitation]: ExecuteAction finished: char=百花谷朱匣弟子-冉葵星(990)(id=990), action=锻造织物道具(A17), target=<none>, no-next-action
2026-07-02 04:45:36.8438|INFO|Main|AdaptableLog|[TaiwuRemoveAILimitation]: ExecuteAction finished: char=百花谷金匣弟子-姚妃瑛(7698)(id=7698), action=制作调息药(A22), target=<none>, no-next-action
2026-07-02 04:45:36.8438|INFO|Main|AdaptableLog|[TaiwuRemoveAILimitation]: ExecuteAction finished: char=百花谷鹿裳使-第五桂(954)(id=954), action=锻造木材道具(A15), target=<none>, no-next-action
2026-07-02 04:45:36.8643|INFO|Main|AdaptableLog|[TaiwuRemoveAILimitation]: ExecuteAction finished: char=界青门外门众-梅宇(5046)(id=5046), action=研读旧书(A59), target=<none>, no-next-action
2026-07-02 04:45:36.8915|INFO|Main|AdaptableLog|[TaiwuRemoveAILimitation]: ExecuteAction finished: char=市镇商人-常蓉(2340)(id=2340), action=锻造玉石道具(A16), target=<none>, no-next-action
2026-07-02 04:45:36.8915|INFO|Main|AdaptableLog|[TaiwuRemoveAILimitation]: ExecuteAction finished: char=寿春大夫-步娟琼(4831)(id=4831), action=制造健康药(A19), target=<none>, no-next-action
2026-07-02 04:45:36.9039|INFO|Main|AdaptableLog|[TaiwuRemoveAILimitation]: ExecuteAction finished: char=市镇手艺人-喻心随(4496)(id=4496), action=锻造金铁道具(A14), target=<none>, next=售出道具(A35)
2026-07-02 04:45:36.9257|INFO|Main|AdaptableLog|[TaiwuRemoveAILimitation]: ExecuteAction finished: char=伏龙坛龙头长老-查抒(7838)(id=7838), action=锻造金铁道具(A14), target=<none>, next=赠予公库道具(A58)
2026-07-02 04:45:36.9423|INFO|Main|AdaptableLog|[TaiwuRemoveAILimitation]: ExecuteAction finished: char=福州手艺人-鱼福元(3237)(id=3237), action=锻造玉石道具(A16), target=<none>, no-next-action
2026-07-02 04:45:36.9423|INFO|Main|AdaptableLog|[TaiwuRemoveAILimitation]: ExecuteAction finished: char=空桑派朱砭院弟子-曾云涛(3846)(id=3846), action=制作疗伤药(A20), target=<none>, no-next-action
2026-07-02 04:45:36.9509|INFO|Main|AdaptableLog|[TaiwuRemoveAILimitation]: ExecuteAction finished: char=辽阳大夫-韦怜花(3636)(id=3636), action=制造解毒药(A21), target=<none>, no-next-action
2026-07-02 04:45:36.9509|INFO|Worker0|AdaptableLog|[TaiwuRemoveAILimitation]: CreateAction succeeded: charId=1420, actionId=15, goalId=5, state=2
2026-07-02 04:45:36.9509|INFO|Worker6|AdaptableLog|[TaiwuRemoveAILimitation]: CreateAction succeeded: charId=1926, actionId=16, goalId=192, state=2
2026-07-02 04:45:36.9509|INFO|Worker8|AdaptableLog|[TaiwuRemoveAILimitation]: CreateAction failed: charId=12879, actionId=15, goalId=273, state=2
2026-07-02 04:45:36.9509|INFO|Worker5|AdaptableLog|[TaiwuRemoveAILimitation]: CreateAction succeeded: charId=3424, actionId=15, goalId=238, state=2
2026-07-02 04:45:36.9509|INFO|Worker13|AdaptableLog|[TaiwuRemoveAILimitation]: CreateAction failed: charId=3354, actionId=14, goalId=196, state=2
2026-07-02 04:45:36.9509|INFO|Worker2|AdaptableLog|[TaiwuRemoveAILimitation]: CreateAction succeeded: charId=2335, actionId=20, goalId=194, state=2
2026-07-02 04:45:36.9509|INFO|Worker29|AdaptableLog|[TaiwuRemoveAILimitation]: CreateAction succeeded: charId=1217, actionId=23, goalId=238, state=2
2026-07-02 04:45:36.9509|INFO|Worker22|AdaptableLog|[TaiwuRemoveAILimitation]: CreateAction succeeded: charId=1122, actionId=15, goalId=196, state=2
2026-07-02 04:45:36.9509|INFO|Worker4|AdaptableLog|[TaiwuRemoveAILimitation]: CreateAction succeeded: charId=3800, actionId=21, goalId=241, state=2
2026-07-02 04:45:36.9509|INFO|Worker7|AdaptableLog|[TaiwuRemoveAILimitation]: CreateAction succeeded: charId=2339, actionId=16, goalId=195, state=2
2026-07-02 04:45:36.9509|INFO|Worker21|AdaptableLog|[TaiwuRemoveAILimitation]: CreateAction succeeded: charId=5648, actionId=23, goalId=238, state=2
2026-07-02 04:45:36.9509|INFO|Worker20|AdaptableLog|[TaiwuRemoveAILimitation]: CreateAction succeeded: charId=213, actionId=21, goalId=238, state=2
2026-07-02 04:45:36.9509|INFO|Worker13|AdaptableLog|[TaiwuRemoveAILimitation]: CreateAction failed: charId=3354, actionId=14, goalId=191, state=2
2026-07-02 04:45:36.9509|INFO|Worker12|AdaptableLog|[TaiwuRemoveAILimitation]: CreateAction failed: charId=8865, actionId=16, goalId=197, state=2
2026-07-02 04:45:36.9509|INFO|Worker13|AdaptableLog|[TaiwuRemoveAILimitation]: CreateAction failed: charId=3354, actionId=14, goalId=192, state=2
2026-07-02 04:45:36.9509|INFO|Worker12|AdaptableLog|[TaiwuRemoveAILimitation]: CreateAction failed: charId=2602, actionId=16, goalId=238, state=2
2026-07-02 04:45:36.9509|INFO|Worker14|AdaptableLog|[TaiwuRemoveAILimitation]: CreateAction failed: charId=8425, actionId=21, goalId=241, state=2
2026-07-02 04:45:36.9509|INFO|Worker26|AdaptableLog|[TaiwuRemoveAILimitation]: CreateAction succeeded: charId=87, actionId=23, goalId=196, state=2
2026-07-02 04:45:36.9509|INFO|Worker5|AdaptableLog|[TaiwuRemoveAILimitation]: CreateAction succeeded: charId=3421, actionId=16, goalId=238, state=2
2026-07-02 04:45:36.9509|INFO|Worker13|AdaptableLog|[TaiwuRemoveAILimitation]: CreateAction failed: charId=3237, actionId=14, goalId=191, state=2
2026-07-02 04:45:36.9509|INFO|Worker9|AdaptableLog|[TaiwuRemoveAILimitation]: CreateAction succeeded: charId=4494, actionId=15, goalId=192, state=2
2026-07-02 04:45:36.9509|INFO|Worker19|AdaptableLog|[TaiwuRemoveAILimitation]: CreateAction failed: charId=8064, actionId=18, goalId=244, state=2
2026-07-02 04:45:36.9509|INFO|Worker10|AdaptableLog|[TaiwuRemoveAILimitation]: CreateAction succeeded: charId=1170, actionId=17, goalId=196, state=2
2026-07-02 04:45:36.9509|INFO|Worker0|AdaptableLog|[TaiwuRemoveAILimitation]: CreateAction succeeded: charId=1343, actionId=15, goalId=5, state=2
2026-07-02 04:45:36.9655|INFO|Worker7|AdaptableLog|[TaiwuRemoveAILimitation]: CreateAction failed: charId=3307, actionId=17, goalId=238, state=2
2026-07-02 04:45:36.9655|INFO|Worker5|AdaptableLog|[TaiwuRemoveAILimitation]: CreateAction succeeded: charId=3423, actionId=17, goalId=238, state=2
2026-07-02 04:45:36.9655|INFO|Worker11|AdaptableLog|[TaiwuRemoveAILimitation]: CreateAction failed: charId=767, actionId=17, goalId=191, state=2
2026-07-02 04:45:36.9655|INFO|Worker5|AdaptableLog|[TaiwuRemoveAILimitation]: CreateAction succeeded: charId=3403, actionId=14, goalId=238, state=2
2026-07-02 04:45:36.9655|INFO|Worker28|AdaptableLog|[TaiwuRemoveAILimitation]: CreateAction succeeded: charId=2340, actionId=14, goalId=192, state=2
2026-07-02 04:45:36.9655|INFO|Worker1|AdaptableLog|[TaiwuRemoveAILimitation]: CreateAction succeeded: charId=1693, actionId=17, goalId=238, state=2
2026-07-02 04:45:36.9655|INFO|Worker30|AdaptableLog|[TaiwuRemoveAILimitation]: CreateAction failed: charId=3924, actionId=19, goalId=196, state=2
2026-07-02 04:45:36.9655|INFO|Worker20|AdaptableLog|[TaiwuRemoveAILimitation]: CreateAction failed: charId=216, actionId=19, goalId=238, state=2
2026-07-02 04:45:36.9655|INFO|Worker0|AdaptableLog|[TaiwuRemoveAILimitation]: CreateAction succeeded: charId=1387, actionId=15, goalId=238, state=2
2026-07-02 04:45:36.9655|INFO|Worker7|AdaptableLog|[TaiwuRemoveAILimitation]: CreateAction succeeded: charId=3307, actionId=16, goalId=238, state=2
2026-07-02 04:45:36.9655|INFO|Worker19|AdaptableLog|[TaiwuRemoveAILimitation]: CreateAction succeeded: charId=8064, actionId=59, goalId=235, state=2
2026-07-02 04:45:36.9655|INFO|Worker13|AdaptableLog|[TaiwuRemoveAILimitation]: CreateAction succeeded: charId=3237, actionId=17, goalId=192, state=2
2026-07-02 04:45:36.9655|INFO|Worker21|AdaptableLog|[TaiwuRemoveAILimitation]: CreateAction failed: charId=2512, actionId=20, goalId=238, state=2
2026-07-02 04:45:36.9655|INFO|Worker15|AdaptableLog|[TaiwuRemoveAILimitation]: CreateAction failed: charId=4965, actionId=19, goalId=238, state=2
2026-07-02 04:45:36.9655|INFO|Worker3|AdaptableLog|[TaiwuRemoveAILimitation]: CreateAction succeeded: charId=4692, actionId=14, goalId=241, state=2
2026-07-02 04:45:36.9655|INFO|Worker23|AdaptableLog|[TaiwuRemoveAILimitation]: CreateAction succeeded: charId=4742, actionId=20, goalId=238, state=2
2026-07-02 04:45:36.9655|INFO|Worker5|AdaptableLog|[TaiwuRemoveAILimitation]: CreateAction failed: charId=7317, actionId=17, goalId=238, state=2
2026-07-02 04:45:36.9655|INFO|Worker20|AdaptableLog|[TaiwuRemoveAILimitation]: CreateAction succeeded: charId=216, actionId=19, goalId=244, state=2
2026-07-02 04:45:36.9655|INFO|Worker11|AdaptableLog|[TaiwuRemoveAILimitation]: CreateAction failed: charId=767, actionId=17, goalId=196, state=2
2026-07-02 04:45:36.9655|INFO|Worker7|AdaptableLog|[TaiwuRemoveAILimitation]: CreateAction succeeded: charId=2416, actionId=21, goalId=196, state=2
2026-07-02 04:45:36.9655|INFO|Worker21|AdaptableLog|[TaiwuRemoveAILimitation]: CreateAction succeeded: charId=2512, actionId=20, goalId=238, state=2
2026-07-02 04:45:36.9655|INFO|Worker15|AdaptableLog|[TaiwuRemoveAILimitation]: CreateAction failed: charId=4965, actionId=21, goalId=238, state=2
2026-07-02 04:45:36.9655|INFO|Worker9|AdaptableLog|[TaiwuRemoveAILimitation]: CreateAction succeeded: charId=4541, actionId=15, goalId=238, state=2
2026-07-02 04:45:36.9655|INFO|Worker5|AdaptableLog|[TaiwuRemoveAILimitation]: CreateAction succeeded: charId=7317, actionId=14, goalId=238, state=2
2026-07-02 04:45:36.9655|INFO|Worker15|AdaptableLog|[TaiwuRemoveAILimitation]: CreateAction succeeded: charId=4965, actionId=22, goalId=241, state=2
2026-07-02 04:45:36.9655|INFO|Worker7|AdaptableLog|[TaiwuRemoveAILimitation]: CreateAction succeeded: charId=8595, actionId=18, goalId=238, state=2
2026-07-02 04:45:36.9655|INFO|Worker18|AdaptableLog|[TaiwuRemoveAILimitation]: CreateAction succeeded: charId=2518, actionId=17, goalId=195, state=2
2026-07-02 04:45:36.9655|INFO|Worker20|AdaptableLog|[TaiwuRemoveAILimitation]: CreateAction succeeded: charId=242, actionId=22, goalId=190, state=2
2026-07-02 04:45:36.9655|INFO|Worker5|AdaptableLog|[TaiwuRemoveAILimitation]: CreateAction failed: charId=3399, actionId=15, goalId=238, state=2
2026-07-02 04:45:36.9655|INFO|Worker5|AdaptableLog|[TaiwuRemoveAILimitation]: CreateAction failed: charId=3399, actionId=15, goalId=238, state=2
2026-07-02 04:45:36.9655|INFO|Worker17|AdaptableLog|[TaiwuRemoveAILimitation]: CreateAction failed: charId=669, actionId=17, goalId=273, state=2
2026-07-02 04:45:36.9655|INFO|Worker28|AdaptableLog|[TaiwuRemoveAILimitation]: CreateAction succeeded: charId=4832, actionId=22, goalId=193, state=2
2026-07-02 04:45:36.9655|INFO|Worker7|AdaptableLog|[TaiwuRemoveAILimitation]: CreateAction succeeded: charId=8197, actionId=14, goalId=238, state=2
2026-07-02 04:45:36.9655|INFO|Worker16|AdaptableLog|[TaiwuRemoveAILimitation]: CreateAction succeeded: charId=2939, actionId=16, goalId=193, state=2
2026-07-02 04:45:36.9655|INFO|Worker0|AdaptableLog|[TaiwuRemoveAILimitation]: CreateAction succeeded: charId=1422, actionId=15, goalId=238, state=2
2026-07-02 04:45:36.9655|INFO|Worker15|AdaptableLog|[TaiwuRemoveAILimitation]: CreateAction succeeded: charId=7855, actionId=19, goalId=241, state=2
2026-07-02 04:45:36.9655|INFO|Worker5|AdaptableLog|[TaiwuRemoveAILimitation]: CreateAction succeeded: charId=3415, actionId=15, goalId=238, state=2
2026-07-02 04:45:36.9655|INFO|Worker8|AdaptableLog|[TaiwuRemoveAILimitation]: CreateAction succeeded: charId=14519, actionId=16, goalId=238, state=2
2026-07-02 04:45:36.9814|INFO|Worker5|AdaptableLog|[TaiwuRemoveAILimitation]: CreateAction succeeded: charId=3418, actionId=20, goalId=238, state=2
2026-07-02 04:45:36.9655|INFO|Worker6|AdaptableLog|[TaiwuRemoveAILimitation]: CreateAction succeeded: charId=1752, actionId=16, goalId=194, state=2
2026-07-02 04:45:36.9655|INFO|Worker9|AdaptableLog|[TaiwuRemoveAILimitation]: CreateAction succeeded: charId=4496, actionId=15, goalId=195, state=2
2026-07-02 04:45:36.9655|INFO|Worker17|AdaptableLog|[TaiwuRemoveAILimitation]: CreateAction succeeded: charId=669, actionId=15, goalId=192, state=2
2026-07-02 04:45:36.9655|INFO|Worker11|AdaptableLog|[TaiwuRemoveAILimitation]: CreateAction failed: charId=5266, actionId=15, goalId=196, state=2
2026-07-02 04:45:36.9655|INFO|Worker14|AdaptableLog|[TaiwuRemoveAILimitation]: CreateAction succeeded: charId=465, actionId=22, goalId=238, state=2
2026-07-02 04:45:36.9655|INFO|Worker13|AdaptableLog|[TaiwuRemoveAILimitation]: CreateAction succeeded: charId=5153, actionId=20, goalId=192, state=2
2026-07-02 04:45:36.9814|INFO|Worker12|AdaptableLog|[TaiwuRemoveAILimitation]: CreateAction succeeded: charId=2608, actionId=16, goalId=273, state=2
2026-07-02 04:45:36.9814|INFO|Worker31|AdaptableLog|[TaiwuRemoveAILimitation]: CreateAction failed: charId=4341, actionId=15, goalId=238, state=2
2026-07-02 04:45:36.9814|INFO|Worker5|AdaptableLog|[TaiwuRemoveAILimitation]: CreateAction succeeded: charId=3422, actionId=21, goalId=238, state=2
2026-07-02 04:45:36.9814|INFO|Worker27|AdaptableLog|[TaiwuRemoveAILimitation]: CreateAction succeeded: charId=2970, actionId=18, goalId=238, state=2
2026-07-02 04:45:36.9814|INFO|Worker0|AdaptableLog|[TaiwuRemoveAILimitation]: CreateAction succeeded: charId=7003, actionId=15, goalId=190, state=2
2026-07-02 04:45:36.9814|INFO|Worker3|AdaptableLog|[TaiwuRemoveAILimitation]: CreateAction succeeded: charId=3491, actionId=14, goalId=196, state=2
2026-07-02 04:45:36.9814|INFO|Worker8|AdaptableLog|[TaiwuRemoveAILimitation]: CreateAction failed: charId=14679, actionId=14, goalId=273, state=2
2026-07-02 04:45:36.9814|INFO|Worker18|AdaptableLog|[TaiwuRemoveAILimitation]: CreateAction succeeded: charId=3990, actionId=17, goalId=183, state=2
2026-07-02 04:45:36.9814|INFO|Worker23|AdaptableLog|[TaiwuRemoveAILimitation]: CreateAction succeeded: charId=10353, actionId=21, goalId=273, state=2
2026-07-02 04:45:36.9814|INFO|Worker11|AdaptableLog|[TaiwuRemoveAILimitation]: CreateAction succeeded: charId=5266, actionId=15, goalId=194, state=2
2026-07-02 04:45:36.9814|INFO|Worker12|AdaptableLog|[TaiwuRemoveAILimitation]: CreateAction succeeded: charId=2595, actionId=18, goalId=238, state=2
2026-07-02 04:45:36.9814|INFO|Worker31|AdaptableLog|[TaiwuRemoveAILimitation]: CreateAction succeeded: charId=4341, actionId=14, goalId=238, state=2
2026-07-02 04:45:36.9814|INFO|Worker14|AdaptableLog|[TaiwuRemoveAILimitation]: CreateAction failed: charId=473, actionId=17, goalId=196, state=2
2026-07-02 04:45:36.9814|INFO|Worker5|AdaptableLog|[TaiwuRemoveAILimitation]: CreateAction succeeded: charId=3377, actionId=22, goalId=238, state=2
2026-07-02 04:45:36.9814|INFO|Worker27|AdaptableLog|[TaiwuRemoveAILimitation]: CreateAction succeeded: charId=7150, actionId=18, goalId=238, state=2
2026-07-02 04:45:36.9814|INFO|Worker5|AdaptableLog|[TaiwuRemoveAILimitation]: CreateAction failed: charId=3425, actionId=21, goalId=238, state=2
2026-07-02 04:45:36.9814|INFO|Worker30|AdaptableLog|[TaiwuRemoveAILimitation]: CreateAction succeeded: charId=3816, actionId=20, goalId=238, state=2
2026-07-02 04:45:36.9814|INFO|Worker8|AdaptableLog|[TaiwuRemoveAILimitation]: CreateAction failed: charId=13626, actionId=17, goalId=273, state=2
2026-07-02 04:45:36.9814|INFO|Worker7|AdaptableLog|[TaiwuRemoveAILimitation]: CreateAction succeeded: charId=5386, actionId=14, goalId=238, state=2
2026-07-02 04:45:36.9814|INFO|Worker20|AdaptableLog|[TaiwuRemoveAILimitation]: CreateAction failed: charId=225, actionId=20, goalId=238, state=2
2026-07-02 04:45:36.9814|INFO|Worker23|AdaptableLog|[TaiwuRemoveAILimitation]: CreateAction succeeded: charId=5606, actionId=21, goalId=192, state=2
2026-07-02 04:45:36.9814|INFO|Worker0|AdaptableLog|[TaiwuRemoveAILimitation]: CreateAction failed: charId=1345, actionId=15, goalId=5, state=2
2026-07-02 04:45:36.9814|INFO|Worker14|AdaptableLog|[TaiwuRemoveAILimitation]: CreateAction failed: charId=473, actionId=17, goalId=195, state=2
2026-07-02 04:45:36.9814|INFO|Worker15|AdaptableLog|[TaiwuRemoveAILimitation]: CreateAction failed: charId=4950, actionId=22, goalId=238, state=2
2026-07-02 04:45:36.9814|INFO|Worker11|AdaptableLog|[TaiwuRemoveAILimitation]: CreateAction succeeded: charId=5214, actionId=15, goalId=195, state=2
2026-07-02 04:45:36.9814|INFO|Worker1|AdaptableLog|[TaiwuRemoveAILimitation]: CreateAction succeeded: charId=1742, actionId=23, goalId=273, state=2
2026-07-02 04:45:36.9814|INFO|Worker12|AdaptableLog|[TaiwuRemoveAILimitation]: CreateAction failed: charId=2585, actionId=16, goalId=238, state=2
2026-07-02 04:45:36.9814|INFO|Worker5|AdaptableLog|[TaiwuRemoveAILimitation]: CreateAction failed: charId=3425, actionId=16, goalId=238, state=2
2026-07-02 04:45:36.9814|INFO|Worker30|AdaptableLog|[TaiwuRemoveAILimitation]: CreateAction succeeded: charId=3826, actionId=16, goalId=238, state=2
2026-07-02 04:45:36.9814|INFO|Worker28|AdaptableLog|[TaiwuRemoveAILimitation]: CreateAction succeeded: charId=4891, actionId=16, goalId=192, state=2
2026-07-02 04:45:36.9814|INFO|Worker21|AdaptableLog|[TaiwuRemoveAILimitation]: CreateAction failed: charId=2565, actionId=17, goalId=195, state=2
2026-07-02 04:45:36.9814|INFO|Worker20|AdaptableLog|[TaiwuRemoveAILimitation]: CreateAction succeeded: charId=225, actionId=22, goalId=238, state=2
2026-07-02 04:45:36.9814|INFO|Worker29|AdaptableLog|[TaiwuRemoveAILimitation]: CreateAction succeeded: charId=1276, actionId=15, goalId=238, state=2
2026-07-02 04:45:36.9814|INFO|Worker14|AdaptableLog|[TaiwuRemoveAILimitation]: CreateAction succeeded: charId=473, actionId=17, goalId=194, state=2
2026-07-02 04:45:36.9814|INFO|Worker7|AdaptableLog|[TaiwuRemoveAILimitation]: CreateAction failed: charId=9790, actionId=14, goalId=238, state=2
2026-07-02 04:45:36.9814|INFO|Worker0|AdaptableLog|[TaiwuRemoveAILimitation]: CreateAction failed: charId=1345, actionId=15, goalId=238, state=2
2026-07-02 04:45:36.9814|INFO|Worker5|AdaptableLog|[TaiwuRemoveAILimitation]: CreateAction failed: charId=3425, actionId=22, goalId=238, state=2
2026-07-02 04:45:36.9814|INFO|Worker12|AdaptableLog|[TaiwuRemoveAILimitation]: CreateAction succeeded: charId=2618, actionId=15, goalId=238, state=2
2026-07-02 04:45:36.9814|INFO|Worker25|AdaptableLog|[TaiwuRemoveAILimitation]: CreateAction succeeded: charId=2944, actionId=14, goalId=196, state=2
2026-07-02 04:45:36.9814|INFO|Worker22|AdaptableLog|[TaiwuRemoveAILimitation]: CreateAction succeeded: charId=875, actionId=20, goalId=238, state=2
2026-07-02 04:45:36.9814|INFO|Worker21|AdaptableLog|[TaiwuRemoveAILimitation]: CreateAction succeeded: charId=2565, actionId=17, goalId=194, state=2
2026-07-02 04:45:36.9814|INFO|Worker6|AdaptableLog|[TaiwuRemoveAILimitation]: CreateAction succeeded: charId=1966, actionId=21, goalId=195, state=2
2026-07-02 04:45:36.9814|INFO|Worker11|AdaptableLog|[TaiwuRemoveAILimitation]: CreateAction succeeded: charId=3576, actionId=21, goalId=238, state=2
2026-07-02 04:45:36.9814|INFO|Worker15|AdaptableLog|[TaiwuRemoveAILimitation]: CreateAction succeeded: charId=4950, actionId=21, goalId=238, state=2
2026-07-02 04:45:36.9814|INFO|Worker7|AdaptableLog|[TaiwuRemoveAILimitation]: CreateAction failed: charId=9790, actionId=14, goalId=238, state=2
2026-07-02 04:45:36.9814|INFO|Worker4|AdaptableLog|[TaiwuRemoveAILimitation]: CreateAction succeeded: charId=5953, actionId=22, goalId=190, state=2
2026-07-02 04:45:36.9814|INFO|Worker5|AdaptableLog|[TaiwuRemoveAILimitation]: CreateAction succeeded: charId=3425, actionId=19, goalId=238, state=2
2026-07-02 04:45:36.9814|INFO|Worker18|AdaptableLog|[TaiwuRemoveAILimitation]: CreateAction succeeded: charId=3751, actionId=16, goalId=195, state=2
2026-07-02 04:45:36.9814|INFO|Worker12|AdaptableLog|[TaiwuRemoveAILimitation]: CreateAction succeeded: charId=2628, actionId=18, goalId=238, state=2
2026-07-02 04:45:36.9814|INFO|Worker0|AdaptableLog|[TaiwuRemoveAILimitation]: CreateAction succeeded: charId=1423, actionId=15, goalId=5, state=2
2026-07-02 04:45:36.9814|INFO|Worker30|AdaptableLog|[TaiwuRemoveAILimitation]: CreateAction succeeded: charId=3842, actionId=17, goalId=273, state=2
2026-07-02 04:45:36.9814|INFO|Worker7|AdaptableLog|[TaiwuRemoveAILimitation]: CreateAction succeeded: charId=5327, actionId=18, goalId=238, state=2
2026-07-02 04:45:36.9814|INFO|Worker11|AdaptableLog|[TaiwuRemoveAILimitation]: CreateAction failed: charId=5308, actionId=17, goalId=238, state=2
2026-07-02 04:45:36.9814|INFO|Worker2|AdaptableLog|[TaiwuRemoveAILimitation]: CreateAction failed: charId=2322, actionId=15, goalId=238, state=2
2026-07-02 04:45:36.9814|INFO|Worker5|AdaptableLog|[TaiwuRemoveAILimitation]: CreateAction succeeded: charId=3453, actionId=23, goalId=238, state=2
2026-07-02 04:45:36.9814|INFO|Worker19|AdaptableLog|[TaiwuRemoveAILimitation]: CreateAction succeeded: charId=9233, actionId=18, goalId=238, state=2
2026-07-02 04:45:36.9814|INFO|Worker12|AdaptableLog|[TaiwuRemoveAILimitation]: CreateAction succeeded: charId=8173, actionId=15, goalId=238, state=2
2026-07-02 04:45:36.9814|INFO|Worker20|AdaptableLog|[TaiwuRemoveAILimitation]: CreateAction failed: charId=224, actionId=19, goalId=238, state=2
2026-07-02 04:45:36.9814|INFO|Worker30|AdaptableLog|[TaiwuRemoveAILimitation]: CreateAction failed: charId=3811, actionId=17, goalId=238, state=2
2026-07-02 04:45:36.9814|INFO|Worker7|AdaptableLog|[TaiwuRemoveAILimitation]: CreateAction succeeded: charId=7838, actionId=18, goalId=238, state=2
2026-07-02 04:45:36.9814|INFO|Worker11|AdaptableLog|[TaiwuRemoveAILimitation]: CreateAction failed: charId=5308, actionId=17, goalId=238, state=2
2026-07-02 04:45:36.9814|INFO|Worker5|AdaptableLog|[TaiwuRemoveAILimitation]: CreateAction failed: charId=7093, actionId=17, goalId=238, state=2
2026-07-02 04:45:36.9814|INFO|Worker2|AdaptableLog|[TaiwuRemoveAILimitation]: CreateAction succeeded: charId=2322, actionId=18, goalId=238, state=2
2026-07-02 04:45:36.9814|INFO|Worker23|AdaptableLog|[TaiwuRemoveAILimitation]: CreateAction failed: charId=5655, actionId=15, goalId=194, state=2
2026-07-02 04:45:36.9814|INFO|Worker4|AdaptableLog|[TaiwuRemoveAILimitation]: CreateAction succeeded: charId=5875, actionId=23, goalId=238, state=2
2026-07-02 04:45:36.9814|INFO|Worker0|AdaptableLog|[TaiwuRemoveAILimitation]: CreateAction succeeded: charId=1396, actionId=15, goalId=273, state=2
2026-07-02 04:45:36.9814|INFO|Worker20|AdaptableLog|[TaiwuRemoveAILimitation]: CreateAction succeeded: charId=224, actionId=19, goalId=238, state=2
2026-07-02 04:45:36.9814|INFO|Worker12|AdaptableLog|[TaiwuRemoveAILimitation]: CreateAction succeeded: charId=7483, actionId=16, goalId=238, state=2
2026-07-02 04:45:36.9970|INFO|Worker30|AdaptableLog|[TaiwuRemoveAILimitation]: CreateAction failed: charId=3811, actionId=17, goalId=238, state=2
2026-07-02 04:45:36.9970|INFO|Worker5|AdaptableLog|[TaiwuRemoveAILimitation]: CreateAction succeeded: charId=7093, actionId=16, goalId=238, state=2
2026-07-02 04:45:36.9970|INFO|Worker2|AdaptableLog|[TaiwuRemoveAILimitation]: CreateAction succeeded: charId=2247, actionId=18, goalId=273, state=2
2026-07-02 04:45:36.9970|INFO|Worker23|AdaptableLog|[TaiwuRemoveAILimitation]: CreateAction succeeded: charId=5655, actionId=15, goalId=238, state=2
2026-07-02 04:45:36.9970|INFO|Worker20|AdaptableLog|[TaiwuRemoveAILimitation]: CreateAction succeeded: charId=234, actionId=21, goalId=273, state=2
2026-07-02 04:45:36.9970|INFO|Worker12|AdaptableLog|[TaiwuRemoveAILimitation]: CreateAction succeeded: charId=2629, actionId=15, goalId=238, state=2
2026-07-02 04:45:36.9970|INFO|Worker8|AdaptableLog|[TaiwuRemoveAILimitation]: CreateAction failed: charId=11509, actionId=16, goalId=179, state=2
2026-07-02 04:45:36.9970|INFO|Worker30|AdaptableLog|[TaiwuRemoveAILimitation]: CreateAction succeeded: charId=3831, actionId=17, goalId=241, state=2
2026-07-02 04:45:36.9970|INFO|Worker20|AdaptableLog|[TaiwuRemoveAILimitation]: CreateAction succeeded: charId=215, actionId=21, goalId=238, state=2
2026-07-02 04:45:36.9970|INFO|Worker12|AdaptableLog|[TaiwuRemoveAILimitation]: CreateAction succeeded: charId=2630, actionId=15, goalId=238, state=2
2026-07-02 04:45:36.9970|INFO|Worker20|AdaptableLog|[TaiwuRemoveAILimitation]: CreateAction succeeded: charId=227, actionId=22, goalId=273, state=2
2026-07-02 04:45:36.9970|INFO|Worker30|AdaptableLog|[TaiwuRemoveAILimitation]: CreateAction succeeded: charId=3803, actionId=20, goalId=238, state=2
2026-07-02 04:45:36.9970|INFO|Worker4|AdaptableLog|[TaiwuRemoveAILimitation]: CreateAction failed: charId=5919, actionId=17, goalId=238, state=2
2026-07-02 04:45:36.9970|INFO|Worker15|AdaptableLog|[TaiwuRemoveAILimitation]: CreateAction succeeded: charId=4952, actionId=19, goalId=238, state=2
2026-07-02 04:45:36.9970|INFO|Worker30|AdaptableLog|[TaiwuRemoveAILimitation]: CreateAction succeeded: charId=3822, actionId=20, goalId=238, state=2
2026-07-02 04:45:36.9970|INFO|Worker0|AdaptableLog|[TaiwuRemoveAILimitation]: CreateAction succeeded: charId=1419, actionId=15, goalId=238, state=2
2026-07-02 04:45:36.9970|INFO|Worker5|AdaptableLog|[TaiwuRemoveAILimitation]: CreateAction succeeded: charId=7318, actionId=16, goalId=238, state=2
2026-07-02 04:45:36.9970|INFO|Worker2|AdaptableLog|[TaiwuRemoveAILimitation]: CreateAction succeeded: charId=8930, actionId=15, goalId=198, state=2
2026-07-02 04:45:36.9970|INFO|Worker15|AdaptableLog|[TaiwuRemoveAILimitation]: CreateAction failed: charId=5012, actionId=23, goalId=241, state=2
2026-07-02 04:45:36.9970|INFO|Worker5|AdaptableLog|[TaiwuRemoveAILimitation]: CreateAction failed: charId=3441, actionId=15, goalId=238, state=2
2026-07-02 04:45:36.9970|INFO|Worker11|AdaptableLog|[TaiwuRemoveAILimitation]: CreateAction succeeded: charId=5515, actionId=21, goalId=238, state=2
2026-07-02 04:45:36.9970|INFO|Worker2|AdaptableLog|[TaiwuRemoveAILimitation]: CreateAction succeeded: charId=2204, actionId=15, goalId=238, state=2
2026-07-02 04:45:36.9970|INFO|Worker30|AdaptableLog|[TaiwuRemoveAILimitation]: CreateAction failed: charId=3833, actionId=17, goalId=241, state=2
2026-07-02 04:45:36.9970|INFO|Worker18|AdaptableLog|[TaiwuRemoveAILimitation]: CreateAction failed: charId=2469, actionId=15, goalId=238, state=2
2026-07-02 04:45:36.9970|INFO|Worker5|AdaptableLog|[TaiwuRemoveAILimitation]: CreateAction succeeded: charId=3441, actionId=17, goalId=238, state=2
2026-07-02 04:45:36.9970|INFO|Worker15|AdaptableLog|[TaiwuRemoveAILimitation]: CreateAction succeeded: charId=5012, actionId=23, goalId=241, state=2
2026-07-02 04:45:36.9970|INFO|Worker12|AdaptableLog|[TaiwuRemoveAILimitation]: CreateAction succeeded: charId=2599, actionId=14, goalId=238, state=2
2026-07-02 04:45:36.9970|INFO|Worker8|AdaptableLog|[TaiwuRemoveAILimitation]: CreateAction failed: charId=13624, actionId=14, goalId=273, state=2
2026-07-02 04:45:36.9970|INFO|Worker11|AdaptableLog|[TaiwuRemoveAILimitation]: CreateAction failed: charId=5299, actionId=19, goalId=238, state=2
2026-07-02 04:45:36.9970|INFO|Worker30|AdaptableLog|[TaiwuRemoveAILimitation]: CreateAction succeeded: charId=3833, actionId=17, goalId=241, state=2
2026-07-02 04:45:36.9970|INFO|Worker18|AdaptableLog|[TaiwuRemoveAILimitation]: CreateAction failed: charId=2469, actionId=15, goalId=238, state=2
2026-07-02 04:45:36.9970|INFO|Worker7|AdaptableLog|[TaiwuRemoveAILimitation]: CreateAction succeeded: charId=5387, actionId=18, goalId=238, state=2
2026-07-02 04:45:36.9970|INFO|Worker2|AdaptableLog|[TaiwuRemoveAILimitation]: CreateAction succeeded: charId=7565, actionId=18, goalId=238, state=2
2026-07-02 04:45:36.9970|INFO|Worker20|AdaptableLog|[TaiwuRemoveAILimitation]: CreateAction succeeded: charId=219, actionId=19, goalId=238, state=2
2026-07-02 04:45:36.9970|INFO|Worker12|AdaptableLog|[TaiwuRemoveAILimitation]: CreateAction failed: charId=2601, actionId=16, goalId=238, state=2
2026-07-02 04:45:36.9970|INFO|Worker28|AdaptableLog|[TaiwuRemoveAILimitation]: CreateAction succeeded: charId=274, actionId=14, goalId=194, state=2
2026-07-02 04:45:36.9970|INFO|Worker6|AdaptableLog|[TaiwuRemoveAILimitation]: CreateAction succeeded: charId=1218, actionId=22, goalId=238, state=2
2026-07-02 04:45:36.9970|INFO|Worker7|AdaptableLog|[TaiwuRemoveAILimitation]: CreateAction succeeded: charId=5402, actionId=14, goalId=238, state=2
2026-07-02 04:45:36.9970|INFO|Worker4|AdaptableLog|[TaiwuRemoveAILimitation]: CreateAction succeeded: charId=11283, actionId=21, goalId=238, state=2
2026-07-02 04:45:36.9970|INFO|Worker15|AdaptableLog|[TaiwuRemoveAILimitation]: CreateAction succeeded: charId=4951, actionId=23, goalId=238, state=2
2026-07-02 04:45:36.9970|INFO|Worker12|AdaptableLog|[TaiwuRemoveAILimitation]: CreateAction succeeded: charId=2601, actionId=16, goalId=238, state=2
2026-07-02 04:45:36.9970|INFO|Worker30|AdaptableLog|[TaiwuRemoveAILimitation]: CreateAction failed: charId=3843, actionId=16, goalId=238, state=2
2026-07-02 04:45:36.9970|INFO|Worker24|AdaptableLog|[TaiwuRemoveAILimitation]: CreateAction failed: charId=1064, actionId=23, goalId=196, state=2
2026-07-02 04:45:36.9970|INFO|Worker28|AdaptableLog|[TaiwuRemoveAILimitation]: CreateAction failed: charId=4932, actionId=19, goalId=238, state=2
2026-07-02 04:45:36.9970|INFO|Worker7|AdaptableLog|[TaiwuRemoveAILimitation]: CreateAction succeeded: charId=13142, actionId=14, goalId=238, state=2
2026-07-02 04:45:36.9970|INFO|Worker15|AdaptableLog|[TaiwuRemoveAILimitation]: CreateAction succeeded: charId=4975, actionId=20, goalId=241, state=2
2026-07-02 04:45:36.9970|INFO|Worker30|AdaptableLog|[TaiwuRemoveAILimitation]: CreateAction failed: charId=3843, actionId=19, goalId=238, state=2
2026-07-02 04:45:36.9970|INFO|Worker0|AdaptableLog|[TaiwuRemoveAILimitation]: CreateAction succeeded: charId=1385, actionId=15, goalId=245, state=2
2026-07-02 04:45:36.9970|INFO|Worker12|AdaptableLog|[TaiwuRemoveAILimitation]: CreateAction succeeded: charId=2631, actionId=14, goalId=238, state=2
2026-07-02 04:45:36.9970|INFO|Worker28|AdaptableLog|[TaiwuRemoveAILimitation]: CreateAction failed: charId=4932, actionId=22, goalId=238, state=2
2026-07-02 04:45:36.9970|INFO|Worker30|AdaptableLog|[TaiwuRemoveAILimitation]: CreateAction succeeded: charId=3843, actionId=19, goalId=238, state=2
2026-07-02 04:45:36.9970|INFO|Worker15|AdaptableLog|[TaiwuRemoveAILimitation]: CreateAction succeeded: charId=4971, actionId=19, goalId=238, state=2
2026-07-02 04:45:36.9970|INFO|Worker3|AdaptableLog|[TaiwuRemoveAILimitation]: CreateAction succeeded: charId=4693, actionId=15, goalId=238, state=2
2026-07-02 04:45:36.9970|INFO|Worker2|AdaptableLog|[TaiwuRemoveAILimitation]: CreateAction succeeded: charId=2239, actionId=18, goalId=238, state=2
2026-07-02 04:45:36.9970|INFO|Worker15|AdaptableLog|[TaiwuRemoveAILimitation]: CreateAction failed: charId=7329, actionId=20, goalId=238, state=2
2026-07-02 04:45:36.9970|INFO|Worker7|AdaptableLog|[TaiwuRemoveAILimitation]: CreateAction succeeded: charId=5329, actionId=14, goalId=238, state=2
2026-07-02 04:45:36.9970|INFO|Worker4|AdaptableLog|[TaiwuRemoveAILimitation]: CreateAction succeeded: charId=8655, actionId=20, goalId=241, state=2
2026-07-02 04:45:36.9970|INFO|Worker5|AdaptableLog|[TaiwuRemoveAILimitation]: CreateAction succeeded: charId=3427, actionId=16, goalId=273, state=2
2026-07-02 04:45:36.9970|INFO|Worker30|AdaptableLog|[TaiwuRemoveAILimitation]: CreateAction succeeded: charId=3830, actionId=19, goalId=273, state=2
2026-07-02 04:45:36.9970|INFO|Worker8|AdaptableLog|[TaiwuRemoveAILimitation]: CreateAction failed: charId=11086, actionId=22, goalId=241, state=2
2026-07-02 04:45:36.9970|INFO|Worker7|AdaptableLog|[TaiwuRemoveAILimitation]: CreateAction succeeded: charId=5333, actionId=14, goalId=238, state=2
2026-07-02 04:45:36.9970|INFO|Worker12|AdaptableLog|[TaiwuRemoveAILimitation]: CreateAction succeeded: charId=6999, actionId=16, goalId=192, state=2
2026-07-02 04:45:36.9970|INFO|Worker8|AdaptableLog|[TaiwuRemoveAILimitation]: CreateAction failed: charId=11086, actionId=19, goalId=238, state=2
2026-07-02 04:45:37.0126|INFO|Worker7|AdaptableLog|[TaiwuRemoveAILimitation]: CreateAction succeeded: charId=5391, actionId=14, goalId=273, state=2
2026-07-02 04:45:37.0126|INFO|Worker11|AdaptableLog|[TaiwuRemoveAILimitation]: CreateAction succeeded: charId=5207, actionId=19, goalId=238, state=2
2026-07-02 04:45:37.0126|INFO|Worker23|AdaptableLog|[TaiwuRemoveAILimitation]: CreateAction succeeded: charId=5708, actionId=17, goalId=238, state=2
2026-07-02 04:45:37.0126|INFO|Worker7|AdaptableLog|[TaiwuRemoveAILimitation]: CreateAction succeeded: charId=5351, actionId=18, goalId=273, state=2
2026-07-02 04:45:37.0126|INFO|Worker23|AdaptableLog|[TaiwuRemoveAILimitation]: CreateAction succeeded: charId=2511, actionId=21, goalId=273, state=2
2026-07-02 04:45:37.0126|INFO|Worker11|AdaptableLog|[TaiwuRemoveAILimitation]: CreateAction succeeded: charId=5303, actionId=23, goalId=195, state=2
2026-07-02 04:45:37.0126|INFO|Worker19|AdaptableLog|[TaiwuRemoveAILimitation]: CreateAction succeeded: charId=588, actionId=18, goalId=238, state=2
2026-07-02 04:45:37.0126|INFO|Worker7|AdaptableLog|[TaiwuRemoveAILimitation]: CreateAction succeeded: charId=5370, actionId=18, goalId=238, state=2
2026-07-02 04:45:37.0126|INFO|Worker30|AdaptableLog|[TaiwuRemoveAILimitation]: CreateAction succeeded: charId=3815, actionId=16, goalId=238, state=2
2026-07-02 04:45:37.0126|INFO|Worker7|AdaptableLog|[TaiwuRemoveAILimitation]: CreateAction failed: charId=5328, actionId=14, goalId=238, state=2
2026-07-02 04:45:37.0126|INFO|Worker4|AdaptableLog|[TaiwuRemoveAILimitation]: CreateAction succeeded: charId=5766, actionId=14, goalId=238, state=2
2026-07-02 04:45:37.0126|INFO|Worker7|AdaptableLog|[TaiwuRemoveAILimitation]: CreateAction succeeded: charId=5328, actionId=14, goalId=238, state=2
2026-07-02 04:45:37.0126|INFO|Worker0|AdaptableLog|[TaiwuRemoveAILimitation]: CreateAction succeeded: charId=1347, actionId=15, goalId=5, state=2
2026-07-02 04:45:37.0126|INFO|Worker8|AdaptableLog|[TaiwuRemoveAILimitation]: CreateAction failed: charId=13362, actionId=23, goalId=241, state=2
2026-07-02 04:45:37.0126|INFO|Worker7|AdaptableLog|[TaiwuRemoveAILimitation]: CreateAction failed: charId=5354, actionId=14, goalId=238, state=2
2026-07-02 04:45:37.0126|INFO|Worker15|AdaptableLog|[TaiwuRemoveAILimitation]: CreateAction failed: charId=9908, actionId=23, goalId=245, state=2
2026-07-02 04:45:37.0126|INFO|Worker19|AdaptableLog|[TaiwuRemoveAILimitation]: CreateAction succeeded: charId=540, actionId=18, goalId=238, state=2
2026-07-02 04:45:37.0126|INFO|Worker0|AdaptableLog|[TaiwuRemoveAILimitation]: CreateAction succeeded: charId=1404, actionId=15, goalId=238, state=2
2026-07-02 04:45:37.0126|INFO|Worker5|AdaptableLog|[TaiwuRemoveAILimitation]: CreateAction failed: charId=9555, actionId=14, goalId=238, state=2
2026-07-02 04:45:37.0126|INFO|Worker4|AdaptableLog|[TaiwuRemoveAILimitation]: CreateAction succeeded: charId=5789, actionId=21, goalId=238, state=2
2026-07-02 04:45:37.0126|INFO|Worker6|AdaptableLog|[TaiwuRemoveAILimitation]: CreateAction failed: charId=1854, actionId=19, goalId=238, state=2
2026-07-02 04:45:37.0126|INFO|Worker15|AdaptableLog|[TaiwuRemoveAILimitation]: CreateAction failed: charId=9908, actionId=23, goalId=245, state=2
2026-07-02 04:45:37.0126|INFO|Worker0|AdaptableLog|[TaiwuRemoveAILimitation]: CreateAction failed: charId=1401, actionId=15, goalId=238, state=2
2026-07-02 04:45:37.0126|INFO|Worker5|AdaptableLog|[TaiwuRemoveAILimitation]: CreateAction succeeded: charId=9555, actionId=14, goalId=238, state=2
2026-07-02 04:45:37.0126|INFO|Worker7|AdaptableLog|[TaiwuRemoveAILimitation]: CreateAction failed: charId=5441, actionId=18, goalId=238, state=2
2026-07-02 04:45:37.0126|INFO|Worker6|AdaptableLog|[TaiwuRemoveAILimitation]: CreateAction succeeded: charId=1854, actionId=21, goalId=238, state=2
2026-07-02 04:45:37.0126|INFO|Worker20|AdaptableLog|[TaiwuRemoveAILimitation]: CreateAction failed: charId=163, actionId=21, goalId=193, state=2
2026-07-02 04:45:37.0126|INFO|Worker0|AdaptableLog|[TaiwuRemoveAILimitation]: CreateAction succeeded: charId=1401, actionId=15, goalId=5, state=2
2026-07-02 04:45:37.0126|INFO|Worker30|AdaptableLog|[TaiwuRemoveAILimitation]: CreateAction succeeded: charId=10733, actionId=17, goalId=238, state=2
2026-07-02 04:45:37.0126|INFO|Worker2|AdaptableLog|[TaiwuRemoveAILimitation]: CreateAction failed: charId=2198, actionId=15, goalId=238, state=2
2026-07-02 04:45:37.0126|INFO|Worker3|AdaptableLog|[TaiwuRemoveAILimitation]: CreateAction failed: charId=4611, actionId=23, goalId=15, state=2
2026-07-02 04:45:37.0126|INFO|Worker4|AdaptableLog|[TaiwuRemoveAILimitation]: CreateAction succeeded: charId=9053, actionId=22, goalId=238, state=2
2026-07-02 04:45:37.0126|INFO|Worker8|AdaptableLog|[TaiwuRemoveAILimitation]: CreateAction failed: charId=10343, actionId=17, goalId=273, state=2
2026-07-02 04:45:37.0126|INFO|Worker2|AdaptableLog|[TaiwuRemoveAILimitation]: CreateAction failed: charId=2198, actionId=15, goalId=238, state=2
2026-07-02 04:45:37.0126|INFO|Worker20|AdaptableLog|[TaiwuRemoveAILimitation]: CreateAction failed: charId=163, actionId=21, goalId=197, state=2
2026-07-02 04:45:37.0126|INFO|Worker3|AdaptableLog|[TaiwuRemoveAILimitation]: CreateAction failed: charId=4611, actionId=23, goalId=241, state=2
2026-07-02 04:45:37.0126|INFO|Worker0|AdaptableLog|[TaiwuRemoveAILimitation]: CreateAction succeeded: charId=1365, actionId=15, goalId=238, state=2
2026-07-02 04:45:37.0126|INFO|Worker2|AdaptableLog|[TaiwuRemoveAILimitation]: CreateAction succeeded: charId=2198, actionId=15, goalId=238, state=2
2026-07-02 04:45:37.0126|INFO|Worker20|AdaptableLog|[TaiwuRemoveAILimitation]: CreateAction succeeded: charId=163, actionId=22, goalId=238, state=2
2026-07-02 04:45:37.0126|INFO|Worker7|AdaptableLog|[TaiwuRemoveAILimitation]: CreateAction succeeded: charId=5421, actionId=14, goalId=238, state=2
2026-07-02 04:45:37.0126|INFO|Worker8|AdaptableLog|[TaiwuRemoveAILimitation]: CreateAction failed: charId=10343, actionId=16, goalId=190, state=2
2026-07-02 04:45:37.0126|INFO|Worker3|AdaptableLog|[TaiwuRemoveAILimitation]: CreateAction succeeded: charId=4611, actionId=23, goalId=241, state=2
2026-07-02 04:45:37.0126|INFO|Worker0|AdaptableLog|[TaiwuRemoveAILimitation]: CreateAction succeeded: charId=1405, actionId=15, goalId=5, state=2
2026-07-02 04:45:37.0126|INFO|Worker4|AdaptableLog|[TaiwuRemoveAILimitation]: CreateAction succeeded: charId=11094, actionId=22, goalId=238, state=2
2026-07-02 04:45:37.0126|INFO|Worker8|AdaptableLog|[TaiwuRemoveAILimitation]: CreateAction failed: charId=10343, actionId=21, goalId=191, state=2
2026-07-02 04:45:37.0126|INFO|Worker30|AdaptableLog|[TaiwuRemoveAILimitation]: CreateAction succeeded: charId=3799, actionId=19, goalId=241, state=2
2026-07-02 04:45:37.0126|INFO|Worker0|AdaptableLog|[TaiwuRemoveAILimitation]: CreateAction succeeded: charId=1351, actionId=15, goalId=238, state=2
2026-07-02 04:45:37.0126|INFO|Worker24|AdaptableLog|[TaiwuRemoveAILimitation]: CreateAction succeeded: charId=11047, actionId=14, goalId=241, state=2
2026-07-02 04:45:37.0126|INFO|Worker8|AdaptableLog|[TaiwuRemoveAILimitation]: CreateAction failed: charId=10343, actionId=17, goalId=192, state=2
2026-07-02 04:45:37.0126|INFO|Worker4|AdaptableLog|[TaiwuRemoveAILimitation]: CreateAction succeeded: charId=9741, actionId=15, goalId=238, state=2
2026-07-02 04:45:37.0126|INFO|Worker30|AdaptableLog|[TaiwuRemoveAILimitation]: CreateAction succeeded: charId=3788, actionId=20, goalId=238, state=2
2026-07-02 04:45:37.0126|INFO|Worker12|AdaptableLog|[TaiwuRemoveAILimitation]: CreateAction succeeded: charId=8172, actionId=16, goalId=238, state=2
2026-07-02 04:45:37.0126|INFO|Worker0|AdaptableLog|[TaiwuRemoveAILimitation]: CreateAction succeeded: charId=1418, actionId=15, goalId=5, state=2
2026-07-02 04:45:37.0126|INFO|Worker7|AdaptableLog|[TaiwuRemoveAILimitation]: CreateAction succeeded: charId=5382, actionId=14, goalId=193, state=2
2026-07-02 04:45:37.0126|INFO|Worker8|AdaptableLog|[TaiwuRemoveAILimitation]: CreateAction failed: charId=10343, actionId=18, goalId=193, state=2
2026-07-02 04:45:37.0126|INFO|Worker3|AdaptableLog|[TaiwuRemoveAILimitation]: CreateAction failed: charId=8295, actionId=21, goalId=15, state=2
2026-07-02 04:45:37.0126|INFO|Worker12|AdaptableLog|[TaiwuRemoveAILimitation]: CreateAction succeeded: charId=7000, actionId=16, goalId=238, state=2
2026-07-02 04:45:37.0126|INFO|Worker30|AdaptableLog|[TaiwuRemoveAILimitation]: CreateAction failed: charId=3887, actionId=20, goalId=191, state=2
2026-07-02 04:45:37.0126|INFO|Worker12|AdaptableLog|[TaiwuRemoveAILimitation]: CreateAction succeeded: charId=2606, actionId=15, goalId=238, state=2
2026-07-02 04:45:37.0126|INFO|Worker30|AdaptableLog|[TaiwuRemoveAILimitation]: CreateAction failed: charId=3887, actionId=22, goalId=192, state=2
2026-07-02 04:45:37.0126|INFO|Worker30|AdaptableLog|[TaiwuRemoveAILimitation]: CreateAction failed: charId=3887, actionId=19, goalId=193, state=2
2026-07-02 04:45:37.0126|INFO|Worker23|AdaptableLog|[TaiwuRemoveAILimitation]: CreateAction succeeded: charId=94, actionId=17, goalId=238, state=2
2026-07-02 04:45:37.0126|INFO|Worker4|AdaptableLog|[TaiwuRemoveAILimitation]: CreateAction succeeded: charId=5720, actionId=15, goalId=238, state=2
2026-07-02 04:45:37.0126|INFO|Worker24|AdaptableLog|[TaiwuRemoveAILimitation]: CreateAction succeeded: charId=963, actionId=20, goalId=238, state=2
2026-07-02 04:45:37.0126|INFO|Worker3|AdaptableLog|[TaiwuRemoveAILimitation]: CreateAction succeeded: charId=4606, actionId=15, goalId=15, state=2
2026-07-02 04:45:37.0126|INFO|Worker8|AdaptableLog|[TaiwuRemoveAILimitation]: CreateAction failed: charId=11227, actionId=15, goalId=273, state=2
2026-07-02 04:45:37.0126|INFO|Worker0|AdaptableLog|[TaiwuRemoveAILimitation]: CreateAction succeeded: charId=1388, actionId=15, goalId=5, state=2
2026-07-02 04:45:37.0126|INFO|Worker7|AdaptableLog|[TaiwuRemoveAILimitation]: CreateAction succeeded: charId=5384, actionId=14, goalId=238, state=2
2026-07-02 04:45:37.0126|INFO|Worker24|AdaptableLog|[TaiwuRemoveAILimitation]: CreateAction succeeded: charId=956, actionId=20, goalId=191, state=2
2026-07-02 04:45:37.0126|INFO|Worker0|AdaptableLog|[TaiwuRemoveAILimitation]: CreateAction succeeded: charId=1361, actionId=15, goalId=5, state=2
2026-07-02 04:45:37.0284|INFO|Worker15|AdaptableLog|[TaiwuRemoveAILimitation]: CreateAction succeeded: charId=5010, actionId=22, goalId=241, state=2
2026-07-02 04:45:37.0284|INFO|Worker0|AdaptableLog|[TaiwuRemoveAILimitation]: CreateAction succeeded: charId=1362, actionId=15, goalId=238, state=2
2026-07-02 04:45:37.0284|INFO|Worker20|AdaptableLog|[TaiwuRemoveAILimitation]: CreateAction succeeded: charId=244, actionId=19, goalId=238, state=2
2026-07-02 04:45:37.0284|INFO|Worker0|AdaptableLog|[TaiwuRemoveAILimitation]: CreateAction failed: charId=1379, actionId=15, goalId=238, state=2
2026-07-02 04:45:37.0284|INFO|Worker20|AdaptableLog|[TaiwuRemoveAILimitation]: CreateAction succeeded: charId=211, actionId=20, goalId=238, state=2
2026-07-02 04:45:37.0284|INFO|Worker7|AdaptableLog|[TaiwuRemoveAILimitation]: CreateAction succeeded: charId=5518, actionId=14, goalId=273, state=2
2026-07-02 04:45:37.0284|INFO|Worker15|AdaptableLog|[TaiwuRemoveAILimitation]: CreateAction failed: charId=5150, actionId=19, goalId=238, state=2
2026-07-02 04:45:37.0284|INFO|Worker0|AdaptableLog|[TaiwuRemoveAILimitation]: CreateAction succeeded: charId=1379, actionId=15, goalId=5, state=2
2026-07-02 04:45:37.0284|INFO|Worker12|AdaptableLog|[TaiwuRemoveAILimitation]: CreateAction succeeded: charId=3693, actionId=20, goalId=238, state=2
2026-07-02 04:45:37.0284|INFO|Worker27|AdaptableLog|[TaiwuRemoveAILimitation]: CreateAction succeeded: charId=2973, actionId=15, goalId=238, state=2
2026-07-02 04:45:37.0284|INFO|Worker4|AdaptableLog|[TaiwuRemoveAILimitation]: CreateAction failed: charId=5802, actionId=22, goalId=238, state=2
2026-07-02 04:45:37.0284|INFO|Worker0|AdaptableLog|[TaiwuRemoveAILimitation]: CreateAction failed: charId=1339, actionId=15, goalId=5, state=2
2026-07-02 04:45:37.0284|INFO|Worker24|AdaptableLog|[TaiwuRemoveAILimitation]: CreateAction succeeded: charId=994, actionId=21, goalId=241, state=2
2026-07-02 04:45:37.0284|INFO|Worker4|AdaptableLog|[TaiwuRemoveAILimitation]: CreateAction succeeded: charId=5802, actionId=20, goalId=238, state=2
2026-07-02 04:45:37.0284|INFO|Worker8|AdaptableLog|[TaiwuRemoveAILimitation]: CreateAction failed: charId=9618, actionId=19, goalId=273, state=2
2026-07-02 04:45:37.0284|INFO|Worker0|AdaptableLog|[TaiwuRemoveAILimitation]: CreateAction succeeded: charId=1342, actionId=15, goalId=5, state=2
2026-07-02 04:45:37.0284|INFO|Worker3|AdaptableLog|[TaiwuRemoveAILimitation]: CreateAction failed: charId=4619, actionId=22, goalId=241, state=2
2026-07-02 04:45:37.0284|INFO|Worker24|AdaptableLog|[TaiwuRemoveAILimitation]: CreateAction succeeded: charId=946, actionId=17, goalId=238, state=2
2026-07-02 04:45:37.0284|INFO|Worker5|AdaptableLog|[TaiwuRemoveAILimitation]: CreateAction succeeded: charId=5264, actionId=15, goalId=196, state=2
2026-07-02 04:45:37.0284|INFO|Worker24|AdaptableLog|[TaiwuRemoveAILimitation]: CreateAction failed: charId=970, actionId=17, goalId=238, state=2
2026-07-02 04:45:37.0284|INFO|Worker6|AdaptableLog|[TaiwuRemoveAILimitation]: CreateAction failed: charId=1797, actionId=18, goalId=190, state=2
2026-07-02 04:45:37.0284|INFO|Worker3|AdaptableLog|[TaiwuRemoveAILimitation]: CreateAction succeeded: charId=7513, actionId=23, goalId=238, state=2
2026-07-02 04:45:37.0284|INFO|Worker24|AdaptableLog|[TaiwuRemoveAILimitation]: CreateAction succeeded: charId=970, actionId=20, goalId=238, state=2
2026-07-02 04:45:37.0284|INFO|Worker24|AdaptableLog|[TaiwuRemoveAILimitation]: CreateAction succeeded: charId=945, actionId=20, goalId=238, state=2
2026-07-02 04:45:37.0284|INFO|Worker4|AdaptableLog|[TaiwuRemoveAILimitation]: CreateAction succeeded: charId=7835, actionId=15, goalId=235, state=2
2026-07-02 04:45:37.0284|INFO|Worker24|AdaptableLog|[TaiwuRemoveAILimitation]: CreateAction failed: charId=1001, actionId=21, goalId=273, state=2
2026-07-02 04:45:37.0284|INFO|Worker7|AdaptableLog|[TaiwuRemoveAILimitation]: CreateAction failed: charId=5334, actionId=14, goalId=238, state=2
2026-07-02 04:45:37.0284|INFO|Worker2|AdaptableLog|[TaiwuRemoveAILimitation]: CreateAction succeeded: charId=8606, actionId=14, goalId=238, state=2
2026-07-02 04:45:37.0284|INFO|Worker30|AdaptableLog|[TaiwuRemoveAILimitation]: CreateAction succeeded: charId=3643, actionId=14, goalId=238, state=2
2026-07-02 04:45:37.0284|INFO|Worker5|AdaptableLog|[TaiwuRemoveAILimitation]: CreateAction succeeded: charId=9808, actionId=22, goalId=238, state=2
2026-07-02 04:45:37.0284|INFO|Worker4|AdaptableLog|[TaiwuRemoveAILimitation]: CreateAction succeeded: charId=6989, actionId=14, goalId=238, state=2
2026-07-02 04:45:37.0284|INFO|Worker7|AdaptableLog|[TaiwuRemoveAILimitation]: CreateAction succeeded: charId=5350, actionId=14, goalId=238, state=2
2026-07-02 04:45:37.0284|INFO|Worker2|AdaptableLog|[TaiwuRemoveAILimitation]: CreateAction succeeded: charId=8611, actionId=18, goalId=193, state=2
2026-07-02 04:45:37.0284|INFO|Worker24|AdaptableLog|[TaiwuRemoveAILimitation]: CreateAction succeeded: charId=1002, actionId=19, goalId=238, state=2
2026-07-02 04:45:37.0284|INFO|Worker24|AdaptableLog|[TaiwuRemoveAILimitation]: CreateAction succeeded: charId=944, actionId=18, goalId=238, state=2
2026-07-02 04:45:37.0284|INFO|Worker24|AdaptableLog|[TaiwuRemoveAILimitation]: CreateAction failed: charId=941, actionId=19, goalId=238, state=2
2026-07-02 04:45:37.0284|INFO|Worker3|AdaptableLog|[TaiwuRemoveAILimitation]: CreateAction failed: charId=4589, actionId=22, goalId=238, state=2
2026-07-02 04:45:37.0284|INFO|Worker27|AdaptableLog|[TaiwuRemoveAILimitation]: CreateAction succeeded: charId=2975, actionId=15, goalId=238, state=2
2026-07-02 04:45:37.0284|INFO|Worker24|AdaptableLog|[TaiwuRemoveAILimitation]: CreateAction failed: charId=941, actionId=15, goalId=238, state=2
2026-07-02 04:45:37.0284|INFO|Worker3|AdaptableLog|[TaiwuRemoveAILimitation]: CreateAction succeeded: charId=4589, actionId=19, goalId=15, state=2
2026-07-02 04:45:37.0284|INFO|Worker27|AdaptableLog|[TaiwuRemoveAILimitation]: CreateAction succeeded: charId=2976, actionId=17, goalId=273, state=2
2026-07-02 04:45:37.0284|INFO|Worker15|AdaptableLog|[TaiwuRemoveAILimitation]: CreateAction succeeded: charId=4969, actionId=19, goalId=241, state=2
2026-07-02 04:45:37.0284|INFO|Worker4|AdaptableLog|[TaiwuRemoveAILimitation]: CreateAction succeeded: charId=7377, actionId=21, goalId=238, state=2
2026-07-02 04:45:37.0284|INFO|Worker8|AdaptableLog|[TaiwuRemoveAILimitation]: CreateAction failed: charId=12674, actionId=16, goalId=273, state=2
2026-07-02 04:45:37.0284|INFO|Worker24|AdaptableLog|[TaiwuRemoveAILimitation]: CreateAction succeeded: charId=991, actionId=19, goalId=273, state=2
2026-07-02 04:45:37.0284|INFO|Worker2|AdaptableLog|[TaiwuRemoveAILimitation]: CreateAction failed: charId=2210, actionId=18, goalId=238, state=2
2026-07-02 04:45:37.0284|INFO|Worker15|AdaptableLog|[TaiwuRemoveAILimitation]: CreateAction succeeded: charId=4973, actionId=19, goalId=194, state=2
2026-07-02 04:45:37.0284|INFO|Worker6|AdaptableLog|[TaiwuRemoveAILimitation]: CreateAction failed: charId=9222, actionId=19, goalId=238, state=2
2026-07-02 04:45:37.0284|INFO|Worker7|AdaptableLog|[TaiwuRemoveAILimitation]: CreateAction succeeded: charId=5403, actionId=18, goalId=196, state=2
2026-07-02 04:45:37.0284|INFO|Worker20|AdaptableLog|[TaiwuRemoveAILimitation]: CreateAction succeeded: charId=235, actionId=20, goalId=196, state=2
2026-07-02 04:45:37.0284|INFO|Worker24|AdaptableLog|[TaiwuRemoveAILimitation]: CreateAction succeeded: charId=1004, actionId=23, goalId=238, state=2
2026-07-02 04:45:37.0284|INFO|Worker6|AdaptableLog|[TaiwuRemoveAILimitation]: CreateAction failed: charId=9222, actionId=23, goalId=238, state=2
2026-07-02 04:45:37.0284|INFO|Worker3|AdaptableLog|[TaiwuRemoveAILimitation]: CreateAction failed: charId=4580, actionId=22, goalId=273, state=2
2026-07-02 04:45:37.0284|INFO|Worker7|AdaptableLog|[TaiwuRemoveAILimitation]: CreateAction failed: charId=9789, actionId=14, goalId=192, state=2
2026-07-02 04:45:37.0284|INFO|Worker6|AdaptableLog|[TaiwuRemoveAILimitation]: CreateAction succeeded: charId=1847, actionId=22, goalId=273, state=2
2026-07-02 04:45:37.0284|INFO|Worker8|AdaptableLog|[TaiwuRemoveAILimitation]: CreateAction failed: charId=11951, actionId=14, goalId=187, state=2
2026-07-02 04:45:37.0284|INFO|Worker7|AdaptableLog|[TaiwuRemoveAILimitation]: CreateAction succeeded: charId=9789, actionId=14, goalId=193, state=2
2026-07-02 04:45:37.0284|INFO|Worker7|AdaptableLog|[TaiwuRemoveAILimitation]: CreateAction succeeded: charId=5353, actionId=18, goalId=238, state=2
2026-07-02 04:45:37.0284|INFO|Worker4|AdaptableLog|[TaiwuRemoveAILimitation]: CreateAction succeeded: charId=5747, actionId=21, goalId=238, state=2
2026-07-02 04:45:37.0284|INFO|Worker8|AdaptableLog|[TaiwuRemoveAILimitation]: CreateAction failed: charId=3185, actionId=16, goalId=273, state=2
2026-07-02 04:45:37.0284|INFO|Worker3|AdaptableLog|[TaiwuRemoveAILimitation]: CreateAction succeeded: charId=4580, actionId=23, goalId=15, state=2
2026-07-02 04:45:37.0284|INFO|Worker15|AdaptableLog|[TaiwuRemoveAILimitation]: CreateAction failed: charId=5005, actionId=22, goalId=241, state=2
2026-07-02 04:45:37.0284|INFO|Worker27|AdaptableLog|[TaiwuRemoveAILimitation]: CreateAction succeeded: charId=2955, actionId=18, goalId=238, state=2
2026-07-02 04:45:37.0284|INFO|Worker24|AdaptableLog|[TaiwuRemoveAILimitation]: CreateAction succeeded: charId=949, actionId=20, goalId=238, state=2
2026-07-02 04:45:37.0284|INFO|Worker7|AdaptableLog|[TaiwuRemoveAILimitation]: CreateAction succeeded: charId=5390, actionId=14, goalId=191, state=2
2026-07-02 04:45:37.0284|INFO|Worker15|AdaptableLog|[TaiwuRemoveAILimitation]: CreateAction succeeded: charId=5005, actionId=19, goalId=238, state=2
2026-07-02 04:45:37.0284|INFO|Worker8|AdaptableLog|[TaiwuRemoveAILimitation]: CreateAction succeeded: charId=3185, actionId=14, goalId=241, state=2
2026-07-02 04:45:37.0284|INFO|Worker3|AdaptableLog|[TaiwuRemoveAILimitation]: CreateAction succeeded: charId=4597, actionId=15, goalId=15, state=2
2026-07-02 04:45:37.0284|INFO|Worker20|AdaptableLog|[TaiwuRemoveAILimitation]: CreateAction succeeded: charId=232, actionId=20, goalId=273, state=2
2026-07-02 04:45:37.0284|INFO|Worker15|AdaptableLog|[TaiwuRemoveAILimitation]: CreateAction failed: charId=4995, actionId=19, goalId=241, state=2
2026-07-02 04:45:37.0284|INFO|Worker4|AdaptableLog|[TaiwuRemoveAILimitation]: CreateAction succeeded: charId=5721, actionId=20, goalId=241, state=2
2026-07-02 04:45:37.0284|INFO|Worker15|AdaptableLog|[TaiwuRemoveAILimitation]: CreateAction succeeded: charId=4995, actionId=21, goalId=241, state=2
2026-07-02 04:45:37.0284|INFO|Worker24|AdaptableLog|[TaiwuRemoveAILimitation]: CreateAction succeeded: charId=1005, actionId=17, goalId=194, state=2
2026-07-02 04:45:37.0440|INFO|Worker4|AdaptableLog|[TaiwuRemoveAILimitation]: CreateAction succeeded: charId=5756, actionId=21, goalId=238, state=2
2026-07-02 04:45:37.0440|INFO|Worker15|AdaptableLog|[TaiwuRemoveAILimitation]: CreateAction succeeded: charId=5002, actionId=19, goalId=241, state=2
2026-07-02 04:45:37.0440|INFO|Worker3|AdaptableLog|[TaiwuRemoveAILimitation]: CreateAction succeeded: charId=4556, actionId=19, goalId=238, state=2
2026-07-02 04:45:37.0440|INFO|Worker3|AdaptableLog|[TaiwuRemoveAILimitation]: CreateAction succeeded: charId=4601, actionId=21, goalId=15, state=2
2026-07-02 04:45:37.0440|INFO|Worker0|AdaptableLog|[TaiwuRemoveAILimitation]: CreateAction succeeded: charId=7825, actionId=15, goalId=5, state=2
2026-07-02 04:45:37.0440|INFO|Worker3|AdaptableLog|[TaiwuRemoveAILimitation]: CreateAction succeeded: charId=4588, actionId=19, goalId=15, state=2
2026-07-02 04:45:37.0440|INFO|Worker24|AdaptableLog|[TaiwuRemoveAILimitation]: CreateAction succeeded: charId=982, actionId=17, goalId=190, state=2
2026-07-02 04:45:37.0440|INFO|Worker3|AdaptableLog|[TaiwuRemoveAILimitation]: CreateAction failed: charId=4581, actionId=21, goalId=15, state=2
2026-07-02 04:45:37.0440|INFO|Worker3|AdaptableLog|[TaiwuRemoveAILimitation]: CreateAction succeeded: charId=4581, actionId=23, goalId=238, state=2
2026-07-02 04:45:37.0440|INFO|Worker3|AdaptableLog|[TaiwuRemoveAILimitation]: CreateAction failed: charId=4600, actionId=15, goalId=15, state=2
2026-07-02 04:45:37.0440|INFO|Worker24|AdaptableLog|[TaiwuRemoveAILimitation]: CreateAction succeeded: charId=948, actionId=18, goalId=238, state=2
2026-07-02 04:45:37.0440|INFO|Worker3|AdaptableLog|[TaiwuRemoveAILimitation]: CreateAction failed: charId=4600, actionId=22, goalId=241, state=2
2026-07-02 04:45:37.0440|INFO|Worker2|AdaptableLog|[TaiwuRemoveAILimitation]: CreateAction succeeded: charId=2207, actionId=14, goalId=195, state=2
2026-07-02 04:45:37.0440|INFO|Worker4|AdaptableLog|[TaiwuRemoveAILimitation]: CreateAction succeeded: charId=5731, actionId=23, goalId=238, state=2
2026-07-02 04:45:37.0440|INFO|Worker15|AdaptableLog|[TaiwuRemoveAILimitation]: CreateAction succeeded: charId=4994, actionId=23, goalId=238, state=2
2026-07-02 04:45:37.0440|INFO|Worker4|AdaptableLog|[TaiwuRemoveAILimitation]: CreateAction succeeded: charId=7375, actionId=22, goalId=238, state=2
2026-07-02 04:45:37.0440|INFO|Worker6|AdaptableLog|[TaiwuRemoveAILimitation]: CreateAction succeeded: charId=1874, actionId=18, goalId=197, state=2
2026-07-02 04:45:37.0440|INFO|Worker24|AdaptableLog|[TaiwuRemoveAILimitation]: CreateAction failed: charId=953, actionId=21, goalId=238, state=2
2026-07-02 04:45:37.0440|INFO|Worker24|AdaptableLog|[TaiwuRemoveAILimitation]: CreateAction succeeded: charId=953, actionId=15, goalId=238, state=2
2026-07-02 04:45:37.0440|INFO|Worker24|AdaptableLog|[TaiwuRemoveAILimitation]: CreateAction succeeded: charId=951, actionId=18, goalId=238, state=2
2026-07-02 04:45:37.0440|INFO|Worker0|AdaptableLog|[TaiwuRemoveAILimitation]: CreateAction failed: charId=1350, actionId=15, goalId=5, state=2
2026-07-02 04:45:37.0440|INFO|Worker3|AdaptableLog|[TaiwuRemoveAILimitation]: CreateAction succeeded: charId=4558, actionId=19, goalId=241, state=2
2026-07-02 04:45:37.0440|INFO|Worker2|AdaptableLog|[TaiwuRemoveAILimitation]: CreateAction failed: charId=2369, actionId=14, goalId=238, state=2
2026-07-02 04:45:37.0440|INFO|Worker0|AdaptableLog|[TaiwuRemoveAILimitation]: CreateAction succeeded: charId=1350, actionId=15, goalId=238, state=2
2026-07-02 04:45:37.0440|INFO|Worker2|AdaptableLog|[TaiwuRemoveAILimitation]: CreateAction failed: charId=2369, actionId=18, goalId=238, state=2
2026-07-02 04:45:37.0440|INFO|Worker4|AdaptableLog|[TaiwuRemoveAILimitation]: CreateAction succeeded: charId=5733, actionId=15, goalId=238, state=2
2026-07-02 04:45:37.0440|INFO|Worker2|AdaptableLog|[TaiwuRemoveAILimitation]: CreateAction succeeded: charId=2369, actionId=15, goalId=8, state=2
2026-07-02 04:45:37.0440|INFO|Worker2|AdaptableLog|[TaiwuRemoveAILimitation]: CreateAction failed: charId=8933, actionId=14, goalId=191, state=2
2026-07-02 04:45:37.0440|INFO|Worker3|AdaptableLog|[TaiwuRemoveAILimitation]: CreateAction succeeded: charId=4591, actionId=20, goalId=15, state=2
2026-07-02 04:45:37.0440|INFO|Worker24|AdaptableLog|[TaiwuRemoveAILimitation]: CreateAction succeeded: charId=1006, actionId=17, goalId=196, state=2
2026-07-02 04:45:37.0440|INFO|Worker15|AdaptableLog|[TaiwuRemoveAILimitation]: CreateAction succeeded: charId=7664, actionId=22, goalId=238, state=2
2026-07-02 04:45:37.0440|INFO|Worker8|AdaptableLog|[TaiwuRemoveAILimitation]: CreateAction failed: charId=10579, actionId=15, goalId=273, state=2
2026-07-02 04:45:37.0440|INFO|Worker15|AdaptableLog|[TaiwuRemoveAILimitation]: CreateAction succeeded: charId=4958, actionId=23, goalId=241, state=2
2026-07-02 04:45:37.0440|INFO|Worker2|AdaptableLog|[TaiwuRemoveAILimitation]: CreateAction failed: charId=8933, actionId=14, goalId=197, state=2
2026-07-02 04:45:37.0440|INFO|Worker24|AdaptableLog|[TaiwuRemoveAILimitation]: CreateAction succeeded: charId=999, actionId=20, goalId=238, state=2
2026-07-02 04:45:37.0440|INFO|Worker24|AdaptableLog|[TaiwuRemoveAILimitation]: CreateAction succeeded: charId=8729, actionId=17, goalId=241, state=2
2026-07-02 04:45:37.0440|INFO|Worker4|AdaptableLog|[TaiwuRemoveAILimitation]: CreateAction succeeded: charId=5738, actionId=21, goalId=241, state=2
2026-07-02 04:45:37.0440|INFO|Worker8|AdaptableLog|[TaiwuRemoveAILimitation]: CreateAction failed: charId=10579, actionId=17, goalId=241, state=2
2026-07-02 04:45:37.0440|INFO|Worker3|AdaptableLog|[TaiwuRemoveAILimitation]: CreateAction succeeded: charId=4595, actionId=22, goalId=241, state=2
2026-07-02 04:45:37.0440|INFO|Worker4|AdaptableLog|[TaiwuRemoveAILimitation]: CreateAction succeeded: charId=9739, actionId=15, goalId=238, state=2
2026-07-02 04:45:37.0440|INFO|Worker7|AdaptableLog|[TaiwuRemoveAILimitation]: CreateAction succeeded: charId=5326, actionId=14, goalId=238, state=2
2026-07-02 04:45:37.0440|INFO|Worker2|AdaptableLog|[TaiwuRemoveAILimitation]: CreateAction succeeded: charId=2252, actionId=14, goalId=238, state=2
2026-07-02 04:45:37.0440|INFO|Worker7|AdaptableLog|[TaiwuRemoveAILimitation]: CreateAction succeeded: charId=5359, actionId=18, goalId=238, state=2
2026-07-02 04:45:37.0440|INFO|Worker7|AdaptableLog|[TaiwuRemoveAILimitation]: CreateAction succeeded: charId=5517, actionId=17, goalId=195, state=2
2026-07-02 04:45:37.0440|INFO|Worker3|AdaptableLog|[TaiwuRemoveAILimitation]: CreateAction failed: charId=4608, actionId=23, goalId=196, state=2
2026-07-02 04:45:37.0440|INFO|Worker2|AdaptableLog|[TaiwuRemoveAILimitation]: CreateAction failed: charId=9857, actionId=18, goalId=238, state=2
2026-07-02 04:45:37.0591|INFO|Worker4|AdaptableLog|[TaiwuRemoveAILimitation]: CreateAction succeeded: charId=5722, actionId=14, goalId=238, state=2
2026-07-02 04:45:37.0591|INFO|Worker19|AdaptableLog|[TaiwuRemoveAILimitation]: CreateAction failed: charId=4492, actionId=14, goalId=192, state=2
2026-07-02 04:45:37.0591|INFO|Worker19|AdaptableLog|[TaiwuRemoveAILimitation]: CreateAction succeeded: charId=4492, actionId=16, goalId=193, state=2
2026-07-02 04:45:37.0591|INFO|Worker20|AdaptableLog|[TaiwuRemoveAILimitation]: CreateAction succeeded: charId=280, actionId=16, goalId=195, state=2
2026-07-02 04:45:37.0591|INFO|Worker6|AdaptableLog|[TaiwuRemoveAILimitation]: CreateAction failed: charId=7746, actionId=22, goalId=238, state=2
2026-07-02 04:45:37.0591|INFO|Worker7|AdaptableLog|[TaiwuRemoveAILimitation]: CreateAction failed: charId=5472, actionId=17, goalId=238, state=2
2026-07-02 04:45:37.0591|INFO|Worker6|AdaptableLog|[TaiwuRemoveAILimitation]: CreateAction succeeded: charId=7746, actionId=22, goalId=238, state=2
2026-07-02 04:45:37.0591|INFO|Worker3|AdaptableLog|[TaiwuRemoveAILimitation]: CreateAction failed: charId=8092, actionId=20, goalId=241, state=2
2026-07-02 04:45:37.0591|INFO|Worker3|AdaptableLog|[TaiwuRemoveAILimitation]: CreateAction succeeded: charId=8092, actionId=22, goalId=241, state=2
2026-07-02 04:45:37.0591|INFO|Worker3|AdaptableLog|[TaiwuRemoveAILimitation]: CreateAction succeeded: charId=4557, actionId=22, goalId=15, state=2
2026-07-02 04:45:37.0591|INFO|Worker3|AdaptableLog|[TaiwuRemoveAILimitation]: CreateAction failed: charId=4605, actionId=23, goalId=238, state=2
2026-07-02 04:45:37.0591|INFO|Worker3|AdaptableLog|[TaiwuRemoveAILimitation]: CreateAction succeeded: charId=4605, actionId=23, goalId=238, state=2
2026-07-02 04:45:37.0591|INFO|Worker2|AdaptableLog|[TaiwuRemoveAILimitation]: CreateAction succeeded: charId=2186, actionId=14, goalId=8, state=2
2026-07-02 04:45:37.0591|INFO|Worker8|AdaptableLog|[TaiwuRemoveAILimitation]: CreateAction failed: charId=13035, actionId=16, goalId=273, state=2
2026-07-02 04:45:37.0591|INFO|Worker24|AdaptableLog|[TaiwuRemoveAILimitation]: CreateAction failed: charId=7698, actionId=17, goalId=193, state=2
2026-07-02 04:45:37.0591|INFO|Worker2|AdaptableLog|[TaiwuRemoveAILimitation]: CreateAction succeeded: charId=2218, actionId=18, goalId=238, state=2
2026-07-02 04:45:37.0591|INFO|Worker8|AdaptableLog|[TaiwuRemoveAILimitation]: CreateAction failed: charId=13035, actionId=14, goalId=196, state=2
2026-07-02 04:45:37.0591|INFO|Worker24|AdaptableLog|[TaiwuRemoveAILimitation]: CreateAction succeeded: charId=7698, actionId=20, goalId=238, state=2
2026-07-02 04:45:37.0591|INFO|Worker8|AdaptableLog|[TaiwuRemoveAILimitation]: CreateAction failed: charId=13035, actionId=16, goalId=192, state=2
2026-07-02 04:45:37.0591|INFO|Worker3|AdaptableLog|[TaiwuRemoveAILimitation]: CreateAction succeeded: charId=4607, actionId=20, goalId=15, state=2
2026-07-02 04:45:37.0591|INFO|Worker8|AdaptableLog|[TaiwuRemoveAILimitation]: CreateAction failed: charId=13035, actionId=15, goalId=193, state=2
2026-07-02 04:45:37.0591|INFO|Worker8|AdaptableLog|[TaiwuRemoveAILimitation]: CreateAction failed: charId=13036, actionId=14, goalId=273, state=2
2026-07-02 04:45:37.0591|INFO|Worker3|AdaptableLog|[TaiwuRemoveAILimitation]: CreateAction succeeded: charId=4554, actionId=15, goalId=238, state=2
2026-07-02 04:45:37.0591|INFO|Worker4|AdaptableLog|[TaiwuRemoveAILimitation]: CreateAction failed: charId=6990, actionId=15, goalId=241, state=2
2026-07-02 04:45:37.0591|INFO|Worker24|AdaptableLog|[TaiwuRemoveAILimitation]: CreateAction succeeded: charId=957, actionId=19, goalId=241, state=2
2026-07-02 04:45:37.0591|INFO|Worker2|AdaptableLog|[TaiwuRemoveAILimitation]: CreateAction succeeded: charId=2196, actionId=14, goalId=8, state=2
2026-07-02 04:45:37.0591|INFO|Worker4|AdaptableLog|[TaiwuRemoveAILimitation]: CreateAction succeeded: charId=6990, actionId=15, goalId=238, state=2
2026-07-02 04:45:37.0591|INFO|Worker6|AdaptableLog|[TaiwuRemoveAILimitation]: CreateAction succeeded: charId=1772, actionId=19, goalId=194, state=2
2026-07-02 04:45:37.0591|INFO|Worker6|AdaptableLog|[TaiwuRemoveAILimitation]: CreateAction succeeded: charId=1860, actionId=19, goalId=238, state=2
2026-07-02 04:45:37.0591|INFO|Worker2|AdaptableLog|[TaiwuRemoveAILimitation]: CreateAction succeeded: charId=2297, actionId=18, goalId=238, state=2
2026-07-02 04:45:37.0591|INFO|Worker8|AdaptableLog|[TaiwuRemoveAILimitation]: CreateAction failed: charId=12017, actionId=16, goalId=273, state=2
2026-07-02 04:45:37.0591|INFO|Worker2|AdaptableLog|[TaiwuRemoveAILimitation]: CreateAction succeeded: charId=2208, actionId=15, goalId=8, state=2
2026-07-02 04:45:37.0591|INFO|Worker4|AdaptableLog|[TaiwuRemoveAILimitation]: CreateAction failed: charId=9055, actionId=14, goalId=18, state=2
2026-07-02 04:45:37.0591|INFO|Worker19|AdaptableLog|[TaiwuRemoveAILimitation]: CreateAction succeeded: charId=713, actionId=16, goalId=194, state=2
2026-07-02 04:45:37.0591|INFO|Worker4|AdaptableLog|[TaiwuRemoveAILimitation]: CreateAction succeeded: charId=9055, actionId=20, goalId=238, state=2
2026-07-02 04:45:37.0591|INFO|Worker2|AdaptableLog|[TaiwuRemoveAILimitation]: CreateAction succeeded: charId=2209, actionId=14, goalId=8, state=2
2026-07-02 04:45:37.0591|INFO|Worker8|AdaptableLog|[TaiwuRemoveAILimitation]: CreateAction failed: charId=13198, actionId=14, goalId=238, state=2
2026-07-02 04:45:37.0591|INFO|Worker4|AdaptableLog|[TaiwuRemoveAILimitation]: CreateAction succeeded: charId=5744, actionId=22, goalId=241, state=2
2026-07-02 04:45:37.0591|INFO|Worker2|AdaptableLog|[TaiwuRemoveAILimitation]: CreateAction failed: charId=2224, actionId=14, goalId=8, state=2
2026-07-02 04:45:37.0591|INFO|Worker4|AdaptableLog|[TaiwuRemoveAILimitation]: CreateAction succeeded: charId=10383, actionId=23, goalId=238, state=2
2026-07-02 04:45:37.0591|INFO|Worker4|AdaptableLog|[TaiwuRemoveAILimitation]: CreateAction succeeded: charId=9363, actionId=20, goalId=238, state=2
2026-07-02 04:45:37.0591|INFO|Worker6|AdaptableLog|[TaiwuRemoveAILimitation]: CreateAction succeeded: charId=1852, actionId=19, goalId=238, state=2
2026-07-02 04:45:37.0775|INFO|Worker2|AdaptableLog|[TaiwuRemoveAILimitation]: CreateAction succeeded: charId=2220, actionId=14, goalId=199, state=2
2026-07-02 04:45:37.0775|INFO|Worker4|AdaptableLog|[TaiwuRemoveAILimitation]: CreateAction failed: charId=10204, actionId=21, goalId=241, state=2
2026-07-02 04:45:37.0775|INFO|Worker6|AdaptableLog|[TaiwuRemoveAILimitation]: CreateAction succeeded: charId=1810, actionId=21, goalId=192, state=2
2026-07-02 04:45:37.0775|INFO|Worker4|AdaptableLog|[TaiwuRemoveAILimitation]: CreateAction failed: charId=10204, actionId=22, goalId=241, state=2
2026-07-02 04:45:37.0775|INFO|Worker4|AdaptableLog|[TaiwuRemoveAILimitation]: CreateAction succeeded: charId=10204, actionId=19, goalId=238, state=2
2026-07-02 04:45:37.0775|INFO|Worker4|AdaptableLog|[TaiwuRemoveAILimitation]: CreateAction failed: charId=5732, actionId=20, goalId=238, state=2
2026-07-02 04:45:37.0775|INFO|Worker4|AdaptableLog|[TaiwuRemoveAILimitation]: CreateAction succeeded: charId=5732, actionId=22, goalId=238, state=2
2026-07-02 04:45:37.0775|INFO|Worker4|AdaptableLog|[TaiwuRemoveAILimitation]: CreateAction succeeded: charId=9430, actionId=21, goalId=238, state=2
2026-07-02 04:45:37.0775|INFO|Worker8|AdaptableLog|[TaiwuRemoveAILimitation]: CreateAction succeeded: charId=11219, actionId=15, goalId=273, state=2
2026-07-02 04:45:37.0775|INFO|Worker4|AdaptableLog|[TaiwuRemoveAILimitation]: CreateAction succeeded: charId=9823, actionId=14, goalId=18, state=2
2026-07-02 04:45:37.0775|INFO|Worker24|AdaptableLog|[TaiwuRemoveAILimitation]: CreateAction failed: charId=968, actionId=20, goalId=238, state=2
2026-07-02 04:45:37.0775|INFO|Worker8|AdaptableLog|[TaiwuRemoveAILimitation]: CreateAction failed: charId=14012, actionId=15, goalId=273, state=2
2026-07-02 04:45:37.0775|INFO|Worker2|AdaptableLog|[TaiwuRemoveAILimitation]: CreateAction succeeded: charId=2232, actionId=18, goalId=234, state=2
2026-07-02 04:45:37.0775|INFO|Worker4|AdaptableLog|[TaiwuRemoveAILimitation]: CreateAction failed: charId=8009, actionId=22, goalId=238, state=2
2026-07-02 04:45:37.0775|INFO|Worker2|AdaptableLog|[TaiwuRemoveAILimitation]: CreateAction succeeded: charId=2256, actionId=14, goalId=273, state=2
2026-07-02 04:45:37.0775|INFO|Worker24|AdaptableLog|[TaiwuRemoveAILimitation]: CreateAction failed: charId=7883, actionId=21, goalId=238, state=2
2026-07-02 04:45:37.0775|INFO|Worker4|AdaptableLog|[TaiwuRemoveAILimitation]: CreateAction succeeded: charId=8009, actionId=22, goalId=238, state=2
2026-07-02 04:45:37.0775|INFO|Worker24|AdaptableLog|[TaiwuRemoveAILimitation]: CreateAction succeeded: charId=7883, actionId=22, goalId=238, state=2
2026-07-02 04:45:37.0775|INFO|Worker24|AdaptableLog|[TaiwuRemoveAILimitation]: CreateAction succeeded: charId=954, actionId=19, goalId=238, state=2
2026-07-02 04:45:37.0775|INFO|Worker8|AdaptableLog|[TaiwuRemoveAILimitation]: CreateAction failed: charId=14012, actionId=20, goalId=241, state=2
2026-07-02 04:45:37.0775|INFO|Worker24|AdaptableLog|[TaiwuRemoveAILimitation]: CreateAction succeeded: charId=1014, actionId=17, goalId=241, state=2
2026-07-02 04:45:37.0775|INFO|Worker2|AdaptableLog|[TaiwuRemoveAILimitation]: CreateAction succeeded: charId=2203, actionId=15, goalId=234, state=2
2026-07-02 04:45:37.0775|INFO|Worker6|AdaptableLog|[TaiwuRemoveAILimitation]: CreateAction succeeded: charId=8587, actionId=20, goalId=238, state=2
2026-07-02 04:45:37.0775|INFO|Worker8|AdaptableLog|[TaiwuRemoveAILimitation]: CreateAction failed: charId=14012, actionId=20, goalId=241, state=2
2026-07-02 04:45:37.0775|INFO|Worker19|AdaptableLog|[TaiwuRemoveAILimitation]: CreateAction succeeded: charId=4448, actionId=17, goalId=196, state=2
2026-07-02 04:45:37.0775|INFO|Worker24|AdaptableLog|[TaiwuRemoveAILimitation]: CreateAction succeeded: charId=990, actionId=21, goalId=198, state=2
2026-07-02 04:45:37.0775|INFO|Worker2|AdaptableLog|[TaiwuRemoveAILimitation]: CreateAction succeeded: charId=8094, actionId=14, goalId=191, state=2
2026-07-02 04:45:37.0775|INFO|Worker2|AdaptableLog|[TaiwuRemoveAILimitation]: CreateAction succeeded: charId=2190, actionId=18, goalId=238, state=2
2026-07-02 04:45:37.0775|INFO|Worker24|AdaptableLog|[TaiwuRemoveAILimitation]: CreateAction succeeded: charId=986, actionId=22, goalId=241, state=2
2026-07-02 04:45:37.0775|INFO|Worker2|AdaptableLog|[TaiwuRemoveAILimitation]: CreateAction succeeded: charId=7774, actionId=18, goalId=238, state=2
2026-07-02 04:45:37.0775|INFO|Worker24|AdaptableLog|[TaiwuRemoveAILimitation]: CreateAction failed: charId=992, actionId=21, goalId=241, state=2
2026-07-02 04:45:37.0775|INFO|Worker4|AdaptableLog|[TaiwuRemoveAILimitation]: CreateAction failed: charId=5791, actionId=20, goalId=238, state=2
2026-07-02 04:45:37.0775|INFO|Worker2|AdaptableLog|[TaiwuRemoveAILimitation]: CreateAction failed: charId=2214, actionId=14, goalId=238, state=2
2026-07-02 04:45:37.0775|INFO|Worker24|AdaptableLog|[TaiwuRemoveAILimitation]: CreateAction failed: charId=992, actionId=20, goalId=241, state=2
2026-07-02 04:45:37.0775|INFO|Worker2|AdaptableLog|[TaiwuRemoveAILimitation]: CreateAction succeeded: charId=2214, actionId=15, goalId=238, state=2
2026-07-02 04:45:37.0775|INFO|Worker4|AdaptableLog|[TaiwuRemoveAILimitation]: CreateAction failed: charId=5791, actionId=21, goalId=238, state=2
2026-07-02 04:45:37.0775|INFO|Worker24|AdaptableLog|[TaiwuRemoveAILimitation]: CreateAction succeeded: charId=992, actionId=21, goalId=241, state=2
2026-07-02 04:45:37.0775|INFO|Worker6|AdaptableLog|[TaiwuRemoveAILimitation]: CreateAction failed: charId=1815, actionId=22, goalId=238, state=2
2026-07-02 04:45:37.0775|INFO|Worker2|AdaptableLog|[TaiwuRemoveAILimitation]: CreateAction failed: charId=2211, actionId=14, goalId=238, state=2
2026-07-02 04:45:37.0911|INFO|Worker8|AdaptableLog|[TaiwuRemoveAILimitation]: CreateAction failed: charId=13553, actionId=20, goalId=273, state=2
2026-07-02 04:45:37.0911|INFO|Worker2|AdaptableLog|[TaiwuRemoveAILimitation]: CreateAction succeeded: charId=2211, actionId=18, goalId=238, state=2
2026-07-02 04:45:37.0911|INFO|Worker4|AdaptableLog|[TaiwuRemoveAILimitation]: CreateAction failed: charId=5791, actionId=21, goalId=241, state=2
2026-07-02 04:45:37.0911|INFO|Worker3|AdaptableLog|[TaiwuRemoveAILimitation]: CreateAction succeeded: charId=4625, actionId=15, goalId=15, state=2
2026-07-02 04:45:37.0911|INFO|Worker4|AdaptableLog|[TaiwuRemoveAILimitation]: CreateAction failed: charId=5791, actionId=19, goalId=241, state=2
2026-07-02 04:45:37.0911|INFO|Worker4|AdaptableLog|[TaiwuRemoveAILimitation]: CreateAction failed: charId=5791, actionId=23, goalId=241, state=2
2026-07-02 04:45:37.0911|INFO|Worker4|AdaptableLog|[TaiwuRemoveAILimitation]: CreateAction failed: charId=5791, actionId=20, goalId=238, state=2
2026-07-02 04:45:37.0911|INFO|Worker4|AdaptableLog|[TaiwuRemoveAILimitation]: CreateAction succeeded: charId=7718, actionId=19, goalId=241, state=2
2026-07-02 04:45:37.0911|INFO|Worker4|AdaptableLog|[TaiwuRemoveAILimitation]: CreateAction succeeded: charId=8720, actionId=14, goalId=241, state=2
2026-07-02 04:45:37.0911|INFO|Worker6|AdaptableLog|[TaiwuRemoveAILimitation]: CreateAction failed: charId=1861, actionId=20, goalId=238, state=2
2026-07-02 04:45:37.0911|INFO|Worker24|AdaptableLog|[TaiwuRemoveAILimitation]: CreateAction succeeded: charId=940, actionId=23, goalId=241, state=2
2026-07-02 04:45:37.0911|INFO|Worker4|AdaptableLog|[TaiwuRemoveAILimitation]: CreateAction succeeded: charId=7497, actionId=15, goalId=241, state=2
2026-07-02 04:45:37.0911|INFO|Worker6|AdaptableLog|[TaiwuRemoveAILimitation]: CreateAction failed: charId=1861, actionId=19, goalId=238, state=2
2026-07-02 04:45:37.0911|INFO|Worker4|AdaptableLog|[TaiwuRemoveAILimitation]: CreateAction failed: charId=8308, actionId=22, goalId=241, state=2
2026-07-02 04:45:37.0911|INFO|Worker8|AdaptableLog|[TaiwuRemoveAILimitation]: CreateAction failed: charId=12673, actionId=15, goalId=273, state=2
2026-07-02 04:45:37.0911|INFO|Worker6|AdaptableLog|[TaiwuRemoveAILimitation]: CreateAction failed: charId=1861, actionId=19, goalId=238, state=2
2026-07-02 04:45:37.0911|INFO|Worker6|AdaptableLog|[TaiwuRemoveAILimitation]: CreateAction failed: charId=1861, actionId=19, goalId=238, state=2
2026-07-02 04:45:37.0911|INFO|Worker6|AdaptableLog|[TaiwuRemoveAILimitation]: CreateAction failed: charId=1861, actionId=19, goalId=238, state=2
2026-07-02 04:45:37.0911|INFO|Worker24|AdaptableLog|[TaiwuRemoveAILimitation]: CreateAction succeeded: charId=11120, actionId=20, goalId=234, state=2
2026-07-02 04:45:37.0911|INFO|Worker4|AdaptableLog|[TaiwuRemoveAILimitation]: CreateAction succeeded: charId=8308, actionId=21, goalId=238, state=2
2026-07-02 04:45:37.0911|INFO|Worker8|AdaptableLog|[TaiwuRemoveAILimitation]: CreateAction failed: charId=13735, actionId=16, goalId=273, state=2
2026-07-02 04:45:37.0911|INFO|Worker24|AdaptableLog|[TaiwuRemoveAILimitation]: CreateAction succeeded: charId=966, actionId=21, goalId=238, state=2
2026-07-02 04:45:37.0911|INFO|Worker6|AdaptableLog|[TaiwuRemoveAILimitation]: CreateAction succeeded: charId=1807, actionId=18, goalId=238, state=2
2026-07-02 04:45:37.0911|INFO|Worker8|AdaptableLog|[TaiwuRemoveAILimitation]: CreateAction failed: charId=13735, actionId=16, goalId=241, state=2
2026-07-02 04:45:37.0911|INFO|Worker24|AdaptableLog|[TaiwuRemoveAILimitation]: CreateAction succeeded: charId=955, actionId=15, goalId=238, state=2
2026-07-02 04:45:37.0911|INFO|Worker6|AdaptableLog|[TaiwuRemoveAILimitation]: CreateAction failed: charId=7745, actionId=22, goalId=238, state=2
2026-07-02 04:45:37.0911|INFO|Worker6|AdaptableLog|[TaiwuRemoveAILimitation]: CreateAction succeeded: charId=7745, actionId=22, goalId=238, state=2
2026-07-02 04:45:37.0911|INFO|Worker2|AdaptableLog|[TaiwuRemoveAILimitation]: CreateAction succeeded: charId=2261, actionId=14, goalId=8, state=2
2026-07-02 04:45:37.0911|INFO|Worker2|AdaptableLog|[TaiwuRemoveAILimitation]: CreateAction succeeded: charId=2219, actionId=14, goalId=238, state=2
2026-07-02 04:45:37.0911|INFO|Worker3|AdaptableLog|[TaiwuRemoveAILimitation]: CreateAction succeeded: charId=4590, actionId=21, goalId=238, state=2
2026-07-02 04:45:37.0911|INFO|Worker4|AdaptableLog|[TaiwuRemoveAILimitation]: CreateAction failed: charId=8011, actionId=23, goalId=241, state=2
2026-07-02 04:45:37.0911|INFO|Worker4|AdaptableLog|[TaiwuRemoveAILimitation]: CreateAction succeeded: charId=8011, actionId=15, goalId=238, state=2
2026-07-02 04:45:37.0911|INFO|Worker2|AdaptableLog|[TaiwuRemoveAILimitation]: CreateAction succeeded: charId=2226, actionId=14, goalId=8, state=2
2026-07-02 04:45:37.0911|INFO|Worker4|AdaptableLog|[TaiwuRemoveAILimitation]: CreateAction succeeded: charId=5761, actionId=14, goalId=241, state=2
2026-07-02 04:45:37.0911|INFO|Worker19|AdaptableLog|[TaiwuRemoveAILimitation]: CreateAction succeeded: charId=586, actionId=18, goalId=238, state=2
2026-07-02 04:45:37.0911|INFO|Worker4|AdaptableLog|[TaiwuRemoveAILimitation]: CreateAction succeeded: charId=8010, actionId=22, goalId=241, state=2
2026-07-02 04:45:37.0911|INFO|Worker6|AdaptableLog|[TaiwuRemoveAILimitation]: CreateAction succeeded: charId=1878, actionId=19, goalId=238, state=2
2026-07-02 04:45:37.0911|INFO|Worker8|AdaptableLog|[TaiwuRemoveAILimitation]: CreateAction failed: charId=13910, actionId=14, goalId=273, state=2
2026-07-02 04:45:37.0911|INFO|Worker4|AdaptableLog|[TaiwuRemoveAILimitation]: CreateAction failed: charId=5745, actionId=21, goalId=238, state=2
2026-07-02 04:45:37.0911|INFO|Worker4|AdaptableLog|[TaiwuRemoveAILimitation]: CreateAction succeeded: charId=5745, actionId=23, goalId=238, state=2
2026-07-02 04:45:37.1062|INFO|Worker6|AdaptableLog|[TaiwuRemoveAILimitation]: CreateAction failed: charId=1793, actionId=18, goalId=192, state=2
2026-07-02 04:45:37.1062|INFO|Worker8|AdaptableLog|[TaiwuRemoveAILimitation]: CreateAction failed: charId=13839, actionId=23, goalId=273, state=2
2026-07-02 04:45:37.1062|INFO|Worker6|AdaptableLog|[TaiwuRemoveAILimitation]: CreateAction failed: charId=1793, actionId=20, goalId=196, state=2
2026-07-02 04:45:37.1062|INFO|Worker6|AdaptableLog|[TaiwuRemoveAILimitation]: CreateAction succeeded: charId=1793, actionId=20, goalId=238, state=2
2026-07-02 04:45:37.1062|INFO|Worker4|AdaptableLog|[TaiwuRemoveAILimitation]: CreateAction succeeded: charId=5755, actionId=21, goalId=238, state=2
2026-07-02 04:45:37.1062|INFO|Worker2|AdaptableLog|[TaiwuRemoveAILimitation]: CreateAction succeeded: charId=2265, actionId=18, goalId=194, state=2
2026-07-02 04:45:37.1062|INFO|Worker4|AdaptableLog|[TaiwuRemoveAILimitation]: CreateAction failed: charId=5727, actionId=20, goalId=238, state=2
2026-07-02 04:45:37.1062|INFO|Worker4|AdaptableLog|[TaiwuRemoveAILimitation]: CreateAction succeeded: charId=5727, actionId=19, goalId=238, state=2
2026-07-02 04:45:37.1062|INFO|Worker4|AdaptableLog|[TaiwuRemoveAILimitation]: CreateAction succeeded: charId=7495, actionId=23, goalId=238, state=2
2026-07-02 04:45:37.1062|INFO|Worker6|AdaptableLog|[TaiwuRemoveAILimitation]: CreateAction succeeded: charId=1783, actionId=19, goalId=238, state=2
2026-07-02 04:45:37.1062|INFO|Worker4|AdaptableLog|[TaiwuRemoveAILimitation]: CreateAction succeeded: charId=5798, actionId=23, goalId=238, state=2
2026-07-02 04:45:37.1062|INFO|Worker6|AdaptableLog|[TaiwuRemoveAILimitation]: CreateAction succeeded: charId=8381, actionId=19, goalId=238, state=2
2026-07-02 04:45:37.1062|INFO|Worker4|AdaptableLog|[TaiwuRemoveAILimitation]: CreateAction succeeded: charId=8592, actionId=22, goalId=241, state=2
2026-07-02 04:45:37.1062|INFO|Worker8|AdaptableLog|[TaiwuRemoveAILimitation]: CreateAction failed: charId=10577, actionId=19, goalId=273, state=2
2026-07-02 04:45:37.1062|INFO|Worker8|AdaptableLog|[TaiwuRemoveAILimitation]: CreateAction failed: charId=10577, actionId=17, goalId=179, state=2
2026-07-02 04:45:37.1062|INFO|Worker6|AdaptableLog|[TaiwuRemoveAILimitation]: CreateAction succeeded: charId=1867, actionId=21, goalId=238, state=2
2026-07-02 04:45:37.1062|INFO|Worker8|AdaptableLog|[TaiwuRemoveAILimitation]: CreateAction succeeded: charId=6977, actionId=18, goalId=238, state=2
2026-07-02 04:45:37.1062|INFO|Worker2|AdaptableLog|[TaiwuRemoveAILimitation]: CreateAction succeeded: charId=2242, actionId=18, goalId=238, state=2
2026-07-02 04:45:37.1062|INFO|Worker2|AdaptableLog|[TaiwuRemoveAILimitation]: CreateAction succeeded: charId=2212, actionId=18, goalId=238, state=2
2026-07-02 04:45:37.1062|INFO|Worker2|AdaptableLog|[TaiwuRemoveAILimitation]: CreateAction succeeded: charId=2257, actionId=18, goalId=238, state=2
2026-07-02 04:45:37.1224|INFO|Worker4|AdaptableLog|[TaiwuRemoveAILimitation]: CreateAction succeeded: charId=5794, actionId=19, goalId=238, state=2
2026-07-02 04:45:37.1224|INFO|Worker8|AdaptableLog|[TaiwuRemoveAILimitation]: CreateAction failed: charId=14957, actionId=14, goalId=273, state=2
2026-07-02 04:45:37.1224|INFO|Worker4|AdaptableLog|[TaiwuRemoveAILimitation]: CreateAction succeeded: charId=10645, actionId=23, goalId=238, state=2
2026-07-02 04:45:37.1224|INFO|Worker8|AdaptableLog|[TaiwuRemoveAILimitation]: CreateAction failed: charId=12015, actionId=18, goalId=238, state=2
2026-07-02 04:45:37.1224|INFO|Worker4|AdaptableLog|[TaiwuRemoveAILimitation]: CreateAction failed: charId=5740, actionId=14, goalId=238, state=2
2026-07-02 04:45:37.1224|INFO|Worker4|AdaptableLog|[TaiwuRemoveAILimitation]: CreateAction succeeded: charId=5740, actionId=21, goalId=238, state=2
2026-07-02 04:45:37.1224|INFO|Worker4|AdaptableLog|[TaiwuRemoveAILimitation]: CreateAction failed: charId=8433, actionId=21, goalId=241, state=2
2026-07-02 04:45:37.1224|INFO|Worker4|AdaptableLog|[TaiwuRemoveAILimitation]: CreateAction succeeded: charId=8433, actionId=23, goalId=241, state=2
2026-07-02 04:45:37.1224|INFO|Worker4|AdaptableLog|[TaiwuRemoveAILimitation]: CreateAction failed: charId=5810, actionId=21, goalId=241, state=2
2026-07-02 04:45:37.1224|INFO|Worker4|AdaptableLog|[TaiwuRemoveAILimitation]: CreateAction succeeded: charId=5810, actionId=21, goalId=198, state=2
2026-07-02 04:45:37.1224|INFO|Worker4|AdaptableLog|[TaiwuRemoveAILimitation]: CreateAction succeeded: charId=5786, actionId=22, goalId=241, state=2
2026-07-02 04:45:37.1224|INFO|Worker4|AdaptableLog|[TaiwuRemoveAILimitation]: CreateAction succeeded: charId=5739, actionId=14, goalId=238, state=2
2026-07-02 04:45:37.1385|INFO|Worker8|AdaptableLog|[TaiwuRemoveAILimitation]: CreateAction failed: charId=11717, actionId=15, goalId=241, state=2
2026-07-02 04:45:37.1385|INFO|Worker8|AdaptableLog|[TaiwuRemoveAILimitation]: CreateAction failed: charId=13552, actionId=15, goalId=273, state=2
2026-07-02 04:45:37.1385|INFO|Worker4|AdaptableLog|[TaiwuRemoveAILimitation]: CreateAction failed: charId=5877, actionId=17, goalId=194, state=2
2026-07-02 04:45:37.1385|INFO|Worker4|AdaptableLog|[TaiwuRemoveAILimitation]: CreateAction failed: charId=5877, actionId=14, goalId=195, state=2
2026-07-02 04:45:37.1385|INFO|Worker4|AdaptableLog|[TaiwuRemoveAILimitation]: CreateAction succeeded: charId=5877, actionId=17, goalId=196, state=2
2026-07-02 04:45:37.1385|INFO|Worker8|AdaptableLog|[TaiwuRemoveAILimitation]: CreateAction failed: charId=10172, actionId=18, goalId=241, state=2
2026-07-02 04:45:37.1531|INFO|Worker8|AdaptableLog|[TaiwuRemoveAILimitation]: CreateAction succeeded: charId=11853, actionId=18, goalId=238, state=2
2026-07-02 04:45:37.1531|INFO|Worker8|AdaptableLog|[TaiwuRemoveAILimitation]: CreateAction failed: charId=9210, actionId=15, goalId=187, state=2
2026-07-02 04:45:37.1531|INFO|Worker8|AdaptableLog|[TaiwuRemoveAILimitation]: CreateAction failed: charId=9210, actionId=15, goalId=238, state=2
2026-07-02 04:45:37.1531|INFO|Worker8|AdaptableLog|[TaiwuRemoveAILimitation]: CreateAction failed: charId=9210, actionId=15, goalId=241, state=2
2026-07-02 04:45:37.1531|INFO|Worker8|AdaptableLog|[TaiwuRemoveAILimitation]: CreateAction failed: charId=12625, actionId=17, goalId=273, state=2
2026-07-02 04:45:37.1531|INFO|Worker8|AdaptableLog|[TaiwuRemoveAILimitation]: CreateAction succeeded: charId=9620, actionId=16, goalId=273, state=2
2026-07-02 04:45:37.1531|INFO|Worker8|AdaptableLog|[TaiwuRemoveAILimitation]: CreateAction failed: charId=13732, actionId=14, goalId=273, state=2
2026-07-02 04:45:37.1696|INFO|Worker8|AdaptableLog|[TaiwuRemoveAILimitation]: CreateAction failed: charId=9458, actionId=18, goalId=273, state=2
2026-07-02 04:45:37.1696|INFO|Worker8|AdaptableLog|[TaiwuRemoveAILimitation]: CreateAction failed: charId=9693, actionId=21, goalId=273, state=2
2026-07-02 04:45:37.1696|INFO|Worker8|AdaptableLog|[TaiwuRemoveAILimitation]: CreateAction failed: charId=11811, actionId=16, goalId=273, state=2
2026-07-02 04:45:37.1696|INFO|Worker8|AdaptableLog|[TaiwuRemoveAILimitation]: CreateAction succeeded: charId=13319, actionId=22, goalId=241, state=2
2026-07-02 04:45:37.1901|INFO|Worker8|AdaptableLog|[TaiwuRemoveAILimitation]: CreateAction failed: charId=12626, actionId=17, goalId=273, state=2
2026-07-02 04:45:37.1901|INFO|Worker8|AdaptableLog|[TaiwuRemoveAILimitation]: CreateAction failed: charId=9258, actionId=18, goalId=241, state=2
2026-07-02 04:45:37.1901|INFO|Worker8|AdaptableLog|[TaiwuRemoveAILimitation]: CreateAction failed: charId=13625, actionId=15, goalId=273, state=2
2026-07-02 04:45:37.2004|INFO|Worker8|AdaptableLog|[TaiwuRemoveAILimitation]: CreateAction succeeded: charId=13668, actionId=16, goalId=273, state=2
2026-07-02 04:45:37.2004|INFO|Worker8|AdaptableLog|[TaiwuRemoveAILimitation]: CreateAction failed: charId=13520, actionId=17, goalId=192, state=2
2026-07-02 04:45:37.2004|INFO|Worker8|AdaptableLog|[TaiwuRemoveAILimitation]: CreateAction failed: charId=14389, actionId=14, goalId=273, state=2
2026-07-02 04:45:37.2004|INFO|Worker8|AdaptableLog|[TaiwuRemoveAILimitation]: CreateAction failed: charId=12928, actionId=20, goalId=273, state=2
2026-07-02 04:45:37.2004|INFO|Worker8|AdaptableLog|[TaiwuRemoveAILimitation]: CreateAction failed: charId=13225, actionId=17, goalId=273, state=2
2026-07-02 04:45:37.2004|INFO|Worker8|AdaptableLog|[TaiwuRemoveAILimitation]: CreateAction succeeded: charId=14281, actionId=19, goalId=241, state=2
2026-07-02 04:45:37.2004|INFO|Worker8|AdaptableLog|[TaiwuRemoveAILimitation]: CreateAction failed: charId=13517, actionId=16, goalId=273, state=2
2026-07-02 04:45:37.2004|INFO|Worker8|AdaptableLog|[TaiwuRemoveAILimitation]: CreateAction failed: charId=13370, actionId=15, goalId=273, state=2
2026-07-02 04:45:37.2004|INFO|Worker8|AdaptableLog|[TaiwuRemoveAILimitation]: CreateAction failed: charId=13841, actionId=18, goalId=273, state=2
2026-07-02 04:45:37.2173|INFO|Worker8|AdaptableLog|[TaiwuRemoveAILimitation]: CreateAction succeeded: charId=2061, actionId=18, goalId=193, state=2
2026-07-02 04:45:37.2173|INFO|Worker8|AdaptableLog|[TaiwuRemoveAILimitation]: CreateAction failed: charId=12933, actionId=17, goalId=273, state=2
2026-07-02 04:45:37.2173|INFO|Worker8|AdaptableLog|[TaiwuRemoveAILimitation]: CreateAction failed: charId=13199, actionId=15, goalId=273, state=2
2026-07-02 04:45:37.2173|INFO|Worker8|AdaptableLog|[TaiwuRemoveAILimitation]: CreateAction failed: charId=12931, actionId=16, goalId=273, state=2
2026-07-02 04:45:37.2173|INFO|Worker8|AdaptableLog|[TaiwuRemoveAILimitation]: CreateAction succeeded: charId=13993, actionId=15, goalId=273, state=2
2026-07-02 04:45:37.2173|INFO|Worker8|AdaptableLog|[TaiwuRemoveAILimitation]: CreateAction failed: charId=14518, actionId=23, goalId=238, state=2
2026-07-02 04:45:37.2173|INFO|Worker8|AdaptableLog|[TaiwuRemoveAILimitation]: CreateAction failed: charId=13368, actionId=17, goalId=273, state=2
2026-07-02 04:45:37.2173|INFO|Worker8|AdaptableLog|[TaiwuRemoveAILimitation]: CreateAction failed: charId=13368, actionId=17, goalId=194, state=2
2026-07-02 04:45:37.2173|INFO|Worker8|AdaptableLog|[TaiwuRemoveAILimitation]: CreateAction failed: charId=13368, actionId=17, goalId=196, state=2
2026-07-02 04:45:37.2173|INFO|Worker8|AdaptableLog|[TaiwuRemoveAILimitation]: CreateAction failed: charId=13364, actionId=15, goalId=273, state=2
2026-07-02 04:45:37.2317|INFO|Worker8|AdaptableLog|[TaiwuRemoveAILimitation]: CreateAction failed: charId=13364, actionId=15, goalId=241, state=2
2026-07-02 04:45:37.2317|INFO|Worker8|AdaptableLog|[TaiwuRemoveAILimitation]: CreateAction failed: charId=10623, actionId=23, goalId=273, state=2
2026-07-02 04:45:37.2317|INFO|Worker8|AdaptableLog|[TaiwuRemoveAILimitation]: CreateAction failed: charId=2833, actionId=19, goalId=191, state=2
2026-07-02 04:45:37.2317|INFO|Worker8|AdaptableLog|[TaiwuRemoveAILimitation]: CreateAction succeeded: charId=3180, actionId=20, goalId=195, state=2
2026-07-02 04:45:37.2317|INFO|Worker8|AdaptableLog|[TaiwuRemoveAILimitation]: CreateAction succeeded: charId=2952, actionId=18, goalId=238, state=2
2026-07-02 04:45:37.2489|INFO|Main|AdaptableLog|[TaiwuRemoveAILimitation]: ExecuteAction finished: char=市镇大夫-印湘萍(2335)(id=2335), action=制作疗伤药(A20), target=<none>, no-next-action
2026-07-02 04:45:37.2489|INFO|Main|AdaptableLog|[TaiwuRemoveAILimitation]: ExecuteAction finished: char=五仙教仙娘使-白颐浩(4606)(id=4606), action=锻造木材道具(A15), target=<none>, no-next-action
2026-07-02 04:45:37.2489|INFO|Main|AdaptableLog|[TaiwuRemoveAILimitation]: ExecuteAction finished: char=五仙教巫相-沙梅衣(4605)(id=4605), action=制造毒药(A23), target=<none>, no-next-action
2026-07-02 04:45:37.2489|INFO|Main|AdaptableLog|[TaiwuRemoveAILimitation]: ExecuteAction finished: char=五仙教巫相-沙芳临(4607)(id=4607), action=制作疗伤药(A20), target=<none>, no-next-action
2026-07-02 04:45:37.2489|INFO|Main|AdaptableLog|[TaiwuRemoveAILimitation]: ExecuteAction finished: char=铸剑山庄宗匠-宋傲东(3425)(id=3425), action=制造健康药(A19), target=<none>, no-next-action
2026-07-02 04:45:37.2489|INFO|Main|AdaptableLog|[TaiwuRemoveAILimitation]: ExecuteAction finished: char=伏龙坛龙头长老-查抒(7838)(id=7838), action=制造菜肴(A18), target=<none>, no-next-action
2026-07-02 04:45:37.2630|INFO|Main|AdaptableLog|[TaiwuRemoveAILimitation]: ExecuteAction finished: char=伏龙坛赐姓弟子-孙安(5403)(id=5403), action=制造菜肴(A18), target=<none>, no-next-action
2026-07-02 04:45:37.2630|INFO|Main|AdaptableLog|[TaiwuRemoveAILimitation]: ExecuteAction finished: char=伏龙坛祭龙主-公冶华(5326)(id=5326), action=锻造金铁道具(A14), target=<none>, no-next-action
2026-07-02 04:45:37.2630|INFO|Main|AdaptableLog|[TaiwuRemoveAILimitation]: ExecuteAction finished: char=太吾村村民-褚寒琳(13668)(id=13668), action=锻造玉石道具(A16), target=<none>, no-next-action
2026-07-02 04:45:37.2630|INFO|Main|AdaptableLog|[TaiwuRemoveAILimitation]: ExecuteAction finished: char=市镇手艺人-喻心随(4496)(id=4496), action=锻造木材道具(A15), target=<none>, no-next-action
2026-07-02 04:45:37.2630|INFO|Main|AdaptableLog|[TaiwuRemoveAILimitation]: ExecuteAction finished: char=村庄豪富-方素微(3576)(id=3576), action=制造解毒药(A21), target=<none>, no-next-action
2026-07-02 04:45:37.2820|INFO|Main|AdaptableLog|[TaiwuRemoveAILimitation]: ExecuteAction finished: char=辽阳商人-和磊(2518)(id=2518), action=锻造织物道具(A17), target=<none>, no-next-action
2026-07-02 04:45:37.2820|INFO|Main|AdaptableLog|[TaiwuRemoveAILimitation]: ExecuteAction finished: char=峨眉派长老-夏玉(8064)(id=8064), action=研读旧书(A59), target=<none>, no-next-action
2026-07-02 04:45:37.2820|INFO|Main|AdaptableLog|[TaiwuRemoveAILimitation]: ExecuteAction finished: char=村庄商人-蒙夕星(4492)(id=4492), action=锻造玉石道具(A16), target=<none>, no-next-action
2026-07-02 04:45:37.2820|INFO|Main|AdaptableLog|[TaiwuRemoveAILimitation]: ExecuteAction finished: char=太吾村大夫-薛曰可(10353)(id=10353), action=制造解毒药(A21), target=<none>, next=售出道具(A35)
2026-07-02 04:45:37.2820|INFO|Main|AdaptableLog|[TaiwuRemoveAILimitation]: ExecuteAction finished: char=扬州大夫-郭彰荣(5606)(id=5606), action=制造解毒药(A21), target=<none>, no-next-action
2026-07-02 04:45:37.2820|INFO|Main|AdaptableLog|[TaiwuRemoveAILimitation]: ExecuteAction finished: char=百花谷鹿裳使-荀良朋(963)(id=963), action=制作疗伤药(A20), target=<none>, no-next-action
2026-07-02 04:45:37.2820|INFO|Main|AdaptableLog|[TaiwuRemoveAILimitation]: ExecuteAction finished: char=百花谷金匣弟子-蒋蕾(956)(id=956), action=制作疗伤药(A20), target=<none>, no-next-action
2026-07-02 04:45:37.2820|INFO|Main|AdaptableLog|[TaiwuRemoveAILimitation]: ExecuteAction finished: char=百花谷朱匣弟子-丁玉函(994)(id=994), action=制造解毒药(A21), target=<none>, no-next-action
2026-07-02 04:45:37.2820|INFO|Main|AdaptableLog|[TaiwuRemoveAILimitation]: ExecuteAction finished: char=百花谷掌匣人-钱少游(946)(id=946), action=锻造织物道具(A17), target=<none>, no-next-action
2026-07-02 04:45:37.2820|INFO|Main|AdaptableLog|[TaiwuRemoveAILimitation]: ExecuteAction finished: char=百花谷妙手-松美琪(970)(id=970), action=制作疗伤药(A20), target=<none>, no-next-action
2026-07-02 04:45:37.2937|INFO|Main|AdaptableLog|[TaiwuRemoveAILimitation]: ExecuteAction finished: char=百花谷掌匣人-谷圭(944)(id=944), action=制造菜肴(A18), target=<none>, no-next-action
2026-07-02 04:45:37.2937|INFO|Main|AdaptableLog|[TaiwuRemoveAILimitation]: ExecuteAction finished: char=百花谷掌匣人-宫骏(951)(id=951), action=制造菜肴(A18), target=<none>, no-next-action
2026-07-02 04:45:37.2937|INFO|Main|AdaptableLog|[TaiwuRemoveAILimitation]: ExecuteAction finished: char=百花谷金匣弟子-姚妃瑛(7698)(id=7698), action=制作疗伤药(A20), target=<none>, no-next-action
2026-07-02 04:45:37.2937|INFO|Main|AdaptableLog|[TaiwuRemoveAILimitation]: ExecuteAction finished: char=百花谷玉匣弟子-谷少梁(7883)(id=7883), action=制作调息药(A22), target=<none>, no-next-action
2026-07-02 04:45:37.2937|INFO|Main|AdaptableLog|[TaiwuRemoveAILimitation]: ExecuteAction finished: char=百花谷鹿裳使-第五桂(954)(id=954), action=制造健康药(A19), target=<none>, no-next-action
2026-07-02 04:45:37.2937|INFO|Main|AdaptableLog|[TaiwuRemoveAILimitation]: ExecuteAction finished: char=百花谷朱匣弟子-冉葵星(990)(id=990), action=制造解毒药(A21), target=<none>, next=售出道具(A35)
2026-07-02 04:45:37.2937|INFO|Main|AdaptableLog|[TaiwuRemoveAILimitation]: ExecuteAction finished: char=百花谷朱匣弟子-长孙传情(986)(id=986), action=制作调息药(A22), target=<none>, no-next-action
2026-07-02 04:45:37.2937|INFO|Main|AdaptableLog|[TaiwuRemoveAILimitation]: ExecuteAction finished: char=百花谷朱匣弟子-卢辨芬(11120)(id=11120), action=制作疗伤药(A20), target=<none>, no-next-action
2026-07-02 04:45:37.2937|INFO|Main|AdaptableLog|[TaiwuRemoveAILimitation]: ExecuteAction finished: char=百花谷鹿裳使-狄礼慧(966)(id=966), action=制造解毒药(A21), target=<none>, no-next-action
2026-07-02 04:45:37.3148|INFO|Main|AdaptableLog|[TaiwuRemoveAILimitation]: ExecuteAction finished: char=空桑派玄炉院弟子-薛忠鉴(3842)(id=3842), action=锻造织物道具(A17), target=<none>, no-next-action
2026-07-02 04:45:37.3148|INFO|Main|AdaptableLog|[TaiwuRemoveAILimitation]: ExecuteAction finished: char=空桑派长老-蓝无端(3803)(id=3803), action=制作疗伤药(A20), target=<none>, no-next-action
2026-07-02 04:45:37.3148|INFO|Main|AdaptableLog|[TaiwuRemoveAILimitation]: ExecuteAction finished: char=空桑派长老-傅振豪(3822)(id=3822), action=制作疗伤药(A20), target=<none>, no-next-action
2026-07-02 04:45:37.3148|INFO|Main|AdaptableLog|[TaiwuRemoveAILimitation]: ExecuteAction finished: char=空桑派蛟王院弟子-邵栖安(3833)(id=3833), action=锻造织物道具(A17), target=<none>, no-next-action
2026-07-02 04:45:37.3148|INFO|Main|AdaptableLog|[TaiwuRemoveAILimitation]: ExecuteAction finished: char=空桑派蛟士-子车清霞(3843)(id=3843), action=制造健康药(A19), target=<none>, no-next-action
2026-07-02 04:45:37.3148|INFO|Main|AdaptableLog|[TaiwuRemoveAILimitation]: ExecuteAction finished: char=空桑派长老-章少蕾(3830)(id=3830), action=制造健康药(A19), target=<none>, no-next-action
2026-07-02 04:45:37.3148|INFO|Main|AdaptableLog|[TaiwuRemoveAILimitation]: ExecuteAction finished: char=空桑派药王-钟典纲(3815)(id=3815), action=锻造玉石道具(A16), target=<none>, next=赠予道具(A31)
2026-07-02 04:45:37.3148|INFO|Main|AdaptableLog|[TaiwuRemoveAILimitation]: ExecuteAction finished: char=空桑派蛟士-劳和(3799)(id=3799), action=制造健康药(A19), target=<none>, no-next-action
2026-07-02 04:45:37.3148|INFO|Main|AdaptableLog|[TaiwuRemoveAILimitation]: ExecuteAction finished: char=太原大夫-岑苍弘(4341)(id=4341), action=锻造金铁道具(A14), target=<none>, no-next-action
2026-07-02 04:45:37.3148|INFO|Main|GameData.Domains.Global.GlobalDomain|[AdvanceMonth_Execute] CharacterActionPlanning: 2,231.1
2026-07-02 04:45:37.4286|INFO|Main|GameData.Domains.Global.GlobalDomain|[AdvanceMonth_Execute] CharacterFixedAction: 109.8
2026-07-02 04:45:37.5390|INFO|Main|GameData.Domains.Global.GlobalDomain|[AdvanceMonth_Execute] UpdateInformation: 108.0
2026-07-02 04:45:37.5525|INFO|Main|GameData.Domains.Item.ItemDomain|Getting item of type 10(SkillBook) and sub type 1000 with grade 6
2026-07-02 04:45:37.6019|INFO|Main|GameData.Domains.Global.GlobalDomain|[AdvanceMonth_Execute] UpdateInfectedCharacters: 0.2
2026-07-02 04:45:37.6019|INFO|Main|GameData.Domains.Item.ItemDomain|Getting item of type 0(Weapon) and sub type 4 with grade 7
2026-07-02 04:45:37.6308|INFO|Main|GameData.Domains.Global.GlobalDomain|[AdvanceMonth_Execute] UpdateCharacterMovements: 28.7
2026-07-02 04:45:37.8025|INFO|Main|AdaptableLog|[RecruitOrCreateLackingMembers]: Recruited Count for 村庄, grade 0: 1
2026-07-02 04:45:37.8025|INFO|Main|AdaptableLog|[RecruitOrCreateLackingMembers]: Recruited Count for 寿春, grade 0: 1
2026-07-02 04:45:38.0826|INFO|Main|GameData.Domains.Global.GlobalDomain|[AdvanceMonth_Execute] UpdateOrganizationMembers: 396.5
2026-07-02 04:45:38.1021|INFO|Main|AdaptableLog|
2026-07-02 04:45:38.1021|INFO|Main|AdaptableLog|然山派关押青州城主夫人/城主老爷-褚雅(5928)，初始值：立场2 * (罪行3 * 5 - 身份8) = 14，精纯影响：精纯上限18 + 囚犯精纯0 - 守卫平均精纯18 = 0，时长影响：总时长12 - 2 * 已关押时长10 = -8，共计：6
2026-07-02 04:45:38.1021|INFO|Main|AdaptableLog|逃跑概率：(6 - 100) * (100 - 30[7品五彩绳]) / 100 + 0 * 20 = -65%，最终取0%
2026-07-02 04:45:38.1021|INFO|Main|AdaptableLog|逃跑×失败
2026-07-02 04:45:38.1021|INFO|Main|AdaptableLog|
2026-07-02 04:45:38.1021|INFO|Main|AdaptableLog|
2026-07-02 04:45:38.1021|INFO|Main|AdaptableLog|璇女派关押璇女派璇仙使-农诗贤(2957)，初始值：立场1 * (罪行2 * 5 - 身份7) = 3，精纯影响：精纯上限18 + 囚犯精纯16 - 守卫平均精纯16 = 18，时长影响：总时长6 - 2 * 已关押时长1 = 4，共计：25
2026-07-02 04:45:38.1021|INFO|Main|AdaptableLog|逃跑概率：(25 - 100) * (100 - 20[9品长绳]) / 100 + 0 * 20 = -60%，最终取0%
2026-07-02 04:45:38.1021|INFO|Main|AdaptableLog|逃跑×失败
2026-07-02 04:45:38.1021|INFO|Main|AdaptableLog|
2026-07-02 04:45:38.1021|INFO|Main|AdaptableLog|
2026-07-02 04:45:38.1021|INFO|Main|AdaptableLog|五仙教关押五仙教圣女-董芳(4555)，初始值：立场4 * (罪行3 * 5 - 身份7) = 32，精纯影响：精纯上限18 + 囚犯精纯16 - 守卫平均精纯16 = 18，时长影响：总时长12 - 2 * 已关押时长6 = 0，共计：50
2026-07-02 04:45:38.1021|INFO|Main|AdaptableLog|逃跑概率：(50 - 100) * (100 - 30[7品五彩绳]) / 100 + 0 * 20 = -35%，最终取0%
2026-07-02 04:45:38.1021|INFO|Main|AdaptableLog|逃跑×失败
2026-07-02 04:45:38.1021|INFO|Main|AdaptableLog|
2026-07-02 04:45:38.1021|INFO|Main|AdaptableLog|
2026-07-02 04:45:38.1021|INFO|Main|AdaptableLog|血犼教关押市镇权贵-澹台凤妍(5627)，初始值：立场1 * (罪行3 * 5 - 身份7) = 8，精纯影响：精纯上限18 + 囚犯精纯0 - 守卫平均精纯18 = 0，时长影响：总时长12 - 2 * 已关押时长11 = -10，共计：-2
2026-07-02 04:45:38.1021|INFO|Main|AdaptableLog|逃跑概率：(-2 - 100) * (100 - 30[7品五彩绳]) / 100 + 0 * 20 = -71%，最终取0%
2026-07-02 04:45:38.1021|INFO|Main|AdaptableLog|逃跑×失败
2026-07-02 04:45:38.1021|INFO|Main|AdaptableLog|
2026-07-02 04:45:38.1107|INFO|Main|AdaptableLog|[LegendaryBook]: Failed to assign random owner for book type 12.
2026-07-02 04:45:38.1107|WARN|Main|AdaptableLog|[Adventure]: AutoGenerateByConfig cost 4ms
2026-07-02 04:45:38.1432|INFO|Main|GameData.Domains.TaiwuEvent.EventScriptRuntime|做一个保底机制确保不会变成捕快窝
2026-07-02 04:45:38.1432|INFO|Main|GameData.Domains.TaiwuEvent.EventScriptRuntime|刷新各类捕快数量
2026-07-02 04:45:38.4496|WARN|Main|AdaptableLog|get invalid vital data by type Heaven
2026-07-02 04:45:38.4496|WARN|Main|AdaptableLog|get invalid vital data by type Earth
2026-07-02 04:45:38.4496|WARN|Main|AdaptableLog|get invalid vital data by type Human
2026-07-02 04:45:38.5117|INFO|Main|GameData.Domains.World.WorldDomain|Removing monthly event Config.MonthlyEventItem(274) at 88 of size 3 from a collection of size 91 and count 9
2026-07-02 04:45:38.5117|INFO|Main|GameData.Domains.World.WorldDomain|Removing monthly event Config.MonthlyEventItem(470) at 81 of size 7 from a collection of size 88 and count 8
2026-07-02 04:45:38.5117|INFO|Main|GameData.Domains.World.WorldDomain|Removing monthly event Config.MonthlyEventItem(373) at 78 of size 3 from a collection of size 81 and count 7
2026-07-02 04:45:38.5124|INFO|Main|GameData.Domains.World.WorldDomain|CheckMonthlyEvents: 6 events detected.
2026-07-02 04:45:38.5124|INFO|Main|GameData.Domains.World.WorldDomain|AdvanceMonth: end --------------------------------------------------------------
2026-07-02 04:45:38.5124|INFO|Main|GameData.Domains.World.WorldDomain|Advance Month Time Cost: 4828ms
2026-07-02 04:45:38.7666|INFO|Main|GameData.Domains.Global.GlobalDomain|Required Space: 1073741824 bytes.
Available Space: 1399503302656
2026-07-02 04:45:40.7125|INFO|Main|AdaptableLog|babyId15970
2026-07-02 04:45:40.7125|INFO|Main|AdaptableLog|papa6882
2026-07-02 04:45:40.7125|INFO|Main|AdaptableLog|mama16443
2026-07-02 04:45:40.7125|INFO|Main|AdaptableLog|baby16443
2026-07-02 04:45:40.7125|INFO|Main|GameData.Domains.World.WorldDomain|Exit advancing month state and start saving world.
2026-07-02 04:45:40.7171|INFO|Main|GameData.Domains.World.WorldDomain|Currrent Population / World Standard Population: 6512/5184, Probability Adjustment of Creating Character: 100%
2026-07-02 04:45:40.7171|INFO|Main|GameData.Domains.Character.CharacterDomain|[[201]] Alive characters: 7317, dead characters: 4288
2026-07-02 04:45:40.7171|INFO|Main|GameData.Domains.Character.CharacterDomain|Non-intelligent characters: 122
  16452: 370-百邪
  16464: 370-百邪
  16472: 370-百邪
  16473: 1119-古兵残魂
  16465: 370-百邪
  16451: 370-百邪
  16474: 1124-古将残魂
  16182: 480-金刚院弟子
  8225: 377-年轻侠士
  7427: 377-年轻侠士
  16457: 370-百邪
  16186: 480-金刚院弟子
  16476: 1124-古将残魂
  16462: 370-百邪
  7428: 377-年轻侠士
  16471: 370-百邪
  8345: 377-年轻侠士
  16475: 1119-古兵残魂
  16448: 370-百邪
  16470: 370-百邪
  7426: 377-年轻侠士
  16477: 1119-古兵残魂
  16450: 370-百邪
  7425: 377-年轻侠士
  16463: 370-百邪
  16466: 370-百邪
  8224: 377-年轻侠士
  8223: 377-年轻侠士
  16467: 370-百邪
  7203: 377-年轻侠士
  16185: 480-金刚院弟子
  16469: 370-百邪
  16478: 1124-古将残魂
  16468: 370-百邪
  16456: 370-百邪
  7219: 377-年轻侠士
  16449: 370-百邪
  7424: 377-年轻侠士
  16458: 370-百邪
  7423: 377-年轻侠士

2026-07-02 04:45:40.7171|INFO|Main|AdaptableLog|EventArgBox newly created: 153 instances, 530 object collections.
2026-07-02 04:45:40.7171|WARN|Main|GameData.Domains.Item.ItemDomain|4 unowned Weapon detected.
2026-07-02 04:45:40.7171|WARN|Main|GameData.Domains.Item.ItemDomain|12 unowned Armor detected.
2026-07-02 04:45:40.7171|WARN|Main|GameData.Domains.Item.ItemDomain|9 unowned Accessory detected.
2026-07-02 04:45:40.7171|WARN|Main|GameData.Domains.Item.ItemDomain|9 unowned Carrier detected.
2026-07-02 04:45:40.7171|WARN|Main|GameData.Domains.Item.ItemDomain|8 unowned CraftTool detected.
2026-07-02 04:45:40.7171|WARN|Main|GameData.Domains.Item.ItemDomain|5 unowned TeaWine detected.
2026-07-02 04:45:40.7171|WARN|Main|GameData.Domains.Item.ItemDomain|71 unowned SkillBook detected.
2026-07-02 04:45:40.7171|WARN|Main|GameData.Domains.Item.ItemDomain|2911 unowned Cricket detected.
2026-07-02 04:45:40.7171|WARN|Main|GameData.Domains.Item.ItemDomain|1 unowned Misc detected.
2026-07-02 04:45:40.7171|INFO|Main|GameData.Domains.Item.ItemDomain|Total unowned items: 3030
2026-07-02 04:45:41.0890|INFO|Main|GameData.Domains.Global.GlobalDomain|Total managed memory usage: 640.2MB
2026-07-02 04:45:41.1075|INFO|Main|GameData.Domains.Global.GlobalDomain|Required Space: 1073741824 bytes.
Available Space: 1399503302656
2026-07-02 04:45:41.8703|INFO|Main|GameData.Domains.Global.GlobalDomain|SaveWorld: 762.5
2026-07-02 04:45:42.2993|INFO|Main|AdaptableLog|new Event triggered : 1505c7c2-8a55-4794-bd85-1c5aec7ea341, _triggeredEventList.Count = 1
2026-07-02 04:45:42.2993|INFO|Main|AdaptableLog|new Event triggered : 5820ef21-229c-4bf5-a968-9dec8ae6a480, _triggeredEventList.Count = 2
2026-07-02 04:45:42.2993|INFO|Main|AdaptableLog|1505c7c2-8a55-4794-bd85-1c5aec7ea341 to event => 
2026-07-02 04:45:42.2993|INFO|Main|AdaptableLog|5820ef21-229c-4bf5-a968-9dec8ae6a480 to event => 
2026-07-02 04:45:43.5513|INFO|Main|GameData.Domains.Global.GlobalDomain|Required Space: 1073741824 bytes.
Available Space: 1399488450560
2026-07-02 04:45:43.5832|INFO|Main|GameData.Domains.World.WorldDomain|AdvanceMonth: begin ------------------------------------------------------------
2026-07-02 04:45:43.5948|INFO|Main|GameData.Domains.Character.CharacterDomain|Removing all temporary enemies with a total count of 39
2026-07-02 04:45:43.5948|INFO|Main|GameData.Domains.Character.CharacterDomain|Clearing temporary characters with a total count of 0
2026-07-02 04:45:43.5948|INFO|Main|GameData.Domains.Global.GlobalDomain|Required Space: 1073741824 bytes.
Available Space: 1399488450560
2026-07-02 04:45:43.5948|INFO|Main|GameData.Domains.World.WorldDomain|New month begin: Year 17, Month 10 (201)
2026-07-02 04:45:43.8191|INFO|Main|GameData.Domains.Global.GlobalDomain|[AdvanceMonth_Execute] PreAdvanceMonth: 214.5
2026-07-02 04:45:43.9833|INFO|Main|GameData.Domains.Character.CharacterDomain|市镇下九流-左丘玄素(1706) is dead at age 28.(玄灰绝命:{killer=-1, location={12, 646}, adventure=0})
2026-07-02 04:45:43.9833|INFO|Main|GameData.Domains.Character.CharacterDomain|村庄文人-黎兰姿(2682) is dead at age 22.(玄灰绝命:{killer=-1, location={19, 743}, adventure=0})
2026-07-02 04:45:43.9986|INFO|Main|GameData.Domains.Character.CharacterDomain|青州商人-党秀梅(2781) is dead at age 49.(寿终正寝:{killer=-1, location={0, 616}, adventure=0})
2026-07-02 04:45:43.9986|INFO|Main|GameData.Domains.Character.CharacterDomain|五仙教圣女-董芳(4555) is dead at age 32.(玄灰绝命:{killer=-1, location={34, 528}, adventure=0})
2026-07-02 04:45:44.0172|INFO|Main|GameData.Domains.Character.CharacterDomain|山寨管事-凌青碧(4713) is dead at age 44.(玄灰绝命:{killer=-1, location={34, 415}, adventure=0})
2026-07-02 04:45:44.0172|INFO|Main|GameData.Domains.Character.CharacterDomain|市镇文人-胥暖青(5301) is dead at age 56.(寿终正寝:{killer=-1, location={25, 560}, adventure=0})
2026-07-02 04:45:44.0324|INFO|Main|GameData.Domains.Character.CharacterDomain|市镇下九流-狄乃靖(7416) is dead at age 26.(玄灰绝命:{killer=-1, location={5, 318}, adventure=0})
2026-07-02 04:45:44.0324|INFO|Main|GameData.Domains.Character.CharacterDomain|山寨大夫-石辨茵(10745) is dead at age 27.(玄灰绝命:{killer=-1, location={21, 400}, adventure=0})
2026-07-02 04:45:44.0513|INFO|Main|AdaptableLog|逃跑概率：(113 - 100) * (100 - 40[5品朱霞长索]) / 100 + 0 * 20 = 7%，最终取7%
2026-07-02 04:45:44.0513|INFO|Main|AdaptableLog|逃跑概率：(123 - 100) * (100 - 40[5品朱霞长索]) / 100 + 0 * 20 = 13%，最终取13%
2026-07-02 04:45:44.0513|INFO|Main|GameData.Domains.Global.GlobalDomain|[AdvanceMonth_Execute] UpdateStatus: 234.0
2026-07-02 04:45:44.1282|INFO|Main|GameData.Domains.Global.GlobalDomain|[AdvanceMonth_Execute] SelfImprovement: 64.5
2026-07-02 04:45:44.5072|INFO|Main|GameData.Domains.Global.GlobalDomain|[AdvanceMonth_Execute] CharacterPreparation: 378.7
2026-07-02 04:45:44.6760|INFO|Main|GameData.Domains.Character.CharacterDomain|[DistantMarriage] PassConditionCount=2264, PassSuccessRateCheckCount=5, FoundTargetCount=0
2026-07-02 04:45:44.6760|INFO|Main|GameData.Domains.Character.CharacterDomain|Adore Relations In Marriage: 0/0
2026-07-02 04:45:44.6760|INFO|Main|GameData.Domains.Global.GlobalDomain|[AdvanceMonth_Execute] CharacterRelationsUpdate: 170.7
2026-07-02 04:45:44.6871|WARN|Worker2|GameData.Domains.Map.MapDomain|Invalid travel route -1 => 27: path not exists.
2026-07-02 04:45:44.6871|WARN|Worker0|GameData.Domains.Map.MapDomain|Invalid travel route -1 => 31: path not exists.
2026-07-02 04:45:45.0803|INFO|Worker0|AdaptableLog|[TaiwuRemoveAILimitation]: CreateAction succeeded: charId=1925, actionId=17, goalId=273, state=1
2026-07-02 04:45:45.0803|INFO|Worker2|AdaptableLog|[TaiwuRemoveAILimitation]: CreateAction failed: charId=8266, actionId=18, goalId=273, state=1
2026-07-02 04:45:45.0803|INFO|Worker22|AdaptableLog|[TaiwuRemoveAILimitation]: CreateAction failed: charId=9098, actionId=19, goalId=273, state=1
2026-07-02 04:45:45.0803|INFO|Worker23|AdaptableLog|[TaiwuRemoveAILimitation]: CreateAction succeeded: charId=1217, actionId=23, goalId=238, state=1
2026-07-02 04:45:45.0948|INFO|Worker22|AdaptableLog|[TaiwuRemoveAILimitation]: CreateAction failed: charId=11218, actionId=16, goalId=273, state=1
2026-07-02 04:45:45.0948|INFO|Worker12|AdaptableLog|[TaiwuRemoveAILimitation]: CreateAction succeeded: charId=213, actionId=19, goalId=238, state=1
2026-07-02 04:45:45.0948|INFO|Worker10|AdaptableLog|[TaiwuRemoveAILimitation]: CreateAction succeeded: charId=1387, actionId=15, goalId=238, state=1
2026-07-02 04:45:45.0948|INFO|Worker12|AdaptableLog|[TaiwuRemoveAILimitation]: CreateAction failed: charId=243, actionId=19, goalId=273, state=1
2026-07-02 04:45:45.0948|INFO|Worker11|AdaptableLog|[TaiwuRemoveAILimitation]: CreateAction succeeded: charId=1167, actionId=23, goalId=273, state=1
2026-07-02 04:45:45.0948|INFO|Worker25|AdaptableLog|[TaiwuRemoveAILimitation]: CreateAction succeeded: charId=469, actionId=15, goalId=238, state=1
2026-07-02 04:45:45.0948|INFO|Worker0|AdaptableLog|[TaiwuRemoveAILimitation]: CreateAction failed: charId=1926, actionId=17, goalId=238, state=1
2026-07-02 04:45:45.0948|INFO|Worker0|AdaptableLog|[TaiwuRemoveAILimitation]: CreateAction failed: charId=1926, actionId=17, goalId=238, state=1
2026-07-02 04:45:45.0948|INFO|Worker8|AdaptableLog|[TaiwuRemoveAILimitation]: CreateAction failed: charId=3354, actionId=14, goalId=196, state=1
2026-07-02 04:45:45.0948|INFO|Worker17|AdaptableLog|[TaiwuRemoveAILimitation]: CreateAction succeeded: charId=87, actionId=23, goalId=238, state=1
2026-07-02 04:45:45.0948|INFO|Worker25|AdaptableLog|[TaiwuRemoveAILimitation]: CreateAction failed: charId=4082, actionId=19, goalId=273, state=1
2026-07-02 04:45:45.0948|INFO|Worker8|AdaptableLog|[TaiwuRemoveAILimitation]: CreateAction succeeded: charId=3354, actionId=14, goalId=191, state=1
2026-07-02 04:45:45.0948|INFO|Worker16|AdaptableLog|[TaiwuRemoveAILimitation]: CreateAction succeeded: charId=4391, actionId=15, goalId=273, state=1
2026-07-02 04:45:45.1069|INFO|Worker25|AdaptableLog|[TaiwuRemoveAILimitation]: CreateAction failed: charId=4082, actionId=20, goalId=192, state=1
2026-07-02 04:45:45.1069|INFO|Worker1|AdaptableLog|[TaiwuRemoveAILimitation]: CreateAction failed: charId=10341, actionId=18, goalId=241, state=1
2026-07-02 04:45:45.1069|INFO|Worker18|AdaptableLog|[TaiwuRemoveAILimitation]: CreateAction failed: charId=2340, actionId=17, goalId=273, state=1
2026-07-02 04:45:45.1069|INFO|Worker5|AdaptableLog|[TaiwuRemoveAILimitation]: CreateAction succeeded: charId=8145, actionId=17, goalId=245, state=1
2026-07-02 04:45:45.1069|INFO|Worker28|AdaptableLog|[TaiwuRemoveAILimitation]: CreateAction succeeded: charId=4494, actionId=15, goalId=192, state=1
2026-07-02 04:45:45.1069|INFO|Worker9|AdaptableLog|[TaiwuRemoveAILimitation]: CreateAction failed: charId=371, actionId=15, goalId=194, state=1
2026-07-02 04:45:45.1069|INFO|Worker8|AdaptableLog|[TaiwuRemoveAILimitation]: CreateAction failed: charId=3229, actionId=20, goalId=273, state=1
2026-07-02 04:45:45.1069|INFO|Worker25|AdaptableLog|[TaiwuRemoveAILimitation]: CreateAction succeeded: charId=4082, actionId=21, goalId=196, state=1
2026-07-02 04:45:45.1069|INFO|Worker13|AdaptableLog|[TaiwuRemoveAILimitation]: CreateAction succeeded: charId=4341, actionId=16, goalId=273, state=1
2026-07-02 04:45:45.1069|INFO|Worker9|AdaptableLog|[TaiwuRemoveAILimitation]: CreateAction failed: charId=371, actionId=15, goalId=195, state=1
2026-07-02 04:45:45.1069|INFO|Worker9|AdaptableLog|[TaiwuRemoveAILimitation]: CreateAction succeeded: charId=371, actionId=16, goalId=196, state=1
2026-07-02 04:45:45.1069|INFO|Worker15|AdaptableLog|[TaiwuRemoveAILimitation]: CreateAction succeeded: charId=2415, actionId=19, goalId=238, state=1
2026-07-02 04:45:45.1069|INFO|Worker4|AdaptableLog|[TaiwuRemoveAILimitation]: CreateAction failed: charId=14671, actionId=14, goalId=273, state=1
2026-07-02 04:45:45.1069|INFO|Worker7|AdaptableLog|[TaiwuRemoveAILimitation]: CreateAction failed: charId=2512, actionId=19, goalId=273, state=1
2026-07-02 04:45:45.1069|INFO|Worker15|AdaptableLog|[TaiwuRemoveAILimitation]: CreateAction failed: charId=4785, actionId=23, goalId=238, state=1
2026-07-02 04:45:45.1069|INFO|Worker5|AdaptableLog|[TaiwuRemoveAILimitation]: CreateAction succeeded: charId=3451, actionId=20, goalId=273, state=1
2026-07-02 04:45:45.1069|INFO|Worker7|AdaptableLog|[TaiwuRemoveAILimitation]: CreateAction succeeded: charId=5648, actionId=23, goalId=238, state=1
2026-07-02 04:45:45.1069|INFO|Worker5|AdaptableLog|[TaiwuRemoveAILimitation]: CreateAction succeeded: charId=7317, actionId=22, goalId=273, state=1
2026-07-02 04:45:45.1069|INFO|Worker5|AdaptableLog|[TaiwuRemoveAILimitation]: CreateAction succeeded: charId=3399, actionId=16, goalId=273, state=1
2026-07-02 04:45:45.1069|INFO|Worker3|AdaptableLog|[TaiwuRemoveAILimitation]: CreateAction succeeded: charId=669, actionId=16, goalId=273, state=1
2026-07-02 04:45:45.1069|INFO|Worker15|AdaptableLog|[TaiwuRemoveAILimitation]: CreateAction failed: charId=2939, actionId=16, goalId=241, state=1
2026-07-02 04:45:45.1069|INFO|Worker21|AdaptableLog|[TaiwuRemoveAILimitation]: CreateAction succeeded: charId=1126, actionId=15, goalId=273, state=1
2026-07-02 04:45:45.1069|INFO|Worker12|AdaptableLog|[TaiwuRemoveAILimitation]: CreateAction failed: charId=223, actionId=20, goalId=273, state=1
2026-07-02 04:45:45.1069|INFO|Worker10|AdaptableLog|[TaiwuRemoveAILimitation]: CreateAction failed: charId=7003, actionId=15, goalId=191, state=1
2026-07-02 04:45:45.1069|INFO|Worker1|AdaptableLog|[TaiwuRemoveAILimitation]: CreateAction failed: charId=13737, actionId=14, goalId=273, state=1
2026-07-02 04:45:45.1069|INFO|Worker10|AdaptableLog|[TaiwuRemoveAILimitation]: CreateAction failed: charId=7003, actionId=15, goalId=193, state=1
2026-07-02 04:45:45.1069|INFO|Worker8|AdaptableLog|[TaiwuRemoveAILimitation]: CreateAction failed: charId=3237, actionId=14, goalId=191, state=1
2026-07-02 04:45:45.1069|INFO|Worker19|AdaptableLog|[TaiwuRemoveAILimitation]: CreateAction failed: charId=1752, actionId=16, goalId=238, state=1
2026-07-02 04:45:45.1069|INFO|Worker24|AdaptableLog|[TaiwuRemoveAILimitation]: CreateAction failed: charId=3307, actionId=16, goalId=273, state=1
2026-07-02 04:45:45.1069|INFO|Worker10|AdaptableLog|[TaiwuRemoveAILimitation]: CreateAction succeeded: charId=7003, actionId=15, goalId=238, state=1
2026-07-02 04:45:45.1069|INFO|Worker19|AdaptableLog|[TaiwuRemoveAILimitation]: CreateAction failed: charId=1752, actionId=16, goalId=195, state=1
2026-07-02 04:45:45.1069|INFO|Worker23|AdaptableLog|[TaiwuRemoveAILimitation]: CreateAction failed: charId=1273, actionId=23, goalId=241, state=1
2026-07-02 04:45:45.1069|INFO|Worker15|AdaptableLog|[TaiwuRemoveAILimitation]: CreateAction failed: charId=2939, actionId=16, goalId=238, state=1
2026-07-02 04:45:45.1069|INFO|Worker24|AdaptableLog|[TaiwuRemoveAILimitation]: CreateAction succeeded: charId=3307, actionId=16, goalId=238, state=1
2026-07-02 04:45:45.1069|INFO|Worker8|AdaptableLog|[TaiwuRemoveAILimitation]: CreateAction succeeded: charId=3237, actionId=14, goalId=195, state=1
2026-07-02 04:45:45.1069|INFO|Worker19|AdaptableLog|[TaiwuRemoveAILimitation]: CreateAction failed: charId=1752, actionId=16, goalId=191, state=1
2026-07-02 04:45:45.1069|INFO|Worker30|AdaptableLog|[TaiwuRemoveAILimitation]: CreateAction succeeded: charId=4742, actionId=19, goalId=273, state=1
2026-07-02 04:45:45.1069|INFO|Worker15|AdaptableLog|[TaiwuRemoveAILimitation]: CreateAction failed: charId=2939, actionId=16, goalId=195, state=1
2026-07-02 04:45:45.1069|INFO|Worker19|AdaptableLog|[TaiwuRemoveAILimitation]: CreateAction succeeded: charId=1752, actionId=16, goalId=193, state=1
2026-07-02 04:45:45.1069|INFO|Worker14|AdaptableLog|[TaiwuRemoveAILimitation]: CreateAction failed: charId=2753, actionId=14, goalId=238, state=1
2026-07-02 04:45:45.1069|INFO|Worker29|AdaptableLog|[TaiwuRemoveAILimitation]: CreateAction succeeded: charId=1125, actionId=17, goalId=273, state=1
2026-07-02 04:45:45.1244|INFO|Worker14|AdaptableLog|[TaiwuRemoveAILimitation]: CreateAction failed: charId=2753, actionId=14, goalId=196, state=1
2026-07-02 04:45:45.1244|INFO|Worker13|AdaptableLog|[TaiwuRemoveAILimitation]: CreateAction failed: charId=4342, actionId=15, goalId=273, state=1
2026-07-02 04:45:45.1244|INFO|Worker14|AdaptableLog|[TaiwuRemoveAILimitation]: CreateAction succeeded: charId=2753, actionId=14, goalId=190, state=1
2026-07-02 04:45:45.1244|INFO|Worker24|AdaptableLog|[TaiwuRemoveAILimitation]: CreateAction failed: charId=2416, actionId=22, goalId=273, state=1
2026-07-02 04:45:45.1244|INFO|Worker27|AdaptableLog|[TaiwuRemoveAILimitation]: CreateAction failed: charId=3746, actionId=20, goalId=241, state=1
2026-07-02 04:45:45.1244|INFO|Worker28|AdaptableLog|[TaiwuRemoveAILimitation]: CreateAction succeeded: charId=4496, actionId=17, goalId=273, state=1
2026-07-02 04:45:45.1244|INFO|Worker15|AdaptableLog|[TaiwuRemoveAILimitation]: CreateAction succeeded: charId=2074, actionId=16, goalId=194, state=1
2026-07-02 04:45:45.1244|INFO|Worker5|AdaptableLog|[TaiwuRemoveAILimitation]: CreateAction succeeded: charId=9808, actionId=16, goalId=238, state=1
2026-07-02 04:45:45.1244|INFO|Worker24|AdaptableLog|[TaiwuRemoveAILimitation]: CreateAction failed: charId=2416, actionId=19, goalId=195, state=1
2026-07-02 04:45:45.1244|INFO|Worker24|AdaptableLog|[TaiwuRemoveAILimitation]: CreateAction succeeded: charId=2416, actionId=20, goalId=192, state=1
2026-07-02 04:45:45.1244|INFO|Worker24|AdaptableLog|[TaiwuRemoveAILimitation]: CreateAction failed: charId=2421, actionId=17, goalId=273, state=1
2026-07-02 04:45:45.1244|INFO|Worker10|AdaptableLog|[TaiwuRemoveAILimitation]: CreateAction succeeded: charId=1419, actionId=15, goalId=5, state=1
2026-07-02 04:45:45.1244|INFO|Worker24|AdaptableLog|[TaiwuRemoveAILimitation]: CreateAction failed: charId=2421, actionId=17, goalId=195, state=1
2026-07-02 04:45:45.1244|INFO|Worker29|AdaptableLog|[TaiwuRemoveAILimitation]: CreateAction succeeded: charId=1122, actionId=15, goalId=195, state=1
2026-07-02 04:45:45.1244|INFO|Worker10|AdaptableLog|[TaiwuRemoveAILimitation]: CreateAction succeeded: charId=1432, actionId=15, goalId=5, state=1
2026-07-02 04:45:45.1244|INFO|Worker24|AdaptableLog|[TaiwuRemoveAILimitation]: CreateAction succeeded: charId=2421, actionId=17, goalId=196, state=1
2026-07-02 04:45:45.1244|INFO|Worker1|AdaptableLog|[TaiwuRemoveAILimitation]: CreateAction succeeded: charId=14519, actionId=15, goalId=273, state=1
2026-07-02 04:45:45.1244|INFO|Worker17|AdaptableLog|[TaiwuRemoveAILimitation]: CreateAction succeeded: charId=40, actionId=14, goalId=238, state=1
2026-07-02 04:45:45.1244|INFO|Worker28|AdaptableLog|[TaiwuRemoveAILimitation]: CreateAction succeeded: charId=4541, actionId=15, goalId=273, state=1
2026-07-02 04:45:45.1244|INFO|Worker12|AdaptableLog|[TaiwuRemoveAILimitation]: CreateAction succeeded: charId=235, actionId=21, goalId=238, state=1
2026-07-02 04:45:45.1244|INFO|Worker1|AdaptableLog|[TaiwuRemoveAILimitation]: CreateAction failed: charId=12548, actionId=18, goalId=273, state=1
2026-07-02 04:45:45.1244|INFO|Worker1|AdaptableLog|[TaiwuRemoveAILimitation]: CreateAction failed: charId=13518, actionId=15, goalId=273, state=1
2026-07-02 04:45:45.1244|INFO|Worker19|AdaptableLog|[TaiwuRemoveAILimitation]: CreateAction succeeded: charId=4826, actionId=22, goalId=238, state=1
2026-07-02 04:45:45.1244|INFO|Worker27|AdaptableLog|[TaiwuRemoveAILimitation]: CreateAction succeeded: charId=3987, actionId=17, goalId=273, state=1
2026-07-02 04:45:45.1244|INFO|Worker15|AdaptableLog|[TaiwuRemoveAILimitation]: CreateAction failed: charId=2425, actionId=16, goalId=238, state=1
2026-07-02 04:45:45.1244|INFO|Worker31|AdaptableLog|[TaiwuRemoveAILimitation]: CreateAction succeeded: charId=4884, actionId=23, goalId=238, state=1
2026-07-02 04:45:45.1244|INFO|Worker9|AdaptableLog|[TaiwuRemoveAILimitation]: CreateAction succeeded: charId=5266, actionId=17, goalId=195, state=1
2026-07-02 04:45:45.1244|INFO|Worker15|AdaptableLog|[TaiwuRemoveAILimitation]: CreateAction succeeded: charId=2331, actionId=23, goalId=273, state=1
2026-07-02 04:45:45.1244|INFO|Worker5|AdaptableLog|[TaiwuRemoveAILimitation]: CreateAction failed: charId=3403, actionId=17, goalId=273, state=1
2026-07-02 04:45:45.1244|INFO|Worker23|AdaptableLog|[TaiwuRemoveAILimitation]: CreateAction succeeded: charId=1268, actionId=23, goalId=196, state=1
2026-07-02 04:45:45.1244|INFO|Worker24|AdaptableLog|[TaiwuRemoveAILimitation]: CreateAction failed: charId=5655, actionId=15, goalId=228, state=1
2026-07-02 04:45:45.1244|INFO|Worker4|AdaptableLog|[TaiwuRemoveAILimitation]: CreateAction succeeded: charId=4973, actionId=20, goalId=241, state=1
2026-07-02 04:45:45.1379|INFO|Worker24|AdaptableLog|[TaiwuRemoveAILimitation]: CreateAction succeeded: charId=5655, actionId=15, goalId=273, state=1
2026-07-02 04:45:45.1244|INFO|Worker12|AdaptableLog|[TaiwuRemoveAILimitation]: CreateAction succeeded: charId=203, actionId=21, goalId=273, state=1
2026-07-02 04:45:45.1244|INFO|Worker23|AdaptableLog|[TaiwuRemoveAILimitation]: CreateAction succeeded: charId=4140, actionId=15, goalId=238, state=1
2026-07-02 04:45:45.1379|INFO|Worker28|AdaptableLog|[TaiwuRemoveAILimitation]: CreateAction succeeded: charId=4690, actionId=20, goalId=273, state=1
2026-07-02 04:45:45.1379|INFO|Worker5|AdaptableLog|[TaiwuRemoveAILimitation]: CreateAction failed: charId=7093, actionId=17, goalId=273, state=1
2026-07-02 04:45:45.1379|INFO|Worker1|AdaptableLog|[TaiwuRemoveAILimitation]: CreateAction failed: charId=13621, actionId=17, goalId=273, state=1
2026-07-02 04:45:45.1379|INFO|Worker5|AdaptableLog|[TaiwuRemoveAILimitation]: CreateAction failed: charId=7093, actionId=16, goalId=238, state=1
2026-07-02 04:45:45.1379|INFO|Worker5|AdaptableLog|[TaiwuRemoveAILimitation]: CreateAction failed: charId=7093, actionId=17, goalId=191, state=1
2026-07-02 04:45:45.1379|INFO|Worker8|AdaptableLog|[TaiwuRemoveAILimitation]: CreateAction succeeded: charId=5153, actionId=20, goalId=238, state=1
2026-07-02 04:45:45.1379|INFO|Worker5|AdaptableLog|[TaiwuRemoveAILimitation]: CreateAction succeeded: charId=7093, actionId=17, goalId=192, state=1
2026-07-02 04:45:45.1379|INFO|Worker18|AdaptableLog|[TaiwuRemoveAILimitation]: CreateAction failed: charId=4688, actionId=23, goalId=273, state=1
2026-07-02 04:45:45.1379|INFO|Worker14|AdaptableLog|[TaiwuRemoveAILimitation]: CreateAction succeeded: charId=9278, actionId=59, goalId=235, state=1
2026-07-02 04:45:45.1379|INFO|Worker30|AdaptableLog|[TaiwuRemoveAILimitation]: CreateAction failed: charId=5386, actionId=14, goalId=273, state=1
2026-07-02 04:45:45.1379|INFO|Worker1|AdaptableLog|[TaiwuRemoveAILimitation]: CreateAction failed: charId=9457, actionId=20, goalId=273, state=1
2026-07-02 04:45:45.1379|INFO|Worker12|AdaptableLog|[TaiwuRemoveAILimitation]: CreateAction succeeded: charId=195, actionId=21, goalId=238, state=1
2026-07-02 04:45:45.1379|INFO|Worker26|AdaptableLog|[TaiwuRemoveAILimitation]: CreateAction failed: charId=3097, actionId=22, goalId=273, state=1
2026-07-02 04:45:45.1379|INFO|Worker0|AdaptableLog|[TaiwuRemoveAILimitation]: CreateAction succeeded: charId=9968, actionId=18, goalId=238, state=1
2026-07-02 04:45:45.1379|INFO|Worker6|AdaptableLog|[TaiwuRemoveAILimitation]: CreateAction succeeded: charId=3800, actionId=22, goalId=238, state=1
2026-07-02 04:45:45.1379|INFO|Worker30|AdaptableLog|[TaiwuRemoveAILimitation]: CreateAction succeeded: charId=5386, actionId=14, goalId=192, state=1
2026-07-02 04:45:45.1379|INFO|Worker7|AdaptableLog|[TaiwuRemoveAILimitation]: CreateAction succeeded: charId=2565, actionId=17, goalId=273, state=1
2026-07-02 04:45:45.1379|INFO|Worker5|AdaptableLog|[TaiwuRemoveAILimitation]: CreateAction succeeded: charId=7318, actionId=14, goalId=273, state=1
2026-07-02 04:45:45.1379|INFO|Worker30|AdaptableLog|[TaiwuRemoveAILimitation]: CreateAction failed: charId=9790, actionId=14, goalId=273, state=1
2026-07-02 04:45:45.1379|INFO|Worker1|AdaptableLog|[TaiwuRemoveAILimitation]: CreateAction failed: charId=9457, actionId=19, goalId=241, state=1
2026-07-02 04:45:45.1379|INFO|Worker27|AdaptableLog|[TaiwuRemoveAILimitation]: CreateAction succeeded: charId=3751, actionId=16, goalId=195, state=1
2026-07-02 04:45:45.1379|INFO|Worker10|AdaptableLog|[TaiwuRemoveAILimitation]: CreateAction succeeded: charId=1351, actionId=15, goalId=5, state=1
2026-07-02 04:45:45.1379|INFO|Worker5|AdaptableLog|[TaiwuRemoveAILimitation]: CreateAction succeeded: charId=3385, actionId=14, goalId=273, state=1
2026-07-02 04:45:45.1379|INFO|Worker7|AdaptableLog|[TaiwuRemoveAILimitation]: CreateAction succeeded: charId=2561, actionId=16, goalId=238, state=1
2026-07-02 04:45:45.1379|INFO|Worker12|AdaptableLog|[TaiwuRemoveAILimitation]: CreateAction succeeded: charId=197, actionId=22, goalId=273, state=1
2026-07-02 04:45:45.1535|INFO|Worker14|AdaptableLog|[TaiwuRemoveAILimitation]: CreateAction succeeded: charId=2616, actionId=16, goalId=238, state=1
2026-07-02 04:45:45.1535|INFO|Worker15|AdaptableLog|[TaiwuRemoveAILimitation]: CreateAction succeeded: charId=2119, actionId=17, goalId=187, state=1
2026-07-02 04:45:45.1535|INFO|Worker26|AdaptableLog|[TaiwuRemoveAILimitation]: CreateAction succeeded: charId=2973, actionId=15, goalId=273, state=1
2026-07-02 04:45:45.1535|INFO|Worker6|AdaptableLog|[TaiwuRemoveAILimitation]: CreateAction failed: charId=3833, actionId=23, goalId=241, state=1
2026-07-02 04:45:45.1535|INFO|Worker26|AdaptableLog|[TaiwuRemoveAILimitation]: CreateAction failed: charId=2974, actionId=18, goalId=238, state=1
2026-07-02 04:45:45.1535|INFO|Worker17|AdaptableLog|[TaiwuRemoveAILimitation]: CreateAction succeeded: charId=39, actionId=17, goalId=273, state=1
2026-07-02 04:45:45.1535|INFO|Worker6|AdaptableLog|[TaiwuRemoveAILimitation]: CreateAction succeeded: charId=3843, actionId=22, goalId=273, state=1
2026-07-02 04:45:45.1535|INFO|Worker26|AdaptableLog|[TaiwuRemoveAILimitation]: CreateAction succeeded: charId=2974, actionId=18, goalId=241, state=1
2026-07-02 04:45:45.1535|INFO|Worker1|AdaptableLog|[TaiwuRemoveAILimitation]: CreateAction failed: charId=12748, actionId=18, goalId=273, state=1
2026-07-02 04:45:45.1535|INFO|Worker5|AdaptableLog|[TaiwuRemoveAILimitation]: CreateAction succeeded: charId=3441, actionId=15, goalId=273, state=1
2026-07-02 04:45:45.1535|INFO|Worker3|AdaptableLog|[TaiwuRemoveAILimitation]: CreateAction succeeded: charId=4134, actionId=20, goalId=273, state=1
2026-07-02 04:45:45.1535|INFO|Worker0|AdaptableLog|[TaiwuRemoveAILimitation]: CreateAction succeeded: charId=2014, actionId=21, goalId=273, state=1
2026-07-02 04:45:45.1535|INFO|Worker5|AdaptableLog|[TaiwuRemoveAILimitation]: CreateAction succeeded: charId=3413, actionId=17, goalId=273, state=1
2026-07-02 04:45:45.1535|INFO|Worker20|AdaptableLog|[TaiwuRemoveAILimitation]: CreateAction succeeded: charId=7767, actionId=18, goalId=238, state=1
2026-07-02 04:45:45.1535|INFO|Worker10|AdaptableLog|[TaiwuRemoveAILimitation]: CreateAction failed: charId=1400, actionId=15, goalId=273, state=1
2026-07-02 04:45:45.1535|INFO|Worker25|AdaptableLog|[TaiwuRemoveAILimitation]: CreateAction succeeded: charId=473, actionId=17, goalId=273, state=1
2026-07-02 04:45:45.1535|INFO|Worker26|AdaptableLog|[TaiwuRemoveAILimitation]: CreateAction succeeded: charId=3102, actionId=14, goalId=273, state=1
2026-07-02 04:45:45.1535|INFO|Worker19|AdaptableLog|[TaiwuRemoveAILimitation]: CreateAction failed: charId=1750, actionId=14, goalId=273, state=1
2026-07-02 04:45:45.1535|INFO|Worker31|AdaptableLog|[TaiwuRemoveAILimitation]: CreateAction succeeded: charId=4832, actionId=19, goalId=241, state=1
2026-07-02 04:45:45.1535|INFO|Worker1|AdaptableLog|[TaiwuRemoveAILimitation]: CreateAction failed: charId=9294, actionId=16, goalId=273, state=1
2026-07-02 04:45:45.1535|INFO|Worker20|AdaptableLog|[TaiwuRemoveAILimitation]: CreateAction succeeded: charId=8930, actionId=15, goalId=273, state=1
2026-07-02 04:45:45.1535|INFO|Worker10|AdaptableLog|[TaiwuRemoveAILimitation]: CreateAction failed: charId=1400, actionId=15, goalId=238, state=1
2026-07-02 04:45:45.1535|INFO|Worker18|AdaptableLog|[TaiwuRemoveAILimitation]: CreateAction succeeded: charId=3491, actionId=14, goalId=238, state=1
2026-07-02 04:45:45.1535|INFO|Worker10|AdaptableLog|[TaiwuRemoveAILimitation]: CreateAction failed: charId=1400, actionId=15, goalId=238, state=1
2026-07-02 04:45:45.1535|INFO|Worker25|AdaptableLog|[TaiwuRemoveAILimitation]: CreateAction succeeded: charId=415, actionId=21, goalId=273, state=1
2026-07-02 04:45:45.1535|INFO|Worker22|AdaptableLog|[TaiwuRemoveAILimitation]: CreateAction succeeded: charId=2944, actionId=14, goalId=196, state=1
2026-07-02 04:45:45.1535|INFO|Worker1|AdaptableLog|[TaiwuRemoveAILimitation]: CreateAction failed: charId=11509, actionId=16, goalId=273, state=1
2026-07-02 04:45:45.1535|INFO|Worker20|AdaptableLog|[TaiwuRemoveAILimitation]: CreateAction succeeded: charId=2204, actionId=15, goalId=273, state=1
2026-07-02 04:45:45.1535|INFO|Worker14|AdaptableLog|[TaiwuRemoveAILimitation]: CreateAction succeeded: charId=7483, actionId=16, goalId=273, state=1
2026-07-02 04:45:45.1535|INFO|Worker21|AdaptableLog|[TaiwuRemoveAILimitation]: CreateAction succeeded: charId=875, actionId=20, goalId=238, state=1
2026-07-02 04:45:45.1535|INFO|Worker7|AdaptableLog|[TaiwuRemoveAILimitation]: CreateAction succeeded: charId=2466, actionId=16, goalId=195, state=1
2026-07-02 04:45:45.1684|INFO|Worker9|AdaptableLog|[TaiwuRemoveAILimitation]: CreateAction succeeded: charId=5308, actionId=17, goalId=238, state=1
2026-07-02 04:45:45.1684|INFO|Worker16|AdaptableLog|[TaiwuRemoveAILimitation]: CreateAction succeeded: charId=5875, actionId=23, goalId=238, state=1
2026-07-02 04:45:45.1684|INFO|Worker19|AdaptableLog|[TaiwuRemoveAILimitation]: CreateAction failed: charId=1690, actionId=21, goalId=273, state=1
2026-07-02 04:45:45.1684|INFO|Worker29|AdaptableLog|[TaiwuRemoveAILimitation]: CreateAction succeeded: charId=11047, actionId=14, goalId=238, state=1
2026-07-02 04:45:45.1684|INFO|Worker7|AdaptableLog|[TaiwuRemoveAILimitation]: CreateAction succeeded: charId=2553, actionId=19, goalId=238, state=1
2026-07-02 04:45:45.1684|INFO|Worker16|AdaptableLog|[TaiwuRemoveAILimitation]: CreateAction failed: charId=5156, actionId=17, goalId=273, state=1
2026-07-02 04:45:45.1684|INFO|Worker0|AdaptableLog|[TaiwuRemoveAILimitation]: CreateAction succeeded: charId=365, actionId=19, goalId=194, state=1
2026-07-02 04:45:45.1684|INFO|Worker23|AdaptableLog|[TaiwuRemoveAILimitation]: CreateAction succeeded: charId=1276, actionId=15, goalId=238, state=1
2026-07-02 04:45:45.1684|INFO|Worker27|AdaptableLog|[TaiwuRemoveAILimitation]: CreateAction succeeded: charId=2469, actionId=15, goalId=238, state=1
2026-07-02 04:45:45.1684|INFO|Worker17|AdaptableLog|[TaiwuRemoveAILimitation]: CreateAction succeeded: charId=41, actionId=17, goalId=273, state=1
2026-07-02 04:45:45.1684|INFO|Worker17|AdaptableLog|[TaiwuRemoveAILimitation]: CreateAction succeeded: charId=276, actionId=16, goalId=273, state=1
2026-07-02 04:45:45.1684|INFO|Worker6|AdaptableLog|[TaiwuRemoveAILimitation]: CreateAction failed: charId=8328, actionId=21, goalId=238, state=1
2026-07-02 04:45:45.1684|INFO|Worker6|AdaptableLog|[TaiwuRemoveAILimitation]: CreateAction failed: charId=8328, actionId=19, goalId=241, state=1
2026-07-02 04:45:45.1684|INFO|Worker6|AdaptableLog|[TaiwuRemoveAILimitation]: CreateAction succeeded: charId=8328, actionId=20, goalId=241, state=1
2026-07-02 04:45:45.1684|INFO|Worker20|AdaptableLog|[TaiwuRemoveAILimitation]: CreateAction failed: charId=7770, actionId=18, goalId=245, state=1
2026-07-02 04:45:45.1684|INFO|Worker20|AdaptableLog|[TaiwuRemoveAILimitation]: CreateAction succeeded: charId=7770, actionId=18, goalId=238, state=1
2026-07-02 04:45:45.1684|INFO|Worker31|AdaptableLog|[TaiwuRemoveAILimitation]: CreateAction succeeded: charId=4831, actionId=22, goalId=273, state=1
2026-07-02 04:45:45.1684|INFO|Worker4|AdaptableLog|[TaiwuRemoveAILimitation]: CreateAction succeeded: charId=7666, actionId=19, goalId=238, state=1
2026-07-02 04:45:45.1684|INFO|Worker21|AdaptableLog|[TaiwuRemoveAILimitation]: CreateAction succeeded: charId=922, actionId=23, goalId=273, state=1
2026-07-02 04:45:45.1684|INFO|Worker26|AdaptableLog|[TaiwuRemoveAILimitation]: CreateAction succeeded: charId=2982, actionId=15, goalId=273, state=1
2026-07-02 04:45:45.1684|INFO|Worker20|AdaptableLog|[TaiwuRemoveAILimitation]: CreateAction succeeded: charId=8208, actionId=14, goalId=273, state=1
2026-07-02 04:45:45.1684|INFO|Worker6|AdaptableLog|[TaiwuRemoveAILimitation]: CreateAction succeeded: charId=3846, actionId=21, goalId=241, state=1
2026-07-02 04:45:45.1684|INFO|Worker1|AdaptableLog|[TaiwuRemoveAILimitation]: CreateAction failed: charId=10663, actionId=18, goalId=273, state=1
2026-07-02 04:45:45.1684|INFO|Worker1|AdaptableLog|[TaiwuRemoveAILimitation]: CreateAction failed: charId=10663, actionId=18, goalId=196, state=1
2026-07-02 04:45:45.1684|INFO|Worker30|AdaptableLog|[TaiwuRemoveAILimitation]: CreateAction succeeded: charId=7576, actionId=18, goalId=273, state=1
2026-07-02 04:45:45.1684|INFO|Worker25|AdaptableLog|[TaiwuRemoveAILimitation]: CreateAction succeeded: charId=520, actionId=14, goalId=273, state=1
2026-07-02 04:45:45.1684|INFO|Worker17|AdaptableLog|[TaiwuRemoveAILimitation]: CreateAction succeeded: charId=30, actionId=23, goalId=273, state=1
2026-07-02 04:45:45.1684|INFO|Worker2|AdaptableLog|[TaiwuRemoveAILimitation]: CreateAction succeeded: charId=8732, actionId=18, goalId=273, state=1
2026-07-02 04:45:45.1684|INFO|Worker5|AdaptableLog|[TaiwuRemoveAILimitation]: CreateAction failed: charId=3437, actionId=17, goalId=238, state=1
2026-07-02 04:45:45.1684|INFO|Worker14|AdaptableLog|[TaiwuRemoveAILimitation]: CreateAction succeeded: charId=7000, actionId=16, goalId=238, state=1
2026-07-02 04:45:45.1684|INFO|Worker5|AdaptableLog|[TaiwuRemoveAILimitation]: CreateAction failed: charId=3437, actionId=17, goalId=238, state=1
2026-07-02 04:45:45.1684|INFO|Worker5|AdaptableLog|[TaiwuRemoveAILimitation]: CreateAction succeeded: charId=3437, actionId=17, goalId=238, state=1
2026-07-02 04:45:45.1850|INFO|Worker12|AdaptableLog|[TaiwuRemoveAILimitation]: CreateAction succeeded: charId=1691, actionId=23, goalId=238, state=1
2026-07-02 04:45:45.1850|INFO|Worker30|AdaptableLog|[TaiwuRemoveAILimitation]: CreateAction failed: charId=5441, actionId=14, goalId=191, state=1
2026-07-02 04:45:45.1850|INFO|Worker8|AdaptableLog|[TaiwuRemoveAILimitation]: CreateAction succeeded: charId=3294, actionId=23, goalId=273, state=1
2026-07-02 04:45:45.1850|INFO|Worker30|AdaptableLog|[TaiwuRemoveAILimitation]: CreateAction succeeded: charId=5441, actionId=14, goalId=192, state=1
2026-07-02 04:45:45.1850|INFO|Worker29|AdaptableLog|[TaiwuRemoveAILimitation]: CreateAction succeeded: charId=983, actionId=17, goalId=273, state=1
2026-07-02 04:45:45.1850|INFO|Worker9|AdaptableLog|[TaiwuRemoveAILimitation]: CreateAction succeeded: charId=5515, actionId=20, goalId=238, state=1
2026-07-02 04:45:45.1850|INFO|Worker16|AdaptableLog|[TaiwuRemoveAILimitation]: CreateAction succeeded: charId=7376, actionId=15, goalId=273, state=1
2026-07-02 04:45:45.1850|INFO|Worker5|AdaptableLog|[TaiwuRemoveAILimitation]: CreateAction succeeded: charId=3383, actionId=16, goalId=194, state=1
2026-07-02 04:45:45.1850|INFO|Worker24|AdaptableLog|[TaiwuRemoveAILimitation]: CreateAction failed: charId=5559, actionId=23, goalId=241, state=1
2026-07-02 04:45:45.1850|INFO|Worker9|AdaptableLog|[TaiwuRemoveAILimitation]: CreateAction succeeded: charId=5299, actionId=19, goalId=238, state=1
2026-07-02 04:45:45.1850|INFO|Worker18|AdaptableLog|[TaiwuRemoveAILimitation]: CreateAction succeeded: charId=509, actionId=23, goalId=273, state=1
2026-07-02 04:45:45.1850|INFO|Worker18|AdaptableLog|[TaiwuRemoveAILimitation]: CreateAction succeeded: charId=4743, actionId=19, goalId=273, state=1
2026-07-02 04:45:45.1850|INFO|Worker1|AdaptableLog|[TaiwuRemoveAILimitation]: CreateAction failed: charId=12016, actionId=15, goalId=273, state=1
2026-07-02 04:45:45.1850|INFO|Worker14|AdaptableLog|[TaiwuRemoveAILimitation]: CreateAction succeeded: charId=2621, actionId=16, goalId=238, state=1
2026-07-02 04:45:45.1850|INFO|Worker15|AdaptableLog|[TaiwuRemoveAILimitation]: CreateAction succeeded: charId=2174, actionId=15, goalId=194, state=1
2026-07-02 04:45:45.1850|INFO|Worker6|AdaptableLog|[TaiwuRemoveAILimitation]: CreateAction succeeded: charId=3924, actionId=20, goalId=273, state=1
2026-07-02 04:45:45.1850|INFO|Worker20|AdaptableLog|[TaiwuRemoveAILimitation]: CreateAction failed: charId=2198, actionId=15, goalId=8, state=1
2026-07-02 04:45:45.1850|INFO|Worker24|AdaptableLog|[TaiwuRemoveAILimitation]: CreateAction failed: charId=5608, actionId=20, goalId=273, state=1
2026-07-02 04:45:45.1850|INFO|Worker21|AdaptableLog|[TaiwuRemoveAILimitation]: CreateAction failed: charId=879, actionId=14, goalId=273, state=1
2026-07-02 04:45:45.1850|INFO|Worker20|AdaptableLog|[TaiwuRemoveAILimitation]: CreateAction failed: charId=2198, actionId=14, goalId=238, state=1
2026-07-02 04:45:45.1850|INFO|Worker29|AdaptableLog|[TaiwuRemoveAILimitation]: CreateAction failed: charId=985, actionId=20, goalId=273, state=1
2026-07-02 04:45:45.1850|INFO|Worker15|AdaptableLog|[TaiwuRemoveAILimitation]: CreateAction failed: charId=919, actionId=23, goalId=190, state=1
2026-07-02 04:45:45.1850|INFO|Worker31|AdaptableLog|[TaiwuRemoveAILimitation]: CreateAction succeeded: charId=4940, actionId=14, goalId=273, state=1
2026-07-02 04:45:45.1850|INFO|Worker16|AdaptableLog|[TaiwuRemoveAILimitation]: CreateAction succeeded: charId=5766, actionId=15, goalId=273, state=1
2026-07-02 04:45:45.1850|INFO|Worker4|AdaptableLog|[TaiwuRemoveAILimitation]: CreateAction failed: charId=7329, actionId=20, goalId=238, state=1
2026-07-02 04:45:45.1850|INFO|Worker27|AdaptableLog|[TaiwuRemoveAILimitation]: CreateAction succeeded: charId=3693, actionId=22, goalId=273, state=1
2026-07-02 04:45:45.1850|INFO|Worker20|AdaptableLog|[TaiwuRemoveAILimitation]: CreateAction succeeded: charId=2198, actionId=14, goalId=238, state=1
2026-07-02 04:45:45.1850|INFO|Worker24|AdaptableLog|[TaiwuRemoveAILimitation]: CreateAction failed: charId=5653, actionId=15, goalId=192, state=1
2026-07-02 04:45:45.1850|INFO|Worker15|AdaptableLog|[TaiwuRemoveAILimitation]: CreateAction succeeded: charId=919, actionId=22, goalId=194, state=1
2026-07-02 04:45:45.1850|INFO|Worker16|AdaptableLog|[TaiwuRemoveAILimitation]: CreateAction succeeded: charId=5157, actionId=15, goalId=273, state=1
2026-07-02 04:45:45.1850|INFO|Worker4|AdaptableLog|[TaiwuRemoveAILimitation]: CreateAction succeeded: charId=7329, actionId=21, goalId=238, state=1
2026-07-02 04:45:45.1850|INFO|Worker21|AdaptableLog|[TaiwuRemoveAILimitation]: CreateAction failed: charId=925, actionId=21, goalId=273, state=1
2026-07-02 04:45:45.1850|INFO|Worker29|AdaptableLog|[TaiwuRemoveAILimitation]: CreateAction failed: charId=985, actionId=20, goalId=196, state=1
2026-07-02 04:45:45.1850|INFO|Worker1|AdaptableLog|[TaiwuRemoveAILimitation]: CreateAction failed: charId=11852, actionId=15, goalId=273, state=1
2026-07-02 04:45:45.1850|INFO|Worker24|AdaptableLog|[TaiwuRemoveAILimitation]: CreateAction succeeded: charId=5653, actionId=15, goalId=195, state=1
2026-07-02 04:45:45.1850|INFO|Worker12|AdaptableLog|[TaiwuRemoveAILimitation]: CreateAction succeeded: charId=277, actionId=15, goalId=273, state=1
2026-07-02 04:45:45.1850|INFO|Worker1|AdaptableLog|[TaiwuRemoveAILimitation]: CreateAction failed: charId=13623, actionId=18, goalId=241, state=1
2026-07-02 04:45:45.1850|INFO|Worker21|AdaptableLog|[TaiwuRemoveAILimitation]: CreateAction succeeded: charId=925, actionId=19, goalId=192, state=1
2026-07-02 04:45:45.1850|INFO|Worker29|AdaptableLog|[TaiwuRemoveAILimitation]: CreateAction succeeded: charId=985, actionId=19, goalId=192, state=1
2026-07-02 04:45:45.1850|INFO|Worker30|AdaptableLog|[TaiwuRemoveAILimitation]: CreateAction failed: charId=9188, actionId=14, goalId=273, state=1
2026-07-02 04:45:45.1850|INFO|Worker10|AdaptableLog|[TaiwuRemoveAILimitation]: CreateAction failed: charId=1350, actionId=15, goalId=273, state=1
2026-07-02 04:45:45.1850|INFO|Worker10|AdaptableLog|[TaiwuRemoveAILimitation]: CreateAction succeeded: charId=1350, actionId=15, goalId=5, state=1
2026-07-02 04:45:45.2008|INFO|Worker7|AdaptableLog|[TaiwuRemoveAILimitation]: CreateAction failed: charId=2474, actionId=17, goalId=273, state=1
2026-07-02 04:45:45.2008|INFO|Worker2|AdaptableLog|[TaiwuRemoveAILimitation]: CreateAction succeeded: charId=7527, actionId=18, goalId=273, state=1
2026-07-02 04:45:45.2008|INFO|Worker7|AdaptableLog|[TaiwuRemoveAILimitation]: CreateAction succeeded: charId=2465, actionId=23, goalId=238, state=1
2026-07-02 04:45:45.2008|INFO|Worker7|AdaptableLog|[TaiwuRemoveAILimitation]: CreateAction failed: charId=2467, actionId=14, goalId=238, state=1
2026-07-02 04:45:45.2008|INFO|Worker1|AdaptableLog|[TaiwuRemoveAILimitation]: CreateAction failed: charId=12379, actionId=17, goalId=241, state=1
2026-07-02 04:45:45.2008|INFO|Worker1|AdaptableLog|[TaiwuRemoveAILimitation]: CreateAction failed: charId=12379, actionId=17, goalId=194, state=1
2026-07-02 04:45:45.2008|INFO|Worker10|AdaptableLog|[TaiwuRemoveAILimitation]: CreateAction failed: charId=472, actionId=16, goalId=273, state=1
2026-07-02 04:45:45.2008|INFO|Worker1|AdaptableLog|[TaiwuRemoveAILimitation]: CreateAction failed: charId=13118, actionId=15, goalId=273, state=1
2026-07-02 04:45:45.2008|INFO|Worker1|AdaptableLog|[TaiwuRemoveAILimitation]: CreateAction failed: charId=13118, actionId=16, goalId=241, state=1
2026-07-02 04:45:45.2008|INFO|Worker1|AdaptableLog|[TaiwuRemoveAILimitation]: CreateAction failed: charId=13362, actionId=23, goalId=273, state=1
2026-07-02 04:45:45.2008|INFO|Worker2|AdaptableLog|[TaiwuRemoveAILimitation]: CreateAction failed: charId=563, actionId=18, goalId=273, state=1
2026-07-02 04:45:45.2008|INFO|Worker1|AdaptableLog|[TaiwuRemoveAILimitation]: CreateAction failed: charId=13362, actionId=23, goalId=241, state=1
2026-07-02 04:45:45.2008|INFO|Worker2|AdaptableLog|[TaiwuRemoveAILimitation]: CreateAction succeeded: charId=557, actionId=18, goalId=273, state=1
2026-07-02 04:45:45.2008|INFO|Worker1|AdaptableLog|[TaiwuRemoveAILimitation]: CreateAction failed: charId=13362, actionId=23, goalId=241, state=1
2026-07-02 04:45:45.2008|INFO|Worker6|AdaptableLog|[TaiwuRemoveAILimitation]: CreateAction succeeded: charId=3788, actionId=23, goalId=273, state=1
2026-07-02 04:45:45.2008|INFO|Worker12|AdaptableLog|[TaiwuRemoveAILimitation]: CreateAction succeeded: charId=4042, actionId=16, goalId=238, state=1
2026-07-02 04:45:45.2008|INFO|Worker16|AdaptableLog|[TaiwuRemoveAILimitation]: CreateAction succeeded: charId=5789, actionId=20, goalId=238, state=1
2026-07-02 04:45:45.2008|INFO|Worker16|AdaptableLog|[TaiwuRemoveAILimitation]: CreateAction succeeded: charId=9053, actionId=22, goalId=273, state=1
2026-07-02 04:45:45.2008|INFO|Worker1|AdaptableLog|[TaiwuRemoveAILimitation]: CreateAction failed: charId=6975, actionId=17, goalId=273, state=1
2026-07-02 04:45:45.2008|INFO|Worker6|AdaptableLog|[TaiwuRemoveAILimitation]: CreateAction succeeded: charId=8213, actionId=17, goalId=273, state=1
2026-07-02 04:45:45.2008|INFO|Worker9|AdaptableLog|[TaiwuRemoveAILimitation]: CreateAction succeeded: charId=5207, actionId=22, goalId=238, state=1
2026-07-02 04:45:45.2156|INFO|Worker29|AdaptableLog|[TaiwuRemoveAILimitation]: CreateAction succeeded: charId=961, actionId=17, goalId=273, state=1
2026-07-02 04:45:45.2156|INFO|Worker0|AdaptableLog|[TaiwuRemoveAILimitation]: CreateAction failed: charId=1797, actionId=20, goalId=195, state=1
2026-07-02 04:45:45.2156|INFO|Worker30|AdaptableLog|[TaiwuRemoveAILimitation]: CreateAction succeeded: charId=10640, actionId=18, goalId=273, state=1
2026-07-02 04:45:45.2156|INFO|Worker0|AdaptableLog|[TaiwuRemoveAILimitation]: CreateAction succeeded: charId=1797, actionId=22, goalId=192, state=1
2026-07-02 04:45:45.2156|INFO|Worker1|AdaptableLog|[TaiwuRemoveAILimitation]: CreateAction succeeded: charId=10357, actionId=20, goalId=241, state=1
2026-07-02 04:45:45.2156|INFO|Worker6|AdaptableLog|[TaiwuRemoveAILimitation]: CreateAction failed: charId=3887, actionId=21, goalId=191, state=1
2026-07-02 04:45:45.2156|INFO|Worker1|AdaptableLog|[TaiwuRemoveAILimitation]: CreateAction failed: charId=12932, actionId=15, goalId=273, state=1
2026-07-02 04:45:45.2156|INFO|Worker6|AdaptableLog|[TaiwuRemoveAILimitation]: CreateAction failed: charId=3887, actionId=22, goalId=192, state=1
2026-07-02 04:45:45.2156|INFO|Worker10|AdaptableLog|[TaiwuRemoveAILimitation]: CreateAction succeeded: charId=1529, actionId=23, goalId=238, state=1
2026-07-02 04:45:45.2156|INFO|Worker6|AdaptableLog|[TaiwuRemoveAILimitation]: CreateAction failed: charId=3887, actionId=20, goalId=194, state=1
2026-07-02 04:45:45.2156|INFO|Worker29|AdaptableLog|[TaiwuRemoveAILimitation]: CreateAction succeeded: charId=1005, actionId=17, goalId=241, state=1
2026-07-02 04:45:45.2156|INFO|Worker2|AdaptableLog|[TaiwuRemoveAILimitation]: CreateAction succeeded: charId=713, actionId=16, goalId=241, state=1
2026-07-02 04:45:45.2156|INFO|Worker29|AdaptableLog|[TaiwuRemoveAILimitation]: CreateAction succeeded: charId=7401, actionId=17, goalId=273, state=1
2026-07-02 04:45:45.2156|INFO|Worker20|AdaptableLog|[TaiwuRemoveAILimitation]: CreateAction succeeded: charId=8606, actionId=14, goalId=273, state=1
2026-07-02 04:45:45.2156|INFO|Worker20|AdaptableLog|[TaiwuRemoveAILimitation]: CreateAction succeeded: charId=2210, actionId=18, goalId=273, state=1
2026-07-02 04:45:45.2156|INFO|Worker0|AdaptableLog|[TaiwuRemoveAILimitation]: CreateAction failed: charId=9222, actionId=20, goalId=273, state=1
2026-07-02 04:45:45.2156|INFO|Worker16|AdaptableLog|[TaiwuRemoveAILimitation]: CreateAction succeeded: charId=2842, actionId=16, goalId=187, state=1
2026-07-02 04:45:45.2156|INFO|Worker12|AdaptableLog|[TaiwuRemoveAILimitation]: CreateAction succeeded: charId=328, actionId=14, goalId=273, state=1
2026-07-02 04:45:45.2156|INFO|Worker1|AdaptableLog|[TaiwuRemoveAILimitation]: CreateAction failed: charId=12247, actionId=17, goalId=273, state=1
2026-07-02 04:45:45.2156|INFO|Worker30|AdaptableLog|[TaiwuRemoveAILimitation]: CreateAction failed: charId=5334, actionId=14, goalId=273, state=1
2026-07-02 04:45:45.2156|INFO|Worker20|AdaptableLog|[TaiwuRemoveAILimitation]: CreateAction succeeded: charId=2228, actionId=14, goalId=238, state=1
2026-07-02 04:45:45.2156|INFO|Worker30|AdaptableLog|[TaiwuRemoveAILimitation]: CreateAction failed: charId=9789, actionId=14, goalId=273, state=1
2026-07-02 04:45:45.2156|INFO|Worker30|AdaptableLog|[TaiwuRemoveAILimitation]: CreateAction succeeded: charId=9789, actionId=14, goalId=190, state=1
2026-07-02 04:45:45.2156|INFO|Worker1|AdaptableLog|[TaiwuRemoveAILimitation]: CreateAction failed: charId=12247, actionId=16, goalId=241, state=1
2026-07-02 04:45:45.2156|INFO|Worker18|AdaptableLog|[TaiwuRemoveAILimitation]: CreateAction succeeded: charId=8295, actionId=22, goalId=273, state=1
2026-07-02 04:45:45.2156|INFO|Worker16|AdaptableLog|[TaiwuRemoveAILimitation]: CreateAction succeeded: charId=8590, actionId=20, goalId=238, state=1
2026-07-02 04:45:45.2156|INFO|Worker18|AdaptableLog|[TaiwuRemoveAILimitation]: CreateAction succeeded: charId=4622, actionId=23, goalId=273, state=1
2026-07-02 04:45:45.2156|INFO|Worker1|AdaptableLog|[TaiwuRemoveAILimitation]: CreateAction succeeded: charId=14268, actionId=15, goalId=273, state=1
2026-07-02 04:45:45.2156|INFO|Worker20|AdaptableLog|[TaiwuRemoveAILimitation]: CreateAction failed: charId=2234, actionId=14, goalId=273, state=1
2026-07-02 04:45:45.2156|INFO|Worker1|AdaptableLog|[TaiwuRemoveAILimitation]: CreateAction failed: charId=13164, actionId=15, goalId=273, state=1
2026-07-02 04:45:45.2156|INFO|Worker18|AdaptableLog|[TaiwuRemoveAILimitation]: CreateAction succeeded: charId=4619, actionId=22, goalId=273, state=1
2026-07-02 04:45:45.2156|INFO|Worker29|AdaptableLog|[TaiwuRemoveAILimitation]: CreateAction succeeded: charId=940, actionId=18, goalId=241, state=1
2026-07-02 04:45:45.2314|INFO|Worker18|AdaptableLog|[TaiwuRemoveAILimitation]: CreateAction succeeded: charId=7513, actionId=23, goalId=238, state=1
2026-07-02 04:45:45.2314|INFO|Worker2|AdaptableLog|[TaiwuRemoveAILimitation]: CreateAction succeeded: charId=4448, actionId=17, goalId=238, state=1
2026-07-02 04:45:45.2314|INFO|Worker16|AdaptableLog|[TaiwuRemoveAILimitation]: CreateAction succeeded: charId=6990, actionId=15, goalId=241, state=1
2026-07-02 04:45:45.2314|INFO|Worker4|AdaptableLog|[TaiwuRemoveAILimitation]: CreateAction succeeded: charId=4969, actionId=23, goalId=273, state=1
2026-07-02 04:45:45.2314|INFO|Worker1|AdaptableLog|[TaiwuRemoveAILimitation]: CreateAction failed: charId=13164, actionId=15, goalId=241, state=1
2026-07-02 04:45:45.2314|INFO|Worker29|AdaptableLog|[TaiwuRemoveAILimitation]: CreateAction failed: charId=953, actionId=14, goalId=273, state=1
2026-07-02 04:45:45.2314|INFO|Worker4|AdaptableLog|[TaiwuRemoveAILimitation]: CreateAction succeeded: charId=7661, actionId=23, goalId=273, state=1
2026-07-02 04:45:45.2314|INFO|Worker1|AdaptableLog|[TaiwuRemoveAILimitation]: CreateAction failed: charId=13164, actionId=15, goalId=241, state=1
2026-07-02 04:45:45.2314|INFO|Worker18|AdaptableLog|[TaiwuRemoveAILimitation]: CreateAction succeeded: charId=4589, actionId=20, goalId=238, state=1
2026-07-02 04:45:45.2314|INFO|Worker29|AdaptableLog|[TaiwuRemoveAILimitation]: CreateAction succeeded: charId=962, actionId=19, goalId=194, state=1
2026-07-02 04:45:45.2314|INFO|Worker29|AdaptableLog|[TaiwuRemoveAILimitation]: CreateAction failed: charId=964, actionId=21, goalId=273, state=1
2026-07-02 04:45:45.2314|INFO|Worker16|AdaptableLog|[TaiwuRemoveAILimitation]: CreateAction failed: charId=11283, actionId=19, goalId=273, state=1
2026-07-02 04:45:45.2314|INFO|Worker16|AdaptableLog|[TaiwuRemoveAILimitation]: CreateAction succeeded: charId=11283, actionId=21, goalId=238, state=1
2026-07-02 04:45:45.2314|INFO|Worker4|AdaptableLog|[TaiwuRemoveAILimitation]: CreateAction succeeded: charId=4974, actionId=23, goalId=238, state=1
2026-07-02 04:45:45.2314|INFO|Worker4|AdaptableLog|[TaiwuRemoveAILimitation]: CreateAction succeeded: charId=7855, actionId=21, goalId=241, state=1
2026-07-02 04:45:45.2314|INFO|Worker20|AdaptableLog|[TaiwuRemoveAILimitation]: CreateAction failed: charId=2369, actionId=14, goalId=273, state=1
2026-07-02 04:45:45.2314|INFO|Worker20|AdaptableLog|[TaiwuRemoveAILimitation]: CreateAction failed: charId=2369, actionId=18, goalId=238, state=1
2026-07-02 04:45:45.2314|INFO|Worker20|AdaptableLog|[TaiwuRemoveAILimitation]: CreateAction failed: charId=2369, actionId=18, goalId=238, state=1
2026-07-02 04:45:45.2314|INFO|Worker20|AdaptableLog|[TaiwuRemoveAILimitation]: CreateAction succeeded: charId=2369, actionId=15, goalId=238, state=1
2026-07-02 04:45:45.2314|INFO|Worker16|AdaptableLog|[TaiwuRemoveAILimitation]: CreateAction succeeded: charId=5747, actionId=22, goalId=238, state=1
2026-07-02 04:45:45.2314|INFO|Worker29|AdaptableLog|[TaiwuRemoveAILimitation]: CreateAction succeeded: charId=956, actionId=21, goalId=238, state=1
2026-07-02 04:45:45.2314|INFO|Worker20|AdaptableLog|[TaiwuRemoveAILimitation]: CreateAction succeeded: charId=8933, actionId=14, goalId=238, state=1
2026-07-02 04:45:45.2314|INFO|Worker30|AdaptableLog|[TaiwuRemoveAILimitation]: CreateAction succeeded: charId=5517, actionId=17, goalId=273, state=1
2026-07-02 04:45:45.2471|INFO|Worker16|AdaptableLog|[TaiwuRemoveAILimitation]: CreateAction succeeded: charId=5760, actionId=20, goalId=273, state=1
2026-07-02 04:45:45.2471|INFO|Worker29|AdaptableLog|[TaiwuRemoveAILimitation]: CreateAction succeeded: charId=7698, actionId=17, goalId=273, state=1
2026-07-02 04:45:45.2471|INFO|Worker18|AdaptableLog|[TaiwuRemoveAILimitation]: CreateAction succeeded: charId=4595, actionId=20, goalId=241, state=1
2026-07-02 04:45:45.2471|INFO|Worker1|AdaptableLog|[TaiwuRemoveAILimitation]: CreateAction failed: charId=14780, actionId=14, goalId=238, state=1
2026-07-02 04:45:45.2471|INFO|Worker4|AdaptableLog|[TaiwuRemoveAILimitation]: CreateAction failed: charId=7664, actionId=21, goalId=238, state=1
2026-07-02 04:45:45.2471|INFO|Worker4|AdaptableLog|[TaiwuRemoveAILimitation]: CreateAction failed: charId=7664, actionId=21, goalId=238, state=1
2026-07-02 04:45:45.2471|INFO|Worker4|AdaptableLog|[TaiwuRemoveAILimitation]: CreateAction failed: charId=7664, actionId=22, goalId=238, state=1
2026-07-02 04:45:45.2471|INFO|Worker1|AdaptableLog|[TaiwuRemoveAILimitation]: CreateAction failed: charId=13165, actionId=15, goalId=273, state=1
2026-07-02 04:45:45.2471|INFO|Worker4|AdaptableLog|[TaiwuRemoveAILimitation]: CreateAction succeeded: charId=7664, actionId=22, goalId=238, state=1
2026-07-02 04:45:45.2471|INFO|Worker16|AdaptableLog|[TaiwuRemoveAILimitation]: CreateAction succeeded: charId=5738, actionId=20, goalId=238, state=1
2026-07-02 04:45:45.2471|INFO|Worker0|AdaptableLog|[TaiwuRemoveAILimitation]: CreateAction succeeded: charId=7746, actionId=20, goalId=197, state=1
2026-07-02 04:45:45.2471|INFO|Worker16|AdaptableLog|[TaiwuRemoveAILimitation]: CreateAction succeeded: charId=9739, actionId=19, goalId=238, state=1
2026-07-02 04:45:45.2471|INFO|Worker4|AdaptableLog|[TaiwuRemoveAILimitation]: CreateAction failed: charId=4965, actionId=22, goalId=238, state=1
2026-07-02 04:45:45.2471|INFO|Worker4|AdaptableLog|[TaiwuRemoveAILimitation]: CreateAction failed: charId=4965, actionId=19, goalId=238, state=1
2026-07-02 04:45:45.2471|INFO|Worker4|AdaptableLog|[TaiwuRemoveAILimitation]: CreateAction failed: charId=4965, actionId=20, goalId=238, state=1
2026-07-02 04:45:45.2471|INFO|Worker29|AdaptableLog|[TaiwuRemoveAILimitation]: CreateAction succeeded: charId=968, actionId=19, goalId=195, state=1
2026-07-02 04:45:45.2471|INFO|Worker4|AdaptableLog|[TaiwuRemoveAILimitation]: CreateAction failed: charId=4958, actionId=23, goalId=241, state=1
2026-07-02 04:45:45.2471|INFO|Worker16|AdaptableLog|[TaiwuRemoveAILimitation]: CreateAction succeeded: charId=7835, actionId=23, goalId=238, state=1
2026-07-02 04:45:45.2471|INFO|Worker0|AdaptableLog|[TaiwuRemoveAILimitation]: CreateAction failed: charId=1869, actionId=21, goalId=232, state=1
2026-07-02 04:45:45.2471|INFO|Worker16|AdaptableLog|[TaiwuRemoveAILimitation]: CreateAction failed: charId=8655, actionId=19, goalId=241, state=1
2026-07-02 04:45:45.2471|INFO|Worker16|AdaptableLog|[TaiwuRemoveAILimitation]: CreateAction succeeded: charId=8655, actionId=14, goalId=238, state=1
2026-07-02 04:45:45.2471|INFO|Worker0|AdaptableLog|[TaiwuRemoveAILimitation]: CreateAction failed: charId=1884, actionId=22, goalId=273, state=1
2026-07-02 04:45:45.2471|INFO|Worker16|AdaptableLog|[TaiwuRemoveAILimitation]: CreateAction failed: charId=5791, actionId=21, goalId=238, state=1
2026-07-02 04:45:45.2625|INFO|Worker16|AdaptableLog|[TaiwuRemoveAILimitation]: CreateAction succeeded: charId=5791, actionId=22, goalId=238, state=1
2026-07-02 04:45:45.2625|INFO|Worker20|AdaptableLog|[TaiwuRemoveAILimitation]: CreateAction failed: charId=8325, actionId=18, goalId=190, state=1
2026-07-02 04:45:45.2625|INFO|Worker20|AdaptableLog|[TaiwuRemoveAILimitation]: CreateAction failed: charId=8325, actionId=18, goalId=192, state=1
2026-07-02 04:45:45.2625|INFO|Worker29|AdaptableLog|[TaiwuRemoveAILimitation]: CreateAction succeeded: charId=978, actionId=17, goalId=273, state=1
2026-07-02 04:45:45.2625|INFO|Worker4|AdaptableLog|[TaiwuRemoveAILimitation]: CreateAction succeeded: charId=5117, actionId=16, goalId=273, state=1
2026-07-02 04:45:45.2625|INFO|Worker1|AdaptableLog|[TaiwuRemoveAILimitation]: CreateAction failed: charId=12789, actionId=15, goalId=241, state=1
2026-07-02 04:45:45.2625|INFO|Worker1|AdaptableLog|[TaiwuRemoveAILimitation]: CreateAction failed: charId=13198, actionId=14, goalId=273, state=1
2026-07-02 04:45:45.2625|INFO|Worker20|AdaptableLog|[TaiwuRemoveAILimitation]: CreateAction succeeded: charId=2227, actionId=14, goalId=8, state=1
2026-07-02 04:45:45.2625|INFO|Worker29|AdaptableLog|[TaiwuRemoveAILimitation]: CreateAction succeeded: charId=954, actionId=17, goalId=273, state=1
2026-07-02 04:45:45.2625|INFO|Worker1|AdaptableLog|[TaiwuRemoveAILimitation]: CreateAction failed: charId=15407, actionId=23, goalId=273, state=1
2026-07-02 04:45:45.2625|INFO|Worker29|AdaptableLog|[TaiwuRemoveAILimitation]: CreateAction succeeded: charId=1014, actionId=17, goalId=238, state=1
2026-07-02 04:45:45.2625|INFO|Worker29|AdaptableLog|[TaiwuRemoveAILimitation]: CreateAction succeeded: charId=987, actionId=22, goalId=273, state=1
2026-07-02 04:45:45.2625|INFO|Worker0|AdaptableLog|[TaiwuRemoveAILimitation]: CreateAction succeeded: charId=7747, actionId=18, goalId=273, state=1
2026-07-02 04:45:45.2625|INFO|Worker20|AdaptableLog|[TaiwuRemoveAILimitation]: CreateAction succeeded: charId=2232, actionId=15, goalId=238, state=1
2026-07-02 04:45:45.2625|INFO|Worker29|AdaptableLog|[TaiwuRemoveAILimitation]: CreateAction failed: charId=990, actionId=19, goalId=238, state=1
2026-07-02 04:45:45.2625|INFO|Worker29|AdaptableLog|[TaiwuRemoveAILimitation]: CreateAction succeeded: charId=986, actionId=20, goalId=273, state=1
2026-07-02 04:45:45.2625|INFO|Worker20|AdaptableLog|[TaiwuRemoveAILimitation]: CreateAction failed: charId=2203, actionId=15, goalId=234, state=1
2026-07-02 04:45:45.2625|INFO|Worker1|AdaptableLog|[TaiwuRemoveAILimitation]: CreateAction failed: charId=11718, actionId=20, goalId=273, state=1
2026-07-02 04:45:45.2625|INFO|Worker20|AdaptableLog|[TaiwuRemoveAILimitation]: CreateAction succeeded: charId=2203, actionId=14, goalId=194, state=1
2026-07-02 04:45:45.2625|INFO|Worker1|AdaptableLog|[TaiwuRemoveAILimitation]: CreateAction failed: charId=13516, actionId=20, goalId=273, state=1
2026-07-02 04:45:45.2625|INFO|Worker20|AdaptableLog|[TaiwuRemoveAILimitation]: CreateAction succeeded: charId=8094, actionId=14, goalId=8, state=1
2026-07-02 04:45:45.2625|INFO|Worker20|AdaptableLog|[TaiwuRemoveAILimitation]: CreateAction succeeded: charId=8611, actionId=18, goalId=192, state=1
2026-07-02 04:45:45.2625|INFO|Worker16|AdaptableLog|[TaiwuRemoveAILimitation]: CreateAction failed: charId=8308, actionId=23, goalId=241, state=1
2026-07-02 04:45:45.2625|INFO|Worker16|AdaptableLog|[TaiwuRemoveAILimitation]: CreateAction failed: charId=8308, actionId=23, goalId=241, state=1
2026-07-02 04:45:45.2625|INFO|Worker16|AdaptableLog|[TaiwuRemoveAILimitation]: CreateAction succeeded: charId=8308, actionId=20, goalId=238, state=1
2026-07-02 04:45:45.2625|INFO|Worker1|AdaptableLog|[TaiwuRemoveAILimitation]: CreateAction failed: charId=12997, actionId=20, goalId=241, state=1
2026-07-02 04:45:45.2625|INFO|Worker0|AdaptableLog|[TaiwuRemoveAILimitation]: CreateAction failed: charId=1841, actionId=18, goalId=273, state=1
2026-07-02 04:45:45.2625|INFO|Worker16|AdaptableLog|[TaiwuRemoveAILimitation]: CreateAction succeeded: charId=5744, actionId=15, goalId=18, state=1
2026-07-02 04:45:45.2625|INFO|Worker29|AdaptableLog|[TaiwuRemoveAILimitation]: CreateAction succeeded: charId=1006, actionId=17, goalId=273, state=1
2026-07-02 04:45:45.2625|INFO|Worker18|AdaptableLog|[TaiwuRemoveAILimitation]: CreateAction succeeded: charId=4625, actionId=15, goalId=273, state=1
2026-07-02 04:45:45.2791|INFO|Worker20|AdaptableLog|[TaiwuRemoveAILimitation]: CreateAction succeeded: charId=2230, actionId=18, goalId=273, state=1
2026-07-02 04:45:45.2791|INFO|Worker29|AdaptableLog|[TaiwuRemoveAILimitation]: CreateAction succeeded: charId=960, actionId=17, goalId=273, state=1
2026-07-02 04:45:45.2791|INFO|Worker1|AdaptableLog|[TaiwuRemoveAILimitation]: CreateAction failed: charId=14122, actionId=16, goalId=273, state=1
2026-07-02 04:45:45.2791|INFO|Worker0|AdaptableLog|[TaiwuRemoveAILimitation]: CreateAction failed: charId=1798, actionId=19, goalId=238, state=1
2026-07-02 04:45:45.2791|INFO|Worker0|AdaptableLog|[TaiwuRemoveAILimitation]: CreateAction succeeded: charId=1798, actionId=21, goalId=238, state=1
2026-07-02 04:45:45.2791|INFO|Worker16|AdaptableLog|[TaiwuRemoveAILimitation]: CreateAction succeeded: charId=10383, actionId=23, goalId=273, state=1
2026-07-02 04:45:45.2791|INFO|Worker16|AdaptableLog|[TaiwuRemoveAILimitation]: CreateAction succeeded: charId=6989, actionId=20, goalId=238, state=1
2026-07-02 04:45:45.2791|INFO|Worker1|AdaptableLog|[TaiwuRemoveAILimitation]: CreateAction succeeded: charId=6977, actionId=16, goalId=273, state=1
2026-07-02 04:45:45.2791|INFO|Worker29|AdaptableLog|[TaiwuRemoveAILimitation]: CreateAction failed: charId=988, actionId=19, goalId=273, state=1
2026-07-02 04:45:45.2791|INFO|Worker1|AdaptableLog|[TaiwuRemoveAILimitation]: CreateAction failed: charId=13515, actionId=14, goalId=273, state=1
2026-07-02 04:45:45.2791|INFO|Worker16|AdaptableLog|[TaiwuRemoveAILimitation]: CreateAction succeeded: charId=5755, actionId=23, goalId=238, state=1
2026-07-02 04:45:45.2791|INFO|Worker16|AdaptableLog|[TaiwuRemoveAILimitation]: CreateAction succeeded: charId=9363, actionId=19, goalId=273, state=1
2026-07-02 04:45:45.2791|INFO|Worker29|AdaptableLog|[TaiwuRemoveAILimitation]: CreateAction succeeded: charId=988, actionId=19, goalId=238, state=1
2026-07-02 04:45:45.2791|INFO|Worker1|AdaptableLog|[TaiwuRemoveAILimitation]: CreateAction failed: charId=11719, actionId=17, goalId=273, state=1
2026-07-02 04:45:45.2791|INFO|Worker18|AdaptableLog|[TaiwuRemoveAILimitation]: CreateAction succeeded: charId=4587, actionId=15, goalId=273, state=1
2026-07-02 04:45:45.2791|INFO|Worker16|AdaptableLog|[TaiwuRemoveAILimitation]: CreateAction succeeded: charId=10204, actionId=19, goalId=238, state=1
2026-07-02 04:45:45.2791|INFO|Worker1|AdaptableLog|[TaiwuRemoveAILimitation]: CreateAction failed: charId=12419, actionId=16, goalId=273, state=1
2026-07-02 04:45:45.2791|INFO|Worker29|AdaptableLog|[TaiwuRemoveAILimitation]: CreateAction succeeded: charId=966, actionId=17, goalId=273, state=1
2026-07-02 04:45:45.2791|INFO|Worker1|AdaptableLog|[TaiwuRemoveAILimitation]: CreateAction failed: charId=13196, actionId=14, goalId=273, state=1
2026-07-02 04:45:45.2791|INFO|Worker16|AdaptableLog|[TaiwuRemoveAILimitation]: CreateAction succeeded: charId=9430, actionId=22, goalId=238, state=1
2026-07-02 04:45:45.2791|INFO|Worker16|AdaptableLog|[TaiwuRemoveAILimitation]: CreateAction succeeded: charId=8009, actionId=21, goalId=238, state=1
2026-07-02 04:45:45.2791|INFO|Worker1|AdaptableLog|[TaiwuRemoveAILimitation]: CreateAction failed: charId=11585, actionId=19, goalId=273, state=1
2026-07-02 04:45:45.2941|INFO|Worker1|AdaptableLog|[TaiwuRemoveAILimitation]: CreateAction failed: charId=12543, actionId=17, goalId=273, state=1
2026-07-02 04:45:45.2941|INFO|Worker20|AdaptableLog|[TaiwuRemoveAILimitation]: CreateAction succeeded: charId=2212, actionId=14, goalId=273, state=1
2026-07-02 04:45:45.2941|INFO|Worker1|AdaptableLog|[TaiwuRemoveAILimitation]: CreateAction failed: charId=12543, actionId=17, goalId=241, state=1
2026-07-02 04:45:45.2941|INFO|Worker16|AdaptableLog|[TaiwuRemoveAILimitation]: CreateAction succeeded: charId=8720, actionId=14, goalId=273, state=1
2026-07-02 04:45:45.2941|INFO|Worker16|AdaptableLog|[TaiwuRemoveAILimitation]: CreateAction succeeded: charId=7497, actionId=21, goalId=238, state=1
2026-07-02 04:45:45.2941|INFO|Worker16|AdaptableLog|[TaiwuRemoveAILimitation]: CreateAction succeeded: charId=8011, actionId=15, goalId=273, state=1
2026-07-02 04:45:45.2941|INFO|Worker16|AdaptableLog|[TaiwuRemoveAILimitation]: CreateAction succeeded: charId=5761, actionId=14, goalId=273, state=1
2026-07-02 04:45:45.2941|INFO|Worker20|AdaptableLog|[TaiwuRemoveAILimitation]: CreateAction failed: charId=2382, actionId=17, goalId=273, state=1
2026-07-02 04:45:45.2941|INFO|Worker20|AdaptableLog|[TaiwuRemoveAILimitation]: CreateAction succeeded: charId=2382, actionId=17, goalId=238, state=1
2026-07-02 04:45:45.2941|INFO|Worker16|AdaptableLog|[TaiwuRemoveAILimitation]: CreateAction failed: charId=8010, actionId=19, goalId=238, state=1
2026-07-02 04:45:45.2941|INFO|Worker16|AdaptableLog|[TaiwuRemoveAILimitation]: CreateAction failed: charId=8010, actionId=14, goalId=238, state=1
2026-07-02 04:45:45.2941|INFO|Worker16|AdaptableLog|[TaiwuRemoveAILimitation]: CreateAction succeeded: charId=8010, actionId=14, goalId=238, state=1
2026-07-02 04:45:45.2941|INFO|Worker16|AdaptableLog|[TaiwuRemoveAILimitation]: CreateAction succeeded: charId=5745, actionId=23, goalId=273, state=1
2026-07-02 04:45:45.2941|INFO|Worker1|AdaptableLog|[TaiwuRemoveAILimitation]: CreateAction failed: charId=13914, actionId=16, goalId=273, state=1
2026-07-02 04:45:45.2941|INFO|Worker1|AdaptableLog|[TaiwuRemoveAILimitation]: CreateAction failed: charId=11717, actionId=15, goalId=273, state=1
2026-07-02 04:45:45.3096|INFO|Worker1|AdaptableLog|[TaiwuRemoveAILimitation]: CreateAction failed: charId=11717, actionId=19, goalId=241, state=1
2026-07-02 04:45:45.3096|INFO|Worker16|AdaptableLog|[TaiwuRemoveAILimitation]: CreateAction failed: charId=7718, actionId=23, goalId=241, state=1
2026-07-02 04:45:45.3096|INFO|Worker16|AdaptableLog|[TaiwuRemoveAILimitation]: CreateAction succeeded: charId=7718, actionId=20, goalId=241, state=1
2026-07-02 04:45:45.3096|INFO|Worker1|AdaptableLog|[TaiwuRemoveAILimitation]: CreateAction failed: charId=11717, actionId=19, goalId=241, state=1
2026-07-02 04:45:45.3096|INFO|Worker16|AdaptableLog|[TaiwuRemoveAILimitation]: CreateAction succeeded: charId=5810, actionId=20, goalId=241, state=1
2026-07-02 04:45:45.3096|INFO|Worker1|AdaptableLog|[TaiwuRemoveAILimitation]: CreateAction failed: charId=13117, actionId=15, goalId=273, state=1
2026-07-02 04:45:45.3096|INFO|Worker1|AdaptableLog|[TaiwuRemoveAILimitation]: CreateAction failed: charId=10172, actionId=18, goalId=273, state=1
2026-07-02 04:45:45.3096|INFO|Worker1|AdaptableLog|[TaiwuRemoveAILimitation]: CreateAction failed: charId=15301, actionId=14, goalId=273, state=1
2026-07-02 04:45:45.3096|INFO|Worker16|AdaptableLog|[TaiwuRemoveAILimitation]: CreateAction succeeded: charId=5786, actionId=21, goalId=273, state=1
2026-07-02 04:45:45.3096|INFO|Worker16|AdaptableLog|[TaiwuRemoveAILimitation]: CreateAction succeeded: charId=5739, actionId=23, goalId=238, state=1
2026-07-02 04:45:45.3096|INFO|Worker1|AdaptableLog|[TaiwuRemoveAILimitation]: CreateAction failed: charId=11853, actionId=18, goalId=273, state=1
2026-07-02 04:45:45.3096|INFO|Worker1|AdaptableLog|[TaiwuRemoveAILimitation]: CreateAction failed: charId=10890, actionId=14, goalId=273, state=1
2026-07-02 04:45:45.3255|INFO|Worker1|AdaptableLog|[TaiwuRemoveAILimitation]: CreateAction failed: charId=13366, actionId=17, goalId=273, state=1
2026-07-02 04:45:45.3255|INFO|Worker1|AdaptableLog|[TaiwuRemoveAILimitation]: CreateAction failed: charId=13366, actionId=17, goalId=241, state=1
2026-07-02 04:45:45.3255|INFO|Worker1|AdaptableLog|[TaiwuRemoveAILimitation]: CreateAction failed: charId=10578, actionId=18, goalId=273, state=1
2026-07-02 04:45:45.3255|INFO|Worker16|AdaptableLog|[TaiwuRemoveAILimitation]: CreateAction succeeded: charId=5877, actionId=14, goalId=273, state=1
2026-07-02 04:45:45.3255|INFO|Worker1|AdaptableLog|[TaiwuRemoveAILimitation]: CreateAction failed: charId=14014, actionId=14, goalId=273, state=1
2026-07-02 04:45:45.3255|INFO|Worker1|AdaptableLog|[TaiwuRemoveAILimitation]: CreateAction failed: charId=13319, actionId=22, goalId=273, state=1
2026-07-02 04:45:45.3255|INFO|Worker1|AdaptableLog|[TaiwuRemoveAILimitation]: CreateAction failed: charId=13319, actionId=22, goalId=241, state=1
2026-07-02 04:45:45.3430|INFO|Worker1|AdaptableLog|[TaiwuRemoveAILimitation]: CreateAction failed: charId=11355, actionId=18, goalId=273, state=1
2026-07-02 04:45:45.3430|INFO|Worker1|AdaptableLog|[TaiwuRemoveAILimitation]: CreateAction failed: charId=11400, actionId=18, goalId=241, state=1
2026-07-02 04:45:45.3430|INFO|Worker1|AdaptableLog|[TaiwuRemoveAILimitation]: CreateAction failed: charId=13915, actionId=15, goalId=273, state=1
2026-07-02 04:45:45.3430|INFO|Worker1|AdaptableLog|[TaiwuRemoveAILimitation]: CreateAction failed: charId=12579, actionId=18, goalId=238, state=1
2026-07-02 04:45:45.3430|INFO|Worker1|AdaptableLog|[TaiwuRemoveAILimitation]: CreateAction failed: charId=9399, actionId=16, goalId=273, state=1
2026-07-02 04:45:45.3585|INFO|Worker1|AdaptableLog|[TaiwuRemoveAILimitation]: CreateAction failed: charId=9099, actionId=21, goalId=273, state=1
2026-07-02 04:45:45.3585|INFO|Worker1|AdaptableLog|[TaiwuRemoveAILimitation]: CreateAction failed: charId=12216, actionId=16, goalId=273, state=1
2026-07-02 04:45:45.3585|INFO|Worker1|AdaptableLog|[TaiwuRemoveAILimitation]: CreateAction failed: charId=13843, actionId=15, goalId=273, state=1
2026-07-02 04:45:45.3585|INFO|Worker1|AdaptableLog|[TaiwuRemoveAILimitation]: CreateAction failed: charId=9896, actionId=16, goalId=273, state=1
2026-07-02 04:45:45.3585|INFO|Worker1|AdaptableLog|[TaiwuRemoveAILimitation]: CreateAction failed: charId=13403, actionId=17, goalId=273, state=1
2026-07-02 04:45:45.3585|INFO|Worker1|AdaptableLog|[TaiwuRemoveAILimitation]: CreateAction failed: charId=12288, actionId=22, goalId=273, state=1
2026-07-02 04:45:45.3720|INFO|Worker1|AdaptableLog|[TaiwuRemoveAILimitation]: CreateAction failed: charId=12546, actionId=22, goalId=241, state=1
2026-07-02 04:45:45.3720|INFO|Worker1|AdaptableLog|[TaiwuRemoveAILimitation]: CreateAction failed: charId=12546, actionId=21, goalId=241, state=1
2026-07-02 04:45:45.3720|INFO|Worker1|AdaptableLog|[TaiwuRemoveAILimitation]: CreateAction succeeded: charId=14281, actionId=23, goalId=241, state=1
2026-07-02 04:45:45.3720|INFO|Worker1|AdaptableLog|[TaiwuRemoveAILimitation]: CreateAction failed: charId=13197, actionId=14, goalId=273, state=1
2026-07-02 04:45:45.3720|INFO|Worker1|AdaptableLog|[TaiwuRemoveAILimitation]: CreateAction failed: charId=13197, actionId=20, goalId=241, state=1
2026-07-02 04:45:45.3720|INFO|Worker1|AdaptableLog|[TaiwuRemoveAILimitation]: CreateAction failed: charId=10942, actionId=19, goalId=273, state=1
2026-07-02 04:45:45.3720|INFO|Worker1|AdaptableLog|[TaiwuRemoveAILimitation]: CreateAction failed: charId=12930, actionId=15, goalId=273, state=1
2026-07-02 04:45:45.3919|INFO|Worker1|AdaptableLog|[TaiwuRemoveAILimitation]: CreateAction failed: charId=10070, actionId=20, goalId=273, state=1
2026-07-02 04:45:45.3919|INFO|Worker1|AdaptableLog|[TaiwuRemoveAILimitation]: CreateAction failed: charId=7924, actionId=23, goalId=273, state=1
2026-07-02 04:45:45.3919|INFO|Worker1|AdaptableLog|[TaiwuRemoveAILimitation]: CreateAction failed: charId=12135, actionId=16, goalId=241, state=1
2026-07-02 04:45:45.3919|INFO|Worker1|AdaptableLog|[TaiwuRemoveAILimitation]: CreateAction failed: charId=13200, actionId=14, goalId=273, state=1
2026-07-02 04:45:45.3919|INFO|Worker1|AdaptableLog|[TaiwuRemoveAILimitation]: CreateAction failed: charId=13400, actionId=16, goalId=273, state=1
2026-07-02 04:45:45.3919|INFO|Worker1|AdaptableLog|[TaiwuRemoveAILimitation]: CreateAction failed: charId=13400, actionId=16, goalId=241, state=1
2026-07-02 04:45:45.3919|INFO|Worker1|AdaptableLog|[TaiwuRemoveAILimitation]: CreateAction failed: charId=12882, actionId=19, goalId=273, state=1
2026-07-02 04:45:45.3919|INFO|Worker1|AdaptableLog|[TaiwuRemoveAILimitation]: CreateAction failed: charId=15065, actionId=23, goalId=273, state=1
2026-07-02 04:45:45.4054|INFO|Worker1|AdaptableLog|[TaiwuRemoveAILimitation]: CreateAction failed: charId=12248, actionId=18, goalId=273, state=1
2026-07-02 04:45:45.4054|INFO|Worker1|AdaptableLog|[TaiwuRemoveAILimitation]: CreateAction failed: charId=14013, actionId=23, goalId=273, state=1
2026-07-02 04:45:45.4246|INFO|Worker1|AdaptableLog|[TaiwuRemoveAILimitation]: CreateAction failed: charId=3180, actionId=22, goalId=238, state=1
2026-07-02 04:45:45.4246|INFO|Main|AdaptableLog|[TaiwuRemoveAILimitation]: ExecuteAction finished: char=市镇大夫-管雅厚(2014)(id=2014), action=制造解毒药(A21), target=<none>, no-next-action
2026-07-02 04:45:45.4410|INFO|Main|AdaptableLog|[TaiwuRemoveAILimitation]: ExecuteAction finished: char=太吾村大夫-佘文(10357)(id=10357), action=制作疗伤药(A20), target=<none>, no-next-action
2026-07-02 04:45:45.4845|INFO|Main|AdaptableLog|[TaiwuRemoveAILimitation]: ExecuteAction finished: char=山寨大夫-满汝恬(4134)(id=4134), action=制作疗伤药(A20), target=<none>, no-next-action
2026-07-02 04:45:45.4997|INFO|Main|AdaptableLog|[TaiwuRemoveAILimitation]: ExecuteAction finished: char=空桑派蛟士-子车清霞(3843)(id=3843), action=制作调息药(A22), target=<none>, no-next-action
2026-07-02 04:45:45.4997|INFO|Main|AdaptableLog|[TaiwuRemoveAILimitation]: ExecuteAction finished: char=山寨大夫-魏云(3924)(id=3924), action=制作疗伤药(A20), target=<none>, no-next-action
2026-07-02 04:45:45.5392|INFO|Main|AdaptableLog|[TaiwuRemoveAILimitation]: ExecuteAction finished: char=山寨手艺人-宫文仪(328)(id=328), action=锻造金铁道具(A14), target=<none>, no-next-action
2026-07-02 04:45:45.5485|INFO|Main|AdaptableLog|[TaiwuRemoveAILimitation]: ExecuteAction finished: char=然山派散人-廉英(9278)(id=9278), action=研读旧书(A59), target=<none>, no-next-action
2026-07-02 04:45:45.5485|INFO|Main|AdaptableLog|[TaiwuRemoveAILimitation]: ExecuteAction finished: char=山寨文人-漆雕归云(2174)(id=2174), action=锻造木材道具(A15), target=<none>, next=售出道具(A35)
2026-07-02 04:45:45.5896|INFO|Main|AdaptableLog|[TaiwuRemoveAILimitation]: ExecuteAction finished: char=太原文人-翟玄霞(4826)(id=4826), action=制作调息药(A22), target=<none>, no-next-action
2026-07-02 04:45:45.6374|INFO|Main|AdaptableLog|[TaiwuRemoveAILimitation]: ExecuteAction finished: char=成都大夫-封纳财(415)(id=415), action=制造解毒药(A21), target=<none>, no-next-action
2026-07-02 04:45:45.6433|INFO|Main|AdaptableLog|[TaiwuRemoveAILimitation]: ExecuteAction finished: char=市镇大夫-聂羽(3102)(id=3102), action=锻造金铁道具(A14), target=<none>, no-next-action
2026-07-02 04:45:45.6433|INFO|Main|AdaptableLog|[TaiwuRemoveAILimitation]: ExecuteAction finished: char=山寨手艺人-耿宝莲(3987)(id=3987), action=锻造织物道具(A17), target=<none>, next=售出道具(A35)
2026-07-02 04:45:45.6559|INFO|Main|AdaptableLog|[TaiwuRemoveAILimitation]: ExecuteAction finished: char=百花谷朱匣弟子-莫梦滢(983)(id=983), action=锻造织物道具(A17), target=<none>, no-next-action
2026-07-02 04:45:45.6559|INFO|Main|AdaptableLog|[TaiwuRemoveAILimitation]: ExecuteAction finished: char=百花谷金匣弟子-姚妃瑛(7698)(id=7698), action=锻造织物道具(A17), target=<none>, no-next-action
2026-07-02 04:45:45.6559|INFO|Main|AdaptableLog|[TaiwuRemoveAILimitation]: ExecuteAction finished: char=百花谷鹿裳使-狄育敏(968)(id=968), action=制造健康药(A19), target=<none>, no-next-action
2026-07-02 04:45:45.6559|INFO|Main|AdaptableLog|[TaiwuRemoveAILimitation]: ExecuteAction finished: char=百花谷鹿裳使-第五桂(954)(id=954), action=锻造织物道具(A17), target=<none>, no-next-action
2026-07-02 04:45:45.6559|INFO|Main|AdaptableLog|[TaiwuRemoveAILimitation]: ExecuteAction finished: char=百花谷朱匣弟子-艾少文(987)(id=987), action=制作调息药(A22), target=<none>, no-next-action
2026-07-02 04:45:45.6559|INFO|Main|AdaptableLog|[TaiwuRemoveAILimitation]: ExecuteAction finished: char=百花谷鹿裳使-狄礼慧(966)(id=966), action=锻造织物道具(A17), target=<none>, no-next-action
2026-07-02 04:45:45.6559|INFO|Main|AdaptableLog|[TaiwuRemoveAILimitation]: ExecuteAction finished: char=伏龙坛岛主-喻翠箫(5441)(id=5441), action=锻造金铁道具(A14), target=<none>, next=售出道具(A35)
2026-07-02 04:45:45.6744|INFO|Main|AdaptableLog|[TaiwuRemoveAILimitation]: ExecuteAction finished: char=寿春大夫-步娟琼(4831)(id=4831), action=制作调息药(A22), target=<none>, no-next-action
2026-07-02 04:45:45.6744|INFO|Worker5|AdaptableLog|[TaiwuRemoveAILimitation]: CreateAction failed: charId=1925, actionId=17, goalId=238, state=2
2026-07-02 04:45:45.6744|INFO|Worker6|AdaptableLog|[TaiwuRemoveAILimitation]: CreateAction succeeded: charId=1420, actionId=15, goalId=5, state=2
2026-07-02 04:45:45.6945|INFO|Worker11|AdaptableLog|[TaiwuRemoveAILimitation]: CreateAction succeeded: charId=2512, actionId=19, goalId=238, state=2
2026-07-02 04:45:45.6945|INFO|Worker28|AdaptableLog|[TaiwuRemoveAILimitation]: CreateAction failed: charId=12879, actionId=15, goalId=273, state=2
2026-07-02 04:45:45.6744|INFO|Worker14|AdaptableLog|[TaiwuRemoveAILimitation]: CreateAction succeeded: charId=2602, actionId=16, goalId=238, state=2
2026-07-02 04:45:45.6744|INFO|Worker10|AdaptableLog|[TaiwuRemoveAILimitation]: CreateAction succeeded: charId=1167, actionId=23, goalId=238, state=2
2026-07-02 04:45:45.6744|INFO|Worker12|AdaptableLog|[TaiwuRemoveAILimitation]: CreateAction succeeded: charId=1217, actionId=23, goalId=238, state=2
2026-07-02 04:45:45.6744|INFO|Worker8|AdaptableLog|[TaiwuRemoveAILimitation]: CreateAction succeeded: charId=2339, actionId=16, goalId=196, state=2
2026-07-02 04:45:45.6945|INFO|Worker20|AdaptableLog|[TaiwuRemoveAILimitation]: CreateAction succeeded: charId=8425, actionId=23, goalId=15, state=2
2026-07-02 04:45:45.6945|INFO|Worker23|AdaptableLog|[TaiwuRemoveAILimitation]: CreateAction failed: charId=3354, actionId=14, goalId=192, state=2
2026-07-02 04:45:45.6945|INFO|Worker5|AdaptableLog|[TaiwuRemoveAILimitation]: CreateAction failed: charId=1925, actionId=17, goalId=193, state=2
2026-07-02 04:45:45.6945|INFO|Worker17|AdaptableLog|[TaiwuRemoveAILimitation]: CreateAction succeeded: charId=149, actionId=15, goalId=194, state=2
2026-07-02 04:45:45.6945|INFO|Worker1|AdaptableLog|[TaiwuRemoveAILimitation]: CreateAction failed: charId=878, actionId=16, goalId=192, state=2
2026-07-02 04:45:45.6945|INFO|Worker27|AdaptableLog|[TaiwuRemoveAILimitation]: CreateAction failed: charId=3421, actionId=14, goalId=238, state=2
2026-07-02 04:45:45.6945|INFO|Worker31|AdaptableLog|[TaiwuRemoveAILimitation]: CreateAction succeeded: charId=3983, actionId=15, goalId=273, state=2
2026-07-02 04:45:45.6945|INFO|Worker29|AdaptableLog|[TaiwuRemoveAILimitation]: CreateAction succeeded: charId=243, actionId=21, goalId=238, state=2
2026-07-02 04:45:45.6945|INFO|Worker13|AdaptableLog|[TaiwuRemoveAILimitation]: CreateAction succeeded: charId=2074, actionId=16, goalId=196, state=2
2026-07-02 04:45:45.6945|INFO|Worker23|AdaptableLog|[TaiwuRemoveAILimitation]: CreateAction succeeded: charId=3354, actionId=14, goalId=193, state=2
2026-07-02 04:45:45.6945|INFO|Worker26|AdaptableLog|[TaiwuRemoveAILimitation]: CreateAction failed: charId=2335, actionId=22, goalId=238, state=2
2026-07-02 04:45:45.6945|INFO|Worker18|AdaptableLog|[TaiwuRemoveAILimitation]: CreateAction succeeded: charId=4826, actionId=19, goalId=238, state=2
2026-07-02 04:45:45.6945|INFO|Worker20|AdaptableLog|[TaiwuRemoveAILimitation]: CreateAction failed: charId=469, actionId=16, goalId=238, state=2
2026-07-02 04:45:45.6945|INFO|Worker30|AdaptableLog|[TaiwuRemoveAILimitation]: CreateAction succeeded: charId=4494, actionId=15, goalId=193, state=2
2026-07-02 04:45:45.6945|INFO|Worker1|AdaptableLog|[TaiwuRemoveAILimitation]: CreateAction failed: charId=878, actionId=16, goalId=194, state=2
2026-07-02 04:45:45.6945|INFO|Worker27|AdaptableLog|[TaiwuRemoveAILimitation]: CreateAction succeeded: charId=3421, actionId=14, goalId=238, state=2
2026-07-02 04:45:45.6945|INFO|Worker5|AdaptableLog|[TaiwuRemoveAILimitation]: CreateAction succeeded: charId=1966, actionId=21, goalId=191, state=2
2026-07-02 04:45:45.6945|INFO|Worker6|AdaptableLog|[TaiwuRemoveAILimitation]: CreateAction succeeded: charId=1343, actionId=15, goalId=238, state=2
2026-07-02 04:45:45.6945|INFO|Worker5|AdaptableLog|[TaiwuRemoveAILimitation]: CreateAction succeeded: charId=1965, actionId=22, goalId=238, state=2
2026-07-02 04:45:45.6945|INFO|Worker8|AdaptableLog|[TaiwuRemoveAILimitation]: CreateAction succeeded: charId=3228, actionId=23, goalId=238, state=2
2026-07-02 04:45:45.6945|INFO|Worker0|AdaptableLog|[TaiwuRemoveAILimitation]: CreateAction failed: charId=87, actionId=23, goalId=192, state=2
2026-07-02 04:45:45.6945|INFO|Worker26|AdaptableLog|[TaiwuRemoveAILimitation]: CreateAction succeeded: charId=2335, actionId=22, goalId=191, state=2
2026-07-02 04:45:45.6945|INFO|Worker7|AdaptableLog|[TaiwuRemoveAILimitation]: CreateAction succeeded: charId=10353, actionId=23, goalId=273, state=2
2026-07-02 04:45:45.6945|INFO|Worker11|AdaptableLog|[TaiwuRemoveAILimitation]: CreateAction succeeded: charId=2515, actionId=15, goalId=238, state=2
2026-07-02 04:45:45.6945|INFO|Worker29|AdaptableLog|[TaiwuRemoveAILimitation]: CreateAction succeeded: charId=237, actionId=23, goalId=238, state=2
2026-07-02 04:45:45.6945|INFO|Worker20|AdaptableLog|[TaiwuRemoveAILimitation]: CreateAction succeeded: charId=4082, actionId=19, goalId=238, state=2
2026-07-02 04:45:45.6945|INFO|Worker13|AdaptableLog|[TaiwuRemoveAILimitation]: CreateAction succeeded: charId=3052, actionId=14, goalId=194, state=2
2026-07-02 04:45:45.6945|INFO|Worker27|AdaptableLog|[TaiwuRemoveAILimitation]: CreateAction succeeded: charId=8145, actionId=14, goalId=238, state=2
2026-07-02 04:45:45.6945|INFO|Worker3|AdaptableLog|[TaiwuRemoveAILimitation]: CreateAction failed: charId=4341, actionId=15, goalId=238, state=2
2026-07-02 04:45:45.6945|INFO|Worker0|AdaptableLog|[TaiwuRemoveAILimitation]: CreateAction succeeded: charId=87, actionId=23, goalId=193, state=2
2026-07-02 04:45:45.6945|INFO|Worker17|AdaptableLog|[TaiwuRemoveAILimitation]: CreateAction failed: charId=3987, actionId=15, goalId=194, state=2
2026-07-02 04:45:45.6945|INFO|Worker4|AdaptableLog|[TaiwuRemoveAILimitation]: CreateAction failed: charId=8064, actionId=18, goalId=238, state=2
2026-07-02 04:45:45.6945|INFO|Worker1|AdaptableLog|[TaiwuRemoveAILimitation]: CreateAction succeeded: charId=1126, actionId=15, goalId=192, state=2
2026-07-02 04:45:45.6997|INFO|Worker8|AdaptableLog|[TaiwuRemoveAILimitation]: CreateAction succeeded: charId=3307, actionId=16, goalId=196, state=2
2026-07-02 04:45:45.6997|INFO|Worker22|AdaptableLog|[TaiwuRemoveAILimitation]: CreateAction failed: charId=669, actionId=17, goalId=194, state=2
2026-07-02 04:45:45.6997|INFO|Worker11|AdaptableLog|[TaiwuRemoveAILimitation]: CreateAction succeeded: charId=5648, actionId=23, goalId=192, state=2
2026-07-02 04:45:45.6997|INFO|Worker9|AdaptableLog|[TaiwuRemoveAILimitation]: CreateAction succeeded: charId=8197, actionId=18, goalId=238, state=2
2026-07-02 04:45:45.6997|INFO|Worker3|AdaptableLog|[TaiwuRemoveAILimitation]: CreateAction failed: charId=4341, actionId=16, goalId=238, state=2
2026-07-02 04:45:45.6997|INFO|Worker30|AdaptableLog|[TaiwuRemoveAILimitation]: CreateAction succeeded: charId=4496, actionId=17, goalId=195, state=2
2026-07-02 04:45:45.6997|INFO|Worker16|AdaptableLog|[TaiwuRemoveAILimitation]: CreateAction failed: charId=5207, actionId=20, goalId=238, state=2
2026-07-02 04:45:45.6997|INFO|Worker17|AdaptableLog|[TaiwuRemoveAILimitation]: CreateAction failed: charId=3987, actionId=16, goalId=195, state=2
2026-07-02 04:45:45.6997|INFO|Worker23|AdaptableLog|[TaiwuRemoveAILimitation]: CreateAction succeeded: charId=5153, actionId=19, goalId=238, state=2
2026-07-02 04:45:45.6997|INFO|Worker16|AdaptableLog|[TaiwuRemoveAILimitation]: CreateAction succeeded: charId=5266, actionId=15, goalId=196, state=2
2026-07-02 04:45:45.6997|INFO|Worker7|AdaptableLog|[TaiwuRemoveAILimitation]: CreateAction succeeded: charId=5606, actionId=22, goalId=196, state=2
2026-07-02 04:45:45.6997|INFO|Worker22|AdaptableLog|[TaiwuRemoveAILimitation]: CreateAction failed: charId=669, actionId=16, goalId=193, state=2
2026-07-02 04:45:45.6997|INFO|Worker12|AdaptableLog|[TaiwuRemoveAILimitation]: CreateAction failed: charId=1268, actionId=23, goalId=191, state=2
2026-07-02 04:45:45.6997|INFO|Worker21|AdaptableLog|[TaiwuRemoveAILimitation]: CreateAction succeeded: charId=4950, actionId=21, goalId=273, state=2
2026-07-02 04:45:45.6997|INFO|Worker29|AdaptableLog|[TaiwuRemoveAILimitation]: CreateAction succeeded: charId=223, actionId=22, goalId=238, state=2
2026-07-02 04:45:45.6997|INFO|Worker3|AdaptableLog|[TaiwuRemoveAILimitation]: CreateAction succeeded: charId=4341, actionId=15, goalId=195, state=2
2026-07-02 04:45:45.6997|INFO|Worker27|AdaptableLog|[TaiwuRemoveAILimitation]: CreateAction failed: charId=8413, actionId=14, goalId=238, state=2
2026-07-02 04:45:45.6997|INFO|Worker6|AdaptableLog|[TaiwuRemoveAILimitation]: CreateAction succeeded: charId=7003, actionId=15, goalId=5, state=2
2026-07-02 04:45:45.6997|INFO|Worker8|AdaptableLog|[TaiwuRemoveAILimitation]: CreateAction succeeded: charId=2416, actionId=21, goalId=193, state=2
2026-07-02 04:45:45.6997|INFO|Worker0|AdaptableLog|[TaiwuRemoveAILimitation]: CreateAction failed: charId=40, actionId=14, goalId=238, state=2
2026-07-02 04:45:45.6997|INFO|Worker8|AdaptableLog|[TaiwuRemoveAILimitation]: CreateAction succeeded: charId=2421, actionId=14, goalId=193, state=2
2026-07-02 04:45:45.6997|INFO|Worker12|AdaptableLog|[TaiwuRemoveAILimitation]: CreateAction succeeded: charId=1268, actionId=23, goalId=193, state=2
2026-07-02 04:45:45.6997|INFO|Worker5|AdaptableLog|[TaiwuRemoveAILimitation]: CreateAction failed: charId=2014, actionId=20, goalId=241, state=2
2026-07-02 04:45:45.6997|INFO|Worker16|AdaptableLog|[TaiwuRemoveAILimitation]: CreateAction succeeded: charId=3576, actionId=22, goalId=238, state=2
2026-07-02 04:45:45.6997|INFO|Worker18|AdaptableLog|[TaiwuRemoveAILimitation]: CreateAction failed: charId=1690, actionId=22, goalId=190, state=2
2026-07-02 04:45:45.6997|INFO|Worker27|AdaptableLog|[TaiwuRemoveAILimitation]: CreateAction succeeded: charId=8413, actionId=22, goalId=238, state=2
2026-07-02 04:45:45.6997|INFO|Worker15|AdaptableLog|[TaiwuRemoveAILimitation]: CreateAction succeeded: charId=2972, actionId=14, goalId=238, state=2
2026-07-02 04:45:45.6997|INFO|Worker9|AdaptableLog|[TaiwuRemoveAILimitation]: CreateAction succeeded: charId=5410, actionId=18, goalId=238, state=2
2026-07-02 04:45:45.6997|INFO|Worker21|AdaptableLog|[TaiwuRemoveAILimitation]: CreateAction succeeded: charId=4973, actionId=23, goalId=241, state=2
2026-07-02 04:45:45.6997|INFO|Worker29|AdaptableLog|[TaiwuRemoveAILimitation]: CreateAction failed: charId=201, actionId=21, goalId=273, state=2
2026-07-02 04:45:45.6997|INFO|Worker17|AdaptableLog|[TaiwuRemoveAILimitation]: CreateAction failed: charId=3987, actionId=15, goalId=192, state=2
2026-07-02 04:45:45.6997|INFO|Worker13|AdaptableLog|[TaiwuRemoveAILimitation]: CreateAction failed: charId=2112, actionId=20, goalId=238, state=2
2026-07-02 04:45:45.6997|INFO|Worker0|AdaptableLog|[TaiwuRemoveAILimitation]: CreateAction succeeded: charId=38, actionId=15, goalId=192, state=2
2026-07-02 04:45:45.6997|INFO|Worker11|AdaptableLog|[TaiwuRemoveAILimitation]: CreateAction succeeded: charId=2565, actionId=17, goalId=194, state=2
2026-07-02 04:45:45.6997|INFO|Worker5|AdaptableLog|[TaiwuRemoveAILimitation]: CreateAction succeeded: charId=2014, actionId=22, goalId=192, state=2
2026-07-02 04:45:45.6997|INFO|Worker31|AdaptableLog|[TaiwuRemoveAILimitation]: CreateAction succeeded: charId=4891, actionId=16, goalId=194, state=2
2026-07-02 04:45:45.6997|INFO|Worker7|AdaptableLog|[TaiwuRemoveAILimitation]: CreateAction failed: charId=5655, actionId=15, goalId=194, state=2
2026-07-02 04:45:45.6997|INFO|Worker26|AdaptableLog|[TaiwuRemoveAILimitation]: CreateAction failed: charId=2322, actionId=14, goalId=238, state=2
2026-07-02 04:45:45.7180|INFO|Worker5|AdaptableLog|[TaiwuRemoveAILimitation]: CreateAction succeeded: charId=365, actionId=21, goalId=191, state=2
2026-07-02 04:45:45.6997|INFO|Worker27|AdaptableLog|[TaiwuRemoveAILimitation]: CreateAction succeeded: charId=7317, actionId=17, goalId=238, state=2
2026-07-02 04:45:45.6997|INFO|Worker6|AdaptableLog|[TaiwuRemoveAILimitation]: CreateAction succeeded: charId=1345, actionId=15, goalId=5, state=2
2026-07-02 04:45:45.6997|INFO|Worker14|AdaptableLog|[TaiwuRemoveAILimitation]: CreateAction failed: charId=8865, actionId=16, goalId=238, state=2
2026-07-02 04:45:45.6997|INFO|Worker17|AdaptableLog|[TaiwuRemoveAILimitation]: CreateAction succeeded: charId=3987, actionId=15, goalId=193, state=2
2026-07-02 04:45:45.6997|INFO|Worker29|AdaptableLog|[TaiwuRemoveAILimitation]: CreateAction failed: charId=225, actionId=19, goalId=238, state=2
2026-07-02 04:45:45.6997|INFO|Worker1|AdaptableLog|[TaiwuRemoveAILimitation]: CreateAction failed: charId=875, actionId=22, goalId=238, state=2
2026-07-02 04:45:45.6997|INFO|Worker13|AdaptableLog|[TaiwuRemoveAILimitation]: CreateAction succeeded: charId=2064, actionId=22, goalId=194, state=2
2026-07-02 04:45:45.7180|INFO|Worker2|AdaptableLog|[TaiwuRemoveAILimitation]: CreateAction succeeded: charId=7698, actionId=19, goalId=238, state=2
2026-07-02 04:45:45.7180|INFO|Worker9|AdaptableLog|[TaiwuRemoveAILimitation]: CreateAction succeeded: charId=7654, actionId=18, goalId=190, state=2
2026-07-02 04:45:45.6997|INFO|Worker15|AdaptableLog|[TaiwuRemoveAILimitation]: CreateAction succeeded: charId=3045, actionId=21, goalId=238, state=2
2026-07-02 04:45:45.7180|INFO|Worker26|AdaptableLog|[TaiwuRemoveAILimitation]: CreateAction failed: charId=2322, actionId=18, goalId=238, state=2
2026-07-02 04:45:45.7180|INFO|Worker0|AdaptableLog|[TaiwuRemoveAILimitation]: CreateAction succeeded: charId=96, actionId=17, goalId=187, state=2
2026-07-02 04:45:45.7180|INFO|Worker31|AdaptableLog|[TaiwuRemoveAILimitation]: CreateAction failed: charId=3587, actionId=14, goalId=191, state=2
2026-07-02 04:45:45.7180|INFO|Worker7|AdaptableLog|[TaiwuRemoveAILimitation]: CreateAction failed: charId=5655, actionId=15, goalId=236, state=2
2026-07-02 04:45:45.7180|INFO|Worker27|AdaptableLog|[TaiwuRemoveAILimitation]: CreateAction failed: charId=3415, actionId=14, goalId=273, state=2
2026-07-02 04:45:45.7180|INFO|Worker14|AdaptableLog|[TaiwuRemoveAILimitation]: CreateAction succeeded: charId=8865, actionId=16, goalId=238, state=2
2026-07-02 04:45:45.7180|INFO|Worker29|AdaptableLog|[TaiwuRemoveAILimitation]: CreateAction succeeded: charId=225, actionId=19, goalId=238, state=2
2026-07-02 04:45:45.7180|INFO|Worker1|AdaptableLog|[TaiwuRemoveAILimitation]: CreateAction failed: charId=875, actionId=22, goalId=238, state=2
2026-07-02 04:45:45.7180|INFO|Worker24|AdaptableLog|[TaiwuRemoveAILimitation]: CreateAction failed: charId=4743, actionId=20, goalId=196, state=2
2026-07-02 04:45:45.7180|INFO|Worker21|AdaptableLog|[TaiwuRemoveAILimitation]: CreateAction succeeded: charId=10446, actionId=19, goalId=238, state=2
2026-07-02 04:45:45.7180|INFO|Worker2|AdaptableLog|[TaiwuRemoveAILimitation]: CreateAction succeeded: charId=1001, actionId=19, goalId=238, state=2
2026-07-02 04:45:45.7180|INFO|Worker8|AdaptableLog|[TaiwuRemoveAILimitation]: CreateAction failed: charId=5875, actionId=23, goalId=238, state=2
2026-07-02 04:45:45.7180|INFO|Worker26|AdaptableLog|[TaiwuRemoveAILimitation]: CreateAction failed: charId=2322, actionId=14, goalId=238, state=2
2026-07-02 04:45:45.7180|INFO|Worker31|AdaptableLog|[TaiwuRemoveAILimitation]: CreateAction failed: charId=3587, actionId=14, goalId=192, state=2
2026-07-02 04:45:45.7180|INFO|Worker7|AdaptableLog|[TaiwuRemoveAILimitation]: CreateAction succeeded: charId=5655, actionId=15, goalId=190, state=2
2026-07-02 04:45:45.7180|INFO|Worker17|AdaptableLog|[TaiwuRemoveAILimitation]: CreateAction succeeded: charId=3751, actionId=16, goalId=193, state=2
2026-07-02 04:45:45.7180|INFO|Worker27|AdaptableLog|[TaiwuRemoveAILimitation]: CreateAction failed: charId=3415, actionId=14, goalId=238, state=2
2026-07-02 04:45:45.7180|INFO|Worker1|AdaptableLog|[TaiwuRemoveAILimitation]: CreateAction succeeded: charId=875, actionId=19, goalId=238, state=2
2026-07-02 04:45:45.7180|INFO|Worker11|AdaptableLog|[TaiwuRemoveAILimitation]: CreateAction succeeded: charId=2466, actionId=16, goalId=191, state=2
2026-07-02 04:45:45.7180|INFO|Worker8|AdaptableLog|[TaiwuRemoveAILimitation]: CreateAction succeeded: charId=5919, actionId=17, goalId=183, state=2
2026-07-02 04:45:45.7180|INFO|Worker19|AdaptableLog|[TaiwuRemoveAILimitation]: CreateAction succeeded: charId=3799, actionId=21, goalId=241, state=2
2026-07-02 04:45:45.7180|INFO|Worker24|AdaptableLog|[TaiwuRemoveAILimitation]: CreateAction failed: charId=4743, actionId=20, goalId=192, state=2
2026-07-02 04:45:45.7180|INFO|Worker16|AdaptableLog|[TaiwuRemoveAILimitation]: CreateAction succeeded: charId=5214, actionId=15, goalId=196, state=2
2026-07-02 04:45:45.7180|INFO|Worker26|AdaptableLog|[TaiwuRemoveAILimitation]: CreateAction succeeded: charId=2322, actionId=15, goalId=238, state=2
2026-07-02 04:45:45.7180|INFO|Worker21|AdaptableLog|[TaiwuRemoveAILimitation]: CreateAction failed: charId=4957, actionId=20, goalId=238, state=2
2026-07-02 04:45:45.7180|INFO|Worker29|AdaptableLog|[TaiwuRemoveAILimitation]: CreateAction failed: charId=194, actionId=22, goalId=238, state=2
2026-07-02 04:45:45.7180|INFO|Worker0|AdaptableLog|[TaiwuRemoveAILimitation]: CreateAction failed: charId=41, actionId=16, goalId=195, state=2
2026-07-02 04:45:45.7180|INFO|Worker25|AdaptableLog|[TaiwuRemoveAILimitation]: CreateAction succeeded: charId=2944, actionId=14, goalId=238, state=2
2026-07-02 04:45:45.7180|INFO|Worker20|AdaptableLog|[TaiwuRemoveAILimitation]: CreateAction failed: charId=473, actionId=17, goalId=238, state=2
2026-07-02 04:45:45.7180|INFO|Worker28|AdaptableLog|[TaiwuRemoveAILimitation]: CreateAction failed: charId=10663, actionId=18, goalId=193, state=2
2026-07-02 04:45:45.7180|INFO|Worker20|AdaptableLog|[TaiwuRemoveAILimitation]: CreateAction failed: charId=473, actionId=17, goalId=194, state=2
2026-07-02 04:45:45.7180|INFO|Worker9|AdaptableLog|[TaiwuRemoveAILimitation]: CreateAction succeeded: charId=5386, actionId=18, goalId=193, state=2
2026-07-02 04:45:45.7180|INFO|Worker19|AdaptableLog|[TaiwuRemoveAILimitation]: CreateAction succeeded: charId=3816, actionId=19, goalId=273, state=2
2026-07-02 04:45:45.7180|INFO|Worker17|AdaptableLog|[TaiwuRemoveAILimitation]: CreateAction succeeded: charId=2469, actionId=15, goalId=238, state=2
2026-07-02 04:45:45.7180|INFO|Worker24|AdaptableLog|[TaiwuRemoveAILimitation]: CreateAction failed: charId=4743, actionId=19, goalId=193, state=2
2026-07-02 04:45:45.7180|INFO|Worker6|AdaptableLog|[TaiwuRemoveAILimitation]: CreateAction succeeded: charId=1396, actionId=15, goalId=5, state=2
2026-07-02 04:45:45.7180|INFO|Worker21|AdaptableLog|[TaiwuRemoveAILimitation]: CreateAction failed: charId=4957, actionId=21, goalId=238, state=2
2026-07-02 04:45:45.7180|INFO|Worker16|AdaptableLog|[TaiwuRemoveAILimitation]: CreateAction succeeded: charId=5515, actionId=20, goalId=194, state=2
2026-07-02 04:45:45.7180|INFO|Worker29|AdaptableLog|[TaiwuRemoveAILimitation]: CreateAction succeeded: charId=194, actionId=19, goalId=191, state=2
2026-07-02 04:45:45.7180|INFO|Worker0|AdaptableLog|[TaiwuRemoveAILimitation]: CreateAction failed: charId=41, actionId=16, goalId=192, state=2
2026-07-02 04:45:45.7180|INFO|Worker26|AdaptableLog|[TaiwuRemoveAILimitation]: CreateAction succeeded: charId=7767, actionId=18, goalId=238, state=2
2026-07-02 04:45:45.7180|INFO|Worker28|AdaptableLog|[TaiwuRemoveAILimitation]: CreateAction failed: charId=10663, actionId=18, goalId=194, state=2
2026-07-02 04:45:45.7180|INFO|Worker24|AdaptableLog|[TaiwuRemoveAILimitation]: CreateAction succeeded: charId=4743, actionId=21, goalId=194, state=2
2026-07-02 04:45:45.7180|INFO|Worker8|AdaptableLog|[TaiwuRemoveAILimitation]: CreateAction succeeded: charId=5796, actionId=23, goalId=238, state=2
2026-07-02 04:45:45.7180|INFO|Worker20|AdaptableLog|[TaiwuRemoveAILimitation]: CreateAction failed: charId=415, actionId=19, goalId=192, state=2
2026-07-02 04:45:45.7180|INFO|Worker2|AdaptableLog|[TaiwuRemoveAILimitation]: CreateAction succeeded: charId=1122, actionId=15, goalId=196, state=2
2026-07-02 04:45:45.7180|INFO|Worker19|AdaptableLog|[TaiwuRemoveAILimitation]: CreateAction succeeded: charId=3826, actionId=21, goalId=238, state=2
2026-07-02 04:45:45.7180|INFO|Worker4|AdaptableLog|[TaiwuRemoveAILimitation]: CreateAction failed: charId=9233, actionId=18, goalId=238, state=2
2026-07-02 04:45:45.7180|INFO|Worker0|AdaptableLog|[TaiwuRemoveAILimitation]: CreateAction succeeded: charId=41, actionId=16, goalId=193, state=2
2026-07-02 04:45:45.7180|INFO|Worker14|AdaptableLog|[TaiwuRemoveAILimitation]: CreateAction succeeded: charId=2595, actionId=16, goalId=273, state=2
2026-07-02 04:45:45.7180|INFO|Worker21|AdaptableLog|[TaiwuRemoveAILimitation]: CreateAction succeeded: charId=4952, actionId=19, goalId=273, state=2
2026-07-02 04:45:45.7180|INFO|Worker9|AdaptableLog|[TaiwuRemoveAILimitation]: CreateAction failed: charId=9790, actionId=14, goalId=198, state=2
2026-07-02 04:45:45.7180|INFO|Worker26|AdaptableLog|[TaiwuRemoveAILimitation]: CreateAction succeeded: charId=8930, actionId=15, goalId=190, state=2
2026-07-02 04:45:45.7180|INFO|Worker24|AdaptableLog|[TaiwuRemoveAILimitation]: CreateAction succeeded: charId=4538, actionId=21, goalId=238, state=2
2026-07-02 04:45:45.7180|INFO|Worker20|AdaptableLog|[TaiwuRemoveAILimitation]: CreateAction failed: charId=415, actionId=22, goalId=193, state=2
2026-07-02 04:45:45.7180|INFO|Worker29|AdaptableLog|[TaiwuRemoveAILimitation]: CreateAction failed: charId=205, actionId=19, goalId=238, state=2
2026-07-02 04:45:45.7180|INFO|Worker19|AdaptableLog|[TaiwuRemoveAILimitation]: CreateAction succeeded: charId=3929, actionId=20, goalId=238, state=2
2026-07-02 04:45:45.7180|INFO|Worker4|AdaptableLog|[TaiwuRemoveAILimitation]: CreateAction succeeded: charId=9233, actionId=18, goalId=238, state=2
2026-07-02 04:45:45.7180|INFO|Worker17|AdaptableLog|[TaiwuRemoveAILimitation]: CreateAction succeeded: charId=3693, actionId=23, goalId=238, state=2
2026-07-02 04:45:45.7180|INFO|Worker2|AdaptableLog|[TaiwuRemoveAILimitation]: CreateAction failed: charId=1121, actionId=15, goalId=241, state=2
2026-07-02 04:45:45.7180|INFO|Worker0|AdaptableLog|[TaiwuRemoveAILimitation]: CreateAction succeeded: charId=276, actionId=15, goalId=196, state=2
2026-07-02 04:45:45.7180|INFO|Worker21|AdaptableLog|[TaiwuRemoveAILimitation]: CreateAction failed: charId=4948, actionId=22, goalId=273, state=2
2026-07-02 04:45:45.7180|INFO|Worker26|AdaptableLog|[TaiwuRemoveAILimitation]: CreateAction succeeded: charId=2204, actionId=14, goalId=238, state=2
2026-07-02 04:45:45.7180|INFO|Worker21|AdaptableLog|[TaiwuRemoveAILimitation]: CreateAction succeeded: charId=4948, actionId=20, goalId=238, state=2
2026-07-02 04:45:45.7180|INFO|Worker20|AdaptableLog|[TaiwuRemoveAILimitation]: CreateAction succeeded: charId=415, actionId=20, goalId=194, state=2
2026-07-02 04:45:45.7180|INFO|Worker29|AdaptableLog|[TaiwuRemoveAILimitation]: CreateAction failed: charId=205, actionId=20, goalId=238, state=2
2026-07-02 04:45:45.7180|INFO|Worker8|AdaptableLog|[TaiwuRemoveAILimitation]: CreateAction failed: charId=5766, actionId=15, goalId=238, state=2
2026-07-02 04:45:45.7180|INFO|Worker19|AdaptableLog|[TaiwuRemoveAILimitation]: CreateAction succeeded: charId=3801, actionId=20, goalId=273, state=2
2026-07-02 04:45:45.7180|INFO|Worker14|AdaptableLog|[TaiwuRemoveAILimitation]: CreateAction succeeded: charId=2585, actionId=15, goalId=238, state=2
2026-07-02 04:45:45.7180|INFO|Worker27|AdaptableLog|[TaiwuRemoveAILimitation]: CreateAction succeeded: charId=3418, actionId=15, goalId=238, state=2
2026-07-02 04:45:45.7180|INFO|Worker31|AdaptableLog|[TaiwuRemoveAILimitation]: CreateAction failed: charId=4932, actionId=22, goalId=238, state=2
2026-07-02 04:45:45.7180|INFO|Worker28|AdaptableLog|[TaiwuRemoveAILimitation]: CreateAction failed: charId=12549, actionId=16, goalId=273, state=2
2026-07-02 04:45:45.7180|INFO|Worker21|AdaptableLog|[TaiwuRemoveAILimitation]: CreateAction succeeded: charId=4990, actionId=23, goalId=273, state=2
2026-07-02 04:45:45.7180|INFO|Worker24|AdaptableLog|[TaiwuRemoveAILimitation]: CreateAction succeeded: charId=4693, actionId=15, goalId=238, state=2
2026-07-02 04:45:45.7180|INFO|Worker29|AdaptableLog|[TaiwuRemoveAILimitation]: CreateAction succeeded: charId=205, actionId=22, goalId=238, state=2
2026-07-02 04:45:45.7314|INFO|Worker20|AdaptableLog|[TaiwuRemoveAILimitation]: CreateAction succeeded: charId=520, actionId=14, goalId=195, state=2
2026-07-02 04:45:45.7180|INFO|Worker8|AdaptableLog|[TaiwuRemoveAILimitation]: CreateAction failed: charId=5766, actionId=19, goalId=241, state=2
2026-07-02 04:45:45.7314|INFO|Worker19|AdaptableLog|[TaiwuRemoveAILimitation]: CreateAction succeeded: charId=3800, actionId=21, goalId=241, state=2
2026-07-02 04:45:45.7314|INFO|Worker8|AdaptableLog|[TaiwuRemoveAILimitation]: CreateAction succeeded: charId=5766, actionId=14, goalId=241, state=2
2026-07-02 04:45:45.7314|INFO|Worker14|AdaptableLog|[TaiwuRemoveAILimitation]: CreateAction failed: charId=2618, actionId=15, goalId=238, state=2
2026-07-02 04:45:45.7314|INFO|Worker5|AdaptableLog|[TaiwuRemoveAILimitation]: CreateAction succeeded: charId=1854, actionId=22, goalId=238, state=2
2026-07-02 04:45:45.7314|INFO|Worker21|AdaptableLog|[TaiwuRemoveAILimitation]: CreateAction succeeded: charId=7666, actionId=20, goalId=238, state=2
2026-07-02 04:45:45.7314|INFO|Worker29|AdaptableLog|[TaiwuRemoveAILimitation]: CreateAction succeeded: charId=214, actionId=21, goalId=273, state=2
2026-07-02 04:45:45.7314|INFO|Worker27|AdaptableLog|[TaiwuRemoveAILimitation]: CreateAction succeeded: charId=3422, actionId=16, goalId=238, state=2
2026-07-02 04:45:45.7314|INFO|Worker24|AdaptableLog|[TaiwuRemoveAILimitation]: CreateAction failed: charId=4540, actionId=14, goalId=238, state=2
2026-07-02 04:45:45.7314|INFO|Worker6|AdaptableLog|[TaiwuRemoveAILimitation]: CreateAction failed: charId=1385, actionId=15, goalId=5, state=2
2026-07-02 04:45:45.7314|INFO|Worker19|AdaptableLog|[TaiwuRemoveAILimitation]: CreateAction succeeded: charId=3842, actionId=19, goalId=238, state=2
2026-07-02 04:45:45.7314|INFO|Worker14|AdaptableLog|[TaiwuRemoveAILimitation]: CreateAction succeeded: charId=2618, actionId=18, goalId=238, state=2
2026-07-02 04:45:45.7314|INFO|Worker7|AdaptableLog|[TaiwuRemoveAILimitation]: CreateAction succeeded: charId=5708, actionId=16, goalId=238, state=2
2026-07-02 04:45:45.7314|INFO|Worker28|AdaptableLog|[TaiwuRemoveAILimitation]: CreateAction failed: charId=11086, actionId=19, goalId=241, state=2
2026-07-02 04:45:45.7314|INFO|Worker27|AdaptableLog|[TaiwuRemoveAILimitation]: CreateAction succeeded: charId=3377, actionId=15, goalId=273, state=2
2026-07-02 04:45:45.7314|INFO|Worker21|AdaptableLog|[TaiwuRemoveAILimitation]: CreateAction succeeded: charId=4951, actionId=22, goalId=238, state=2
2026-07-02 04:45:45.7314|INFO|Worker2|AdaptableLog|[TaiwuRemoveAILimitation]: CreateAction succeeded: charId=1064, actionId=23, goalId=196, state=2
2026-07-02 04:45:45.7314|INFO|Worker7|AdaptableLog|[TaiwuRemoveAILimitation]: CreateAction succeeded: charId=2511, actionId=19, goalId=191, state=2
2026-07-02 04:45:45.7314|INFO|Worker14|AdaptableLog|[TaiwuRemoveAILimitation]: CreateAction succeeded: charId=2616, actionId=16, goalId=238, state=2
2026-07-02 04:45:45.7314|INFO|Worker28|AdaptableLog|[TaiwuRemoveAILimitation]: CreateAction failed: charId=11086, actionId=22, goalId=238, state=2
2026-07-02 04:45:45.7314|INFO|Worker1|AdaptableLog|[TaiwuRemoveAILimitation]: CreateAction failed: charId=925, actionId=19, goalId=193, state=2
2026-07-02 04:45:45.7314|INFO|Worker8|AdaptableLog|[TaiwuRemoveAILimitation]: CreateAction succeeded: charId=5953, actionId=21, goalId=191, state=2
2026-07-02 04:45:45.7314|INFO|Worker26|AdaptableLog|[TaiwuRemoveAILimitation]: CreateAction succeeded: charId=7770, actionId=18, goalId=238, state=2
2026-07-02 04:45:45.7314|INFO|Worker7|AdaptableLog|[TaiwuRemoveAILimitation]: CreateAction succeeded: charId=5709, actionId=16, goalId=273, state=2
2026-07-02 04:45:45.7314|INFO|Worker27|AdaptableLog|[TaiwuRemoveAILimitation]: CreateAction succeeded: charId=3425, actionId=23, goalId=238, state=2
2026-07-02 04:45:45.7314|INFO|Worker21|AdaptableLog|[TaiwuRemoveAILimitation]: CreateAction failed: charId=4975, actionId=22, goalId=241, state=2
2026-07-02 04:45:45.7314|INFO|Worker4|AdaptableLog|[TaiwuRemoveAILimitation]: CreateAction failed: charId=547, actionId=18, goalId=273, state=2
2026-07-02 04:45:45.7314|INFO|Worker21|AdaptableLog|[TaiwuRemoveAILimitation]: CreateAction succeeded: charId=4975, actionId=21, goalId=241, state=2
2026-07-02 04:45:45.7314|INFO|Worker28|AdaptableLog|[TaiwuRemoveAILimitation]: CreateAction succeeded: charId=13320, actionId=18, goalId=273, state=2
2026-07-02 04:45:45.7314|INFO|Worker14|AdaptableLog|[TaiwuRemoveAILimitation]: CreateAction succeeded: charId=2634, actionId=18, goalId=238, state=2
2026-07-02 04:45:45.7314|INFO|Worker9|AdaptableLog|[TaiwuRemoveAILimitation]: CreateAction succeeded: charId=8318, actionId=14, goalId=190, state=2
2026-07-02 04:45:45.7314|INFO|Worker1|AdaptableLog|[TaiwuRemoveAILimitation]: CreateAction failed: charId=925, actionId=19, goalId=238, state=2
2026-07-02 04:45:45.7314|INFO|Worker8|AdaptableLog|[TaiwuRemoveAILimitation]: CreateAction succeeded: charId=5789, actionId=20, goalId=238, state=2
2026-07-02 04:45:45.7314|INFO|Worker19|AdaptableLog|[TaiwuRemoveAILimitation]: CreateAction failed: charId=3831, actionId=23, goalId=241, state=2
2026-07-02 04:45:45.7314|INFO|Worker26|AdaptableLog|[TaiwuRemoveAILimitation]: CreateAction succeeded: charId=2239, actionId=15, goalId=273, state=2
2026-07-02 04:45:45.7314|INFO|Worker27|AdaptableLog|[TaiwuRemoveAILimitation]: CreateAction succeeded: charId=9808, actionId=16, goalId=238, state=2
2026-07-02 04:45:45.7314|INFO|Worker29|AdaptableLog|[TaiwuRemoveAILimitation]: CreateAction succeeded: charId=224, actionId=19, goalId=190, state=2
2026-07-02 04:45:45.7314|INFO|Worker5|AdaptableLog|[TaiwuRemoveAILimitation]: CreateAction succeeded: charId=9222, actionId=20, goalId=238, state=2
2026-07-02 04:45:45.7314|INFO|Worker9|AdaptableLog|[TaiwuRemoveAILimitation]: CreateAction succeeded: charId=7117, actionId=14, goalId=238, state=2
2026-07-02 04:45:45.7314|INFO|Worker1|AdaptableLog|[TaiwuRemoveAILimitation]: CreateAction succeeded: charId=925, actionId=21, goalId=238, state=2
2026-07-02 04:45:45.7314|INFO|Worker19|AdaptableLog|[TaiwuRemoveAILimitation]: CreateAction failed: charId=3831, actionId=23, goalId=241, state=2
2026-07-02 04:45:45.7314|INFO|Worker27|AdaptableLog|[TaiwuRemoveAILimitation]: CreateAction succeeded: charId=3403, actionId=14, goalId=238, state=2
2026-07-02 04:45:45.7314|INFO|Worker21|AdaptableLog|[TaiwuRemoveAILimitation]: CreateAction failed: charId=4971, actionId=23, goalId=273, state=2
2026-07-02 04:45:45.7314|INFO|Worker14|AdaptableLog|[TaiwuRemoveAILimitation]: CreateAction succeeded: charId=8173, actionId=16, goalId=238, state=2
2026-07-02 04:45:45.7314|INFO|Worker4|AdaptableLog|[TaiwuRemoveAILimitation]: CreateAction succeeded: charId=590, actionId=18, goalId=273, state=2
2026-07-02 04:45:45.7314|INFO|Worker19|AdaptableLog|[TaiwuRemoveAILimitation]: CreateAction succeeded: charId=3813, actionId=16, goalId=273, state=2
2026-07-02 04:45:45.7314|INFO|Worker21|AdaptableLog|[TaiwuRemoveAILimitation]: CreateAction succeeded: charId=4971, actionId=19, goalId=238, state=2
2026-07-02 04:45:45.7314|INFO|Worker8|AdaptableLog|[TaiwuRemoveAILimitation]: CreateAction succeeded: charId=8433, actionId=22, goalId=241, state=2
2026-07-02 04:45:45.7314|INFO|Worker27|AdaptableLog|[TaiwuRemoveAILimitation]: CreateAction succeeded: charId=3453, actionId=14, goalId=238, state=2
2026-07-02 04:45:45.7314|INFO|Worker5|AdaptableLog|[TaiwuRemoveAILimitation]: CreateAction succeeded: charId=1840, actionId=22, goalId=273, state=2
2026-07-02 04:45:45.7314|INFO|Worker27|AdaptableLog|[TaiwuRemoveAILimitation]: CreateAction succeeded: charId=7093, actionId=16, goalId=198, state=2
2026-07-02 04:45:45.7314|INFO|Worker14|AdaptableLog|[TaiwuRemoveAILimitation]: CreateAction succeeded: charId=7483, actionId=16, goalId=233, state=2
2026-07-02 04:45:45.7314|INFO|Worker26|AdaptableLog|[TaiwuRemoveAILimitation]: CreateAction failed: charId=2198, actionId=14, goalId=238, state=2
2026-07-02 04:45:45.7314|INFO|Worker9|AdaptableLog|[TaiwuRemoveAILimitation]: CreateAction succeeded: charId=5382, actionId=14, goalId=238, state=2
2026-07-02 04:45:45.7314|INFO|Worker8|AdaptableLog|[TaiwuRemoveAILimitation]: CreateAction succeeded: charId=9053, actionId=23, goalId=238, state=2
2026-07-02 04:45:45.7314|INFO|Worker28|AdaptableLog|[TaiwuRemoveAILimitation]: CreateAction failed: charId=13033, actionId=17, goalId=273, state=2
2026-07-02 04:45:45.7314|INFO|Worker29|AdaptableLog|[TaiwuRemoveAILimitation]: CreateAction succeeded: charId=215, actionId=19, goalId=238, state=2
2026-07-02 04:45:45.7314|INFO|Worker5|AdaptableLog|[TaiwuRemoveAILimitation]: CreateAction failed: charId=1874, actionId=18, goalId=238, state=2
2026-07-02 04:45:45.7314|INFO|Worker19|AdaptableLog|[TaiwuRemoveAILimitation]: CreateAction failed: charId=3822, actionId=21, goalId=238, state=2
2026-07-02 04:45:45.7314|INFO|Worker6|AdaptableLog|[TaiwuRemoveAILimitation]: CreateAction succeeded: charId=10136, actionId=59, goalId=235, state=2
2026-07-02 04:45:45.7314|INFO|Worker8|AdaptableLog|[TaiwuRemoveAILimitation]: CreateAction succeeded: charId=11094, actionId=21, goalId=238, state=2
2026-07-02 04:45:45.7314|INFO|Worker27|AdaptableLog|[TaiwuRemoveAILimitation]: CreateAction succeeded: charId=7318, actionId=16, goalId=245, state=2
2026-07-02 04:45:45.7314|INFO|Worker9|AdaptableLog|[TaiwuRemoveAILimitation]: CreateAction succeeded: charId=10137, actionId=14, goalId=238, state=2
2026-07-02 04:45:45.7314|INFO|Worker7|AdaptableLog|[TaiwuRemoveAILimitation]: CreateAction succeeded: charId=94, actionId=17, goalId=273, state=2
2026-07-02 04:45:45.7314|INFO|Worker29|AdaptableLog|[TaiwuRemoveAILimitation]: CreateAction failed: charId=200, actionId=19, goalId=273, state=2
2026-07-02 04:45:45.7314|INFO|Worker14|AdaptableLog|[TaiwuRemoveAILimitation]: CreateAction succeeded: charId=2630, actionId=18, goalId=238, state=2
2026-07-02 04:45:45.7464|INFO|Worker2|AdaptableLog|[TaiwuRemoveAILimitation]: CreateAction failed: charId=998, actionId=17, goalId=238, state=2
2026-07-02 04:45:45.7314|INFO|Worker19|AdaptableLog|[TaiwuRemoveAILimitation]: CreateAction failed: charId=3822, actionId=22, goalId=238, state=2
2026-07-02 04:45:45.7314|INFO|Worker15|AdaptableLog|[TaiwuRemoveAILimitation]: CreateAction succeeded: charId=2974, actionId=18, goalId=241, state=2
2026-07-02 04:45:45.7314|INFO|Worker6|AdaptableLog|[TaiwuRemoveAILimitation]: CreateAction succeeded: charId=1370, actionId=15, goalId=238, state=2
2026-07-02 04:45:45.7314|INFO|Worker27|AdaptableLog|[TaiwuRemoveAILimitation]: CreateAction failed: charId=3441, actionId=19, goalId=238, state=2
2026-07-02 04:45:45.7314|INFO|Worker26|AdaptableLog|[TaiwuRemoveAILimitation]: CreateAction succeeded: charId=2198, actionId=14, goalId=192, state=2
2026-07-02 04:45:45.7464|INFO|Worker4|AdaptableLog|[TaiwuRemoveAILimitation]: CreateAction succeeded: charId=588, actionId=18, goalId=273, state=2
2026-07-02 04:45:45.7464|INFO|Worker24|AdaptableLog|[TaiwuRemoveAILimitation]: CreateAction succeeded: charId=4611, actionId=22, goalId=15, state=2
2026-07-02 04:45:45.7464|INFO|Worker5|AdaptableLog|[TaiwuRemoveAILimitation]: CreateAction failed: charId=1844, actionId=23, goalId=194, state=2
2026-07-02 04:45:45.7464|INFO|Worker2|AdaptableLog|[TaiwuRemoveAILimitation]: CreateAction succeeded: charId=998, actionId=17, goalId=238, state=2
2026-07-02 04:45:45.7464|INFO|Worker8|AdaptableLog|[TaiwuRemoveAILimitation]: CreateAction succeeded: charId=9741, actionId=14, goalId=241, state=2
2026-07-02 04:45:45.7464|INFO|Worker9|AdaptableLog|[TaiwuRemoveAILimitation]: CreateAction failed: charId=5387, actionId=14, goalId=273, state=2
2026-07-02 04:45:45.7464|INFO|Worker19|AdaptableLog|[TaiwuRemoveAILimitation]: CreateAction failed: charId=3822, actionId=22, goalId=238, state=2
2026-07-02 04:45:45.7464|INFO|Worker28|AdaptableLog|[TaiwuRemoveAILimitation]: CreateAction failed: charId=11853, actionId=18, goalId=238, state=2
2026-07-02 04:45:45.7464|INFO|Worker6|AdaptableLog|[TaiwuRemoveAILimitation]: CreateAction succeeded: charId=1347, actionId=15, goalId=5, state=2
2026-07-02 04:45:45.7464|INFO|Worker24|AdaptableLog|[TaiwuRemoveAILimitation]: CreateAction succeeded: charId=8295, actionId=21, goalId=15, state=2
2026-07-02 04:45:45.7464|INFO|Worker27|AdaptableLog|[TaiwuRemoveAILimitation]: CreateAction succeeded: charId=3441, actionId=16, goalId=238, state=2
2026-07-02 04:45:45.7464|INFO|Worker29|AdaptableLog|[TaiwuRemoveAILimitation]: CreateAction succeeded: charId=172, actionId=19, goalId=273, state=2
2026-07-02 04:45:45.7464|INFO|Worker21|AdaptableLog|[TaiwuRemoveAILimitation]: CreateAction failed: charId=9903, actionId=23, goalId=241, state=2
2026-07-02 04:45:45.7464|INFO|Worker15|AdaptableLog|[TaiwuRemoveAILimitation]: CreateAction succeeded: charId=3102, actionId=15, goalId=241, state=2
2026-07-02 04:45:45.7464|INFO|Worker8|AdaptableLog|[TaiwuRemoveAILimitation]: CreateAction succeeded: charId=5720, actionId=15, goalId=238, state=2
2026-07-02 04:45:45.7464|INFO|Worker9|AdaptableLog|[TaiwuRemoveAILimitation]: CreateAction succeeded: charId=7575, actionId=18, goalId=238, state=2
2026-07-02 04:45:45.7464|INFO|Worker19|AdaptableLog|[TaiwuRemoveAILimitation]: CreateAction succeeded: charId=3822, actionId=19, goalId=238, state=2
2026-07-02 04:45:45.7464|INFO|Worker6|AdaptableLog|[TaiwuRemoveAILimitation]: CreateAction succeeded: charId=1404, actionId=15, goalId=273, state=2
2026-07-02 04:45:45.7464|INFO|Worker14|AdaptableLog|[TaiwuRemoveAILimitation]: CreateAction succeeded: charId=2599, actionId=14, goalId=238, state=2
2026-07-02 04:45:45.7464|INFO|Worker21|AdaptableLog|[TaiwuRemoveAILimitation]: CreateAction failed: charId=9903, actionId=23, goalId=238, state=2
2026-07-02 04:45:45.7464|INFO|Worker2|AdaptableLog|[TaiwuRemoveAILimitation]: CreateAction succeeded: charId=946, actionId=18, goalId=238, state=2
2026-07-02 04:45:45.7464|INFO|Worker4|AdaptableLog|[TaiwuRemoveAILimitation]: CreateAction succeeded: charId=540, actionId=18, goalId=238, state=2
2026-07-02 04:45:45.7464|INFO|Worker15|AdaptableLog|[TaiwuRemoveAILimitation]: CreateAction succeeded: charId=2975, actionId=15, goalId=238, state=2
2026-07-02 04:45:45.7464|INFO|Worker19|AdaptableLog|[TaiwuRemoveAILimitation]: CreateAction succeeded: charId=3833, actionId=23, goalId=241, state=2
2026-07-02 04:45:45.7464|INFO|Worker28|AdaptableLog|[TaiwuRemoveAILimitation]: CreateAction failed: charId=8481, actionId=18, goalId=273, state=2
2026-07-02 04:45:45.7464|INFO|Worker8|AdaptableLog|[TaiwuRemoveAILimitation]: CreateAction succeeded: charId=5804, actionId=23, goalId=238, state=2
2026-07-02 04:45:45.7464|INFO|Worker9|AdaptableLog|[TaiwuRemoveAILimitation]: CreateAction succeeded: charId=5402, actionId=14, goalId=238, state=2
2026-07-02 04:45:45.7464|INFO|Worker2|AdaptableLog|[TaiwuRemoveAILimitation]: CreateAction succeeded: charId=950, actionId=19, goalId=273, state=2
2026-07-02 04:45:45.7464|INFO|Worker15|AdaptableLog|[TaiwuRemoveAILimitation]: CreateAction succeeded: charId=2980, actionId=15, goalId=273, state=2
2026-07-02 04:45:45.7464|INFO|Worker21|AdaptableLog|[TaiwuRemoveAILimitation]: CreateAction succeeded: charId=9908, actionId=23, goalId=245, state=2
2026-07-02 04:45:45.7464|INFO|Worker15|AdaptableLog|[TaiwuRemoveAILimitation]: CreateAction succeeded: charId=2970, actionId=14, goalId=238, state=2
2026-07-02 04:45:45.7464|INFO|Worker8|AdaptableLog|[TaiwuRemoveAILimitation]: CreateAction failed: charId=8590, actionId=21, goalId=238, state=2
2026-07-02 04:45:45.7464|INFO|Worker14|AdaptableLog|[TaiwuRemoveAILimitation]: CreateAction failed: charId=2601, actionId=15, goalId=238, state=2
2026-07-02 04:45:45.7464|INFO|Worker6|AdaptableLog|[TaiwuRemoveAILimitation]: CreateAction succeeded: charId=1401, actionId=15, goalId=192, state=2
2026-07-02 04:45:45.7464|INFO|Worker19|AdaptableLog|[TaiwuRemoveAILimitation]: CreateAction succeeded: charId=3843, actionId=16, goalId=238, state=2
2026-07-02 04:45:45.7464|INFO|Worker2|AdaptableLog|[TaiwuRemoveAILimitation]: CreateAction succeeded: charId=1002, actionId=20, goalId=273, state=2
2026-07-02 04:45:45.7464|INFO|Worker28|AdaptableLog|[TaiwuRemoveAILimitation]: CreateAction succeeded: charId=9014, actionId=17, goalId=273, state=2
2026-07-02 04:45:45.7464|INFO|Worker8|AdaptableLog|[TaiwuRemoveAILimitation]: CreateAction succeeded: charId=6990, actionId=15, goalId=241, state=2
2026-07-02 04:45:45.7464|INFO|Worker6|AdaptableLog|[TaiwuRemoveAILimitation]: CreateAction succeeded: charId=1365, actionId=15, goalId=273, state=2
2026-07-02 04:45:45.7464|INFO|Worker14|AdaptableLog|[TaiwuRemoveAILimitation]: CreateAction succeeded: charId=2601, actionId=15, goalId=194, state=2
2026-07-02 04:45:45.7464|INFO|Worker4|AdaptableLog|[TaiwuRemoveAILimitation]: CreateAction failed: charId=529, actionId=18, goalId=238, state=2
2026-07-02 04:45:45.7464|INFO|Worker28|AdaptableLog|[TaiwuRemoveAILimitation]: CreateAction failed: charId=11227, actionId=15, goalId=273, state=2
2026-07-02 04:45:45.7464|INFO|Worker6|AdaptableLog|[TaiwuRemoveAILimitation]: CreateAction succeeded: charId=1405, actionId=15, goalId=5, state=2
2026-07-02 04:45:45.7464|INFO|Worker14|AdaptableLog|[TaiwuRemoveAILimitation]: CreateAction failed: charId=2631, actionId=18, goalId=273, state=2
2026-07-02 04:45:45.7464|INFO|Worker19|AdaptableLog|[TaiwuRemoveAILimitation]: CreateAction failed: charId=8328, actionId=17, goalId=193, state=2
2026-07-02 04:45:45.7464|INFO|Worker9|AdaptableLog|[TaiwuRemoveAILimitation]: CreateAction failed: charId=6904, actionId=14, goalId=192, state=2
2026-07-02 04:45:45.7464|INFO|Worker8|AdaptableLog|[TaiwuRemoveAILimitation]: CreateAction succeeded: charId=11283, actionId=19, goalId=238, state=2
2026-07-02 04:45:45.7464|INFO|Worker19|AdaptableLog|[TaiwuRemoveAILimitation]: CreateAction failed: charId=8328, actionId=20, goalId=197, state=2
2026-07-02 04:45:45.7464|INFO|Worker9|AdaptableLog|[TaiwuRemoveAILimitation]: CreateAction failed: charId=6904, actionId=14, goalId=196, state=2
2026-07-02 04:45:45.7464|INFO|Worker24|AdaptableLog|[TaiwuRemoveAILimitation]: CreateAction failed: charId=4606, actionId=21, goalId=15, state=2
2026-07-02 04:45:45.7464|INFO|Worker6|AdaptableLog|[TaiwuRemoveAILimitation]: CreateAction failed: charId=1418, actionId=15, goalId=5, state=2
2026-07-02 04:45:45.7464|INFO|Worker9|AdaptableLog|[TaiwuRemoveAILimitation]: CreateAction succeeded: charId=6904, actionId=18, goalId=238, state=2
2026-07-02 04:45:45.7464|INFO|Worker21|AdaptableLog|[TaiwuRemoveAILimitation]: CreateAction succeeded: charId=5010, actionId=20, goalId=241, state=2
2026-07-02 04:45:45.7464|INFO|Worker24|AdaptableLog|[TaiwuRemoveAILimitation]: CreateAction succeeded: charId=4606, actionId=22, goalId=241, state=2
2026-07-02 04:45:45.7464|INFO|Worker9|AdaptableLog|[TaiwuRemoveAILimitation]: CreateAction succeeded: charId=13142, actionId=18, goalId=238, state=2
2026-07-02 04:45:45.7464|INFO|Worker6|AdaptableLog|[TaiwuRemoveAILimitation]: CreateAction succeeded: charId=1418, actionId=15, goalId=238, state=2
2026-07-02 04:45:45.7464|INFO|Worker29|AdaptableLog|[TaiwuRemoveAILimitation]: CreateAction succeeded: charId=219, actionId=21, goalId=273, state=2
2026-07-02 04:45:45.7464|INFO|Worker9|AdaptableLog|[TaiwuRemoveAILimitation]: CreateAction succeeded: charId=5329, actionId=18, goalId=238, state=2
2026-07-02 04:45:45.7464|INFO|Worker2|AdaptableLog|[TaiwuRemoveAILimitation]: CreateAction succeeded: charId=941, actionId=14, goalId=238, state=2
2026-07-02 04:45:45.7464|INFO|Worker6|AdaptableLog|[TaiwuRemoveAILimitation]: CreateAction succeeded: charId=1360, actionId=15, goalId=5, state=2
2026-07-02 04:45:45.7464|INFO|Worker27|AdaptableLog|[TaiwuRemoveAILimitation]: CreateAction succeeded: charId=9555, actionId=15, goalId=238, state=2
2026-07-02 04:45:45.7464|INFO|Worker26|AdaptableLog|[TaiwuRemoveAILimitation]: CreateAction succeeded: charId=2210, actionId=15, goalId=8, state=2
2026-07-02 04:45:45.7464|INFO|Worker2|AdaptableLog|[TaiwuRemoveAILimitation]: CreateAction succeeded: charId=991, actionId=19, goalId=238, state=2
2026-07-02 04:45:45.7464|INFO|Worker19|AdaptableLog|[TaiwuRemoveAILimitation]: CreateAction succeeded: charId=3830, actionId=21, goalId=273, state=2
2026-07-02 04:45:45.7464|INFO|Worker6|AdaptableLog|[TaiwuRemoveAILimitation]: CreateAction failed: charId=1388, actionId=15, goalId=273, state=2
2026-07-02 04:45:45.7464|INFO|Worker24|AdaptableLog|[TaiwuRemoveAILimitation]: CreateAction succeeded: charId=4622, actionId=23, goalId=15, state=2
2026-07-02 04:45:45.7464|INFO|Worker2|AdaptableLog|[TaiwuRemoveAILimitation]: CreateAction succeeded: charId=1003, actionId=17, goalId=196, state=2
2026-07-02 04:45:45.7464|INFO|Worker6|AdaptableLog|[TaiwuRemoveAILimitation]: CreateAction succeeded: charId=1388, actionId=15, goalId=5, state=2
2026-07-02 04:45:45.7464|INFO|Worker19|AdaptableLog|[TaiwuRemoveAILimitation]: CreateAction succeeded: charId=3803, actionId=19, goalId=273, state=2
2026-07-02 04:45:45.7464|INFO|Worker28|AdaptableLog|[TaiwuRemoveAILimitation]: CreateAction failed: charId=9618, actionId=16, goalId=273, state=2
2026-07-02 04:45:45.7464|INFO|Worker6|AdaptableLog|[TaiwuRemoveAILimitation]: CreateAction failed: charId=1361, actionId=15, goalId=5, state=2
2026-07-02 04:45:45.7464|INFO|Worker19|AdaptableLog|[TaiwuRemoveAILimitation]: CreateAction succeeded: charId=3791, actionId=20, goalId=273, state=2
2026-07-02 04:45:45.7464|INFO|Worker8|AdaptableLog|[TaiwuRemoveAILimitation]: CreateAction succeeded: charId=7377, actionId=23, goalId=238, state=2
2026-07-02 04:45:45.7464|INFO|Worker14|AdaptableLog|[TaiwuRemoveAILimitation]: CreateAction succeeded: charId=7000, actionId=16, goalId=191, state=2
2026-07-02 04:45:45.7464|INFO|Worker6|AdaptableLog|[TaiwuRemoveAILimitation]: CreateAction succeeded: charId=1361, actionId=15, goalId=238, state=2
2026-07-02 04:45:45.7464|INFO|Worker8|AdaptableLog|[TaiwuRemoveAILimitation]: CreateAction succeeded: charId=5747, actionId=15, goalId=238, state=2
2026-07-02 04:45:45.7464|INFO|Worker2|AdaptableLog|[TaiwuRemoveAILimitation]: CreateAction succeeded: charId=1004, actionId=21, goalId=192, state=2
2026-07-02 04:45:45.7464|INFO|Worker21|AdaptableLog|[TaiwuRemoveAILimitation]: CreateAction succeeded: charId=4995, actionId=23, goalId=241, state=2
2026-07-02 04:45:45.7464|INFO|Worker24|AdaptableLog|[TaiwuRemoveAILimitation]: CreateAction failed: charId=4619, actionId=23, goalId=241, state=2
2026-07-02 04:45:45.7464|INFO|Worker8|AdaptableLog|[TaiwuRemoveAILimitation]: CreateAction failed: charId=5721, actionId=21, goalId=273, state=2
2026-07-02 04:45:45.7464|INFO|Worker2|AdaptableLog|[TaiwuRemoveAILimitation]: CreateAction failed: charId=1000, actionId=17, goalId=273, state=2
2026-07-02 04:45:45.7464|INFO|Worker21|AdaptableLog|[TaiwuRemoveAILimitation]: CreateAction succeeded: charId=7661, actionId=23, goalId=241, state=2
2026-07-02 04:45:45.7464|INFO|Worker24|AdaptableLog|[TaiwuRemoveAILimitation]: CreateAction succeeded: charId=4619, actionId=22, goalId=241, state=2
2026-07-02 04:45:45.7464|INFO|Worker6|AdaptableLog|[TaiwuRemoveAILimitation]: CreateAction succeeded: charId=1422, actionId=15, goalId=238, state=2
2026-07-02 04:45:45.7464|INFO|Worker19|AdaptableLog|[TaiwuRemoveAILimitation]: CreateAction succeeded: charId=3815, actionId=23, goalId=238, state=2
2026-07-02 04:45:45.7464|INFO|Worker8|AdaptableLog|[TaiwuRemoveAILimitation]: CreateAction succeeded: charId=5721, actionId=22, goalId=238, state=2
2026-07-02 04:45:45.7464|INFO|Worker5|AdaptableLog|[TaiwuRemoveAILimitation]: CreateAction succeeded: charId=1772, actionId=18, goalId=238, state=2
2026-07-02 04:45:45.7464|INFO|Worker21|AdaptableLog|[TaiwuRemoveAILimitation]: CreateAction failed: charId=4989, actionId=21, goalId=273, state=2
2026-07-02 04:45:45.7464|INFO|Worker24|AdaptableLog|[TaiwuRemoveAILimitation]: CreateAction succeeded: charId=7513, actionId=19, goalId=238, state=2
2026-07-02 04:45:45.7464|INFO|Worker29|AdaptableLog|[TaiwuRemoveAILimitation]: CreateAction succeeded: charId=220, actionId=20, goalId=273, state=2
2026-07-02 04:45:45.7464|INFO|Worker2|AdaptableLog|[TaiwuRemoveAILimitation]: CreateAction failed: charId=1005, actionId=17, goalId=241, state=2
2026-07-02 04:45:45.7464|INFO|Worker9|AdaptableLog|[TaiwuRemoveAILimitation]: CreateAction succeeded: charId=5391, actionId=14, goalId=195, state=2
2026-07-02 04:45:45.7464|INFO|Worker5|AdaptableLog|[TaiwuRemoveAILimitation]: CreateAction failed: charId=1860, actionId=20, goalId=238, state=2
2026-07-02 04:45:45.7464|INFO|Worker19|AdaptableLog|[TaiwuRemoveAILimitation]: CreateAction succeeded: charId=10733, actionId=19, goalId=238, state=2
2026-07-02 04:45:45.7464|INFO|Worker21|AdaptableLog|[TaiwuRemoveAILimitation]: CreateAction succeeded: charId=5005, actionId=22, goalId=241, state=2
2026-07-02 04:45:45.7464|INFO|Worker28|AdaptableLog|[TaiwuRemoveAILimitation]: CreateAction failed: charId=12880, actionId=17, goalId=273, state=2
2026-07-02 04:45:45.7464|INFO|Worker2|AdaptableLog|[TaiwuRemoveAILimitation]: CreateAction succeeded: charId=1005, actionId=17, goalId=194, state=2
2026-07-02 04:45:45.7629|INFO|Worker6|AdaptableLog|[TaiwuRemoveAILimitation]: CreateAction succeeded: charId=1339, actionId=15, goalId=5, state=2
2026-07-02 04:45:45.7629|INFO|Worker9|AdaptableLog|[TaiwuRemoveAILimitation]: CreateAction succeeded: charId=5351, actionId=18, goalId=238, state=2
2026-07-02 04:45:45.7629|INFO|Worker5|AdaptableLog|[TaiwuRemoveAILimitation]: CreateAction failed: charId=1860, actionId=18, goalId=238, state=2
2026-07-02 04:45:45.7629|INFO|Worker27|AdaptableLog|[TaiwuRemoveAILimitation]: CreateAction succeeded: charId=3423, actionId=17, goalId=238, state=2
2026-07-02 04:45:45.7629|INFO|Worker6|AdaptableLog|[TaiwuRemoveAILimitation]: CreateAction failed: charId=8271, actionId=15, goalId=238, state=2
2026-07-02 04:45:45.7629|INFO|Worker24|AdaptableLog|[TaiwuRemoveAILimitation]: CreateAction succeeded: charId=4589, actionId=20, goalId=238, state=2
2026-07-02 04:45:45.7629|INFO|Worker5|AdaptableLog|[TaiwuRemoveAILimitation]: CreateAction succeeded: charId=1860, actionId=22, goalId=238, state=2
2026-07-02 04:45:45.7629|INFO|Worker9|AdaptableLog|[TaiwuRemoveAILimitation]: CreateAction succeeded: charId=5370, actionId=18, goalId=273, state=2
2026-07-02 04:45:45.7629|INFO|Worker28|AdaptableLog|[TaiwuRemoveAILimitation]: CreateAction succeeded: charId=14268, actionId=20, goalId=241, state=2
2026-07-02 04:45:45.7629|INFO|Worker6|AdaptableLog|[TaiwuRemoveAILimitation]: CreateAction failed: charId=8271, actionId=15, goalId=238, state=2
2026-07-02 04:45:45.7629|INFO|Worker21|AdaptableLog|[TaiwuRemoveAILimitation]: CreateAction failed: charId=4958, actionId=23, goalId=238, state=2
2026-07-02 04:45:45.7629|INFO|Worker6|AdaptableLog|[TaiwuRemoveAILimitation]: CreateAction succeeded: charId=1342, actionId=15, goalId=273, state=2
2026-07-02 04:45:45.7629|INFO|Worker26|AdaptableLog|[TaiwuRemoveAILimitation]: CreateAction failed: charId=2207, actionId=14, goalId=192, state=2
2026-07-02 04:45:45.7629|INFO|Worker21|AdaptableLog|[TaiwuRemoveAILimitation]: CreateAction failed: charId=7664, actionId=20, goalId=198, state=2
2026-07-02 04:45:45.7629|INFO|Worker2|AdaptableLog|[TaiwuRemoveAILimitation]: CreateAction succeeded: charId=948, actionId=14, goalId=238, state=2
2026-07-02 04:45:45.7629|INFO|Worker21|AdaptableLog|[TaiwuRemoveAILimitation]: CreateAction failed: charId=7664, actionId=21, goalId=241, state=2
2026-07-02 04:45:45.7629|INFO|Worker9|AdaptableLog|[TaiwuRemoveAILimitation]: CreateAction failed: charId=5328, actionId=14, goalId=238, state=2
2026-07-02 04:45:45.7629|INFO|Worker21|AdaptableLog|[TaiwuRemoveAILimitation]: CreateAction succeeded: charId=7664, actionId=19, goalId=191, state=2
2026-07-02 04:45:45.7629|INFO|Worker9|AdaptableLog|[TaiwuRemoveAILimitation]: CreateAction succeeded: charId=5328, actionId=18, goalId=238, state=2
2026-07-02 04:45:45.7629|INFO|Worker2|AdaptableLog|[TaiwuRemoveAILimitation]: CreateAction succeeded: charId=957, actionId=19, goalId=238, state=2
2026-07-02 04:45:45.7629|INFO|Worker21|AdaptableLog|[TaiwuRemoveAILimitation]: CreateAction succeeded: charId=5002, actionId=21, goalId=273, state=2
2026-07-02 04:45:45.7629|INFO|Worker19|AdaptableLog|[TaiwuRemoveAILimitation]: CreateAction succeeded: charId=3788, actionId=21, goalId=241, state=2
2026-07-02 04:45:45.7629|INFO|Worker29|AdaptableLog|[TaiwuRemoveAILimitation]: CreateAction succeeded: charId=222, actionId=21, goalId=238, state=2
2026-07-02 04:45:45.7629|INFO|Worker2|AdaptableLog|[TaiwuRemoveAILimitation]: CreateAction failed: charId=996, actionId=19, goalId=273, state=2
2026-07-02 04:45:45.7629|INFO|Worker26|AdaptableLog|[TaiwuRemoveAILimitation]: CreateAction failed: charId=7773, actionId=18, goalId=191, state=2
2026-07-02 04:45:45.7629|INFO|Worker5|AdaptableLog|[TaiwuRemoveAILimitation]: CreateAction failed: charId=1810, actionId=18, goalId=192, state=2
2026-07-02 04:45:45.7629|INFO|Worker6|AdaptableLog|[TaiwuRemoveAILimitation]: CreateAction succeeded: charId=1348, actionId=15, goalId=5, state=2
2026-07-02 04:45:45.7629|INFO|Worker29|AdaptableLog|[TaiwuRemoveAILimitation]: CreateAction succeeded: charId=196, actionId=22, goalId=238, state=2
2026-07-02 04:45:45.7629|INFO|Worker26|AdaptableLog|[TaiwuRemoveAILimitation]: CreateAction failed: charId=7773, actionId=18, goalId=198, state=2
2026-07-02 04:45:45.7629|INFO|Worker9|AdaptableLog|[TaiwuRemoveAILimitation]: CreateAction failed: charId=5354, actionId=14, goalId=193, state=2
2026-07-02 04:45:45.7629|INFO|Worker5|AdaptableLog|[TaiwuRemoveAILimitation]: CreateAction succeeded: charId=1870, actionId=21, goalId=232, state=2
2026-07-02 04:45:45.7629|INFO|Worker24|AdaptableLog|[TaiwuRemoveAILimitation]: CreateAction failed: charId=4580, actionId=20, goalId=238, state=2
2026-07-02 04:45:45.7629|INFO|Worker2|AdaptableLog|[TaiwuRemoveAILimitation]: CreateAction succeeded: charId=996, actionId=17, goalId=195, state=2
2026-07-02 04:45:45.7629|INFO|Worker8|AdaptableLog|[TaiwuRemoveAILimitation]: CreateAction succeeded: charId=5731, actionId=21, goalId=238, state=2
2026-07-02 04:45:45.7629|INFO|Worker26|AdaptableLog|[TaiwuRemoveAILimitation]: CreateAction failed: charId=2369, actionId=15, goalId=238, state=2
2026-07-02 04:45:45.7629|INFO|Worker9|AdaptableLog|[TaiwuRemoveAILimitation]: CreateAction succeeded: charId=5354, actionId=14, goalId=197, state=2
2026-07-02 04:45:45.7629|INFO|Worker24|AdaptableLog|[TaiwuRemoveAILimitation]: CreateAction failed: charId=4580, actionId=21, goalId=238, state=2
2026-07-02 04:45:45.7629|INFO|Worker26|AdaptableLog|[TaiwuRemoveAILimitation]: CreateAction succeeded: charId=8933, actionId=14, goalId=190, state=2
2026-07-02 04:45:45.7629|INFO|Worker24|AdaptableLog|[TaiwuRemoveAILimitation]: CreateAction succeeded: charId=4580, actionId=19, goalId=15, state=2
2026-07-02 04:45:45.7629|INFO|Worker6|AdaptableLog|[TaiwuRemoveAILimitation]: CreateAction failed: charId=1379, actionId=15, goalId=238, state=2
2026-07-02 04:45:45.7629|INFO|Worker21|AdaptableLog|[TaiwuRemoveAILimitation]: CreateAction succeeded: charId=4994, actionId=20, goalId=273, state=2
2026-07-02 04:45:45.7629|INFO|Worker2|AdaptableLog|[TaiwuRemoveAILimitation]: CreateAction failed: charId=994, actionId=19, goalId=238, state=2
2026-07-02 04:45:45.7629|INFO|Worker28|AdaptableLog|[TaiwuRemoveAILimitation]: CreateAction succeeded: charId=3185, actionId=16, goalId=273, state=2
2026-07-02 04:45:45.7629|INFO|Worker24|AdaptableLog|[TaiwuRemoveAILimitation]: CreateAction succeeded: charId=4556, actionId=22, goalId=273, state=2
2026-07-02 04:45:45.7629|INFO|Worker4|AdaptableLog|[TaiwuRemoveAILimitation]: CreateAction succeeded: charId=8732, actionId=18, goalId=238, state=2
2026-07-02 04:45:45.7629|INFO|Worker24|AdaptableLog|[TaiwuRemoveAILimitation]: CreateAction succeeded: charId=4601, actionId=22, goalId=15, state=2
2026-07-02 04:45:45.7629|INFO|Worker2|AdaptableLog|[TaiwuRemoveAILimitation]: CreateAction succeeded: charId=994, actionId=22, goalId=238, state=2
2026-07-02 04:45:45.7629|INFO|Worker9|AdaptableLog|[TaiwuRemoveAILimitation]: CreateAction succeeded: charId=5384, actionId=14, goalId=195, state=2
2026-07-02 04:45:45.7629|INFO|Worker24|AdaptableLog|[TaiwuRemoveAILimitation]: CreateAction failed: charId=4588, actionId=15, goalId=15, state=2
2026-07-02 04:45:45.7629|INFO|Worker9|AdaptableLog|[TaiwuRemoveAILimitation]: CreateAction succeeded: charId=10741, actionId=18, goalId=238, state=2
2026-07-02 04:45:45.7629|INFO|Worker19|AdaptableLog|[TaiwuRemoveAILimitation]: CreateAction succeeded: charId=3643, actionId=14, goalId=238, state=2
2026-07-02 04:45:45.7629|INFO|Worker5|AdaptableLog|[TaiwuRemoveAILimitation]: CreateAction succeeded: charId=1812, actionId=22, goalId=238, state=2
2026-07-02 04:45:45.7629|INFO|Worker26|AdaptableLog|[TaiwuRemoveAILimitation]: CreateAction succeeded: charId=9857, actionId=18, goalId=238, state=2
2026-07-02 04:45:45.7629|INFO|Worker24|AdaptableLog|[TaiwuRemoveAILimitation]: CreateAction failed: charId=4588, actionId=22, goalId=241, state=2
2026-07-02 04:45:45.7629|INFO|Worker9|AdaptableLog|[TaiwuRemoveAILimitation]: CreateAction succeeded: charId=5327, actionId=18, goalId=190, state=2
2026-07-02 04:45:45.7629|INFO|Worker9|AdaptableLog|[TaiwuRemoveAILimitation]: CreateAction succeeded: charId=5421, actionId=14, goalId=238, state=2
2026-07-02 04:45:45.7629|INFO|Worker2|AdaptableLog|[TaiwuRemoveAILimitation]: CreateAction failed: charId=970, actionId=21, goalId=238, state=2
2026-07-02 04:45:45.7629|INFO|Worker4|AdaptableLog|[TaiwuRemoveAILimitation]: CreateAction failed: charId=8264, actionId=18, goalId=191, state=2
2026-07-02 04:45:45.7629|INFO|Worker2|AdaptableLog|[TaiwuRemoveAILimitation]: CreateAction succeeded: charId=970, actionId=23, goalId=241, state=2
2026-07-02 04:45:45.7629|INFO|Worker29|AdaptableLog|[TaiwuRemoveAILimitation]: CreateAction failed: charId=187, actionId=22, goalId=197, state=2
2026-07-02 04:45:45.7629|INFO|Worker4|AdaptableLog|[TaiwuRemoveAILimitation]: CreateAction succeeded: charId=8264, actionId=18, goalId=193, state=2
2026-07-02 04:45:45.7629|INFO|Worker8|AdaptableLog|[TaiwuRemoveAILimitation]: CreateAction failed: charId=5733, actionId=20, goalId=238, state=2
2026-07-02 04:45:45.7629|INFO|Worker2|AdaptableLog|[TaiwuRemoveAILimitation]: CreateAction succeeded: charId=940, actionId=17, goalId=241, state=2
2026-07-02 04:45:45.7629|INFO|Worker8|AdaptableLog|[TaiwuRemoveAILimitation]: CreateAction succeeded: charId=5733, actionId=20, goalId=238, state=2
2026-07-02 04:45:45.7629|INFO|Worker21|AdaptableLog|[TaiwuRemoveAILimitation]: CreateAction succeeded: charId=5116, actionId=16, goalId=179, state=2
2026-07-02 04:45:45.7629|INFO|Worker29|AdaptableLog|[TaiwuRemoveAILimitation]: CreateAction succeeded: charId=187, actionId=23, goalId=238, state=2
2026-07-02 04:45:45.7629|INFO|Worker4|AdaptableLog|[TaiwuRemoveAILimitation]: CreateAction succeeded: charId=7527, actionId=18, goalId=238, state=2
2026-07-02 04:45:45.7629|INFO|Worker24|AdaptableLog|[TaiwuRemoveAILimitation]: CreateAction succeeded: charId=4588, actionId=22, goalId=238, state=2
2026-07-02 04:45:45.7629|INFO|Worker5|AdaptableLog|[TaiwuRemoveAILimitation]: CreateAction succeeded: charId=1779, actionId=20, goalId=192, state=2
2026-07-02 04:45:45.7629|INFO|Worker6|AdaptableLog|[TaiwuRemoveAILimitation]: CreateAction succeeded: charId=7825, actionId=15, goalId=238, state=2
2026-07-02 04:45:45.7629|INFO|Worker26|AdaptableLog|[TaiwuRemoveAILimitation]: CreateAction succeeded: charId=2218, actionId=14, goalId=238, state=2
2026-07-02 04:45:45.7629|INFO|Worker2|AdaptableLog|[TaiwuRemoveAILimitation]: CreateAction failed: charId=989, actionId=22, goalId=241, state=2
2026-07-02 04:45:45.7629|INFO|Worker29|AdaptableLog|[TaiwuRemoveAILimitation]: CreateAction succeeded: charId=244, actionId=22, goalId=238, state=2
2026-07-02 04:45:45.7629|INFO|Worker26|AdaptableLog|[TaiwuRemoveAILimitation]: CreateAction succeeded: charId=2196, actionId=15, goalId=273, state=2
2026-07-02 04:45:45.7629|INFO|Worker24|AdaptableLog|[TaiwuRemoveAILimitation]: CreateAction succeeded: charId=4605, actionId=21, goalId=238, state=2
2026-07-02 04:45:45.7629|INFO|Worker8|AdaptableLog|[TaiwuRemoveAILimitation]: CreateAction succeeded: charId=5784, actionId=20, goalId=238, state=2
2026-07-02 04:45:45.7629|INFO|Worker2|AdaptableLog|[TaiwuRemoveAILimitation]: CreateAction succeeded: charId=989, actionId=17, goalId=241, state=2
2026-07-02 04:45:45.7629|INFO|Worker29|AdaptableLog|[TaiwuRemoveAILimitation]: CreateAction failed: charId=235, actionId=20, goalId=238, state=2
2026-07-02 04:45:45.7629|INFO|Worker8|AdaptableLog|[TaiwuRemoveAILimitation]: CreateAction succeeded: charId=5738, actionId=21, goalId=238, state=2
2026-07-02 04:45:45.7629|INFO|Worker2|AdaptableLog|[TaiwuRemoveAILimitation]: CreateAction succeeded: charId=951, actionId=19, goalId=273, state=2
2026-07-02 04:45:45.7629|INFO|Worker6|AdaptableLog|[TaiwuRemoveAILimitation]: CreateAction succeeded: charId=1350, actionId=15, goalId=238, state=2
2026-07-02 04:45:45.7629|INFO|Worker29|AdaptableLog|[TaiwuRemoveAILimitation]: CreateAction failed: charId=235, actionId=21, goalId=238, state=2
2026-07-02 04:45:45.7629|INFO|Worker8|AdaptableLog|[TaiwuRemoveAILimitation]: CreateAction succeeded: charId=9739, actionId=19, goalId=238, state=2
2026-07-02 04:45:45.7629|INFO|Worker29|AdaptableLog|[TaiwuRemoveAILimitation]: CreateAction failed: charId=235, actionId=20, goalId=238, state=2
2026-07-02 04:45:45.7629|INFO|Worker24|AdaptableLog|[TaiwuRemoveAILimitation]: CreateAction succeeded: charId=4557, actionId=15, goalId=15, state=2
2026-07-02 04:45:45.7780|INFO|Worker29|AdaptableLog|[TaiwuRemoveAILimitation]: CreateAction succeeded: charId=235, actionId=19, goalId=238, state=2
2026-07-02 04:45:45.7780|INFO|Worker29|AdaptableLog|[TaiwuRemoveAILimitation]: CreateAction succeeded: charId=171, actionId=23, goalId=273, state=2
2026-07-02 04:45:45.7780|INFO|Worker26|AdaptableLog|[TaiwuRemoveAILimitation]: CreateAction succeeded: charId=2208, actionId=15, goalId=273, state=2
2026-07-02 04:45:45.7780|INFO|Worker26|AdaptableLog|[TaiwuRemoveAILimitation]: CreateAction failed: charId=2209, actionId=14, goalId=273, state=2
2026-07-02 04:45:45.7780|INFO|Worker9|AdaptableLog|[TaiwuRemoveAILimitation]: CreateAction succeeded: charId=5334, actionId=18, goalId=238, state=2
2026-07-02 04:45:45.7780|INFO|Worker5|AdaptableLog|[TaiwuRemoveAILimitation]: CreateAction succeeded: charId=7745, actionId=21, goalId=192, state=2
2026-07-02 04:45:45.7780|INFO|Worker6|AdaptableLog|[TaiwuRemoveAILimitation]: CreateAction failed: charId=472, actionId=16, goalId=196, state=2
2026-07-02 04:45:45.7780|INFO|Worker8|AdaptableLog|[TaiwuRemoveAILimitation]: CreateAction succeeded: charId=5794, actionId=21, goalId=273, state=2
2026-07-02 04:45:45.7780|INFO|Worker24|AdaptableLog|[TaiwuRemoveAILimitation]: CreateAction failed: charId=4558, actionId=15, goalId=273, state=2
2026-07-02 04:45:45.7780|INFO|Worker2|AdaptableLog|[TaiwuRemoveAILimitation]: CreateAction succeeded: charId=999, actionId=18, goalId=238, state=2
2026-07-02 04:45:45.7780|INFO|Worker6|AdaptableLog|[TaiwuRemoveAILimitation]: CreateAction failed: charId=472, actionId=15, goalId=238, state=2
2026-07-02 04:45:45.7780|INFO|Worker8|AdaptableLog|[TaiwuRemoveAILimitation]: CreateAction succeeded: charId=5732, actionId=21, goalId=273, state=2
2026-07-02 04:45:45.7780|INFO|Worker9|AdaptableLog|[TaiwuRemoveAILimitation]: CreateAction failed: charId=5350, actionId=14, goalId=191, state=2
2026-07-02 04:45:45.7780|INFO|Worker2|AdaptableLog|[TaiwuRemoveAILimitation]: CreateAction succeeded: charId=963, actionId=18, goalId=238, state=2
2026-07-02 04:45:45.7780|INFO|Worker24|AdaptableLog|[TaiwuRemoveAILimitation]: CreateAction succeeded: charId=4558, actionId=21, goalId=15, state=2
2026-07-02 04:45:45.7780|INFO|Worker8|AdaptableLog|[TaiwuRemoveAILimitation]: CreateAction succeeded: charId=5802, actionId=20, goalId=273, state=2
2026-07-02 04:45:45.7780|INFO|Worker2|AdaptableLog|[TaiwuRemoveAILimitation]: CreateAction succeeded: charId=953, actionId=19, goalId=238, state=2
2026-07-02 04:45:45.7780|INFO|Worker26|AdaptableLog|[TaiwuRemoveAILimitation]: CreateAction failed: charId=2224, actionId=14, goalId=273, state=2
2026-07-02 04:45:45.7780|INFO|Worker8|AdaptableLog|[TaiwuRemoveAILimitation]: CreateAction succeeded: charId=7835, actionId=19, goalId=241, state=2
2026-07-02 04:45:45.7780|INFO|Worker28|AdaptableLog|[TaiwuRemoveAILimitation]: CreateAction failed: charId=10579, actionId=16, goalId=241, state=2
2026-07-02 04:45:45.7780|INFO|Worker26|AdaptableLog|[TaiwuRemoveAILimitation]: CreateAction succeeded: charId=2224, actionId=14, goalId=8, state=2
2026-07-02 04:45:45.7780|INFO|Worker29|AdaptableLog|[TaiwuRemoveAILimitation]: CreateAction failed: charId=239, actionId=19, goalId=238, state=2
2026-07-02 04:45:45.7780|INFO|Worker8|AdaptableLog|[TaiwuRemoveAILimitation]: CreateAction failed: charId=8655, actionId=21, goalId=238, state=2
2026-07-02 04:45:45.7780|INFO|Worker5|AdaptableLog|[TaiwuRemoveAILimitation]: CreateAction failed: charId=1884, actionId=19, goalId=238, state=2
2026-07-02 04:45:45.7780|INFO|Worker29|AdaptableLog|[TaiwuRemoveAILimitation]: CreateAction failed: charId=239, actionId=19, goalId=238, state=2
2026-07-02 04:45:45.7780|INFO|Worker24|AdaptableLog|[TaiwuRemoveAILimitation]: CreateAction succeeded: charId=4608, actionId=23, goalId=273, state=2
2026-07-02 04:45:45.7780|INFO|Worker9|AdaptableLog|[TaiwuRemoveAILimitation]: CreateAction succeeded: charId=9188, actionId=14, goalId=238, state=2
2026-07-02 04:45:45.7780|INFO|Worker8|AdaptableLog|[TaiwuRemoveAILimitation]: CreateAction succeeded: charId=5791, actionId=19, goalId=238, state=2
2026-07-02 04:45:45.7780|INFO|Worker29|AdaptableLog|[TaiwuRemoveAILimitation]: CreateAction failed: charId=239, actionId=22, goalId=238, state=2
2026-07-02 04:45:45.7780|INFO|Worker29|AdaptableLog|[TaiwuRemoveAILimitation]: CreateAction succeeded: charId=239, actionId=20, goalId=238, state=2
2026-07-02 04:45:45.7780|INFO|Worker28|AdaptableLog|[TaiwuRemoveAILimitation]: CreateAction failed: charId=13036, actionId=17, goalId=273, state=2
2026-07-02 04:45:45.7780|INFO|Worker26|AdaptableLog|[TaiwuRemoveAILimitation]: CreateAction failed: charId=2232, actionId=18, goalId=238, state=2
2026-07-02 04:45:45.7780|INFO|Worker29|AdaptableLog|[TaiwuRemoveAILimitation]: CreateAction failed: charId=188, actionId=20, goalId=273, state=2
2026-07-02 04:45:45.7780|INFO|Worker24|AdaptableLog|[TaiwuRemoveAILimitation]: CreateAction succeeded: charId=4591, actionId=15, goalId=273, state=2
2026-07-02 04:45:45.7780|INFO|Worker9|AdaptableLog|[TaiwuRemoveAILimitation]: CreateAction succeeded: charId=9789, actionId=14, goalId=191, state=2
2026-07-02 04:45:45.7780|INFO|Worker24|AdaptableLog|[TaiwuRemoveAILimitation]: CreateAction failed: charId=4600, actionId=22, goalId=273, state=2
2026-07-02 04:45:45.7780|INFO|Worker9|AdaptableLog|[TaiwuRemoveAILimitation]: CreateAction succeeded: charId=5353, actionId=18, goalId=238, state=2
2026-07-02 04:45:45.7780|INFO|Worker29|AdaptableLog|[TaiwuRemoveAILimitation]: CreateAction succeeded: charId=189, actionId=21, goalId=197, state=2
2026-07-02 04:45:45.7780|INFO|Worker28|AdaptableLog|[TaiwuRemoveAILimitation]: CreateAction failed: charId=12219, actionId=22, goalId=273, state=2
2026-07-02 04:45:45.7780|INFO|Worker26|AdaptableLog|[TaiwuRemoveAILimitation]: CreateAction failed: charId=8094, actionId=14, goalId=190, state=2
2026-07-02 04:45:45.7780|INFO|Worker26|AdaptableLog|[TaiwuRemoveAILimitation]: CreateAction failed: charId=8094, actionId=18, goalId=191, state=2
2026-07-02 04:45:45.7780|INFO|Worker24|AdaptableLog|[TaiwuRemoveAILimitation]: CreateAction succeeded: charId=4600, actionId=21, goalId=241, state=2
2026-07-02 04:45:45.7780|INFO|Worker29|AdaptableLog|[TaiwuRemoveAILimitation]: CreateAction succeeded: charId=195, actionId=22, goalId=238, state=2
2026-07-02 04:45:45.7780|INFO|Worker5|AdaptableLog|[TaiwuRemoveAILimitation]: CreateAction succeeded: charId=1878, actionId=21, goalId=273, state=2
2026-07-02 04:45:45.7780|INFO|Worker26|AdaptableLog|[TaiwuRemoveAILimitation]: CreateAction succeeded: charId=8094, actionId=14, goalId=192, state=2
2026-07-02 04:45:45.7780|INFO|Worker24|AdaptableLog|[TaiwuRemoveAILimitation]: CreateAction failed: charId=4581, actionId=22, goalId=15, state=2
2026-07-02 04:45:45.7780|INFO|Worker28|AdaptableLog|[TaiwuRemoveAILimitation]: CreateAction failed: charId=14890, actionId=23, goalId=238, state=2
2026-07-02 04:45:45.7780|INFO|Worker8|AdaptableLog|[TaiwuRemoveAILimitation]: CreateAction failed: charId=9055, actionId=20, goalId=238, state=2
2026-07-02 04:45:45.7780|INFO|Worker24|AdaptableLog|[TaiwuRemoveAILimitation]: CreateAction succeeded: charId=4595, actionId=15, goalId=241, state=2
2026-07-02 04:45:45.7780|INFO|Worker8|AdaptableLog|[TaiwuRemoveAILimitation]: CreateAction failed: charId=9055, actionId=15, goalId=241, state=2
2026-07-02 04:45:45.7780|INFO|Worker8|AdaptableLog|[TaiwuRemoveAILimitation]: CreateAction succeeded: charId=9055, actionId=22, goalId=238, state=2
2026-07-02 04:45:45.7780|INFO|Worker5|AdaptableLog|[TaiwuRemoveAILimitation]: CreateAction failed: charId=1793, actionId=20, goalId=238, state=2
2026-07-02 04:45:45.7780|INFO|Worker29|AdaptableLog|[TaiwuRemoveAILimitation]: CreateAction succeeded: charId=197, actionId=19, goalId=192, state=2
2026-07-02 04:45:45.7780|INFO|Worker8|AdaptableLog|[TaiwuRemoveAILimitation]: CreateAction failed: charId=8308, actionId=20, goalId=238, state=2
2026-07-02 04:45:45.7780|INFO|Worker5|AdaptableLog|[TaiwuRemoveAILimitation]: CreateAction succeeded: charId=1793, actionId=18, goalId=238, state=2
2026-07-02 04:45:45.7780|INFO|Worker26|AdaptableLog|[TaiwuRemoveAILimitation]: CreateAction succeeded: charId=2252, actionId=18, goalId=238, state=2
2026-07-02 04:45:45.7780|INFO|Worker8|AdaptableLog|[TaiwuRemoveAILimitation]: CreateAction succeeded: charId=8308, actionId=19, goalId=238, state=2
2026-07-02 04:45:45.7780|INFO|Worker2|AdaptableLog|[TaiwuRemoveAILimitation]: CreateAction succeeded: charId=968, actionId=22, goalId=192, state=2
2026-07-02 04:45:45.7780|INFO|Worker8|AdaptableLog|[TaiwuRemoveAILimitation]: CreateAction succeeded: charId=5744, actionId=23, goalId=241, state=2
2026-07-02 04:45:45.7780|INFO|Worker24|AdaptableLog|[TaiwuRemoveAILimitation]: CreateAction succeeded: charId=4607, actionId=22, goalId=15, state=2
2026-07-02 04:45:45.7780|INFO|Worker4|AdaptableLog|[TaiwuRemoveAILimitation]: CreateAction succeeded: charId=661, actionId=23, goalId=193, state=2
2026-07-02 04:45:45.7780|INFO|Worker9|AdaptableLog|[TaiwuRemoveAILimitation]: CreateAction succeeded: charId=5390, actionId=14, goalId=238, state=2
2026-07-02 04:45:45.7780|INFO|Worker28|AdaptableLog|[TaiwuRemoveAILimitation]: CreateAction failed: charId=13620, actionId=16, goalId=241, state=2
2026-07-02 04:45:45.7780|INFO|Worker26|AdaptableLog|[TaiwuRemoveAILimitation]: CreateAction failed: charId=2285, actionId=18, goalId=238, state=2
2026-07-02 04:45:45.7780|INFO|Worker26|AdaptableLog|[TaiwuRemoveAILimitation]: CreateAction succeeded: charId=2285, actionId=14, goalId=238, state=2
2026-07-02 04:45:45.7780|INFO|Worker24|AdaptableLog|[TaiwuRemoveAILimitation]: CreateAction failed: charId=12404, actionId=20, goalId=241, state=2
2026-07-02 04:45:45.7780|INFO|Worker2|AdaptableLog|[TaiwuRemoveAILimitation]: CreateAction succeeded: charId=944, actionId=20, goalId=196, state=2
2026-07-02 04:45:45.7780|INFO|Worker24|AdaptableLog|[TaiwuRemoveAILimitation]: CreateAction failed: charId=12404, actionId=20, goalId=241, state=2
2026-07-02 04:45:45.7780|INFO|Worker24|AdaptableLog|[TaiwuRemoveAILimitation]: CreateAction succeeded: charId=12404, actionId=20, goalId=241, state=2
2026-07-02 04:45:45.7780|INFO|Worker8|AdaptableLog|[TaiwuRemoveAILimitation]: CreateAction succeeded: charId=10383, actionId=23, goalId=241, state=2
2026-07-02 04:45:45.7780|INFO|Worker26|AdaptableLog|[TaiwuRemoveAILimitation]: CreateAction succeeded: charId=2261, actionId=14, goalId=8, state=2
2026-07-02 04:45:45.7940|INFO|Worker24|AdaptableLog|[TaiwuRemoveAILimitation]: CreateAction succeeded: charId=4554, actionId=19, goalId=238, state=2
2026-07-02 04:45:45.7940|INFO|Worker8|AdaptableLog|[TaiwuRemoveAILimitation]: CreateAction failed: charId=6989, actionId=22, goalId=241, state=2
2026-07-02 04:45:45.7940|INFO|Worker2|AdaptableLog|[TaiwuRemoveAILimitation]: CreateAction succeeded: charId=978, actionId=23, goalId=241, state=2
2026-07-02 04:45:45.7940|INFO|Worker8|AdaptableLog|[TaiwuRemoveAILimitation]: CreateAction succeeded: charId=6989, actionId=21, goalId=241, state=2
2026-07-02 04:45:45.7940|INFO|Worker2|AdaptableLog|[TaiwuRemoveAILimitation]: CreateAction succeeded: charId=954, actionId=14, goalId=192, state=2
2026-07-02 04:45:45.7940|INFO|Worker29|AdaptableLog|[TaiwuRemoveAILimitation]: CreateAction succeeded: charId=277, actionId=17, goalId=192, state=2
2026-07-02 04:45:45.7940|INFO|Worker2|AdaptableLog|[TaiwuRemoveAILimitation]: CreateAction succeeded: charId=955, actionId=21, goalId=238, state=2
2026-07-02 04:45:45.7940|INFO|Worker28|AdaptableLog|[TaiwuRemoveAILimitation]: CreateAction failed: charId=13553, actionId=20, goalId=273, state=2
2026-07-02 04:45:45.7940|INFO|Worker2|AdaptableLog|[TaiwuRemoveAILimitation]: CreateAction succeeded: charId=982, actionId=17, goalId=192, state=2
2026-07-02 04:45:45.7940|INFO|Worker26|AdaptableLog|[TaiwuRemoveAILimitation]: CreateAction failed: charId=8611, actionId=18, goalId=193, state=2
2026-07-02 04:45:45.7940|INFO|Worker2|AdaptableLog|[TaiwuRemoveAILimitation]: CreateAction succeeded: charId=964, actionId=21, goalId=238, state=2
2026-07-02 04:45:45.7940|INFO|Worker5|AdaptableLog|[TaiwuRemoveAILimitation]: CreateAction succeeded: charId=1867, actionId=22, goalId=192, state=2
2026-07-02 04:45:45.7940|INFO|Worker8|AdaptableLog|[TaiwuRemoveAILimitation]: CreateAction failed: charId=5755, actionId=14, goalId=238, state=2
2026-07-02 04:45:45.7940|INFO|Worker5|AdaptableLog|[TaiwuRemoveAILimitation]: CreateAction succeeded: charId=1796, actionId=22, goalId=238, state=2
2026-07-02 04:45:45.7940|INFO|Worker8|AdaptableLog|[TaiwuRemoveAILimitation]: CreateAction succeeded: charId=5755, actionId=15, goalId=238, state=2
2026-07-02 04:45:45.7940|INFO|Worker28|AdaptableLog|[TaiwuRemoveAILimitation]: CreateAction failed: charId=13114, actionId=17, goalId=179, state=2
2026-07-02 04:45:45.7940|INFO|Worker26|AdaptableLog|[TaiwuRemoveAILimitation]: CreateAction failed: charId=7774, actionId=14, goalId=8, state=2
2026-07-02 04:45:45.7940|INFO|Worker26|AdaptableLog|[TaiwuRemoveAILimitation]: CreateAction succeeded: charId=7774, actionId=14, goalId=193, state=2
2026-07-02 04:45:45.7940|INFO|Worker28|AdaptableLog|[TaiwuRemoveAILimitation]: CreateAction failed: charId=13735, actionId=16, goalId=241, state=2
2026-07-02 04:45:45.7940|INFO|Worker28|AdaptableLog|[TaiwuRemoveAILimitation]: CreateAction failed: charId=13730, actionId=14, goalId=273, state=2
2026-07-02 04:45:45.7940|INFO|Worker2|AdaptableLog|[TaiwuRemoveAILimitation]: CreateAction succeeded: charId=986, actionId=17, goalId=193, state=2
2026-07-02 04:45:45.7940|INFO|Worker26|AdaptableLog|[TaiwuRemoveAILimitation]: CreateAction succeeded: charId=2214, actionId=14, goalId=273, state=2
2026-07-02 04:45:45.7940|INFO|Worker8|AdaptableLog|[TaiwuRemoveAILimitation]: CreateAction succeeded: charId=9363, actionId=20, goalId=238, state=2
2026-07-02 04:45:45.7940|INFO|Worker2|AdaptableLog|[TaiwuRemoveAILimitation]: CreateAction failed: charId=992, actionId=20, goalId=241, state=2
2026-07-02 04:45:45.7940|INFO|Worker26|AdaptableLog|[TaiwuRemoveAILimitation]: CreateAction failed: charId=2211, actionId=18, goalId=238, state=2
2026-07-02 04:45:45.7940|INFO|Worker5|AdaptableLog|[TaiwuRemoveAILimitation]: CreateAction failed: charId=7747, actionId=23, goalId=197, state=2
2026-07-02 04:45:45.7940|INFO|Worker2|AdaptableLog|[TaiwuRemoveAILimitation]: CreateAction succeeded: charId=992, actionId=17, goalId=241, state=2
2026-07-02 04:45:45.7940|INFO|Worker5|AdaptableLog|[TaiwuRemoveAILimitation]: CreateAction failed: charId=7747, actionId=23, goalId=238, state=2
2026-07-02 04:45:45.7940|INFO|Worker26|AdaptableLog|[TaiwuRemoveAILimitation]: CreateAction failed: charId=2211, actionId=14, goalId=238, state=2
2026-07-02 04:45:45.7940|INFO|Worker28|AdaptableLog|[TaiwuRemoveAILimitation]: CreateAction failed: charId=13730, actionId=14, goalId=241, state=2
2026-07-02 04:45:45.7940|INFO|Worker26|AdaptableLog|[TaiwuRemoveAILimitation]: CreateAction succeeded: charId=2211, actionId=15, goalId=238, state=2
2026-07-02 04:45:45.7940|INFO|Worker8|AdaptableLog|[TaiwuRemoveAILimitation]: CreateAction succeeded: charId=10204, actionId=20, goalId=241, state=2
2026-07-02 04:45:45.7940|INFO|Worker2|AdaptableLog|[TaiwuRemoveAILimitation]: CreateAction succeeded: charId=988, actionId=21, goalId=241, state=2
2026-07-02 04:45:45.7940|INFO|Worker8|AdaptableLog|[TaiwuRemoveAILimitation]: CreateAction succeeded: charId=9430, actionId=23, goalId=238, state=2
2026-07-02 04:45:45.7940|INFO|Worker24|AdaptableLog|[TaiwuRemoveAILimitation]: CreateAction succeeded: charId=4587, actionId=15, goalId=191, state=2
2026-07-02 04:45:45.7940|INFO|Worker8|AdaptableLog|[TaiwuRemoveAILimitation]: CreateAction succeeded: charId=9823, actionId=21, goalId=238, state=2
2026-07-02 04:45:45.7940|INFO|Worker24|AdaptableLog|[TaiwuRemoveAILimitation]: CreateAction failed: charId=4590, actionId=23, goalId=238, state=2
2026-07-02 04:45:45.7940|INFO|Worker2|AdaptableLog|[TaiwuRemoveAILimitation]: CreateAction failed: charId=966, actionId=18, goalId=238, state=2
2026-07-02 04:45:45.7940|INFO|Worker24|AdaptableLog|[TaiwuRemoveAILimitation]: CreateAction failed: charId=4590, actionId=22, goalId=238, state=2
2026-07-02 04:45:45.7940|INFO|Worker2|AdaptableLog|[TaiwuRemoveAILimitation]: CreateAction succeeded: charId=966, actionId=15, goalId=238, state=2
2026-07-02 04:45:45.7940|INFO|Worker24|AdaptableLog|[TaiwuRemoveAILimitation]: CreateAction succeeded: charId=4590, actionId=19, goalId=238, state=2
2026-07-02 04:45:45.7940|INFO|Worker9|AdaptableLog|[TaiwuRemoveAILimitation]: CreateAction succeeded: charId=5516, actionId=19, goalId=238, state=2
2026-07-02 04:45:45.7940|INFO|Worker9|AdaptableLog|[TaiwuRemoveAILimitation]: CreateAction succeeded: charId=5518, actionId=14, goalId=194, state=2
2026-07-02 04:45:45.7940|INFO|Worker28|AdaptableLog|[TaiwuRemoveAILimitation]: CreateAction succeeded: charId=13670, actionId=22, goalId=273, state=2
2026-07-02 04:45:45.7940|INFO|Worker5|AdaptableLog|[TaiwuRemoveAILimitation]: CreateAction succeeded: charId=8381, actionId=18, goalId=238, state=2
2026-07-02 04:45:45.7940|INFO|Worker28|AdaptableLog|[TaiwuRemoveAILimitation]: CreateAction failed: charId=10577, actionId=19, goalId=273, state=2
2026-07-02 04:45:45.7940|INFO|Worker9|AdaptableLog|[TaiwuRemoveAILimitation]: CreateAction succeeded: charId=5359, actionId=14, goalId=191, state=2
2026-07-02 04:45:45.7940|INFO|Worker26|AdaptableLog|[TaiwuRemoveAILimitation]: CreateAction succeeded: charId=2219, actionId=14, goalId=273, state=2
2026-07-02 04:45:45.7940|INFO|Worker8|AdaptableLog|[TaiwuRemoveAILimitation]: CreateAction succeeded: charId=7375, actionId=20, goalId=238, state=2
2026-07-02 04:45:45.7940|INFO|Worker9|AdaptableLog|[TaiwuRemoveAILimitation]: CreateAction failed: charId=5517, actionId=17, goalId=194, state=2
2026-07-02 04:45:45.7940|INFO|Worker9|AdaptableLog|[TaiwuRemoveAILimitation]: CreateAction succeeded: charId=5517, actionId=17, goalId=192, state=2
2026-07-02 04:45:45.7940|INFO|Worker26|AdaptableLog|[TaiwuRemoveAILimitation]: CreateAction succeeded: charId=2242, actionId=15, goalId=8, state=2
2026-07-02 04:45:45.7940|INFO|Worker8|AdaptableLog|[TaiwuRemoveAILimitation]: CreateAction succeeded: charId=8720, actionId=14, goalId=238, state=2
2026-07-02 04:45:45.7940|INFO|Worker5|AdaptableLog|[TaiwuRemoveAILimitation]: CreateAction failed: charId=1841, actionId=18, goalId=193, state=2
2026-07-02 04:45:45.7940|INFO|Worker9|AdaptableLog|[TaiwuRemoveAILimitation]: CreateAction failed: charId=5472, actionId=17, goalId=273, state=2
2026-07-02 04:45:45.8095|INFO|Worker28|AdaptableLog|[TaiwuRemoveAILimitation]: CreateAction succeeded: charId=6977, actionId=18, goalId=238, state=2
2026-07-02 04:45:45.8095|INFO|Worker9|AdaptableLog|[TaiwuRemoveAILimitation]: CreateAction failed: charId=5472, actionId=14, goalId=192, state=2
2026-07-02 04:45:45.8095|INFO|Worker9|AdaptableLog|[TaiwuRemoveAILimitation]: CreateAction succeeded: charId=5472, actionId=15, goalId=193, state=2
2026-07-02 04:45:45.8095|INFO|Worker5|AdaptableLog|[TaiwuRemoveAILimitation]: CreateAction failed: charId=1841, actionId=18, goalId=196, state=2
2026-07-02 04:45:45.8095|INFO|Worker8|AdaptableLog|[TaiwuRemoveAILimitation]: CreateAction succeeded: charId=7497, actionId=15, goalId=238, state=2
2026-07-02 04:45:45.8095|INFO|Worker5|AdaptableLog|[TaiwuRemoveAILimitation]: CreateAction succeeded: charId=1841, actionId=18, goalId=238, state=2
2026-07-02 04:45:45.8095|INFO|Worker26|AdaptableLog|[TaiwuRemoveAILimitation]: CreateAction succeeded: charId=2265, actionId=18, goalId=238, state=2
2026-07-02 04:45:45.8095|INFO|Worker8|AdaptableLog|[TaiwuRemoveAILimitation]: CreateAction failed: charId=8011, actionId=15, goalId=238, state=2
2026-07-02 04:45:45.8095|INFO|Worker8|AdaptableLog|[TaiwuRemoveAILimitation]: CreateAction succeeded: charId=8011, actionId=15, goalId=241, state=2
2026-07-02 04:45:45.8095|INFO|Worker28|AdaptableLog|[TaiwuRemoveAILimitation]: CreateAction failed: charId=12015, actionId=15, goalId=273, state=2
2026-07-02 04:45:45.8095|INFO|Worker28|AdaptableLog|[TaiwuRemoveAILimitation]: CreateAction failed: charId=12015, actionId=15, goalId=238, state=2
2026-07-02 04:45:45.8095|INFO|Worker8|AdaptableLog|[TaiwuRemoveAILimitation]: CreateAction succeeded: charId=5761, actionId=21, goalId=238, state=2
2026-07-02 04:45:45.8095|INFO|Worker8|AdaptableLog|[TaiwuRemoveAILimitation]: CreateAction succeeded: charId=8010, actionId=22, goalId=241, state=2
2026-07-02 04:45:45.8095|INFO|Worker8|AdaptableLog|[TaiwuRemoveAILimitation]: CreateAction succeeded: charId=7495, actionId=20, goalId=238, state=2
2026-07-02 04:45:45.8095|INFO|Worker5|AdaptableLog|[TaiwuRemoveAILimitation]: CreateAction succeeded: charId=1798, actionId=20, goalId=238, state=2
2026-07-02 04:45:45.8095|INFO|Worker8|AdaptableLog|[TaiwuRemoveAILimitation]: CreateAction succeeded: charId=5798, actionId=14, goalId=238, state=2
2026-07-02 04:45:45.8095|INFO|Worker8|AdaptableLog|[TaiwuRemoveAILimitation]: CreateAction succeeded: charId=8592, actionId=22, goalId=238, state=2
2026-07-02 04:45:45.8095|INFO|Worker8|AdaptableLog|[TaiwuRemoveAILimitation]: CreateAction failed: charId=7718, actionId=22, goalId=238, state=2
2026-07-02 04:45:45.8095|INFO|Worker8|AdaptableLog|[TaiwuRemoveAILimitation]: CreateAction succeeded: charId=7718, actionId=20, goalId=238, state=2
2026-07-02 04:45:45.8095|INFO|Worker28|AdaptableLog|[TaiwuRemoveAILimitation]: CreateAction failed: charId=11506, actionId=15, goalId=273, state=2
2026-07-02 04:45:45.8095|INFO|Worker26|AdaptableLog|[TaiwuRemoveAILimitation]: CreateAction succeeded: charId=2257, actionId=14, goalId=238, state=2
2026-07-02 04:45:45.8095|INFO|Worker8|AdaptableLog|[TaiwuRemoveAILimitation]: CreateAction succeeded: charId=5810, actionId=22, goalId=241, state=2
2026-07-02 04:45:45.8095|INFO|Worker8|AdaptableLog|[TaiwuRemoveAILimitation]: CreateAction failed: charId=10645, actionId=20, goalId=238, state=2
2026-07-02 04:45:45.8095|INFO|Worker8|AdaptableLog|[TaiwuRemoveAILimitation]: CreateAction failed: charId=10645, actionId=22, goalId=238, state=2
2026-07-02 04:45:45.8095|INFO|Worker8|AdaptableLog|[TaiwuRemoveAILimitation]: CreateAction failed: charId=10645, actionId=22, goalId=238, state=2
2026-07-02 04:45:45.8095|INFO|Worker28|AdaptableLog|[TaiwuRemoveAILimitation]: CreateAction failed: charId=13392, actionId=19, goalId=241, state=2
2026-07-02 04:45:45.8095|INFO|Worker28|AdaptableLog|[TaiwuRemoveAILimitation]: CreateAction failed: charId=13392, actionId=21, goalId=241, state=2
2026-07-02 04:45:45.8095|INFO|Worker26|AdaptableLog|[TaiwuRemoveAILimitation]: CreateAction succeeded: charId=2190, actionId=15, goalId=238, state=2
2026-07-02 04:45:45.8095|INFO|Worker26|AdaptableLog|[TaiwuRemoveAILimitation]: CreateAction succeeded: charId=2382, actionId=17, goalId=194, state=2
2026-07-02 04:45:45.8095|INFO|Worker8|AdaptableLog|[TaiwuRemoveAILimitation]: CreateAction succeeded: charId=5740, actionId=20, goalId=238, state=2
2026-07-02 04:45:45.8095|INFO|Worker8|AdaptableLog|[TaiwuRemoveAILimitation]: CreateAction succeeded: charId=5786, actionId=21, goalId=238, state=2
2026-07-02 04:45:45.8095|INFO|Worker8|AdaptableLog|[TaiwuRemoveAILimitation]: CreateAction succeeded: charId=5739, actionId=15, goalId=241, state=2
2026-07-02 04:45:45.8095|INFO|Worker28|AdaptableLog|[TaiwuRemoveAILimitation]: CreateAction failed: charId=10573, actionId=20, goalId=273, state=2
2026-07-02 04:45:45.8095|INFO|Worker8|AdaptableLog|[TaiwuRemoveAILimitation]: CreateAction succeeded: charId=5803, actionId=20, goalId=238, state=2
2026-07-02 04:45:45.8095|INFO|Worker8|AdaptableLog|[TaiwuRemoveAILimitation]: CreateAction succeeded: charId=5203, actionId=22, goalId=238, state=2
2026-07-02 04:45:45.8290|INFO|Worker8|AdaptableLog|[TaiwuRemoveAILimitation]: CreateAction failed: charId=5877, actionId=14, goalId=238, state=2
2026-07-02 04:45:45.8290|INFO|Worker28|AdaptableLog|[TaiwuRemoveAILimitation]: CreateAction failed: charId=12249, actionId=16, goalId=273, state=2
2026-07-02 04:45:45.8290|INFO|Worker28|AdaptableLog|[TaiwuRemoveAILimitation]: CreateAction failed: charId=9210, actionId=15, goalId=238, state=2
2026-07-02 04:45:45.8290|INFO|Worker28|AdaptableLog|[TaiwuRemoveAILimitation]: CreateAction failed: charId=9210, actionId=15, goalId=241, state=2
2026-07-02 04:45:45.8290|INFO|Worker28|AdaptableLog|[TaiwuRemoveAILimitation]: CreateAction failed: charId=9210, actionId=15, goalId=238, state=2
2026-07-02 04:45:45.8290|INFO|Worker28|AdaptableLog|[TaiwuRemoveAILimitation]: CreateAction failed: charId=8804, actionId=22, goalId=273, state=2
2026-07-02 04:45:45.8290|INFO|Worker28|AdaptableLog|[TaiwuRemoveAILimitation]: CreateAction failed: charId=12625, actionId=17, goalId=273, state=2
2026-07-02 04:45:45.8290|INFO|Worker28|AdaptableLog|[TaiwuRemoveAILimitation]: CreateAction succeeded: charId=9620, actionId=17, goalId=238, state=2
2026-07-02 04:45:45.8290|INFO|Worker28|AdaptableLog|[TaiwuRemoveAILimitation]: CreateAction failed: charId=13732, actionId=14, goalId=241, state=2
2026-07-02 04:45:45.8290|INFO|Worker28|AdaptableLog|[TaiwuRemoveAILimitation]: CreateAction failed: charId=12053, actionId=14, goalId=187, state=2
2026-07-02 04:45:45.8427|INFO|Worker28|AdaptableLog|[TaiwuRemoveAILimitation]: CreateAction failed: charId=11031, actionId=16, goalId=273, state=2
2026-07-02 04:45:45.8427|INFO|Worker28|AdaptableLog|[TaiwuRemoveAILimitation]: CreateAction failed: charId=13843, actionId=15, goalId=183, state=2
2026-07-02 04:45:45.8427|INFO|Worker28|AdaptableLog|[TaiwuRemoveAILimitation]: CreateAction failed: charId=9458, actionId=21, goalId=273, state=2
2026-07-02 04:45:45.8427|INFO|Worker28|AdaptableLog|[TaiwuRemoveAILimitation]: CreateAction failed: charId=14014, actionId=16, goalId=238, state=2
2026-07-02 04:45:45.8427|INFO|Worker28|AdaptableLog|[TaiwuRemoveAILimitation]: CreateAction failed: charId=14014, actionId=14, goalId=190, state=2
2026-07-02 04:45:45.8427|INFO|Worker28|AdaptableLog|[TaiwuRemoveAILimitation]: CreateAction failed: charId=14014, actionId=16, goalId=193, state=2
2026-07-02 04:45:45.8427|INFO|Worker28|AdaptableLog|[TaiwuRemoveAILimitation]: CreateAction failed: charId=13246, actionId=15, goalId=273, state=2
2026-07-02 04:45:45.8427|INFO|Worker28|AdaptableLog|[TaiwuRemoveAILimitation]: CreateAction failed: charId=9693, actionId=19, goalId=273, state=2
2026-07-02 04:45:45.8566|INFO|Worker28|AdaptableLog|[TaiwuRemoveAILimitation]: CreateAction failed: charId=12626, actionId=17, goalId=273, state=2
2026-07-02 04:45:45.8566|INFO|Worker28|AdaptableLog|[TaiwuRemoveAILimitation]: CreateAction failed: charId=13520, actionId=17, goalId=273, state=2
2026-07-02 04:45:45.8566|INFO|Worker28|AdaptableLog|[TaiwuRemoveAILimitation]: CreateAction failed: charId=13520, actionId=17, goalId=191, state=2
2026-07-02 04:45:45.8566|INFO|Worker28|AdaptableLog|[TaiwuRemoveAILimitation]: CreateAction failed: charId=14389, actionId=14, goalId=273, state=2
2026-07-02 04:45:45.8566|INFO|Worker28|AdaptableLog|[TaiwuRemoveAILimitation]: CreateAction failed: charId=13113, actionId=17, goalId=273, state=2
2026-07-02 04:45:45.8566|INFO|Worker28|AdaptableLog|[TaiwuRemoveAILimitation]: CreateAction failed: charId=12928, actionId=20, goalId=273, state=2
2026-07-02 04:45:45.8566|INFO|Worker28|AdaptableLog|[TaiwuRemoveAILimitation]: CreateAction succeeded: charId=14281, actionId=21, goalId=241, state=2
2026-07-02 04:45:45.8566|INFO|Worker28|AdaptableLog|[TaiwuRemoveAILimitation]: CreateAction failed: charId=13517, actionId=16, goalId=273, state=2
2026-07-02 04:45:45.8566|INFO|Worker28|AdaptableLog|[TaiwuRemoveAILimitation]: CreateAction failed: charId=13517, actionId=16, goalId=241, state=2
2026-07-02 04:45:45.8566|INFO|Worker28|AdaptableLog|[TaiwuRemoveAILimitation]: CreateAction failed: charId=13841, actionId=18, goalId=273, state=2
2026-07-02 04:45:45.8566|INFO|Worker28|AdaptableLog|[TaiwuRemoveAILimitation]: CreateAction failed: charId=13371, actionId=17, goalId=273, state=2
2026-07-02 04:45:45.8741|INFO|Worker28|AdaptableLog|[TaiwuRemoveAILimitation]: CreateAction failed: charId=12422, actionId=18, goalId=273, state=2
2026-07-02 04:45:45.8741|INFO|Worker28|AdaptableLog|[TaiwuRemoveAILimitation]: CreateAction failed: charId=12933, actionId=15, goalId=273, state=2
2026-07-02 04:45:45.8741|INFO|Worker28|AdaptableLog|[TaiwuRemoveAILimitation]: CreateAction failed: charId=14455, actionId=14, goalId=273, state=2
2026-07-02 04:45:45.8741|INFO|Worker28|AdaptableLog|[TaiwuRemoveAILimitation]: CreateAction failed: charId=14455, actionId=14, goalId=179, state=2
2026-07-02 04:45:45.8741|INFO|Worker28|AdaptableLog|[TaiwuRemoveAILimitation]: CreateAction failed: charId=12420, actionId=15, goalId=273, state=2
2026-07-02 04:45:45.8741|INFO|Worker28|AdaptableLog|[TaiwuRemoveAILimitation]: CreateAction failed: charId=12931, actionId=16, goalId=273, state=2
2026-07-02 04:45:45.8741|INFO|Worker28|AdaptableLog|[TaiwuRemoveAILimitation]: CreateAction failed: charId=12547, actionId=14, goalId=273, state=2
2026-07-02 04:45:45.8741|INFO|Worker28|AdaptableLog|[TaiwuRemoveAILimitation]: CreateAction failed: charId=13993, actionId=16, goalId=238, state=2
2026-07-02 04:45:45.8741|INFO|Worker28|AdaptableLog|[TaiwuRemoveAILimitation]: CreateAction failed: charId=11161, actionId=16, goalId=273, state=2
2026-07-02 04:45:45.8741|INFO|Worker28|AdaptableLog|[TaiwuRemoveAILimitation]: CreateAction failed: charId=13368, actionId=18, goalId=238, state=2
2026-07-02 04:45:45.8741|INFO|Worker28|AdaptableLog|[TaiwuRemoveAILimitation]: CreateAction failed: charId=13368, actionId=18, goalId=194, state=2
2026-07-02 04:45:45.8741|INFO|Worker28|AdaptableLog|[TaiwuRemoveAILimitation]: CreateAction failed: charId=13368, actionId=18, goalId=196, state=2
2026-07-02 04:45:45.8741|INFO|Worker28|AdaptableLog|[TaiwuRemoveAILimitation]: CreateAction failed: charId=13368, actionId=18, goalId=241, state=2
2026-07-02 04:45:45.8741|INFO|Worker28|AdaptableLog|[TaiwuRemoveAILimitation]: CreateAction failed: charId=13368, actionId=18, goalId=241, state=2
2026-07-02 04:45:45.8741|INFO|Worker28|AdaptableLog|[TaiwuRemoveAILimitation]: CreateAction failed: charId=13368, actionId=18, goalId=190, state=2
2026-07-02 04:45:45.8741|INFO|Worker28|AdaptableLog|[TaiwuRemoveAILimitation]: CreateAction failed: charId=13368, actionId=17, goalId=193, state=2
2026-07-02 04:45:45.8741|INFO|Worker28|AdaptableLog|[TaiwuRemoveAILimitation]: CreateAction failed: charId=13198, actionId=14, goalId=238, state=2
2026-07-02 04:45:45.8741|INFO|Worker28|AdaptableLog|[TaiwuRemoveAILimitation]: CreateAction failed: charId=13364, actionId=15, goalId=273, state=2
2026-07-02 04:45:45.8916|INFO|Worker28|AdaptableLog|[TaiwuRemoveAILimitation]: CreateAction succeeded: charId=2061, actionId=21, goalId=193, state=2
2026-07-02 04:45:45.8916|INFO|Main|AdaptableLog|[TaiwuRemoveAILimitation]: ExecuteAction finished: char=百花谷玉匣弟子-乌丹燕(1001)(id=1001), action=制造健康药(A19), target=<none>, next=售出道具(A35)
2026-07-02 04:45:45.8916|INFO|Main|AdaptableLog|[TaiwuRemoveAILimitation]: ExecuteAction finished: char=百花谷玉匣弟子-庞素来(998)(id=998), action=锻造织物道具(A17), target=<none>, no-next-action
2026-07-02 04:45:45.8916|INFO|Main|AdaptableLog|[TaiwuRemoveAILimitation]: ExecuteAction finished: char=百花谷掌匣人-钱少游(946)(id=946), action=制造菜肴(A18), target=<none>, no-next-action
2026-07-02 04:45:45.8916|INFO|Main|AdaptableLog|[TaiwuRemoveAILimitation]: ExecuteAction finished: char=百花谷玉匣弟子-包珠(996)(id=996), action=锻造织物道具(A17), target=<none>, no-next-action
2026-07-02 04:45:45.8916|INFO|Main|AdaptableLog|[TaiwuRemoveAILimitation]: ExecuteAction finished: char=百花谷妙手-松美琪(970)(id=970), action=制造毒药(A23), target=<none>, no-next-action
2026-07-02 04:45:45.8916|INFO|Main|AdaptableLog|[TaiwuRemoveAILimitation]: ExecuteAction finished: char=百花谷鹿裳使-荀良朋(963)(id=963), action=制造菜肴(A18), target=<none>, no-next-action
2026-07-02 04:45:45.8916|INFO|Main|AdaptableLog|[TaiwuRemoveAILimitation]: ExecuteAction finished: char=百花谷鹿裳使-狄育敏(968)(id=968), action=制作调息药(A22), target=<none>, next=售出道具(A35)
2026-07-02 04:45:45.8916|INFO|Main|AdaptableLog|[TaiwuRemoveAILimitation]: ExecuteAction finished: char=百花谷掌匣人-谷圭(944)(id=944), action=制作疗伤药(A20), target=<none>, no-next-action
2026-07-02 04:45:45.8916|INFO|Main|AdaptableLog|[TaiwuRemoveAILimitation]: ExecuteAction finished: char=百花谷鹿裳使-第五桂(954)(id=954), action=锻造金铁道具(A14), target=<none>, no-next-action
2026-07-02 04:45:45.8916|INFO|Main|AdaptableLog|[TaiwuRemoveAILimitation]: ExecuteAction finished: char=百花谷鹿裳使-狄礼慧(966)(id=966), action=锻造木材道具(A15), target=<none>, no-next-action
2026-07-02 04:45:45.9122|INFO|Main|AdaptableLog|[TaiwuRemoveAILimitation]: ExecuteAction finished: char=山寨豪富-芮孤华(1965)(id=1965), action=制作调息药(A22), target=<none>, no-next-action
2026-07-02 04:45:45.9122|INFO|Main|AdaptableLog|[TaiwuRemoveAILimitation]: ExecuteAction finished: char=市镇大夫-管雅厚(2014)(id=2014), action=制作调息药(A22), target=<none>, next=售出道具(A35)
2026-07-02 04:45:45.9122|INFO|Main|AdaptableLog|[TaiwuRemoveAILimitation]: ExecuteAction finished: char=武当派接引道人-周霖(10136)(id=10136), action=研读旧书(A59), target=<none>, no-next-action
2026-07-02 04:45:45.9122|INFO|Main|AdaptableLog|[TaiwuRemoveAILimitation]: ExecuteAction finished: char=扬州大夫-郭彰荣(5606)(id=5606), action=制作调息药(A22), target=<none>, next=售出道具(A35)
2026-07-02 04:45:45.9230|INFO|Main|AdaptableLog|[TaiwuRemoveAILimitation]: ExecuteAction finished: char=伏龙坛龙头长老-梅剑婵(7117)(id=7117), action=锻造金铁道具(A14), target=<none>, no-next-action
2026-07-02 04:45:45.9230|INFO|Main|AdaptableLog|[TaiwuRemoveAILimitation]: ExecuteAction finished: char=山寨大夫-伯冬美(5516)(id=5516), action=制造健康药(A19), target=<none>, no-next-action
2026-07-02 04:45:45.9230|INFO|Main|AdaptableLog|[TaiwuRemoveAILimitation]: ExecuteAction finished: char=广州大夫-景灵运(2064)(id=2064), action=制作调息药(A22), target=<none>, next=售出道具(A35)
2026-07-02 04:45:45.9358|INFO|Main|AdaptableLog|[TaiwuRemoveAILimitation]: ExecuteAction finished: char=村庄豪富-方素微(3576)(id=3576), action=制作调息药(A22), target=<none>, no-next-action
2026-07-02 04:45:45.9358|INFO|Main|AdaptableLog|[TaiwuRemoveAILimitation]: ExecuteAction finished: char=市镇商人-成星颜(149)(id=149), action=锻造木材道具(A15), target=<none>, no-next-action
2026-07-02 04:45:45.9358|INFO|Main|AdaptableLog|[TaiwuRemoveAILimitation]: ExecuteAction finished: char=太原文人-翟玄霞(4826)(id=4826), action=制造健康药(A19), target=<none>, no-next-action
2026-07-02 04:45:45.9358|INFO|Main|AdaptableLog|[TaiwuRemoveAILimitation]: ExecuteAction finished: char=空桑派蛟士-劳和(3799)(id=3799), action=制造解毒药(A21), target=<none>, no-next-action
2026-07-02 04:45:45.9358|INFO|Main|AdaptableLog|[TaiwuRemoveAILimitation]: ExecuteAction finished: char=空桑派玄炉院弟子-詹允植(3929)(id=3929), action=制作疗伤药(A20), target=<none>, no-next-action
2026-07-02 04:45:45.9358|INFO|Main|AdaptableLog|[TaiwuRemoveAILimitation]: ExecuteAction finished: char=空桑派药王-曾晗渊(3801)(id=3801), action=制作疗伤药(A20), target=<none>, no-next-action
2026-07-02 04:45:45.9358|INFO|Main|AdaptableLog|[TaiwuRemoveAILimitation]: ExecuteAction finished: char=空桑派长老-令狐普(3813)(id=3813), action=锻造玉石道具(A16), target=<none>, no-next-action
2026-07-02 04:45:45.9358|INFO|Main|AdaptableLog|[TaiwuRemoveAILimitation]: ExecuteAction finished: char=空桑派长老-傅振豪(3822)(id=3822), action=制造健康药(A19), target=<none>, no-next-action
2026-07-02 04:45:45.9358|INFO|Main|AdaptableLog|[TaiwuRemoveAILimitation]: ExecuteAction finished: char=空桑派蛟王院弟子-邵栖安(3833)(id=3833), action=制造毒药(A23), target=<none>, no-next-action
2026-07-02 04:45:45.9358|INFO|Main|AdaptableLog|[TaiwuRemoveAILimitation]: ExecuteAction finished: char=空桑派蛟士-子车清霞(3843)(id=3843), action=锻造玉石道具(A16), target=<none>, no-next-action
2026-07-02 04:45:45.9358|INFO|Main|AdaptableLog|[TaiwuRemoveAILimitation]: ExecuteAction finished: char=空桑派长老-章少蕾(3830)(id=3830), action=制造解毒药(A21), target=<none>, no-next-action
2026-07-02 04:45:45.9358|INFO|Main|AdaptableLog|[TaiwuRemoveAILimitation]: ExecuteAction finished: char=空桑派长老-蓝无端(3803)(id=3803), action=制造健康药(A19), target=<none>, next=售出道具(A35)
2026-07-02 04:45:45.9358|INFO|Main|AdaptableLog|[TaiwuRemoveAILimitation]: ExecuteAction finished: char=空桑派药王-钟典纲(3815)(id=3815), action=制造毒药(A23), target=<none>, no-next-action
2026-07-02 04:45:45.9358|INFO|Main|AdaptableLog|[TaiwuRemoveAILimitation]: ExecuteAction finished: char=成都大夫-封纳财(415)(id=415), action=制作疗伤药(A20), target=<none>, no-next-action
2026-07-02 04:45:45.9358|INFO|Main|AdaptableLog|[TaiwuRemoveAILimitation]: ExecuteAction finished: char=山寨手艺人-容厚先(5116)(id=5116), action=锻造玉石道具(A16), target=<none>, no-next-action
2026-07-02 04:45:45.9608|INFO|Main|AdaptableLog|[TaiwuRemoveAILimitation]: ExecuteAction finished: char=市镇手艺人-施宾(3185)(id=3185), action=锻造玉石道具(A16), target=<none>, next=发起切磋(A83)
2026-07-02 04:45:45.9608|INFO|Main|AdaptableLog|[TaiwuRemoveAILimitation]: ExecuteAction finished: char=太吾村村民-司寇素颖(13670)(id=13670), action=制作调息药(A22), target=<none>, next=乐善好施道具(A32)
2026-07-02 04:45:45.9608|INFO|Main|AdaptableLog|[TaiwuRemoveAILimitation]: CreateAction failed: charId=12419, actionId=16, goalId=179, state=2
2026-07-02 04:45:45.9721|INFO|Main|GameData.Domains.Global.GlobalDomain|[AdvanceMonth_Execute] CharacterActionPlanning: 1,293.9
2026-07-02 04:45:45.9905|INFO|Main|GameData.Domains.Character.CharacterDomain|Removing 血犼教血犼圣使-吴婵(12175)'s kidnapped character: 5880 (isEscape=False).
2026-07-02 04:45:46.0724|INFO|Main|GameData.Domains.Global.GlobalDomain|[AdvanceMonth_Execute] CharacterFixedAction: 100.1
2026-07-02 04:45:46.1528|INFO|Main|GameData.Domains.Global.GlobalDomain|[AdvanceMonth_Execute] UpdateInformation: 78.4
2026-07-02 04:45:46.1624|INFO|Main|GameData.Domains.Item.ItemDomain|Getting item of type 1(Armor) and sub type 100 with grade 6
2026-07-02 04:45:46.1624|INFO|Main|GameData.Domains.Item.ItemDomain|Getting item of type 1(Armor) and sub type 101 with grade 6
2026-07-02 04:45:46.1764|INFO|Main|GameData.Domains.Global.GlobalDomain|[AdvanceMonth_Execute] UpdateInfectedCharacters: 0.0
2026-07-02 04:45:46.1922|INFO|Main|GameData.Domains.Global.GlobalDomain|[AdvanceMonth_Execute] UpdateCharacterMovements: 15.6
2026-07-02 04:45:46.3139|INFO|Main|AdaptableLog|[RecruitOrCreateLackingMembers]: Recruited Count for 五仙教, grade 7: 1
2026-07-02 04:45:46.6072|INFO|Main|GameData.Domains.Global.GlobalDomain|[AdvanceMonth_Execute] UpdateOrganizationMembers: 378.9
2026-07-02 04:45:46.6237|INFO|Main|AdaptableLog|
2026-07-02 04:45:46.6237|INFO|Main|AdaptableLog|然山派关押青州城主夫人/城主老爷-褚雅(5928)，初始值：立场2 * (罪行3 * 5 - 身份8) = 14，精纯影响：精纯上限18 + 囚犯精纯0 - 守卫平均精纯18 = 0，时长影响：总时长12 - 2 * 已关押时长11 = -10，共计：4
2026-07-02 04:45:46.6237|INFO|Main|AdaptableLog|逃跑概率：(4 - 100) * (100 - 30[7品五彩绳]) / 100 + 0 * 20 = -67%，最终取0%
2026-07-02 04:45:46.6237|INFO|Main|AdaptableLog|逃跑×失败
2026-07-02 04:45:46.6237|INFO|Main|AdaptableLog|
2026-07-02 04:45:46.6237|INFO|Main|AdaptableLog|
2026-07-02 04:45:46.6237|INFO|Main|AdaptableLog|璇女派关押璇女派璇仙使-农诗贤(2957)，初始值：立场1 * (罪行2 * 5 - 身份7) = 3，精纯影响：精纯上限18 + 囚犯精纯16 - 守卫平均精纯16 = 18，时长影响：总时长6 - 2 * 已关押时长2 = 2，共计：23
2026-07-02 04:45:46.6237|INFO|Main|AdaptableLog|逃跑概率：(23 - 100) * (100 - 20[9品长绳]) / 100 + 0 * 20 = -61%，最终取0%
2026-07-02 04:45:46.6237|INFO|Main|AdaptableLog|逃跑×失败
2026-07-02 04:45:46.6237|INFO|Main|AdaptableLog|
2026-07-02 04:45:46.6237|INFO|Main|AdaptableLog|Prisoner 市镇权贵-澹台凤妍(5627) removed from 血犼教.
2026-07-02 04:45:46.6237|INFO|Main|AdaptableLog|[LegendaryBook]: Failed to assign random owner for book type 11.
2026-07-02 04:45:46.6455|WARN|Main|AdaptableLog|[Adventure]: AutoGenerateByConfig cost 16ms
2026-07-02 04:45:46.6631|INFO|Main|GameData.Domains.TaiwuEvent.EventScriptRuntime|做一个保底机制确保不会变成捕快窝
2026-07-02 04:45:46.6631|INFO|Main|GameData.Domains.TaiwuEvent.EventScriptRuntime|刷新各类捕快数量
2026-07-02 04:45:46.6631|INFO|Main|GameData.Domains.TaiwuEvent.EventScriptRuntime|现在是修习外出状态，清空捕快中
2026-07-02 04:45:46.8005|WARN|Main|AdaptableLog|get invalid vital data by type Heaven
2026-07-02 04:45:46.8005|WARN|Main|AdaptableLog|get invalid vital data by type Earth
2026-07-02 04:45:46.8005|WARN|Main|AdaptableLog|get invalid vital data by type Human
2026-07-02 04:45:46.8431|INFO|Main|GameData.Domains.World.WorldDomain|Removing monthly event Config.MonthlyEventItem(274) at 219 of size 3 from a collection of size 222 and count 14
2026-07-02 04:45:46.8431|INFO|Main|GameData.Domains.World.WorldDomain|Removing monthly event Config.MonthlyEventItem(470) at 212 of size 7 from a collection of size 219 and count 13
2026-07-02 04:45:46.8431|INFO|Main|GameData.Domains.World.WorldDomain|CheckMonthlyEvents: 12 events detected.
2026-07-02 04:45:46.8431|INFO|Main|GameData.Domains.World.WorldDomain|AdvanceMonth: end --------------------------------------------------------------
2026-07-02 04:45:46.8431|INFO|Main|GameData.Domains.World.WorldDomain|Advance Month Time Cost: 3265ms
2026-07-02 04:45:47.0748|INFO|Main|GameData.Domains.Global.GlobalDomain|Required Space: 1073741824 bytes.
Available Space: 1399487692800
2026-07-02 04:45:48.7641|INFO|Main|GameData.Domains.World.WorldDomain|Exit advancing month state and start saving world.
2026-07-02 04:45:48.7641|INFO|Main|GameData.Domains.World.WorldDomain|Currrent Population / World Standard Population: 6505/5184, Probability Adjustment of Creating Character: 100%
2026-07-02 04:45:48.7641|INFO|Main|GameData.Domains.Character.CharacterDomain|[[202]] Alive characters: 7310, dead characters: 4297
2026-07-02 04:45:48.7641|INFO|Main|GameData.Domains.Character.CharacterDomain|Non-intelligent characters: 115
  16514: 370-百邪
  16506: 370-百邪
  16505: 370-百邪
  16513: 370-百邪
  16504: 370-百邪
  16182: 480-金刚院弟子
  8225: 377-年轻侠士
  7427: 377-年轻侠士
  16521: 377-年轻侠士
  16186: 480-金刚院弟子
  16502: 370-百邪
  16516: 370-百邪
  7428: 377-年轻侠士
  16500: 370-百邪
  16507: 1119-古兵残魂
  8345: 377-年轻侠士
  16503: 370-百邪
  16508: 1124-古将残魂
  7426: 377-年轻侠士
  16501: 370-百邪
  7425: 377-年轻侠士
  16515: 370-百邪
  16512: 1124-古将残魂
  8224: 377-年轻侠士
  8223: 377-年轻侠士
  16499: 370-百邪
  16511: 1119-古兵残魂
  16498: 370-百邪
  7203: 377-年轻侠士
  16185: 480-金刚院弟子
  16509: 1119-古兵残魂
  16510: 1124-古将残魂
  16522: 379-成名镖师
  7219: 377-年轻侠士
  7424: 377-年轻侠士
  16520: 377-年轻侠士
  7423: 377-年轻侠士
  16519: 370-百邪
  8344: 377-年轻侠士
  7027: 377-年轻侠士

2026-07-02 04:45:48.7641|INFO|Main|AdaptableLog|EventArgBox newly created: 4 instances, 7356 object collections.
2026-07-02 04:45:48.7641|WARN|Main|GameData.Domains.Item.ItemDomain|4 unowned Weapon detected.
2026-07-02 04:45:48.7641|WARN|Main|GameData.Domains.Item.ItemDomain|12 unowned Armor detected.
2026-07-02 04:45:48.7641|WARN|Main|GameData.Domains.Item.ItemDomain|9 unowned Accessory detected.
2026-07-02 04:45:48.7641|WARN|Main|GameData.Domains.Item.ItemDomain|9 unowned Carrier detected.
2026-07-02 04:45:48.7641|WARN|Main|GameData.Domains.Item.ItemDomain|8 unowned CraftTool detected.
2026-07-02 04:45:48.7641|WARN|Main|GameData.Domains.Item.ItemDomain|5 unowned TeaWine detected.
2026-07-02 04:45:48.7641|WARN|Main|GameData.Domains.Item.ItemDomain|71 unowned SkillBook detected.
2026-07-02 04:45:48.7641|WARN|Main|GameData.Domains.Item.ItemDomain|2911 unowned Cricket detected.
2026-07-02 04:45:48.7641|WARN|Main|GameData.Domains.Item.ItemDomain|1 unowned Misc detected.
2026-07-02 04:45:48.7641|INFO|Main|GameData.Domains.Item.ItemDomain|Total unowned items: 3030
2026-07-02 04:45:49.1506|INFO|Main|GameData.Domains.Global.GlobalDomain|Total managed memory usage: 644.0MB
2026-07-02 04:45:49.1683|INFO|Main|GameData.Domains.Global.GlobalDomain|Required Space: 1073741824 bytes.
Available Space: 1399487692800
2026-07-02 04:45:49.7447|INFO|Main|GameData.Domains.Global.GlobalDomain|SaveWorld: 576.1
2026-07-02 04:45:50.3399|INFO|Main|AdaptableLog|new Event triggered : 1505c7c2-8a55-4794-bd85-1c5aec7ea341, _triggeredEventList.Count = 1
2026-07-02 04:45:50.3399|INFO|Main|AdaptableLog|new Event triggered : 5820ef21-229c-4bf5-a968-9dec8ae6a480, _triggeredEventList.Count = 2
2026-07-02 04:45:50.3399|INFO|Main|AdaptableLog|1505c7c2-8a55-4794-bd85-1c5aec7ea341 to event => 
2026-07-02 04:45:50.3399|INFO|Main|AdaptableLog|5820ef21-229c-4bf5-a968-9dec8ae6a480 to event => 
2026-07-02 04:45:51.7262|INFO|Main|GameData.Domains.Global.GlobalDomain|Required Space: 1073741824 bytes.
Available Space: 1399471935488
2026-07-02 04:45:51.7746|INFO|Main|GameData.Domains.World.WorldDomain|AdvanceMonth: begin ------------------------------------------------------------
2026-07-02 04:45:51.7863|INFO|Main|GameData.Domains.Character.CharacterDomain|Removing all temporary enemies with a total count of 32
2026-07-02 04:45:51.7863|INFO|Main|GameData.Domains.Character.CharacterDomain|Clearing temporary characters with a total count of 0
2026-07-02 04:45:51.7937|INFO|Main|GameData.Domains.Global.GlobalDomain|Required Space: 1073741824 bytes.
Available Space: 1399471935488
2026-07-02 04:45:51.7937|INFO|Main|GameData.Domains.World.WorldDomain|New month begin: Year 17, Month 11 (202)
2026-07-02 04:45:51.9986|INFO|Main|GameData.Domains.Global.GlobalDomain|[AdvanceMonth_Execute] PreAdvanceMonth: 204.5
2026-07-02 04:45:52.1664|INFO|Main|GameData.Domains.Character.CharacterDomain|山寨管事夫人/管事老爷-尹乘宇(298) is dead at age 48.(寿终正寝:{killer=-1, location={43, 398}, adventure=0})
2026-07-02 04:45:52.1787|INFO|Main|GameData.Domains.Character.CharacterDomain|狮相门睡狮堂主-宣琼(2230) is dead at age 42.(寿终正寝:{killer=-1, location={16, 615}, adventure=0})
2026-07-02 04:45:52.1908|INFO|Main|GameData.Domains.Character.CharacterDomain|山寨乞丐-欧含元(3141) is dead at age 30.(玄灰绝命:{killer=-1, location={21, 646}, adventure=0})
2026-07-02 04:45:52.1908|INFO|Main|GameData.Domains.Character.CharacterDomain|山寨文人-解剑怡(5500) is dead at age 47.(健康过低:{killer=-1, location={39, 552}, adventure=0})
2026-07-02 04:45:52.2043|INFO|Main|GameData.Domains.Character.CharacterDomain|市镇大夫-司马明根(5646) is dead at age 38.(玄灰绝命:{killer=-1, location={42, 675}, adventure=0})
2026-07-02 04:45:52.2043|INFO|Main|GameData.Domains.Character.CharacterDomain|市镇大夫-路卓(11531) is dead at age 25.(玄灰绝命:{killer=-1, location={14, 194}, adventure=0})
2026-07-02 04:45:52.2227|INFO|Main|AdaptableLog|逃跑概率：(113 - 100) * (100 - 40[5品朱霞长索]) / 100 + 0 * 20 = 7%，最终取7%
2026-07-02 04:45:52.2227|INFO|Main|AdaptableLog|逃跑概率：(123 - 100) * (100 - 40[5品朱霞长索]) / 100 + 0 * 20 = 13%，最终取13%
2026-07-02 04:45:52.2227|INFO|Main|GameData.Domains.Global.GlobalDomain|[AdvanceMonth_Execute] UpdateStatus: 228.3
2026-07-02 04:45:52.2881|INFO|Main|GameData.Domains.Global.GlobalDomain|[AdvanceMonth_Execute] SelfImprovement: 53.4
2026-07-02 04:45:52.6548|INFO|Main|GameData.Domains.Global.GlobalDomain|[AdvanceMonth_Execute] CharacterPreparation: 366.5
2026-07-02 04:45:52.8008|INFO|Main|GameData.Domains.Character.CharacterDomain|[DistantMarriage] PassConditionCount=2235, PassSuccessRateCheckCount=8, FoundTargetCount=1
2026-07-02 04:45:52.8008|INFO|Main|GameData.Domains.Character.CharacterDomain|Adore Relations In Marriage: 1/1
2026-07-02 04:45:52.8008|INFO|Main|GameData.Domains.Global.GlobalDomain|[AdvanceMonth_Execute] CharacterRelationsUpdate: 148.0
2026-07-02 04:45:52.8233|WARN|Worker20|GameData.Domains.Map.MapDomain|Invalid travel route -1 => 31: path not exists.
2026-07-02 04:45:53.1950|INFO|Worker13|AdaptableLog|[TaiwuRemoveAILimitation]: CreateAction failed: charId=9098, actionId=21, goalId=273, state=1
2026-07-02 04:45:53.1950|INFO|Worker13|AdaptableLog|[TaiwuRemoveAILimitation]: CreateAction failed: charId=11218, actionId=16, goalId=273, state=1
2026-07-02 04:45:53.1950|INFO|Worker12|AdaptableLog|[TaiwuRemoveAILimitation]: CreateAction succeeded: charId=2339, actionId=16, goalId=238, state=1
2026-07-02 04:45:53.1950|INFO|Worker8|AdaptableLog|[TaiwuRemoveAILimitation]: CreateAction succeeded: charId=364, actionId=23, goalId=241, state=1
2026-07-02 04:45:53.1950|INFO|Worker8|AdaptableLog|[TaiwuRemoveAILimitation]: CreateAction failed: charId=3989, actionId=14, goalId=273, state=1
2026-07-02 04:45:53.1950|INFO|Worker23|AdaptableLog|[TaiwuRemoveAILimitation]: CreateAction succeeded: charId=1926, actionId=17, goalId=273, state=1
2026-07-02 04:45:53.2003|INFO|Worker16|AdaptableLog|[TaiwuRemoveAILimitation]: CreateAction succeeded: charId=2602, actionId=16, goalId=273, state=1
2026-07-02 04:45:53.2003|INFO|Worker14|AdaptableLog|[TaiwuRemoveAILimitation]: CreateAction succeeded: charId=546, actionId=18, goalId=273, state=1
2026-07-02 04:45:53.2003|INFO|Worker3|AdaptableLog|[TaiwuRemoveAILimitation]: CreateAction succeeded: charId=2335, actionId=19, goalId=241, state=1
2026-07-02 04:45:53.2003|INFO|Worker1|AdaptableLog|[TaiwuRemoveAILimitation]: CreateAction failed: charId=7698, actionId=19, goalId=191, state=1
2026-07-02 04:45:53.2003|INFO|Worker27|AdaptableLog|[TaiwuRemoveAILimitation]: CreateAction failed: charId=213, actionId=22, goalId=238, state=1
2026-07-02 04:45:53.2003|INFO|Worker27|AdaptableLog|[TaiwuRemoveAILimitation]: CreateAction failed: charId=213, actionId=19, goalId=238, state=1
2026-07-02 04:45:53.2003|INFO|Worker1|AdaptableLog|[TaiwuRemoveAILimitation]: CreateAction succeeded: charId=7698, actionId=19, goalId=193, state=1
2026-07-02 04:45:53.2003|INFO|Worker1|AdaptableLog|[TaiwuRemoveAILimitation]: CreateAction succeeded: charId=1001, actionId=17, goalId=273, state=1
2026-07-02 04:45:53.2003|INFO|Worker27|AdaptableLog|[TaiwuRemoveAILimitation]: CreateAction failed: charId=243, actionId=20, goalId=273, state=1
2026-07-02 04:45:53.2003|INFO|Worker27|AdaptableLog|[TaiwuRemoveAILimitation]: CreateAction succeeded: charId=237, actionId=23, goalId=273, state=1
2026-07-02 04:45:53.2003|INFO|Worker28|AdaptableLog|[TaiwuRemoveAILimitation]: CreateAction succeeded: charId=5648, actionId=23, goalId=273, state=1
2026-07-02 04:45:53.2003|INFO|Worker15|AdaptableLog|[TaiwuRemoveAILimitation]: CreateAction failed: charId=767, actionId=17, goalId=195, state=1
2026-07-02 04:45:53.2003|INFO|Worker12|AdaptableLog|[TaiwuRemoveAILimitation]: CreateAction succeeded: charId=3228, actionId=23, goalId=238, state=1
2026-07-02 04:45:53.2003|INFO|Worker27|AdaptableLog|[TaiwuRemoveAILimitation]: CreateAction succeeded: charId=223, actionId=22, goalId=273, state=1
2026-07-02 04:45:53.2003|INFO|Worker15|AdaptableLog|[TaiwuRemoveAILimitation]: CreateAction failed: charId=767, actionId=17, goalId=194, state=1
2026-07-02 04:45:53.2003|INFO|Worker8|AdaptableLog|[TaiwuRemoveAILimitation]: CreateAction succeeded: charId=3987, actionId=15, goalId=273, state=1
2026-07-02 04:45:53.2003|INFO|Worker26|AdaptableLog|[TaiwuRemoveAILimitation]: CreateAction succeeded: charId=1752, actionId=16, goalId=195, state=1
2026-07-02 04:45:53.2003|INFO|Worker19|AdaptableLog|[TaiwuRemoveAILimitation]: CreateAction failed: charId=7925, actionId=18, goalId=273, state=1
2026-07-02 04:45:53.2003|INFO|Worker29|AdaptableLog|[TaiwuRemoveAILimitation]: CreateAction succeeded: charId=3237, actionId=17, goalId=273, state=1
2026-07-02 04:45:53.2160|INFO|Worker7|AdaptableLog|[TaiwuRemoveAILimitation]: CreateAction succeeded: charId=8145, actionId=17, goalId=273, state=1
2026-07-02 04:45:53.2160|INFO|Worker7|AdaptableLog|[TaiwuRemoveAILimitation]: CreateAction succeeded: charId=8413, actionId=16, goalId=273, state=1
2026-07-02 04:45:53.2160|INFO|Worker19|AdaptableLog|[TaiwuRemoveAILimitation]: CreateAction failed: charId=12787, actionId=15, goalId=273, state=1
2026-07-02 04:45:53.2160|INFO|Worker6|AdaptableLog|[TaiwuRemoveAILimitation]: CreateAction succeeded: charId=4082, actionId=21, goalId=238, state=1
2026-07-02 04:45:53.2160|INFO|Worker9|AdaptableLog|[TaiwuRemoveAILimitation]: CreateAction failed: charId=1273, actionId=23, goalId=273, state=1
2026-07-02 04:45:53.2160|INFO|Worker2|AdaptableLog|[TaiwuRemoveAILimitation]: CreateAction succeeded: charId=371, actionId=17, goalId=273, state=1
2026-07-02 04:45:53.2160|INFO|Worker9|AdaptableLog|[TaiwuRemoveAILimitation]: CreateAction succeeded: charId=1273, actionId=23, goalId=241, state=1
2026-07-02 04:45:53.2160|INFO|Worker15|AdaptableLog|[TaiwuRemoveAILimitation]: CreateAction failed: charId=4442, actionId=23, goalId=273, state=1
2026-07-02 04:45:53.2160|INFO|Worker15|AdaptableLog|[TaiwuRemoveAILimitation]: CreateAction succeeded: charId=4442, actionId=23, goalId=190, state=1
2026-07-02 04:45:53.2160|INFO|Worker25|AdaptableLog|[TaiwuRemoveAILimitation]: CreateAction succeeded: charId=2415, actionId=21, goalId=273, state=1
2026-07-02 04:45:53.2160|INFO|Worker17|AdaptableLog|[TaiwuRemoveAILimitation]: CreateAction failed: charId=4894, actionId=17, goalId=273, state=1
2026-07-02 04:45:53.2160|INFO|Worker27|AdaptableLog|[TaiwuRemoveAILimitation]: CreateAction succeeded: charId=211, actionId=21, goalId=238, state=1
2026-07-02 04:45:53.2160|INFO|Worker25|AdaptableLog|[TaiwuRemoveAILimitation]: CreateAction failed: charId=2939, actionId=17, goalId=241, state=1
2026-07-02 04:45:53.2160|INFO|Worker25|AdaptableLog|[TaiwuRemoveAILimitation]: CreateAction failed: charId=2939, actionId=17, goalId=238, state=1
2026-07-02 04:45:53.2160|INFO|Worker25|AdaptableLog|[TaiwuRemoveAILimitation]: CreateAction succeeded: charId=2939, actionId=17, goalId=238, state=1
2026-07-02 04:45:53.2160|INFO|Worker13|AdaptableLog|[TaiwuRemoveAILimitation]: CreateAction succeeded: charId=2887, actionId=16, goalId=273, state=1
2026-07-02 04:45:53.2314|INFO|Worker17|AdaptableLog|[TaiwuRemoveAILimitation]: CreateAction succeeded: charId=4884, actionId=21, goalId=238, state=1
2026-07-02 04:45:53.2314|INFO|Worker26|AdaptableLog|[TaiwuRemoveAILimitation]: CreateAction failed: charId=4826, actionId=20, goalId=273, state=1
2026-07-02 04:45:53.2314|INFO|Worker25|AdaptableLog|[TaiwuRemoveAILimitation]: CreateAction succeeded: charId=3052, actionId=14, goalId=273, state=1
2026-07-02 04:45:53.2314|INFO|Worker16|AdaptableLog|[TaiwuRemoveAILimitation]: CreateAction failed: charId=2753, actionId=14, goalId=273, state=1
2026-07-02 04:45:53.2314|INFO|Worker15|AdaptableLog|[TaiwuRemoveAILimitation]: CreateAction failed: charId=5158, actionId=14, goalId=273, state=1
2026-07-02 04:45:53.2314|INFO|Worker23|AdaptableLog|[TaiwuRemoveAILimitation]: CreateAction succeeded: charId=4100, actionId=15, goalId=241, state=1
2026-07-02 04:45:53.2314|INFO|Worker26|AdaptableLog|[TaiwuRemoveAILimitation]: CreateAction succeeded: charId=1739, actionId=22, goalId=273, state=1
2026-07-02 04:45:53.2314|INFO|Worker25|AdaptableLog|[TaiwuRemoveAILimitation]: CreateAction failed: charId=2074, actionId=16, goalId=194, state=1
2026-07-02 04:45:53.2314|INFO|Worker25|AdaptableLog|[TaiwuRemoveAILimitation]: CreateAction succeeded: charId=2074, actionId=16, goalId=195, state=1
2026-07-02 04:45:53.2314|INFO|Worker16|AdaptableLog|[TaiwuRemoveAILimitation]: CreateAction succeeded: charId=2753, actionId=14, goalId=194, state=1
2026-07-02 04:45:53.2314|INFO|Worker30|AdaptableLog|[TaiwuRemoveAILimitation]: CreateAction failed: charId=3746, actionId=21, goalId=195, state=1
2026-07-02 04:45:53.2314|INFO|Worker30|AdaptableLog|[TaiwuRemoveAILimitation]: CreateAction failed: charId=3746, actionId=19, goalId=196, state=1
2026-07-02 04:45:53.2314|INFO|Worker30|AdaptableLog|[TaiwuRemoveAILimitation]: CreateAction failed: charId=3746, actionId=20, goalId=192, state=1
2026-07-02 04:45:53.2314|INFO|Worker30|AdaptableLog|[TaiwuRemoveAILimitation]: CreateAction succeeded: charId=3746, actionId=23, goalId=193, state=1
2026-07-02 04:45:53.2314|INFO|Worker13|AdaptableLog|[TaiwuRemoveAILimitation]: CreateAction succeeded: charId=3176, actionId=21, goalId=238, state=1
2026-07-02 04:45:53.2314|INFO|Worker4|AdaptableLog|[TaiwuRemoveAILimitation]: CreateAction succeeded: charId=1065, actionId=17, goalId=273, state=1
2026-07-02 04:45:53.2314|INFO|Worker28|AdaptableLog|[TaiwuRemoveAILimitation]: CreateAction succeeded: charId=2565, actionId=17, goalId=192, state=1
2026-07-02 04:45:53.2314|INFO|Worker9|AdaptableLog|[TaiwuRemoveAILimitation]: CreateAction failed: charId=1269, actionId=22, goalId=273, state=1
2026-07-02 04:45:53.2314|INFO|Worker24|AdaptableLog|[TaiwuRemoveAILimitation]: CreateAction failed: charId=875, actionId=19, goalId=238, state=1
2026-07-02 04:45:53.2314|INFO|Worker24|AdaptableLog|[TaiwuRemoveAILimitation]: CreateAction succeeded: charId=875, actionId=19, goalId=238, state=1
2026-07-02 04:45:53.2314|INFO|Worker28|AdaptableLog|[TaiwuRemoveAILimitation]: CreateAction succeeded: charId=2564, actionId=16, goalId=241, state=1
2026-07-02 04:45:53.2314|INFO|Worker22|AdaptableLog|[TaiwuRemoveAILimitation]: CreateAction succeeded: charId=38, actionId=15, goalId=273, state=1
2026-07-02 04:45:53.2314|INFO|Worker31|AdaptableLog|[TaiwuRemoveAILimitation]: CreateAction succeeded: charId=4692, actionId=15, goalId=241, state=1
2026-07-02 04:45:53.2314|INFO|Worker9|AdaptableLog|[TaiwuRemoveAILimitation]: CreateAction succeeded: charId=4140, actionId=14, goalId=238, state=1
2026-07-02 04:45:53.2314|INFO|Worker27|AdaptableLog|[TaiwuRemoveAILimitation]: CreateAction failed: charId=235, actionId=20, goalId=273, state=1
2026-07-02 04:45:53.2314|INFO|Worker28|AdaptableLog|[TaiwuRemoveAILimitation]: CreateAction succeeded: charId=2561, actionId=16, goalId=238, state=1
2026-07-02 04:45:53.2314|INFO|Worker27|AdaptableLog|[TaiwuRemoveAILimitation]: CreateAction failed: charId=235, actionId=19, goalId=192, state=1
2026-07-02 04:45:53.2314|INFO|Worker2|AdaptableLog|[TaiwuRemoveAILimitation]: CreateAction succeeded: charId=8197, actionId=14, goalId=238, state=1
2026-07-02 04:45:53.2314|INFO|Worker27|AdaptableLog|[TaiwuRemoveAILimitation]: CreateAction succeeded: charId=235, actionId=22, goalId=193, state=1
2026-07-02 04:45:53.2314|INFO|Worker12|AdaptableLog|[TaiwuRemoveAILimitation]: CreateAction succeeded: charId=5207, actionId=20, goalId=273, state=1
2026-07-02 04:45:53.2314|INFO|Worker4|AdaptableLog|[TaiwuRemoveAILimitation]: CreateAction succeeded: charId=4541, actionId=15, goalId=194, state=1
2026-07-02 04:45:53.2314|INFO|Worker20|AdaptableLog|[TaiwuRemoveAILimitation]: CreateAction succeeded: charId=7825, actionId=15, goalId=273, state=1
2026-07-02 04:45:53.2314|INFO|Worker1|AdaptableLog|[TaiwuRemoveAILimitation]: CreateAction succeeded: charId=1122, actionId=15, goalId=238, state=1
2026-07-02 04:45:53.2314|INFO|Worker5|AdaptableLog|[TaiwuRemoveAILimitation]: CreateAction failed: charId=15293, actionId=14, goalId=273, state=1
2026-07-02 04:45:53.2475|INFO|Worker5|AdaptableLog|[TaiwuRemoveAILimitation]: CreateAction failed: charId=15293, actionId=21, goalId=195, state=1
2026-07-02 04:45:53.2475|INFO|Worker20|AdaptableLog|[TaiwuRemoveAILimitation]: CreateAction succeeded: charId=7003, actionId=15, goalId=273, state=1
2026-07-02 04:45:53.2475|INFO|Worker18|AdaptableLog|[TaiwuRemoveAILimitation]: CreateAction failed: charId=5608, actionId=21, goalId=273, state=1
2026-07-02 04:45:53.2475|INFO|Worker6|AdaptableLog|[TaiwuRemoveAILimitation]: CreateAction succeeded: charId=465, actionId=19, goalId=273, state=1
2026-07-02 04:45:53.2475|INFO|Worker19|AdaptableLog|[TaiwuRemoveAILimitation]: CreateAction failed: charId=13518, actionId=15, goalId=273, state=1
2026-07-02 04:45:53.2475|INFO|Worker3|AdaptableLog|[TaiwuRemoveAILimitation]: CreateAction failed: charId=2322, actionId=15, goalId=273, state=1
2026-07-02 04:45:53.2475|INFO|Worker5|AdaptableLog|[TaiwuRemoveAILimitation]: CreateAction failed: charId=15293, actionId=20, goalId=196, state=1
2026-07-02 04:45:53.2475|INFO|Worker12|AdaptableLog|[TaiwuRemoveAILimitation]: CreateAction succeeded: charId=3576, actionId=19, goalId=238, state=1
2026-07-02 04:45:53.2475|INFO|Worker7|AdaptableLog|[TaiwuRemoveAILimitation]: CreateAction succeeded: charId=3403, actionId=14, goalId=273, state=1
2026-07-02 04:45:53.2475|INFO|Worker2|AdaptableLog|[TaiwuRemoveAILimitation]: CreateAction succeeded: charId=7654, actionId=18, goalId=273, state=1
2026-07-02 04:45:53.2475|INFO|Worker17|AdaptableLog|[TaiwuRemoveAILimitation]: CreateAction succeeded: charId=4832, actionId=21, goalId=238, state=1
2026-07-02 04:45:53.2475|INFO|Worker27|AdaptableLog|[TaiwuRemoveAILimitation]: CreateAction failed: charId=239, actionId=21, goalId=238, state=1
2026-07-02 04:45:53.2475|INFO|Worker30|AdaptableLog|[TaiwuRemoveAILimitation]: CreateAction succeeded: charId=3751, actionId=16, goalId=195, state=1
2026-07-02 04:45:53.2475|INFO|Worker27|AdaptableLog|[TaiwuRemoveAILimitation]: CreateAction succeeded: charId=239, actionId=20, goalId=238, state=1
2026-07-02 04:45:53.2475|INFO|Worker26|AdaptableLog|[TaiwuRemoveAILimitation]: CreateAction failed: charId=1750, actionId=14, goalId=273, state=1
2026-07-02 04:45:53.2475|INFO|Worker27|AdaptableLog|[TaiwuRemoveAILimitation]: CreateAction succeeded: charId=189, actionId=19, goalId=273, state=1
2026-07-02 04:45:53.2475|INFO|Worker26|AdaptableLog|[TaiwuRemoveAILimitation]: CreateAction failed: charId=1750, actionId=14, goalId=238, state=1
2026-07-02 04:45:53.2475|INFO|Worker19|AdaptableLog|[TaiwuRemoveAILimitation]: CreateAction failed: charId=13367, actionId=23, goalId=273, state=1
2026-07-02 04:45:53.2475|INFO|Worker1|AdaptableLog|[TaiwuRemoveAILimitation]: CreateAction failed: charId=1121, actionId=15, goalId=241, state=1
2026-07-02 04:45:53.2475|INFO|Worker8|AdaptableLog|[TaiwuRemoveAILimitation]: CreateAction succeeded: charId=4973, actionId=20, goalId=238, state=1
2026-07-02 04:45:53.2475|INFO|Worker0|AdaptableLog|[TaiwuRemoveAILimitation]: CreateAction succeeded: charId=4134, actionId=21, goalId=273, state=1
2026-07-02 04:45:53.2475|INFO|Worker1|AdaptableLog|[TaiwuRemoveAILimitation]: CreateAction succeeded: charId=1121, actionId=15, goalId=241, state=1
2026-07-02 04:45:53.2475|INFO|Worker27|AdaptableLog|[TaiwuRemoveAILimitation]: CreateAction succeeded: charId=195, actionId=21, goalId=273, state=1
2026-07-02 04:45:53.2475|INFO|Worker14|AdaptableLog|[TaiwuRemoveAILimitation]: CreateAction succeeded: charId=595, actionId=18, goalId=273, state=1
2026-07-02 04:45:53.2475|INFO|Worker31|AdaptableLog|[TaiwuRemoveAILimitation]: CreateAction succeeded: charId=3491, actionId=14, goalId=273, state=1
2026-07-02 04:45:53.2475|INFO|Worker25|AdaptableLog|[TaiwuRemoveAILimitation]: CreateAction succeeded: charId=2119, actionId=17, goalId=273, state=1
2026-07-02 04:45:53.2475|INFO|Worker6|AdaptableLog|[TaiwuRemoveAILimitation]: CreateAction succeeded: charId=415, actionId=22, goalId=273, state=1
2026-07-02 04:45:53.2475|INFO|Worker26|AdaptableLog|[TaiwuRemoveAILimitation]: CreateAction failed: charId=4143, actionId=17, goalId=273, state=1
2026-07-02 04:45:53.2475|INFO|Worker3|AdaptableLog|[TaiwuRemoveAILimitation]: CreateAction succeeded: charId=7767, actionId=18, goalId=273, state=1
2026-07-02 04:45:53.2475|INFO|Worker21|AdaptableLog|[TaiwuRemoveAILimitation]: CreateAction failed: charId=3097, actionId=21, goalId=273, state=1
2026-07-02 04:45:53.2475|INFO|Worker30|AdaptableLog|[TaiwuRemoveAILimitation]: CreateAction succeeded: charId=3990, actionId=17, goalId=273, state=1
2026-07-02 04:45:53.2475|INFO|Worker19|AdaptableLog|[TaiwuRemoveAILimitation]: CreateAction failed: charId=9294, actionId=16, goalId=273, state=1
2026-07-02 04:45:53.2637|INFO|Worker26|AdaptableLog|[TaiwuRemoveAILimitation]: CreateAction failed: charId=1690, actionId=21, goalId=273, state=1
2026-07-02 04:45:53.2637|INFO|Worker2|AdaptableLog|[TaiwuRemoveAILimitation]: CreateAction succeeded: charId=5386, actionId=18, goalId=273, state=1
2026-07-02 04:45:53.2637|INFO|Worker27|AdaptableLog|[TaiwuRemoveAILimitation]: CreateAction succeeded: charId=240, actionId=19, goalId=273, state=1
2026-07-02 04:45:53.2637|INFO|Worker19|AdaptableLog|[TaiwuRemoveAILimitation]: CreateAction failed: charId=11509, actionId=16, goalId=273, state=1
2026-07-02 04:45:53.2637|INFO|Worker7|AdaptableLog|[TaiwuRemoveAILimitation]: CreateAction succeeded: charId=7318, actionId=22, goalId=238, state=1
2026-07-02 04:45:53.2637|INFO|Worker26|AdaptableLog|[TaiwuRemoveAILimitation]: CreateAction failed: charId=26, actionId=21, goalId=273, state=1
2026-07-02 04:45:53.2637|INFO|Worker6|AdaptableLog|[TaiwuRemoveAILimitation]: CreateAction failed: charId=11750, actionId=14, goalId=273, state=1
2026-07-02 04:45:53.2637|INFO|Worker6|AdaptableLog|[TaiwuRemoveAILimitation]: CreateAction succeeded: charId=11750, actionId=14, goalId=238, state=1
2026-07-02 04:45:53.2637|INFO|Worker12|AdaptableLog|[TaiwuRemoveAILimitation]: CreateAction succeeded: charId=5264, actionId=17, goalId=194, state=1
2026-07-02 04:45:53.2637|INFO|Worker1|AdaptableLog|[TaiwuRemoveAILimitation]: CreateAction succeeded: charId=1125, actionId=17, goalId=195, state=1
2026-07-02 04:45:53.2637|INFO|Worker12|AdaptableLog|[TaiwuRemoveAILimitation]: CreateAction succeeded: charId=5266, actionId=17, goalId=273, state=1
2026-07-02 04:45:53.2637|INFO|Worker25|AdaptableLog|[TaiwuRemoveAILimitation]: CreateAction succeeded: charId=2112, actionId=21, goalId=238, state=1
2026-07-02 04:45:53.2637|INFO|Worker9|AdaptableLog|[TaiwuRemoveAILimitation]: CreateAction succeeded: charId=1276, actionId=15, goalId=238, state=1
2026-07-02 04:45:53.2637|INFO|Worker27|AdaptableLog|[TaiwuRemoveAILimitation]: CreateAction succeeded: charId=1691, actionId=20, goalId=273, state=1
2026-07-02 04:45:53.2637|INFO|Worker30|AdaptableLog|[TaiwuRemoveAILimitation]: CreateAction succeeded: charId=2469, actionId=17, goalId=238, state=1
2026-07-02 04:45:53.2637|INFO|Worker22|AdaptableLog|[TaiwuRemoveAILimitation]: CreateAction succeeded: charId=41, actionId=16, goalId=195, state=1
2026-07-02 04:45:53.2637|INFO|Worker3|AdaptableLog|[TaiwuRemoveAILimitation]: CreateAction succeeded: charId=8930, actionId=15, goalId=192, state=1
2026-07-02 04:45:53.2637|INFO|Worker8|AdaptableLog|[TaiwuRemoveAILimitation]: CreateAction failed: charId=7667, actionId=20, goalId=273, state=1
2026-07-02 04:45:53.2637|INFO|Worker19|AdaptableLog|[TaiwuRemoveAILimitation]: CreateAction failed: charId=12997, actionId=22, goalId=273, state=1
2026-07-02 04:45:53.2637|INFO|Worker7|AdaptableLog|[TaiwuRemoveAILimitation]: CreateAction succeeded: charId=3441, actionId=21, goalId=238, state=1
2026-07-02 04:45:53.2637|INFO|Worker24|AdaptableLog|[TaiwuRemoveAILimitation]: CreateAction failed: charId=925, actionId=19, goalId=273, state=1
2026-07-02 04:45:53.2637|INFO|Worker22|AdaptableLog|[TaiwuRemoveAILimitation]: CreateAction succeeded: charId=276, actionId=14, goalId=238, state=1
2026-07-02 04:45:53.2637|INFO|Worker7|AdaptableLog|[TaiwuRemoveAILimitation]: CreateAction succeeded: charId=7093, actionId=16, goalId=273, state=1
2026-07-02 04:45:53.2637|INFO|Worker24|AdaptableLog|[TaiwuRemoveAILimitation]: CreateAction succeeded: charId=925, actionId=19, goalId=192, state=1
2026-07-02 04:45:53.2637|INFO|Worker2|AdaptableLog|[TaiwuRemoveAILimitation]: CreateAction failed: charId=8318, actionId=14, goalId=273, state=1
2026-07-02 04:45:53.2637|INFO|Worker21|AdaptableLog|[TaiwuRemoveAILimitation]: CreateAction succeeded: charId=2965, actionId=14, goalId=273, state=1
2026-07-02 04:45:53.2637|INFO|Worker19|AdaptableLog|[TaiwuRemoveAILimitation]: CreateAction failed: charId=12997, actionId=21, goalId=241, state=1
2026-07-02 04:45:53.2637|INFO|Worker6|AdaptableLog|[TaiwuRemoveAILimitation]: CreateAction succeeded: charId=520, actionId=14, goalId=196, state=1
2026-07-02 04:45:53.2637|INFO|Worker25|AdaptableLog|[TaiwuRemoveAILimitation]: CreateAction failed: charId=2064, actionId=19, goalId=194, state=1
2026-07-02 04:45:53.2637|INFO|Worker3|AdaptableLog|[TaiwuRemoveAILimitation]: CreateAction failed: charId=2204, actionId=15, goalId=238, state=1
2026-07-02 04:45:53.2637|INFO|Worker17|AdaptableLog|[TaiwuRemoveAILimitation]: CreateAction succeeded: charId=274, actionId=14, goalId=273, state=1
2026-07-02 04:45:53.2637|INFO|Worker25|AdaptableLog|[TaiwuRemoveAILimitation]: CreateAction succeeded: charId=2064, actionId=19, goalId=238, state=1
2026-07-02 04:45:53.2637|INFO|Worker2|AdaptableLog|[TaiwuRemoveAILimitation]: CreateAction succeeded: charId=7117, actionId=18, goalId=273, state=1
2026-07-02 04:45:53.2637|INFO|Worker28|AdaptableLog|[TaiwuRemoveAILimitation]: CreateAction succeeded: charId=2466, actionId=14, goalId=273, state=1
2026-07-02 04:45:53.2637|INFO|Worker3|AdaptableLog|[TaiwuRemoveAILimitation]: CreateAction succeeded: charId=7565, actionId=18, goalId=190, state=1
2026-07-02 04:45:53.2637|INFO|Worker28|AdaptableLog|[TaiwuRemoveAILimitation]: CreateAction failed: charId=2555, actionId=19, goalId=238, state=1
2026-07-02 04:45:53.2637|INFO|Worker28|AdaptableLog|[TaiwuRemoveAILimitation]: CreateAction failed: charId=2559, actionId=23, goalId=273, state=1
2026-07-02 04:45:53.2637|INFO|Worker21|AdaptableLog|[TaiwuRemoveAILimitation]: CreateAction succeeded: charId=3095, actionId=19, goalId=273, state=1
2026-07-02 04:45:53.2787|INFO|Worker19|AdaptableLog|[TaiwuRemoveAILimitation]: CreateAction failed: charId=13369, actionId=16, goalId=273, state=1
2026-07-02 04:45:53.2787|INFO|Worker8|AdaptableLog|[TaiwuRemoveAILimitation]: CreateAction succeeded: charId=10446, actionId=21, goalId=273, state=1
2026-07-02 04:45:53.2787|INFO|Worker19|AdaptableLog|[TaiwuRemoveAILimitation]: CreateAction failed: charId=10663, actionId=18, goalId=273, state=1
2026-07-02 04:45:53.2787|INFO|Worker31|AdaptableLog|[TaiwuRemoveAILimitation]: CreateAction failed: charId=4538, actionId=22, goalId=273, state=1
2026-07-02 04:45:53.2787|INFO|Worker19|AdaptableLog|[TaiwuRemoveAILimitation]: CreateAction failed: charId=10663, actionId=18, goalId=196, state=1
2026-07-02 04:45:53.2787|INFO|Worker31|AdaptableLog|[TaiwuRemoveAILimitation]: CreateAction failed: charId=4538, actionId=22, goalId=194, state=1
2026-07-02 04:45:53.2787|INFO|Worker2|AdaptableLog|[TaiwuRemoveAILimitation]: CreateAction succeeded: charId=13142, actionId=18, goalId=238, state=1
2026-07-02 04:45:53.2787|INFO|Worker19|AdaptableLog|[TaiwuRemoveAILimitation]: CreateAction failed: charId=10663, actionId=18, goalId=192, state=1
2026-07-02 04:45:53.2787|INFO|Worker31|AdaptableLog|[TaiwuRemoveAILimitation]: CreateAction failed: charId=4538, actionId=20, goalId=193, state=1
2026-07-02 04:45:53.2787|INFO|Worker12|AdaptableLog|[TaiwuRemoveAILimitation]: CreateAction succeeded: charId=5308, actionId=17, goalId=273, state=1
2026-07-02 04:45:53.2787|INFO|Worker13|AdaptableLog|[TaiwuRemoveAILimitation]: CreateAction succeeded: charId=2944, actionId=14, goalId=238, state=1
2026-07-02 04:45:53.2787|INFO|Worker5|AdaptableLog|[TaiwuRemoveAILimitation]: CreateAction succeeded: charId=5156, actionId=17, goalId=273, state=1
2026-07-02 04:45:53.2787|INFO|Worker19|AdaptableLog|[TaiwuRemoveAILimitation]: CreateAction failed: charId=10663, actionId=18, goalId=193, state=1
2026-07-02 04:45:53.2787|INFO|Worker21|AdaptableLog|[TaiwuRemoveAILimitation]: CreateAction succeeded: charId=2997, actionId=18, goalId=238, state=1
2026-07-02 04:45:53.2787|INFO|Worker27|AdaptableLog|[TaiwuRemoveAILimitation]: CreateAction succeeded: charId=277, actionId=14, goalId=193, state=1
2026-07-02 04:45:53.2787|INFO|Worker19|AdaptableLog|[TaiwuRemoveAILimitation]: CreateAction failed: charId=10663, actionId=18, goalId=194, state=1
2026-07-02 04:45:53.2787|INFO|Worker11|AdaptableLog|[TaiwuRemoveAILimitation]: CreateAction succeeded: charId=8328, actionId=19, goalId=273, state=1
2026-07-02 04:45:53.2787|INFO|Worker5|AdaptableLog|[TaiwuRemoveAILimitation]: CreateAction succeeded: charId=5875, actionId=23, goalId=238, state=1
2026-07-02 04:45:53.2787|INFO|Worker19|AdaptableLog|[TaiwuRemoveAILimitation]: CreateAction failed: charId=12016, actionId=15, goalId=273, state=1
2026-07-02 04:45:53.2787|INFO|Worker25|AdaptableLog|[TaiwuRemoveAILimitation]: CreateAction failed: charId=2892, actionId=15, goalId=273, state=1
2026-07-02 04:45:53.2787|INFO|Worker14|AdaptableLog|[TaiwuRemoveAILimitation]: CreateAction succeeded: charId=562, actionId=18, goalId=273, state=1
2026-07-02 04:45:53.2787|INFO|Worker12|AdaptableLog|[TaiwuRemoveAILimitation]: CreateAction succeeded: charId=5515, actionId=22, goalId=238, state=1
2026-07-02 04:45:53.2787|INFO|Worker2|AdaptableLog|[TaiwuRemoveAILimitation]: CreateAction succeeded: charId=10741, actionId=18, goalId=238, state=1
2026-07-02 04:45:53.2787|INFO|Worker7|AdaptableLog|[TaiwuRemoveAILimitation]: CreateAction succeeded: charId=3432, actionId=17, goalId=273, state=1
2026-07-02 04:45:53.2787|INFO|Worker26|AdaptableLog|[TaiwuRemoveAILimitation]: CreateAction failed: charId=33, actionId=22, goalId=273, state=1
2026-07-02 04:45:53.2787|INFO|Worker3|AdaptableLog|[TaiwuRemoveAILimitation]: CreateAction succeeded: charId=8208, actionId=18, goalId=238, state=1
2026-07-02 04:45:53.2787|INFO|Worker19|AdaptableLog|[TaiwuRemoveAILimitation]: CreateAction succeeded: charId=14405, actionId=16, goalId=273, state=1
2026-07-02 04:45:53.2787|INFO|Worker8|AdaptableLog|[TaiwuRemoveAILimitation]: CreateAction failed: charId=7666, actionId=19, goalId=238, state=1
2026-07-02 04:45:53.2787|INFO|Worker25|AdaptableLog|[TaiwuRemoveAILimitation]: CreateAction failed: charId=2342, actionId=17, goalId=273, state=1
2026-07-02 04:45:53.2787|INFO|Worker8|AdaptableLog|[TaiwuRemoveAILimitation]: CreateAction succeeded: charId=7666, actionId=21, goalId=238, state=1
2026-07-02 04:45:53.2952|INFO|Worker16|AdaptableLog|[TaiwuRemoveAILimitation]: CreateAction failed: charId=2616, actionId=16, goalId=273, state=1
2026-07-02 04:45:53.2952|INFO|Worker18|AdaptableLog|[TaiwuRemoveAILimitation]: CreateAction succeeded: charId=5708, actionId=16, goalId=273, state=1
2026-07-02 04:45:53.2952|INFO|Worker3|AdaptableLog|[TaiwuRemoveAILimitation]: CreateAction succeeded: charId=2198, actionId=14, goalId=8, state=1
2026-07-02 04:45:53.2952|INFO|Worker3|AdaptableLog|[TaiwuRemoveAILimitation]: CreateAction failed: charId=9257, actionId=16, goalId=273, state=1
2026-07-02 04:45:53.2952|INFO|Worker3|AdaptableLog|[TaiwuRemoveAILimitation]: CreateAction failed: charId=9257, actionId=16, goalId=238, state=1
2026-07-02 04:45:53.2952|INFO|Worker31|AdaptableLog|[TaiwuRemoveAILimitation]: CreateAction succeeded: charId=4693, actionId=15, goalId=273, state=1
2026-07-02 04:45:53.2952|INFO|Worker3|AdaptableLog|[TaiwuRemoveAILimitation]: CreateAction succeeded: charId=2234, actionId=14, goalId=273, state=1
2026-07-02 04:45:53.2952|INFO|Worker19|AdaptableLog|[TaiwuRemoveAILimitation]: CreateAction failed: charId=13737, actionId=14, goalId=273, state=1
2026-07-02 04:45:53.2952|INFO|Worker1|AdaptableLog|[TaiwuRemoveAILimitation]: CreateAction succeeded: charId=985, actionId=17, goalId=195, state=1
2026-07-02 04:45:53.2952|INFO|Worker5|AdaptableLog|[TaiwuRemoveAILimitation]: CreateAction succeeded: charId=7376, actionId=15, goalId=241, state=1
2026-07-02 04:45:53.2952|INFO|Worker16|AdaptableLog|[TaiwuRemoveAILimitation]: CreateAction succeeded: charId=6999, actionId=16, goalId=273, state=1
2026-07-02 04:45:53.2952|INFO|Worker20|AdaptableLog|[TaiwuRemoveAILimitation]: CreateAction succeeded: charId=1362, actionId=15, goalId=273, state=1
2026-07-02 04:45:53.2952|INFO|Worker16|AdaptableLog|[TaiwuRemoveAILimitation]: CreateAction failed: charId=2611, actionId=16, goalId=273, state=1
2026-07-02 04:45:53.2952|INFO|Worker19|AdaptableLog|[TaiwuRemoveAILimitation]: CreateAction failed: charId=13117, actionId=15, goalId=241, state=1
2026-07-02 04:45:53.2952|INFO|Worker10|AdaptableLog|[TaiwuRemoveAILimitation]: CreateAction succeeded: charId=4084, actionId=20, goalId=273, state=1
2026-07-02 04:45:53.2952|INFO|Worker5|AdaptableLog|[TaiwuRemoveAILimitation]: CreateAction succeeded: charId=5953, actionId=19, goalId=194, state=1
2026-07-02 04:45:53.3108|INFO|Worker28|AdaptableLog|[TaiwuRemoveAILimitation]: CreateAction succeeded: charId=2465, actionId=23, goalId=238, state=1
2026-07-02 04:45:53.3108|INFO|Worker28|AdaptableLog|[TaiwuRemoveAILimitation]: CreateAction succeeded: charId=2467, actionId=16, goalId=273, state=1
2026-07-02 04:45:53.3108|INFO|Worker16|AdaptableLog|[TaiwuRemoveAILimitation]: CreateAction succeeded: charId=2638, actionId=16, goalId=238, state=1
2026-07-02 04:45:53.3108|INFO|Worker16|AdaptableLog|[TaiwuRemoveAILimitation]: CreateAction succeeded: charId=7000, actionId=16, goalId=238, state=1
2026-07-02 04:45:53.3108|INFO|Worker5|AdaptableLog|[TaiwuRemoveAILimitation]: CreateAction succeeded: charId=11094, actionId=22, goalId=238, state=1
2026-07-02 04:45:53.3108|INFO|Worker20|AdaptableLog|[TaiwuRemoveAILimitation]: CreateAction succeeded: charId=8271, actionId=15, goalId=273, state=1
2026-07-02 04:45:53.3108|INFO|Worker14|AdaptableLog|[TaiwuRemoveAILimitation]: CreateAction failed: charId=11293, actionId=18, goalId=273, state=1
2026-07-02 04:45:53.3108|INFO|Worker14|AdaptableLog|[TaiwuRemoveAILimitation]: CreateAction succeeded: charId=568, actionId=18, goalId=273, state=1
2026-07-02 04:45:53.3108|INFO|Worker16|AdaptableLog|[TaiwuRemoveAILimitation]: CreateAction succeeded: charId=2699, actionId=17, goalId=273, state=1
2026-07-02 04:45:53.3108|INFO|Worker5|AdaptableLog|[TaiwuRemoveAILimitation]: CreateAction succeeded: charId=5720, actionId=21, goalId=241, state=1
2026-07-02 04:45:53.3108|INFO|Worker23|AdaptableLog|[TaiwuRemoveAILimitation]: CreateAction succeeded: charId=1797, actionId=18, goalId=196, state=1
2026-07-02 04:45:53.3108|INFO|Worker20|AdaptableLog|[TaiwuRemoveAILimitation]: CreateAction succeeded: charId=1379, actionId=15, goalId=273, state=1
2026-07-02 04:45:53.3108|INFO|Worker18|AdaptableLog|[TaiwuRemoveAILimitation]: CreateAction failed: charId=5653, actionId=14, goalId=238, state=1
2026-07-02 04:45:53.3108|INFO|Worker18|AdaptableLog|[TaiwuRemoveAILimitation]: CreateAction succeeded: charId=5653, actionId=15, goalId=238, state=1
2026-07-02 04:45:53.3108|INFO|Worker2|AdaptableLog|[TaiwuRemoveAILimitation]: CreateAction succeeded: charId=9188, actionId=14, goalId=273, state=1
2026-07-02 04:45:53.3108|INFO|Worker3|AdaptableLog|[TaiwuRemoveAILimitation]: CreateAction succeeded: charId=8933, actionId=14, goalId=273, state=1
2026-07-02 04:45:53.3108|INFO|Worker23|AdaptableLog|[TaiwuRemoveAILimitation]: CreateAction succeeded: charId=9222, actionId=19, goalId=238, state=1
2026-07-02 04:45:53.3108|INFO|Worker8|AdaptableLog|[TaiwuRemoveAILimitation]: CreateAction succeeded: charId=5150, actionId=19, goalId=273, state=1
2026-07-02 04:45:53.3108|INFO|Worker19|AdaptableLog|[TaiwuRemoveAILimitation]: CreateAction failed: charId=12932, actionId=17, goalId=273, state=1
2026-07-02 04:45:53.3108|INFO|Worker19|AdaptableLog|[TaiwuRemoveAILimitation]: CreateAction failed: charId=12932, actionId=17, goalId=238, state=1
2026-07-02 04:45:53.3108|INFO|Worker31|AdaptableLog|[TaiwuRemoveAILimitation]: CreateAction succeeded: charId=4611, actionId=19, goalId=238, state=1
2026-07-02 04:45:53.3108|INFO|Worker11|AdaptableLog|[TaiwuRemoveAILimitation]: CreateAction succeeded: charId=8213, actionId=17, goalId=187, state=1
2026-07-02 04:45:53.3108|INFO|Worker5|AdaptableLog|[TaiwuRemoveAILimitation]: CreateAction succeeded: charId=6990, actionId=15, goalId=273, state=1
2026-07-02 04:45:53.3108|INFO|Worker19|AdaptableLog|[TaiwuRemoveAILimitation]: CreateAction failed: charId=12247, actionId=16, goalId=241, state=1
2026-07-02 04:45:53.3251|INFO|Worker16|AdaptableLog|[TaiwuRemoveAILimitation]: CreateAction succeeded: charId=3693, actionId=19, goalId=238, state=1
2026-07-02 04:45:53.3251|INFO|Worker14|AdaptableLog|[TaiwuRemoveAILimitation]: CreateAction failed: charId=537, actionId=18, goalId=273, state=1
2026-07-02 04:45:53.3251|INFO|Worker11|AdaptableLog|[TaiwuRemoveAILimitation]: CreateAction succeeded: charId=3887, actionId=20, goalId=191, state=1
2026-07-02 04:45:53.3251|INFO|Worker19|AdaptableLog|[TaiwuRemoveAILimitation]: CreateAction failed: charId=13118, actionId=14, goalId=273, state=1
2026-07-02 04:45:53.3251|INFO|Worker5|AdaptableLog|[TaiwuRemoveAILimitation]: CreateAction succeeded: charId=7377, actionId=15, goalId=273, state=1
2026-07-02 04:45:53.3251|INFO|Worker19|AdaptableLog|[TaiwuRemoveAILimitation]: CreateAction failed: charId=13118, actionId=15, goalId=241, state=1
2026-07-02 04:45:53.3251|INFO|Worker18|AdaptableLog|[TaiwuRemoveAILimitation]: CreateAction succeeded: charId=5652, actionId=23, goalId=273, state=1
2026-07-02 04:45:53.3251|INFO|Worker1|AdaptableLog|[TaiwuRemoveAILimitation]: CreateAction succeeded: charId=964, actionId=17, goalId=273, state=1
2026-07-02 04:45:53.3251|INFO|Worker5|AdaptableLog|[TaiwuRemoveAILimitation]: CreateAction failed: charId=8308, actionId=20, goalId=241, state=1
2026-07-02 04:45:53.3251|INFO|Worker23|AdaptableLog|[TaiwuRemoveAILimitation]: CreateAction failed: charId=1874, actionId=18, goalId=232, state=1
2026-07-02 04:45:53.3251|INFO|Worker8|AdaptableLog|[TaiwuRemoveAILimitation]: CreateAction succeeded: charId=7329, actionId=19, goalId=273, state=1
2026-07-02 04:45:53.3251|INFO|Worker23|AdaptableLog|[TaiwuRemoveAILimitation]: CreateAction failed: charId=1874, actionId=18, goalId=273, state=1
2026-07-02 04:45:53.3251|INFO|Worker1|AdaptableLog|[TaiwuRemoveAILimitation]: CreateAction succeeded: charId=957, actionId=20, goalId=238, state=1
2026-07-02 04:45:53.3251|INFO|Worker19|AdaptableLog|[TaiwuRemoveAILimitation]: CreateAction succeeded: charId=3138, actionId=18, goalId=241, state=1
2026-07-02 04:45:53.3251|INFO|Worker3|AdaptableLog|[TaiwuRemoveAILimitation]: CreateAction failed: charId=2207, actionId=14, goalId=195, state=1
2026-07-02 04:45:53.3251|INFO|Worker3|AdaptableLog|[TaiwuRemoveAILimitation]: CreateAction failed: charId=2207, actionId=15, goalId=196, state=1
2026-07-02 04:45:53.3251|INFO|Worker3|AdaptableLog|[TaiwuRemoveAILimitation]: CreateAction failed: charId=2207, actionId=14, goalId=192, state=1
2026-07-02 04:45:53.3251|INFO|Worker14|AdaptableLog|[TaiwuRemoveAILimitation]: CreateAction succeeded: charId=560, actionId=18, goalId=273, state=1
2026-07-02 04:45:53.3251|INFO|Worker19|AdaptableLog|[TaiwuRemoveAILimitation]: CreateAction failed: charId=10172, actionId=18, goalId=273, state=1
2026-07-02 04:45:53.3251|INFO|Worker3|AdaptableLog|[TaiwuRemoveAILimitation]: CreateAction succeeded: charId=7773, actionId=18, goalId=238, state=1
2026-07-02 04:45:53.3251|INFO|Worker20|AdaptableLog|[TaiwuRemoveAILimitation]: CreateAction failed: charId=472, actionId=16, goalId=195, state=1
2026-07-02 04:45:53.3251|INFO|Worker20|AdaptableLog|[TaiwuRemoveAILimitation]: CreateAction succeeded: charId=472, actionId=16, goalId=191, state=1
2026-07-02 04:45:53.3251|INFO|Worker1|AdaptableLog|[TaiwuRemoveAILimitation]: CreateAction succeeded: charId=994, actionId=17, goalId=273, state=1
2026-07-02 04:45:53.3251|INFO|Worker1|AdaptableLog|[TaiwuRemoveAILimitation]: CreateAction succeeded: charId=970, actionId=22, goalId=273, state=1
2026-07-02 04:45:53.3251|INFO|Worker1|AdaptableLog|[TaiwuRemoveAILimitation]: CreateAction succeeded: charId=989, actionId=20, goalId=273, state=1
2026-07-02 04:45:53.3251|INFO|Worker3|AdaptableLog|[TaiwuRemoveAILimitation]: CreateAction succeeded: charId=2382, actionId=17, goalId=273, state=1
2026-07-02 04:45:53.3251|INFO|Worker7|AdaptableLog|[TaiwuRemoveAILimitation]: CreateAction succeeded: charId=3384, actionId=16, goalId=238, state=1
2026-07-02 04:45:53.3251|INFO|Worker2|AdaptableLog|[TaiwuRemoveAILimitation]: CreateAction failed: charId=9789, actionId=14, goalId=273, state=1
2026-07-02 04:45:53.3251|INFO|Worker2|AdaptableLog|[TaiwuRemoveAILimitation]: CreateAction failed: charId=9789, actionId=14, goalId=191, state=1
2026-07-02 04:45:53.3251|INFO|Worker1|AdaptableLog|[TaiwuRemoveAILimitation]: CreateAction succeeded: charId=962, actionId=20, goalId=238, state=1
2026-07-02 04:45:53.3251|INFO|Worker19|AdaptableLog|[TaiwuRemoveAILimitation]: CreateAction failed: charId=2071, actionId=15, goalId=238, state=1
2026-07-02 04:45:53.3251|INFO|Worker19|AdaptableLog|[TaiwuRemoveAILimitation]: CreateAction failed: charId=2071, actionId=15, goalId=241, state=1
2026-07-02 04:45:53.3251|INFO|Worker1|AdaptableLog|[TaiwuRemoveAILimitation]: CreateAction succeeded: charId=963, actionId=21, goalId=241, state=1
2026-07-02 04:45:53.3409|INFO|Worker1|AdaptableLog|[TaiwuRemoveAILimitation]: CreateAction succeeded: charId=956, actionId=21, goalId=190, state=1
2026-07-02 04:45:53.3409|INFO|Worker3|AdaptableLog|[TaiwuRemoveAILimitation]: CreateAction succeeded: charId=9857, actionId=18, goalId=273, state=1
2026-07-02 04:45:53.3409|INFO|Worker19|AdaptableLog|[TaiwuRemoveAILimitation]: CreateAction failed: charId=12930, actionId=15, goalId=273, state=1
2026-07-02 04:45:53.3409|INFO|Worker1|AdaptableLog|[TaiwuRemoveAILimitation]: CreateAction succeeded: charId=953, actionId=22, goalId=273, state=1
2026-07-02 04:45:53.3409|INFO|Worker19|AdaptableLog|[TaiwuRemoveAILimitation]: CreateAction failed: charId=13400, actionId=14, goalId=273, state=1
2026-07-02 04:45:53.3409|INFO|Worker5|AdaptableLog|[TaiwuRemoveAILimitation]: CreateAction succeeded: charId=5738, actionId=21, goalId=273, state=1
2026-07-02 04:45:53.3409|INFO|Worker19|AdaptableLog|[TaiwuRemoveAILimitation]: CreateAction failed: charId=13400, actionId=15, goalId=241, state=1
2026-07-02 04:45:53.3409|INFO|Worker5|AdaptableLog|[TaiwuRemoveAILimitation]: CreateAction succeeded: charId=9739, actionId=15, goalId=273, state=1
2026-07-02 04:45:53.3409|INFO|Worker19|AdaptableLog|[TaiwuRemoveAILimitation]: CreateAction failed: charId=13057, actionId=15, goalId=273, state=1
2026-07-02 04:45:53.3409|INFO|Worker3|AdaptableLog|[TaiwuRemoveAILimitation]: CreateAction succeeded: charId=2212, actionId=15, goalId=194, state=1
2026-07-02 04:45:53.3409|INFO|Worker3|AdaptableLog|[TaiwuRemoveAILimitation]: CreateAction succeeded: charId=8325, actionId=18, goalId=238, state=1
2026-07-02 04:45:53.3409|INFO|Worker5|AdaptableLog|[TaiwuRemoveAILimitation]: CreateAction failed: charId=7835, actionId=22, goalId=273, state=1
2026-07-02 04:45:53.3409|INFO|Worker2|AdaptableLog|[TaiwuRemoveAILimitation]: CreateAction failed: charId=10137, actionId=14, goalId=273, state=1
2026-07-02 04:45:53.3409|INFO|Worker5|AdaptableLog|[TaiwuRemoveAILimitation]: CreateAction succeeded: charId=7835, actionId=15, goalId=238, state=1
2026-07-02 04:45:53.3409|INFO|Worker8|AdaptableLog|[TaiwuRemoveAILimitation]: CreateAction succeeded: charId=4958, actionId=23, goalId=273, state=1
2026-07-02 04:45:53.3409|INFO|Worker2|AdaptableLog|[TaiwuRemoveAILimitation]: CreateAction succeeded: charId=10137, actionId=14, goalId=238, state=1
2026-07-02 04:45:53.3409|INFO|Worker3|AdaptableLog|[TaiwuRemoveAILimitation]: CreateAction succeeded: charId=10041, actionId=14, goalId=8, state=1
2026-07-02 04:45:53.3409|INFO|Worker2|AdaptableLog|[TaiwuRemoveAILimitation]: CreateAction failed: charId=5516, actionId=22, goalId=273, state=1
2026-07-02 04:45:53.3409|INFO|Worker5|AdaptableLog|[TaiwuRemoveAILimitation]: CreateAction succeeded: charId=8655, actionId=19, goalId=238, state=1
2026-07-02 04:45:53.3409|INFO|Worker3|AdaptableLog|[TaiwuRemoveAILimitation]: CreateAction succeeded: charId=2203, actionId=14, goalId=8, state=1
2026-07-02 04:45:53.3409|INFO|Worker14|AdaptableLog|[TaiwuRemoveAILimitation]: CreateAction succeeded: charId=4448, actionId=17, goalId=195, state=1
2026-07-02 04:45:53.3409|INFO|Worker19|AdaptableLog|[TaiwuRemoveAILimitation]: CreateAction failed: charId=14780, actionId=14, goalId=273, state=1
2026-07-02 04:45:53.3409|INFO|Worker19|AdaptableLog|[TaiwuRemoveAILimitation]: CreateAction failed: charId=14780, actionId=14, goalId=238, state=1
2026-07-02 04:45:53.3409|INFO|Worker3|AdaptableLog|[TaiwuRemoveAILimitation]: CreateAction failed: charId=8094, actionId=14, goalId=191, state=1
2026-07-02 04:45:53.3409|INFO|Worker3|AdaptableLog|[TaiwuRemoveAILimitation]: CreateAction succeeded: charId=8094, actionId=18, goalId=193, state=1
2026-07-02 04:45:53.3409|INFO|Worker3|AdaptableLog|[TaiwuRemoveAILimitation]: CreateAction succeeded: charId=2369, actionId=14, goalId=273, state=1
2026-07-02 04:45:53.3409|INFO|Worker31|AdaptableLog|[TaiwuRemoveAILimitation]: CreateAction succeeded: charId=4589, actionId=15, goalId=273, state=1
2026-07-02 04:45:53.3409|INFO|Worker31|AdaptableLog|[TaiwuRemoveAILimitation]: CreateAction succeeded: charId=7513, actionId=21, goalId=273, state=1
2026-07-02 04:45:53.3409|INFO|Worker31|AdaptableLog|[TaiwuRemoveAILimitation]: CreateAction succeeded: charId=4554, actionId=23, goalId=273, state=1
2026-07-02 04:45:53.3563|INFO|Worker19|AdaptableLog|[TaiwuRemoveAILimitation]: CreateAction failed: charId=13883, actionId=23, goalId=273, state=1
2026-07-02 04:45:53.3563|INFO|Worker8|AdaptableLog|[TaiwuRemoveAILimitation]: CreateAction succeeded: charId=7855, actionId=23, goalId=241, state=1
2026-07-02 04:45:53.3563|INFO|Worker23|AdaptableLog|[TaiwuRemoveAILimitation]: CreateAction succeeded: charId=7745, actionId=18, goalId=192, state=1
2026-07-02 04:45:53.3563|INFO|Worker3|AdaptableLog|[TaiwuRemoveAILimitation]: CreateAction failed: charId=2228, actionId=15, goalId=194, state=1
2026-07-02 04:45:53.3563|INFO|Worker3|AdaptableLog|[TaiwuRemoveAILimitation]: CreateAction failed: charId=2228, actionId=18, goalId=238, state=1
2026-07-02 04:45:53.3563|INFO|Worker1|AdaptableLog|[TaiwuRemoveAILimitation]: CreateAction succeeded: charId=7883, actionId=20, goalId=238, state=1
2026-07-02 04:45:53.3563|INFO|Worker3|AdaptableLog|[TaiwuRemoveAILimitation]: CreateAction succeeded: charId=2232, actionId=15, goalId=273, state=1
2026-07-02 04:45:53.3563|INFO|Worker23|AdaptableLog|[TaiwuRemoveAILimitation]: CreateAction succeeded: charId=1796, actionId=20, goalId=273, state=1
2026-07-02 04:45:53.3563|INFO|Worker8|AdaptableLog|[TaiwuRemoveAILimitation]: CreateAction succeeded: charId=8756, actionId=59, goalId=235, state=1
2026-07-02 04:45:53.3563|INFO|Worker19|AdaptableLog|[TaiwuRemoveAILimitation]: CreateAction failed: charId=13516, actionId=20, goalId=238, state=1
2026-07-02 04:45:53.3563|INFO|Worker1|AdaptableLog|[TaiwuRemoveAILimitation]: CreateAction succeeded: charId=954, actionId=20, goalId=238, state=1
2026-07-02 04:45:53.3563|INFO|Worker8|AdaptableLog|[TaiwuRemoveAILimitation]: CreateAction succeeded: charId=5025, actionId=23, goalId=273, state=1
2026-07-02 04:45:53.3563|INFO|Worker5|AdaptableLog|[TaiwuRemoveAILimitation]: CreateAction succeeded: charId=9055, actionId=14, goalId=273, state=1
2026-07-02 04:45:53.3563|INFO|Worker1|AdaptableLog|[TaiwuRemoveAILimitation]: CreateAction succeeded: charId=987, actionId=20, goalId=238, state=1
2026-07-02 04:45:53.3563|INFO|Worker1|AdaptableLog|[TaiwuRemoveAILimitation]: CreateAction succeeded: charId=990, actionId=22, goalId=273, state=1
2026-07-02 04:45:53.3563|INFO|Worker1|AdaptableLog|[TaiwuRemoveAILimitation]: CreateAction succeeded: charId=955, actionId=22, goalId=273, state=1
2026-07-02 04:45:53.3563|INFO|Worker1|AdaptableLog|[TaiwuRemoveAILimitation]: CreateAction succeeded: charId=982, actionId=23, goalId=273, state=1
2026-07-02 04:45:53.3563|INFO|Worker14|AdaptableLog|[TaiwuRemoveAILimitation]: CreateAction failed: charId=661, actionId=23, goalId=273, state=1
2026-07-02 04:45:53.3563|INFO|Worker14|AdaptableLog|[TaiwuRemoveAILimitation]: CreateAction failed: charId=661, actionId=23, goalId=192, state=1
2026-07-02 04:45:53.3563|INFO|Worker8|AdaptableLog|[TaiwuRemoveAILimitation]: CreateAction failed: charId=4965, actionId=19, goalId=241, state=1
2026-07-02 04:45:53.3563|INFO|Worker3|AdaptableLog|[TaiwuRemoveAILimitation]: CreateAction succeeded: charId=7774, actionId=18, goalId=238, state=1
2026-07-02 04:45:53.3563|INFO|Worker19|AdaptableLog|[TaiwuRemoveAILimitation]: CreateAction failed: charId=13842, actionId=16, goalId=241, state=1
2026-07-02 04:45:53.3563|INFO|Worker8|AdaptableLog|[TaiwuRemoveAILimitation]: CreateAction succeeded: charId=11064, actionId=23, goalId=273, state=1
2026-07-02 04:45:53.3563|INFO|Worker19|AdaptableLog|[TaiwuRemoveAILimitation]: CreateAction failed: charId=14122, actionId=16, goalId=273, state=1
2026-07-02 04:45:53.3563|INFO|Worker1|AdaptableLog|[TaiwuRemoveAILimitation]: CreateAction succeeded: charId=992, actionId=20, goalId=241, state=1
2026-07-02 04:45:53.3563|INFO|Worker23|AdaptableLog|[TaiwuRemoveAILimitation]: CreateAction succeeded: charId=1869, actionId=20, goalId=232, state=1
2026-07-02 04:45:53.3563|INFO|Worker5|AdaptableLog|[TaiwuRemoveAILimitation]: CreateAction succeeded: charId=6989, actionId=21, goalId=273, state=1
2026-07-02 04:45:53.3563|INFO|Worker5|AdaptableLog|[TaiwuRemoveAILimitation]: CreateAction succeeded: charId=5755, actionId=14, goalId=273, state=1
2026-07-02 04:45:53.3736|INFO|Worker23|AdaptableLog|[TaiwuRemoveAILimitation]: CreateAction failed: charId=8381, actionId=19, goalId=273, state=1
2026-07-02 04:45:53.3736|INFO|Worker19|AdaptableLog|[TaiwuRemoveAILimitation]: CreateAction failed: charId=13196, actionId=14, goalId=273, state=1
2026-07-02 04:45:53.3736|INFO|Worker31|AdaptableLog|[TaiwuRemoveAILimitation]: CreateAction failed: charId=4625, actionId=15, goalId=15, state=1
2026-07-02 04:45:53.3736|INFO|Worker23|AdaptableLog|[TaiwuRemoveAILimitation]: CreateAction succeeded: charId=1841, actionId=18, goalId=273, state=1
2026-07-02 04:45:53.3736|INFO|Worker31|AdaptableLog|[TaiwuRemoveAILimitation]: CreateAction succeeded: charId=4625, actionId=15, goalId=241, state=1
2026-07-02 04:45:53.3736|INFO|Worker3|AdaptableLog|[TaiwuRemoveAILimitation]: CreateAction failed: charId=7770, actionId=18, goalId=273, state=1
2026-07-02 04:45:53.3736|INFO|Worker3|AdaptableLog|[TaiwuRemoveAILimitation]: CreateAction succeeded: charId=7770, actionId=18, goalId=238, state=1
2026-07-02 04:45:53.3736|INFO|Worker3|AdaptableLog|[TaiwuRemoveAILimitation]: CreateAction failed: charId=2227, actionId=14, goalId=273, state=1
2026-07-02 04:45:53.3736|INFO|Worker19|AdaptableLog|[TaiwuRemoveAILimitation]: CreateAction failed: charId=12543, actionId=17, goalId=273, state=1
2026-07-02 04:45:53.3736|INFO|Worker31|AdaptableLog|[TaiwuRemoveAILimitation]: CreateAction succeeded: charId=4595, actionId=21, goalId=15, state=1
2026-07-02 04:45:53.3736|INFO|Worker5|AdaptableLog|[TaiwuRemoveAILimitation]: CreateAction succeeded: charId=9430, actionId=22, goalId=238, state=1
2026-07-02 04:45:53.3736|INFO|Worker1|AdaptableLog|[TaiwuRemoveAILimitation]: CreateAction succeeded: charId=1006, actionId=17, goalId=238, state=1
2026-07-02 04:45:53.3736|INFO|Worker31|AdaptableLog|[TaiwuRemoveAILimitation]: CreateAction succeeded: charId=4590, actionId=20, goalId=238, state=1
2026-07-02 04:45:53.3736|INFO|Worker5|AdaptableLog|[TaiwuRemoveAILimitation]: CreateAction succeeded: charId=9823, actionId=14, goalId=18, state=1
2026-07-02 04:45:53.3736|INFO|Worker3|AdaptableLog|[TaiwuRemoveAILimitation]: CreateAction succeeded: charId=2265, actionId=18, goalId=273, state=1
2026-07-02 04:45:53.3736|INFO|Worker3|AdaptableLog|[TaiwuRemoveAILimitation]: CreateAction succeeded: charId=2238, actionId=18, goalId=273, state=1
2026-07-02 04:45:53.3736|INFO|Worker1|AdaptableLog|[TaiwuRemoveAILimitation]: CreateAction succeeded: charId=988, actionId=22, goalId=238, state=1
2026-07-02 04:45:53.3736|INFO|Worker1|AdaptableLog|[TaiwuRemoveAILimitation]: CreateAction succeeded: charId=966, actionId=14, goalId=238, state=1
2026-07-02 04:45:53.3886|INFO|Worker5|AdaptableLog|[TaiwuRemoveAILimitation]: CreateAction succeeded: charId=7497, actionId=20, goalId=273, state=1
2026-07-02 04:45:53.3886|INFO|Worker1|AdaptableLog|[TaiwuRemoveAILimitation]: CreateAction succeeded: charId=1063, actionId=23, goalId=273, state=1
2026-07-02 04:45:53.3886|INFO|Worker5|AdaptableLog|[TaiwuRemoveAILimitation]: CreateAction failed: charId=8011, actionId=15, goalId=238, state=1
2026-07-02 04:45:53.3886|INFO|Worker5|AdaptableLog|[TaiwuRemoveAILimitation]: CreateAction succeeded: charId=8011, actionId=15, goalId=241, state=1
2026-07-02 04:45:53.3886|INFO|Worker19|AdaptableLog|[TaiwuRemoveAILimitation]: CreateAction failed: charId=13914, actionId=16, goalId=241, state=1
2026-07-02 04:45:53.3886|INFO|Worker19|AdaptableLog|[TaiwuRemoveAILimitation]: CreateAction failed: charId=11717, actionId=23, goalId=238, state=1
2026-07-02 04:45:53.3886|INFO|Worker5|AdaptableLog|[TaiwuRemoveAILimitation]: CreateAction succeeded: charId=7495, actionId=20, goalId=273, state=1
2026-07-02 04:45:53.3886|INFO|Worker1|AdaptableLog|[TaiwuRemoveAILimitation]: CreateAction failed: charId=1118, actionId=23, goalId=273, state=1
2026-07-02 04:45:53.3886|INFO|Worker5|AdaptableLog|[TaiwuRemoveAILimitation]: CreateAction succeeded: charId=8592, actionId=22, goalId=238, state=1
2026-07-02 04:45:53.3886|INFO|Worker19|AdaptableLog|[TaiwuRemoveAILimitation]: CreateAction failed: charId=14388, actionId=14, goalId=273, state=1
2026-07-02 04:45:53.3886|INFO|Worker5|AdaptableLog|[TaiwuRemoveAILimitation]: CreateAction failed: charId=11283, actionId=20, goalId=273, state=1
2026-07-02 04:45:53.3886|INFO|Worker5|AdaptableLog|[TaiwuRemoveAILimitation]: CreateAction failed: charId=11283, actionId=19, goalId=238, state=1
2026-07-02 04:45:53.3886|INFO|Worker19|AdaptableLog|[TaiwuRemoveAILimitation]: CreateAction failed: charId=14425, actionId=16, goalId=273, state=1
2026-07-02 04:45:53.3886|INFO|Worker5|AdaptableLog|[TaiwuRemoveAILimitation]: CreateAction succeeded: charId=7718, actionId=20, goalId=241, state=1
2026-07-02 04:45:53.3886|INFO|Worker19|AdaptableLog|[TaiwuRemoveAILimitation]: CreateAction failed: charId=13551, actionId=15, goalId=273, state=1
2026-07-02 04:45:53.3886|INFO|Worker5|AdaptableLog|[TaiwuRemoveAILimitation]: CreateAction succeeded: charId=10645, actionId=22, goalId=273, state=1
2026-07-02 04:45:53.3886|INFO|Worker19|AdaptableLog|[TaiwuRemoveAILimitation]: CreateAction failed: charId=13551, actionId=15, goalId=241, state=1
2026-07-02 04:45:53.3886|INFO|Worker5|AdaptableLog|[TaiwuRemoveAILimitation]: CreateAction succeeded: charId=9363, actionId=21, goalId=238, state=1
2026-07-02 04:45:53.3886|INFO|Worker5|AdaptableLog|[TaiwuRemoveAILimitation]: CreateAction failed: charId=10204, actionId=22, goalId=238, state=1
2026-07-02 04:45:53.3886|INFO|Worker19|AdaptableLog|[TaiwuRemoveAILimitation]: CreateAction failed: charId=12053, actionId=14, goalId=273, state=1
2026-07-02 04:45:53.3886|INFO|Worker19|AdaptableLog|[TaiwuRemoveAILimitation]: CreateAction failed: charId=12053, actionId=20, goalId=241, state=1
2026-07-02 04:45:53.4036|INFO|Worker5|AdaptableLog|[TaiwuRemoveAILimitation]: CreateAction failed: charId=5740, actionId=20, goalId=273, state=1
2026-07-02 04:45:53.4036|INFO|Worker5|AdaptableLog|[TaiwuRemoveAILimitation]: CreateAction succeeded: charId=5740, actionId=22, goalId=238, state=1
2026-07-02 04:45:53.4036|INFO|Worker19|AdaptableLog|[TaiwuRemoveAILimitation]: CreateAction failed: charId=14014, actionId=16, goalId=241, state=1
2026-07-02 04:45:53.4036|INFO|Worker19|AdaptableLog|[TaiwuRemoveAILimitation]: CreateAction failed: charId=14014, actionId=16, goalId=238, state=1
2026-07-02 04:45:53.4036|INFO|Worker5|AdaptableLog|[TaiwuRemoveAILimitation]: CreateAction succeeded: charId=5203, actionId=20, goalId=273, state=1
2026-07-02 04:45:53.4036|INFO|Worker19|AdaptableLog|[TaiwuRemoveAILimitation]: CreateAction failed: charId=13319, actionId=22, goalId=241, state=1
2026-07-02 04:45:53.4036|INFO|Worker19|AdaptableLog|[TaiwuRemoveAILimitation]: CreateAction failed: charId=13319, actionId=20, goalId=241, state=1
2026-07-02 04:45:53.4189|INFO|Worker19|AdaptableLog|[TaiwuRemoveAILimitation]: CreateAction failed: charId=11400, actionId=18, goalId=273, state=1
2026-07-02 04:45:53.4189|INFO|Worker5|AdaptableLog|[TaiwuRemoveAILimitation]: CreateAction succeeded: charId=5919, actionId=17, goalId=238, state=1
2026-07-02 04:45:53.4189|INFO|Worker19|AdaptableLog|[TaiwuRemoveAILimitation]: CreateAction failed: charId=13116, actionId=15, goalId=241, state=1
2026-07-02 04:45:53.4189|INFO|Worker19|AdaptableLog|[TaiwuRemoveAILimitation]: CreateAction failed: charId=10889, actionId=18, goalId=238, state=1
2026-07-02 04:45:53.4189|INFO|Worker19|AdaptableLog|[TaiwuRemoveAILimitation]: CreateAction failed: charId=11359, actionId=17, goalId=273, state=1
2026-07-02 04:45:53.4189|INFO|Worker19|AdaptableLog|[TaiwuRemoveAILimitation]: CreateAction failed: charId=12216, actionId=16, goalId=273, state=1
2026-07-02 04:45:53.4360|INFO|Worker19|AdaptableLog|[TaiwuRemoveAILimitation]: CreateAction failed: charId=15301, actionId=14, goalId=273, state=1
2026-07-02 04:45:53.4360|INFO|Worker19|AdaptableLog|[TaiwuRemoveAILimitation]: CreateAction failed: charId=8805, actionId=18, goalId=273, state=1
2026-07-02 04:45:53.4360|INFO|Worker19|AdaptableLog|[TaiwuRemoveAILimitation]: CreateAction failed: charId=15125, actionId=14, goalId=273, state=1
2026-07-02 04:45:53.4360|INFO|Worker19|AdaptableLog|[TaiwuRemoveAILimitation]: CreateAction failed: charId=13115, actionId=15, goalId=273, state=1
2026-07-02 04:45:53.4360|INFO|Worker19|AdaptableLog|[TaiwuRemoveAILimitation]: CreateAction failed: charId=3146, actionId=15, goalId=273, state=1
2026-07-02 04:45:53.4360|INFO|Worker19|AdaptableLog|[TaiwuRemoveAILimitation]: CreateAction failed: charId=13197, actionId=22, goalId=241, state=1
2026-07-02 04:45:53.4360|INFO|Worker19|AdaptableLog|[TaiwuRemoveAILimitation]: CreateAction failed: charId=10122, actionId=18, goalId=273, state=1
2026-07-02 04:45:53.4360|INFO|Worker19|AdaptableLog|[TaiwuRemoveAILimitation]: CreateAction failed: charId=12790, actionId=17, goalId=273, state=1
2026-07-02 04:45:53.4565|INFO|Worker19|AdaptableLog|[TaiwuRemoveAILimitation]: CreateAction failed: charId=12788, actionId=15, goalId=192, state=1
2026-07-02 04:45:53.4565|INFO|Worker19|AdaptableLog|[TaiwuRemoveAILimitation]: CreateAction failed: charId=10070, actionId=23, goalId=273, state=1
2026-07-02 04:45:53.4565|INFO|Worker19|AdaptableLog|[TaiwuRemoveAILimitation]: CreateAction failed: charId=10070, actionId=22, goalId=241, state=1
2026-07-02 04:45:53.4565|INFO|Worker19|AdaptableLog|[TaiwuRemoveAILimitation]: CreateAction failed: charId=13882, actionId=14, goalId=273, state=1
2026-07-02 04:45:53.4565|INFO|Worker19|AdaptableLog|[TaiwuRemoveAILimitation]: CreateAction failed: charId=13882, actionId=14, goalId=241, state=1
2026-07-02 04:45:53.4565|INFO|Worker19|AdaptableLog|[TaiwuRemoveAILimitation]: CreateAction failed: charId=12882, actionId=20, goalId=273, state=1
2026-07-02 04:45:53.4565|INFO|Worker19|AdaptableLog|[TaiwuRemoveAILimitation]: CreateAction failed: charId=12248, actionId=18, goalId=273, state=1
2026-07-02 04:45:53.4711|INFO|Worker19|AdaptableLog|[TaiwuRemoveAILimitation]: CreateAction failed: charId=12671, actionId=14, goalId=187, state=1
2026-07-02 04:45:53.4711|INFO|Worker19|AdaptableLog|[TaiwuRemoveAILimitation]: CreateAction succeeded: charId=2061, actionId=22, goalId=273, state=1
2026-07-02 04:45:53.4711|INFO|Worker19|AdaptableLog|[TaiwuRemoveAILimitation]: CreateAction succeeded: charId=3186, actionId=17, goalId=238, state=1
2026-07-02 04:45:53.4711|INFO|Worker19|AdaptableLog|[TaiwuRemoveAILimitation]: CreateAction succeeded: charId=2833, actionId=19, goalId=273, state=1
2026-07-02 04:45:53.4820|INFO|Worker19|AdaptableLog|[TaiwuRemoveAILimitation]: CreateAction failed: charId=3180, actionId=22, goalId=192, state=1
2026-07-02 04:45:53.4820|INFO|Worker19|AdaptableLog|[TaiwuRemoveAILimitation]: CreateAction succeeded: charId=3180, actionId=21, goalId=193, state=1
2026-07-02 04:45:53.4820|INFO|Main|AdaptableLog|[TaiwuRemoveAILimitation]: ExecuteAction finished: char=百花谷玉匣弟子-乌丹燕(1001)(id=1001), action=锻造织物道具(A17), target=<none>, no-next-action
2026-07-02 04:45:53.4820|INFO|Main|AdaptableLog|[TaiwuRemoveAILimitation]: ExecuteAction finished: char=百花谷鹿裳使-荀良朋(963)(id=963), action=制造解毒药(A21), target=<none>, no-next-action
2026-07-02 04:45:53.4820|INFO|Main|AdaptableLog|[TaiwuRemoveAILimitation]: ExecuteAction finished: char=百花谷鹿裳使-第五桂(954)(id=954), action=制作疗伤药(A20), target=<none>, no-next-action
2026-07-02 04:45:53.4820|INFO|Main|AdaptableLog|[TaiwuRemoveAILimitation]: ExecuteAction finished: char=百花谷朱匣弟子-艾少文(987)(id=987), action=制作疗伤药(A20), target=<none>, no-next-action
2026-07-02 04:45:53.4977|INFO|Main|AdaptableLog|[TaiwuRemoveAILimitation]: ExecuteAction finished: char=伏龙坛龙头长老-梅剑婵(7117)(id=7117), action=制造菜肴(A18), target=<none>, next=售出道具(A35)
2026-07-02 04:45:53.5262|INFO|Main|AdaptableLog|[TaiwuRemoveAILimitation]: ExecuteAction finished: char=成都大夫-封纳财(415)(id=415), action=制作调息药(A22), target=<none>, no-next-action
2026-07-02 04:45:53.5395|INFO|Main|AdaptableLog|[TaiwuRemoveAILimitation]: ExecuteAction finished: char=界青门外门众-于洁(8756)(id=8756), action=研读旧书(A59), target=<none>, no-next-action
2026-07-02 04:45:53.5561|INFO|Main|AdaptableLog|[TaiwuRemoveAILimitation]: ExecuteAction finished: char=市镇商人-王品聪(4084)(id=4084), action=制作疗伤药(A20), target=<none>, next=售出道具(A35)
2026-07-02 04:45:53.5678|INFO|Main|AdaptableLog|[TaiwuRemoveAILimitation]: ExecuteAction finished: char=村庄豪富-方素微(3576)(id=3576), action=制造健康药(A19), target=<none>, no-next-action
2026-07-02 04:45:53.6446|INFO|Main|AdaptableLog|[TaiwuRemoveAILimitation]: ExecuteAction finished: char=山寨商人-侯宽(3186)(id=3186), action=锻造织物道具(A17), target=<none>, no-next-action
2026-07-02 04:45:53.6548|INFO|Main|AdaptableLog|[TaiwuRemoveAILimitation]: ExecuteAction finished: char=山寨大夫-荣宇清(3095)(id=3095), action=制造健康药(A19), target=<none>, no-next-action
2026-07-02 04:45:53.6829|INFO|Main|AdaptableLog|[TaiwuRemoveAILimitation]: ExecuteAction finished: char=广州大夫-景灵运(2064)(id=2064), action=制造健康药(A19), target=<none>, no-next-action
2026-07-02 04:45:53.7054|INFO|Main|AdaptableLog|[TaiwuRemoveAILimitation]: ExecuteAction finished: char=山寨大夫-缪千宿(3746)(id=3746), action=制造毒药(A23), target=<none>, no-next-action
2026-07-02 04:45:53.7309|INFO|Worker4|AdaptableLog|[TaiwuRemoveAILimitation]: CreateAction succeeded: charId=2335, actionId=22, goalId=238, state=2
2026-07-02 04:45:53.7309|INFO|Worker10|AdaptableLog|[TaiwuRemoveAILimitation]: CreateAction succeeded: charId=1925, actionId=17, goalId=194, state=2
2026-07-02 04:45:53.7309|INFO|Worker11|AdaptableLog|[TaiwuRemoveAILimitation]: CreateAction succeeded: charId=14759, actionId=16, goalId=179, state=2
2026-07-02 04:45:53.7309|INFO|Worker10|AdaptableLog|[TaiwuRemoveAILimitation]: CreateAction failed: charId=1926, actionId=17, goalId=238, state=2
2026-07-02 04:45:53.7309|INFO|Worker23|AdaptableLog|[TaiwuRemoveAILimitation]: CreateAction failed: charId=4082, actionId=22, goalId=238, state=2
2026-07-02 04:45:53.7309|INFO|Worker6|AdaptableLog|[TaiwuRemoveAILimitation]: CreateAction failed: charId=12879, actionId=15, goalId=241, state=2
2026-07-02 04:45:53.7309|INFO|Worker25|AdaptableLog|[TaiwuRemoveAILimitation]: CreateAction succeeded: charId=5648, actionId=23, goalId=192, state=2
2026-07-02 04:45:53.7309|INFO|Worker10|AdaptableLog|[TaiwuRemoveAILimitation]: CreateAction failed: charId=1926, actionId=17, goalId=238, state=2
2026-07-02 04:45:53.7309|INFO|Worker14|AdaptableLog|[TaiwuRemoveAILimitation]: CreateAction succeeded: charId=1343, actionId=15, goalId=273, state=2
2026-07-02 04:45:53.7309|INFO|Worker23|AdaptableLog|[TaiwuRemoveAILimitation]: CreateAction failed: charId=4082, actionId=19, goalId=238, state=2
2026-07-02 04:45:53.7309|INFO|Worker12|AdaptableLog|[TaiwuRemoveAILimitation]: CreateAction succeeded: charId=3354, actionId=14, goalId=196, state=2
2026-07-02 04:45:53.7309|INFO|Worker19|AdaptableLog|[TaiwuRemoveAILimitation]: CreateAction succeeded: charId=1752, actionId=16, goalId=196, state=2
2026-07-02 04:45:53.7309|INFO|Worker18|AdaptableLog|[TaiwuRemoveAILimitation]: CreateAction succeeded: charId=2116, actionId=14, goalId=241, state=2
2026-07-02 04:45:53.7309|INFO|Worker12|AdaptableLog|[TaiwuRemoveAILimitation]: CreateAction succeeded: charId=3237, actionId=14, goalId=194, state=2
2026-07-02 04:45:53.7309|INFO|Worker21|AdaptableLog|[TaiwuRemoveAILimitation]: CreateAction succeeded: charId=3228, actionId=23, goalId=238, state=2
2026-07-02 04:45:53.7309|INFO|Worker23|AdaptableLog|[TaiwuRemoveAILimitation]: CreateAction succeeded: charId=4082, actionId=20, goalId=238, state=2
2026-07-02 04:45:53.7309|INFO|Worker10|AdaptableLog|[TaiwuRemoveAILimitation]: CreateAction succeeded: charId=1966, actionId=21, goalId=238, state=2
2026-07-02 04:45:53.7309|INFO|Worker18|AdaptableLog|[TaiwuRemoveAILimitation]: CreateAction succeeded: charId=3147, actionId=18, goalId=192, state=2
2026-07-02 04:45:53.7309|INFO|Worker19|AdaptableLog|[TaiwuRemoveAILimitation]: CreateAction succeeded: charId=1739, actionId=21, goalId=195, state=2
2026-07-02 04:45:53.7309|INFO|Worker26|AdaptableLog|[TaiwuRemoveAILimitation]: CreateAction failed: charId=3746, actionId=20, goalId=194, state=2
2026-07-02 04:45:53.7309|INFO|Worker22|AdaptableLog|[TaiwuRemoveAILimitation]: CreateAction failed: charId=669, actionId=17, goalId=194, state=2
2026-07-02 04:45:53.7309|INFO|Worker24|AdaptableLog|[TaiwuRemoveAILimitation]: CreateAction failed: charId=2753, actionId=14, goalId=196, state=2
2026-07-02 04:45:53.7309|INFO|Worker11|AdaptableLog|[TaiwuRemoveAILimitation]: CreateAction succeeded: charId=4742, actionId=20, goalId=238, state=2
2026-07-02 04:45:53.7309|INFO|Worker3|AdaptableLog|[TaiwuRemoveAILimitation]: CreateAction failed: charId=40, actionId=14, goalId=238, state=2
2026-07-02 04:45:53.7309|INFO|Worker22|AdaptableLog|[TaiwuRemoveAILimitation]: CreateAction succeeded: charId=669, actionId=16, goalId=192, state=2
2026-07-02 04:45:53.7309|INFO|Worker24|AdaptableLog|[TaiwuRemoveAILimitation]: CreateAction succeeded: charId=2753, actionId=14, goalId=191, state=2
2026-07-02 04:45:53.7309|INFO|Worker18|AdaptableLog|[TaiwuRemoveAILimitation]: CreateAction succeeded: charId=3052, actionId=14, goalId=193, state=2
2026-07-02 04:45:53.7309|INFO|Worker20|AdaptableLog|[TaiwuRemoveAILimitation]: CreateAction succeeded: charId=983, actionId=21, goalId=238, state=2
2026-07-02 04:45:53.7309|INFO|Worker30|AdaptableLog|[TaiwuRemoveAILimitation]: CreateAction succeeded: charId=3421, actionId=16, goalId=238, state=2
2026-07-02 04:45:53.7309|INFO|Worker11|AdaptableLog|[TaiwuRemoveAILimitation]: CreateAction failed: charId=4442, actionId=23, goalId=193, state=2
2026-07-02 04:45:53.7309|INFO|Worker3|AdaptableLog|[TaiwuRemoveAILimitation]: CreateAction succeeded: charId=40, actionId=14, goalId=238, state=2
2026-07-02 04:45:53.7309|INFO|Worker12|AdaptableLog|[TaiwuRemoveAILimitation]: CreateAction succeeded: charId=5153, actionId=21, goalId=192, state=2
2026-07-02 04:45:53.7309|INFO|Worker18|AdaptableLog|[TaiwuRemoveAILimitation]: CreateAction failed: charId=2074, actionId=16, goalId=196, state=2
2026-07-02 04:45:53.7309|INFO|Worker30|AdaptableLog|[TaiwuRemoveAILimitation]: CreateAction succeeded: charId=8145, actionId=14, goalId=238, state=2
2026-07-02 04:45:53.7309|INFO|Worker31|AdaptableLog|[TaiwuRemoveAILimitation]: CreateAction succeeded: charId=1065, actionId=17, goalId=195, state=2
2026-07-02 04:45:53.7309|INFO|Worker19|AdaptableLog|[TaiwuRemoveAILimitation]: CreateAction succeeded: charId=1690, actionId=22, goalId=190, state=2
2026-07-02 04:45:53.7309|INFO|Worker7|AdaptableLog|[TaiwuRemoveAILimitation]: CreateAction succeeded: charId=8064, actionId=18, goalId=238, state=2
2026-07-02 04:45:53.7309|INFO|Worker16|AdaptableLog|[TaiwuRemoveAILimitation]: CreateAction succeeded: charId=371, actionId=17, goalId=238, state=2
2026-07-02 04:45:53.7309|INFO|Worker28|AdaptableLog|[TaiwuRemoveAILimitation]: CreateAction failed: charId=1126, actionId=15, goalId=194, state=2
2026-07-02 04:45:53.7309|INFO|Worker25|AdaptableLog|[TaiwuRemoveAILimitation]: CreateAction failed: charId=2565, actionId=16, goalId=193, state=2
2026-07-02 04:45:53.7309|INFO|Worker14|AdaptableLog|[TaiwuRemoveAILimitation]: CreateAction succeeded: charId=7003, actionId=15, goalId=191, state=2
2026-07-02 04:45:53.7309|INFO|Worker31|AdaptableLog|[TaiwuRemoveAILimitation]: CreateAction succeeded: charId=4541, actionId=15, goalId=195, state=2
2026-07-02 04:45:53.7309|INFO|Worker26|AdaptableLog|[TaiwuRemoveAILimitation]: CreateAction succeeded: charId=3751, actionId=16, goalId=194, state=2
2026-07-02 04:45:53.7309|INFO|Worker1|AdaptableLog|[TaiwuRemoveAILimitation]: CreateAction failed: charId=243, actionId=21, goalId=238, state=2
2026-07-02 04:45:53.7309|INFO|Worker6|AdaptableLog|[TaiwuRemoveAILimitation]: CreateAction failed: charId=10759, actionId=23, goalId=273, state=2
2026-07-02 04:45:53.7309|INFO|Worker5|AdaptableLog|[TaiwuRemoveAILimitation]: CreateAction succeeded: charId=5382, actionId=18, goalId=273, state=2
2026-07-02 04:45:53.7309|INFO|Worker25|AdaptableLog|[TaiwuRemoveAILimitation]: CreateAction succeeded: charId=2565, actionId=16, goalId=196, state=2
2026-07-02 04:45:53.7309|INFO|Worker20|AdaptableLog|[TaiwuRemoveAILimitation]: CreateAction failed: charId=1125, actionId=15, goalId=193, state=2
2026-07-02 04:45:53.7309|INFO|Worker15|AdaptableLog|[TaiwuRemoveAILimitation]: CreateAction succeeded: charId=5207, actionId=19, goalId=238, state=2
2026-07-02 04:45:53.7309|INFO|Worker20|AdaptableLog|[TaiwuRemoveAILimitation]: CreateAction succeeded: charId=1125, actionId=15, goalId=194, state=2
2026-07-02 04:45:53.7309|INFO|Worker29|AdaptableLog|[TaiwuRemoveAILimitation]: CreateAction succeeded: charId=4332, actionId=23, goalId=192, state=2
2026-07-02 04:45:53.7309|INFO|Worker1|AdaptableLog|[TaiwuRemoveAILimitation]: CreateAction succeeded: charId=243, actionId=21, goalId=238, state=2
2026-07-02 04:45:53.7309|INFO|Worker2|AdaptableLog|[TaiwuRemoveAILimitation]: CreateAction succeeded: charId=1276, actionId=15, goalId=238, state=2
2026-07-02 04:45:53.7309|INFO|Worker28|AdaptableLog|[TaiwuRemoveAILimitation]: CreateAction succeeded: charId=875, actionId=19, goalId=238, state=2
2026-07-02 04:45:53.7309|INFO|Worker4|AdaptableLog|[TaiwuRemoveAILimitation]: CreateAction failed: charId=2247, actionId=15, goalId=238, state=2
2026-07-02 04:45:53.7309|INFO|Worker14|AdaptableLog|[TaiwuRemoveAILimitation]: CreateAction succeeded: charId=1345, actionId=15, goalId=5, state=2
2026-07-02 04:45:53.7309|INFO|Worker5|AdaptableLog|[TaiwuRemoveAILimitation]: CreateAction succeeded: charId=8197, actionId=14, goalId=238, state=2
2026-07-02 04:45:53.7309|INFO|Worker6|AdaptableLog|[TaiwuRemoveAILimitation]: CreateAction failed: charId=10759, actionId=14, goalId=241, state=2
2026-07-02 04:45:53.7309|INFO|Worker12|AdaptableLog|[TaiwuRemoveAILimitation]: CreateAction succeeded: charId=3311, actionId=14, goalId=273, state=2
2026-07-02 04:45:53.7467|INFO|Worker13|AdaptableLog|[TaiwuRemoveAILimitation]: CreateAction succeeded: charId=3491, actionId=14, goalId=194, state=2
2026-07-02 04:45:53.7467|INFO|Worker25|AdaptableLog|[TaiwuRemoveAILimitation]: CreateAction failed: charId=2561, actionId=16, goalId=238, state=2
2026-07-02 04:45:53.7467|INFO|Worker21|AdaptableLog|[TaiwuRemoveAILimitation]: CreateAction succeeded: charId=4891, actionId=16, goalId=273, state=2
2026-07-02 04:45:53.7467|INFO|Worker10|AdaptableLog|[TaiwuRemoveAILimitation]: CreateAction succeeded: charId=9968, actionId=18, goalId=190, state=2
2026-07-02 04:45:53.7467|INFO|Worker6|AdaptableLog|[TaiwuRemoveAILimitation]: CreateAction failed: charId=10759, actionId=16, goalId=241, state=2
2026-07-02 04:45:53.7467|INFO|Worker26|AdaptableLog|[TaiwuRemoveAILimitation]: CreateAction succeeded: charId=3990, actionId=17, goalId=183, state=2
2026-07-02 04:45:53.7467|INFO|Worker10|AdaptableLog|[TaiwuRemoveAILimitation]: CreateAction succeeded: charId=2014, actionId=19, goalId=192, state=2
2026-07-02 04:45:53.7467|INFO|Worker1|AdaptableLog|[TaiwuRemoveAILimitation]: CreateAction succeeded: charId=245, actionId=23, goalId=238, state=2
2026-07-02 04:45:53.7467|INFO|Worker22|AdaptableLog|[TaiwuRemoveAILimitation]: CreateAction succeeded: charId=4134, actionId=21, goalId=196, state=2
2026-07-02 04:45:53.7467|INFO|Worker8|AdaptableLog|[TaiwuRemoveAILimitation]: CreateAction succeeded: charId=4973, actionId=21, goalId=238, state=2
2026-07-02 04:45:53.7309|INFO|Worker9|AdaptableLog|[TaiwuRemoveAILimitation]: CreateAction failed: charId=2973, actionId=15, goalId=191, state=2
2026-07-02 04:45:53.7467|INFO|Worker28|AdaptableLog|[TaiwuRemoveAILimitation]: CreateAction failed: charId=925, actionId=20, goalId=193, state=2
2026-07-02 04:45:53.7467|INFO|Worker17|AdaptableLog|[TaiwuRemoveAILimitation]: CreateAction succeeded: charId=3176, actionId=20, goalId=194, state=2
2026-07-02 04:45:53.7467|INFO|Worker3|AdaptableLog|[TaiwuRemoveAILimitation]: CreateAction failed: charId=41, actionId=16, goalId=196, state=2
2026-07-02 04:45:53.7467|INFO|Worker14|AdaptableLog|[TaiwuRemoveAILimitation]: CreateAction failed: charId=1396, actionId=15, goalId=5, state=2
2026-07-02 04:45:53.7467|INFO|Worker18|AdaptableLog|[TaiwuRemoveAILimitation]: CreateAction failed: charId=2064, actionId=21, goalId=193, state=2
2026-07-02 04:45:53.7467|INFO|Worker4|AdaptableLog|[TaiwuRemoveAILimitation]: CreateAction succeeded: charId=2247, actionId=14, goalId=8, state=2
2026-07-02 04:45:53.7467|INFO|Worker23|AdaptableLog|[TaiwuRemoveAILimitation]: CreateAction succeeded: charId=415, actionId=19, goalId=194, state=2
2026-07-02 04:45:53.7467|INFO|Worker15|AdaptableLog|[TaiwuRemoveAILimitation]: CreateAction succeeded: charId=5264, actionId=15, goalId=193, state=2
2026-07-02 04:45:53.7467|INFO|Worker30|AdaptableLog|[TaiwuRemoveAILimitation]: CreateAction succeeded: charId=3399, actionId=17, goalId=238, state=2
2026-07-02 04:45:53.7467|INFO|Worker13|AdaptableLog|[TaiwuRemoveAILimitation]: CreateAction failed: charId=4743, actionId=19, goalId=192, state=2
2026-07-02 04:45:53.7467|INFO|Worker6|AdaptableLog|[TaiwuRemoveAILimitation]: CreateAction failed: charId=11401, actionId=15, goalId=273, state=2
2026-07-02 04:45:53.7467|INFO|Worker1|AdaptableLog|[TaiwuRemoveAILimitation]: CreateAction failed: charId=216, actionId=20, goalId=238, state=2
2026-07-02 04:45:53.7467|INFO|Worker11|AdaptableLog|[TaiwuRemoveAILimitation]: CreateAction succeeded: charId=5156, actionId=15, goalId=238, state=2
2026-07-02 04:45:53.7467|INFO|Worker28|AdaptableLog|[TaiwuRemoveAILimitation]: CreateAction succeeded: charId=925, actionId=20, goalId=238, state=2
2026-07-02 04:45:53.7467|INFO|Worker3|AdaptableLog|[TaiwuRemoveAILimitation]: CreateAction succeeded: charId=41, actionId=16, goalId=238, state=2
2026-07-02 04:45:53.7467|INFO|Worker14|AdaptableLog|[TaiwuRemoveAILimitation]: CreateAction failed: charId=1396, actionId=15, goalId=238, state=2
2026-07-02 04:45:53.7467|INFO|Worker21|AdaptableLog|[TaiwuRemoveAILimitation]: CreateAction succeeded: charId=4832, actionId=20, goalId=195, state=2
2026-07-02 04:45:53.7467|INFO|Worker4|AdaptableLog|[TaiwuRemoveAILimitation]: CreateAction failed: charId=7767, actionId=18, goalId=198, state=2
2026-07-02 04:45:53.7467|INFO|Worker18|AdaptableLog|[TaiwuRemoveAILimitation]: CreateAction failed: charId=2064, actionId=20, goalId=196, state=2
2026-07-02 04:45:53.7467|INFO|Worker7|AdaptableLog|[TaiwuRemoveAILimitation]: CreateAction succeeded: charId=9233, actionId=18, goalId=238, state=2
2026-07-02 04:45:53.7467|INFO|Worker25|AdaptableLog|[TaiwuRemoveAILimitation]: CreateAction succeeded: charId=2466, actionId=14, goalId=195, state=2
2026-07-02 04:45:53.7467|INFO|Worker9|AdaptableLog|[TaiwuRemoveAILimitation]: CreateAction succeeded: charId=3045, actionId=21, goalId=238, state=2
2026-07-02 04:45:53.7467|INFO|Worker17|AdaptableLog|[TaiwuRemoveAILimitation]: CreateAction failed: charId=12133, actionId=16, goalId=273, state=2
2026-07-02 04:45:53.7467|INFO|Worker1|AdaptableLog|[TaiwuRemoveAILimitation]: CreateAction failed: charId=216, actionId=21, goalId=238, state=2
2026-07-02 04:45:53.7467|INFO|Worker15|AdaptableLog|[TaiwuRemoveAILimitation]: CreateAction succeeded: charId=5266, actionId=17, goalId=196, state=2
2026-07-02 04:45:53.7467|INFO|Worker30|AdaptableLog|[TaiwuRemoveAILimitation]: CreateAction succeeded: charId=3409, actionId=17, goalId=273, state=2
2026-07-02 04:45:53.7467|INFO|Worker5|AdaptableLog|[TaiwuRemoveAILimitation]: CreateAction succeeded: charId=7654, actionId=18, goalId=238, state=2
2026-07-02 04:45:53.7467|INFO|Worker3|AdaptableLog|[TaiwuRemoveAILimitation]: CreateAction succeeded: charId=276, actionId=14, goalId=238, state=2
2026-07-02 04:45:53.7467|INFO|Worker30|AdaptableLog|[TaiwuRemoveAILimitation]: CreateAction succeeded: charId=3418, actionId=16, goalId=244, state=2
2026-07-02 04:45:53.7467|INFO|Worker11|AdaptableLog|[TaiwuRemoveAILimitation]: CreateAction succeeded: charId=7376, actionId=15, goalId=241, state=2
2026-07-02 04:45:53.7467|INFO|Worker23|AdaptableLog|[TaiwuRemoveAILimitation]: CreateAction succeeded: charId=520, actionId=14, goalId=191, state=2
2026-07-02 04:45:53.7467|INFO|Worker14|AdaptableLog|[TaiwuRemoveAILimitation]: CreateAction succeeded: charId=1432, actionId=15, goalId=238, state=2
2026-07-02 04:45:53.7467|INFO|Worker4|AdaptableLog|[TaiwuRemoveAILimitation]: CreateAction succeeded: charId=7767, actionId=18, goalId=191, state=2
2026-07-02 04:45:53.7467|INFO|Worker1|AdaptableLog|[TaiwuRemoveAILimitation]: CreateAction succeeded: charId=216, actionId=20, goalId=238, state=2
2026-07-02 04:45:53.7467|INFO|Worker8|AdaptableLog|[TaiwuRemoveAILimitation]: CreateAction succeeded: charId=10446, actionId=19, goalId=238, state=2
2026-07-02 04:45:53.7467|INFO|Worker17|AdaptableLog|[TaiwuRemoveAILimitation]: CreateAction succeeded: charId=3047, actionId=17, goalId=273, state=2
2026-07-02 04:45:53.7467|INFO|Worker0|AdaptableLog|[TaiwuRemoveAILimitation]: CreateAction succeeded: charId=3928, actionId=23, goalId=273, state=2
2026-07-02 04:45:53.7467|INFO|Worker28|AdaptableLog|[TaiwuRemoveAILimitation]: CreateAction succeeded: charId=922, actionId=23, goalId=196, state=2
2026-07-02 04:45:53.7467|INFO|Worker27|AdaptableLog|[TaiwuRemoveAILimitation]: CreateAction succeeded: charId=2511, actionId=20, goalId=195, state=2
2026-07-02 04:45:53.7467|INFO|Worker30|AdaptableLog|[TaiwuRemoveAILimitation]: CreateAction succeeded: charId=3422, actionId=23, goalId=238, state=2
2026-07-02 04:45:53.7467|INFO|Worker8|AdaptableLog|[TaiwuRemoveAILimitation]: CreateAction failed: charId=5077, actionId=17, goalId=238, state=2
2026-07-02 04:45:53.7467|INFO|Worker4|AdaptableLog|[TaiwuRemoveAILimitation]: CreateAction succeeded: charId=7565, actionId=14, goalId=193, state=2
2026-07-02 04:45:53.7467|INFO|Worker15|AdaptableLog|[TaiwuRemoveAILimitation]: CreateAction succeeded: charId=5308, actionId=17, goalId=195, state=2
2026-07-02 04:45:53.7467|INFO|Worker20|AdaptableLog|[TaiwuRemoveAILimitation]: CreateAction succeeded: charId=985, actionId=17, goalId=193, state=2
2026-07-02 04:45:53.7467|INFO|Worker18|AdaptableLog|[TaiwuRemoveAILimitation]: CreateAction succeeded: charId=2342, actionId=17, goalId=241, state=2
2026-07-02 04:45:53.7467|INFO|Worker8|AdaptableLog|[TaiwuRemoveAILimitation]: CreateAction succeeded: charId=5077, actionId=17, goalId=238, state=2
2026-07-02 04:45:53.7467|INFO|Worker11|AdaptableLog|[TaiwuRemoveAILimitation]: CreateAction succeeded: charId=9741, actionId=21, goalId=238, state=2
2026-07-02 04:45:53.7622|INFO|Worker21|AdaptableLog|[TaiwuRemoveAILimitation]: CreateAction failed: charId=4932, actionId=20, goalId=238, state=2
2026-07-02 04:45:53.7622|INFO|Worker15|AdaptableLog|[TaiwuRemoveAILimitation]: CreateAction succeeded: charId=5515, actionId=20, goalId=238, state=2
2026-07-02 04:45:53.7622|INFO|Worker21|AdaptableLog|[TaiwuRemoveAILimitation]: CreateAction failed: charId=274, actionId=16, goalId=194, state=2
2026-07-02 04:45:53.7622|INFO|Worker24|AdaptableLog|[TaiwuRemoveAILimitation]: CreateAction succeeded: charId=2639, actionId=16, goalId=273, state=2
2026-07-02 04:45:53.7622|INFO|Worker21|AdaptableLog|[TaiwuRemoveAILimitation]: CreateAction succeeded: charId=274, actionId=14, goalId=238, state=2
2026-07-02 04:45:53.7622|INFO|Worker30|AdaptableLog|[TaiwuRemoveAILimitation]: CreateAction succeeded: charId=3425, actionId=22, goalId=238, state=2
2026-07-02 04:45:53.7622|INFO|Worker24|AdaptableLog|[TaiwuRemoveAILimitation]: CreateAction succeeded: charId=8173, actionId=16, goalId=238, state=2
2026-07-02 04:45:53.7622|INFO|Worker1|AdaptableLog|[TaiwuRemoveAILimitation]: CreateAction failed: charId=223, actionId=20, goalId=238, state=2
2026-07-02 04:45:53.7622|INFO|Worker24|AdaptableLog|[TaiwuRemoveAILimitation]: CreateAction succeeded: charId=2606, actionId=14, goalId=273, state=2
2026-07-02 04:45:53.7622|INFO|Worker30|AdaptableLog|[TaiwuRemoveAILimitation]: CreateAction succeeded: charId=3453, actionId=15, goalId=273, state=2
2026-07-02 04:45:53.7622|INFO|Worker1|AdaptableLog|[TaiwuRemoveAILimitation]: CreateAction failed: charId=223, actionId=20, goalId=238, state=2
2026-07-02 04:45:53.7622|INFO|Worker27|AdaptableLog|[TaiwuRemoveAILimitation]: CreateAction failed: charId=94, actionId=17, goalId=192, state=2
2026-07-02 04:45:53.7622|INFO|Worker10|AdaptableLog|[TaiwuRemoveAILimitation]: CreateAction succeeded: charId=1854, actionId=23, goalId=273, state=2
2026-07-02 04:45:53.7622|INFO|Worker1|AdaptableLog|[TaiwuRemoveAILimitation]: CreateAction failed: charId=198, actionId=20, goalId=273, state=2
2026-07-02 04:45:53.7622|INFO|Worker11|AdaptableLog|[TaiwuRemoveAILimitation]: CreateAction succeeded: charId=5953, actionId=22, goalId=190, state=2
2026-07-02 04:45:53.7622|INFO|Worker13|AdaptableLog|[TaiwuRemoveAILimitation]: CreateAction failed: charId=4693, actionId=15, goalId=238, state=2
2026-07-02 04:45:53.7622|INFO|Worker7|AdaptableLog|[TaiwuRemoveAILimitation]: CreateAction failed: charId=552, actionId=18, goalId=273, state=2
2026-07-02 04:45:53.7622|INFO|Worker30|AdaptableLog|[TaiwuRemoveAILimitation]: CreateAction succeeded: charId=3424, actionId=16, goalId=273, state=2
2026-07-02 04:45:53.7622|INFO|Worker8|AdaptableLog|[TaiwuRemoveAILimitation]: CreateAction succeeded: charId=4957, actionId=23, goalId=238, state=2
2026-07-02 04:45:53.7622|INFO|Worker0|AdaptableLog|[TaiwuRemoveAILimitation]: CreateAction failed: charId=3799, actionId=20, goalId=238, state=2
2026-07-02 04:45:53.7622|INFO|Worker27|AdaptableLog|[TaiwuRemoveAILimitation]: CreateAction succeeded: charId=94, actionId=17, goalId=194, state=2
2026-07-02 04:45:53.7622|INFO|Worker24|AdaptableLog|[TaiwuRemoveAILimitation]: CreateAction succeeded: charId=2608, actionId=16, goalId=238, state=2
2026-07-02 04:45:53.7622|INFO|Worker8|AdaptableLog|[TaiwuRemoveAILimitation]: CreateAction succeeded: charId=7666, actionId=20, goalId=238, state=2
2026-07-02 04:45:53.7622|INFO|Worker11|AdaptableLog|[TaiwuRemoveAILimitation]: CreateAction failed: charId=5789, actionId=22, goalId=273, state=2
2026-07-02 04:45:53.7622|INFO|Worker14|AdaptableLog|[TaiwuRemoveAILimitation]: CreateAction succeeded: charId=1347, actionId=15, goalId=5, state=2
2026-07-02 04:45:53.7622|INFO|Worker13|AdaptableLog|[TaiwuRemoveAILimitation]: CreateAction succeeded: charId=4693, actionId=15, goalId=195, state=2
2026-07-02 04:45:53.7622|INFO|Worker20|AdaptableLog|[TaiwuRemoveAILimitation]: CreateAction succeeded: charId=950, actionId=21, goalId=238, state=2
2026-07-02 04:45:53.7622|INFO|Worker30|AdaptableLog|[TaiwuRemoveAILimitation]: CreateAction failed: charId=3441, actionId=17, goalId=238, state=2
2026-07-02 04:45:53.7622|INFO|Worker0|AdaptableLog|[TaiwuRemoveAILimitation]: CreateAction succeeded: charId=3799, actionId=20, goalId=241, state=2
2026-07-02 04:45:53.7622|INFO|Worker23|AdaptableLog|[TaiwuRemoveAILimitation]: CreateAction succeeded: charId=473, actionId=17, goalId=192, state=2
2026-07-02 04:45:53.7622|INFO|Worker4|AdaptableLog|[TaiwuRemoveAILimitation]: CreateAction succeeded: charId=8208, actionId=14, goalId=238, state=2
2026-07-02 04:45:53.7622|INFO|Worker1|AdaptableLog|[TaiwuRemoveAILimitation]: CreateAction succeeded: charId=201, actionId=21, goalId=273, state=2
2026-07-02 04:45:53.7622|INFO|Worker6|AdaptableLog|[TaiwuRemoveAILimitation]: CreateAction failed: charId=12549, actionId=16, goalId=273, state=2
2026-07-02 04:45:53.7622|INFO|Worker14|AdaptableLog|[TaiwuRemoveAILimitation]: CreateAction succeeded: charId=1404, actionId=15, goalId=238, state=2
2026-07-02 04:45:53.7622|INFO|Worker30|AdaptableLog|[TaiwuRemoveAILimitation]: CreateAction succeeded: charId=3441, actionId=21, goalId=238, state=2
2026-07-02 04:45:53.7622|INFO|Worker0|AdaptableLog|[TaiwuRemoveAILimitation]: CreateAction succeeded: charId=3826, actionId=23, goalId=273, state=2
2026-07-02 04:45:53.7622|INFO|Worker1|AdaptableLog|[TaiwuRemoveAILimitation]: CreateAction succeeded: charId=225, actionId=21, goalId=273, state=2
2026-07-02 04:45:53.7622|INFO|Worker11|AdaptableLog|[TaiwuRemoveAILimitation]: CreateAction succeeded: charId=5789, actionId=22, goalId=238, state=2
2026-07-02 04:45:53.7622|INFO|Worker0|AdaptableLog|[TaiwuRemoveAILimitation]: CreateAction succeeded: charId=3929, actionId=21, goalId=238, state=2
2026-07-02 04:45:53.7622|INFO|Worker11|AdaptableLog|[TaiwuRemoveAILimitation]: CreateAction failed: charId=8433, actionId=19, goalId=241, state=2
2026-07-02 04:45:53.7622|INFO|Worker8|AdaptableLog|[TaiwuRemoveAILimitation]: CreateAction succeeded: charId=4950, actionId=19, goalId=238, state=2
2026-07-02 04:45:53.7622|INFO|Worker5|AdaptableLog|[TaiwuRemoveAILimitation]: CreateAction succeeded: charId=5387, actionId=14, goalId=273, state=2
2026-07-02 04:45:53.7622|INFO|Worker4|AdaptableLog|[TaiwuRemoveAILimitation]: CreateAction succeeded: charId=2239, actionId=14, goalId=8, state=2
2026-07-02 04:45:53.7622|INFO|Worker17|AdaptableLog|[TaiwuRemoveAILimitation]: CreateAction succeeded: charId=2944, actionId=14, goalId=238, state=2
2026-07-02 04:45:53.7622|INFO|Worker0|AdaptableLog|[TaiwuRemoveAILimitation]: CreateAction succeeded: charId=3801, actionId=17, goalId=238, state=2
2026-07-02 04:45:53.7622|INFO|Worker30|AdaptableLog|[TaiwuRemoveAILimitation]: CreateAction failed: charId=7093, actionId=16, goalId=238, state=2
2026-07-02 04:45:53.7622|INFO|Worker6|AdaptableLog|[TaiwuRemoveAILimitation]: CreateAction failed: charId=9355, actionId=14, goalId=241, state=2
2026-07-02 04:45:53.7622|INFO|Worker11|AdaptableLog|[TaiwuRemoveAILimitation]: CreateAction succeeded: charId=8433, actionId=21, goalId=241, state=2
2026-07-02 04:45:53.7622|INFO|Worker8|AdaptableLog|[TaiwuRemoveAILimitation]: CreateAction succeeded: charId=4951, actionId=20, goalId=238, state=2
2026-07-02 04:45:53.7622|INFO|Worker14|AdaptableLog|[TaiwuRemoveAILimitation]: CreateAction failed: charId=1401, actionId=15, goalId=273, state=2
2026-07-02 04:45:53.7622|INFO|Worker20|AdaptableLog|[TaiwuRemoveAILimitation]: CreateAction succeeded: charId=945, actionId=14, goalId=273, state=2
2026-07-02 04:45:53.7622|INFO|Worker8|AdaptableLog|[TaiwuRemoveAILimitation]: CreateAction failed: charId=4975, actionId=19, goalId=273, state=2
2026-07-02 04:45:53.7622|INFO|Worker5|AdaptableLog|[TaiwuRemoveAILimitation]: CreateAction succeeded: charId=7575, actionId=14, goalId=238, state=2
2026-07-02 04:45:53.7622|INFO|Worker30|AdaptableLog|[TaiwuRemoveAILimitation]: CreateAction succeeded: charId=7093, actionId=16, goalId=238, state=2
2026-07-02 04:45:53.7622|INFO|Worker9|AdaptableLog|[TaiwuRemoveAILimitation]: CreateAction succeeded: charId=2974, actionId=18, goalId=238, state=2
2026-07-02 04:45:53.7622|INFO|Worker11|AdaptableLog|[TaiwuRemoveAILimitation]: CreateAction succeeded: charId=9053, actionId=20, goalId=238, state=2
2026-07-02 04:45:53.7622|INFO|Worker14|AdaptableLog|[TaiwuRemoveAILimitation]: CreateAction succeeded: charId=1401, actionId=15, goalId=196, state=2
2026-07-02 04:45:53.7622|INFO|Worker10|AdaptableLog|[TaiwuRemoveAILimitation]: CreateAction failed: charId=1840, actionId=19, goalId=193, state=2
2026-07-02 04:45:53.7622|INFO|Worker24|AdaptableLog|[TaiwuRemoveAILimitation]: CreateAction succeeded: charId=2585, actionId=16, goalId=273, state=2
2026-07-02 04:45:53.7622|INFO|Worker20|AdaptableLog|[TaiwuRemoveAILimitation]: CreateAction succeeded: charId=941, actionId=18, goalId=238, state=2
2026-07-02 04:45:53.7622|INFO|Worker0|AdaptableLog|[TaiwuRemoveAILimitation]: CreateAction failed: charId=3800, actionId=22, goalId=238, state=2
2026-07-02 04:45:53.7622|INFO|Worker6|AdaptableLog|[TaiwuRemoveAILimitation]: CreateAction failed: charId=11086, actionId=22, goalId=241, state=2
2026-07-02 04:45:53.7622|INFO|Worker4|AdaptableLog|[TaiwuRemoveAILimitation]: CreateAction failed: charId=2234, actionId=14, goalId=8, state=2
2026-07-02 04:45:53.7622|INFO|Worker11|AdaptableLog|[TaiwuRemoveAILimitation]: CreateAction succeeded: charId=11094, actionId=19, goalId=238, state=2
2026-07-02 04:45:53.7622|INFO|Worker5|AdaptableLog|[TaiwuRemoveAILimitation]: CreateAction succeeded: charId=5390, actionId=18, goalId=191, state=2
2026-07-02 04:45:53.7622|INFO|Worker14|AdaptableLog|[TaiwuRemoveAILimitation]: CreateAction succeeded: charId=1385, actionId=15, goalId=5, state=2
2026-07-02 04:45:53.7622|INFO|Worker24|AdaptableLog|[TaiwuRemoveAILimitation]: CreateAction succeeded: charId=2616, actionId=16, goalId=238, state=2
2026-07-02 04:45:53.7622|INFO|Worker6|AdaptableLog|[TaiwuRemoveAILimitation]: CreateAction failed: charId=11086, actionId=21, goalId=238, state=2
2026-07-02 04:45:53.7622|INFO|Worker13|AdaptableLog|[TaiwuRemoveAILimitation]: CreateAction succeeded: charId=4611, actionId=20, goalId=238, state=2
2026-07-02 04:45:53.7622|INFO|Worker0|AdaptableLog|[TaiwuRemoveAILimitation]: CreateAction failed: charId=3811, actionId=22, goalId=273, state=2
2026-07-02 04:45:53.7622|INFO|Worker8|AdaptableLog|[TaiwuRemoveAILimitation]: CreateAction failed: charId=9908, actionId=23, goalId=245, state=2
2026-07-02 04:45:53.7622|INFO|Worker14|AdaptableLog|[TaiwuRemoveAILimitation]: CreateAction succeeded: charId=1405, actionId=15, goalId=5, state=2
2026-07-02 04:45:53.7622|INFO|Worker20|AdaptableLog|[TaiwuRemoveAILimitation]: CreateAction succeeded: charId=991, actionId=17, goalId=190, state=2
2026-07-02 04:45:53.7622|INFO|Worker11|AdaptableLog|[TaiwuRemoveAILimitation]: CreateAction succeeded: charId=5720, actionId=22, goalId=241, state=2
2026-07-02 04:45:53.7622|INFO|Worker8|AdaptableLog|[TaiwuRemoveAILimitation]: CreateAction failed: charId=9908, actionId=23, goalId=245, state=2
2026-07-02 04:45:53.7622|INFO|Worker14|AdaptableLog|[TaiwuRemoveAILimitation]: CreateAction failed: charId=1418, actionId=15, goalId=238, state=2
2026-07-02 04:45:53.7622|INFO|Worker6|AdaptableLog|[TaiwuRemoveAILimitation]: CreateAction succeeded: charId=13320, actionId=18, goalId=241, state=2
2026-07-02 04:45:53.7622|INFO|Worker0|AdaptableLog|[TaiwuRemoveAILimitation]: CreateAction succeeded: charId=3813, actionId=20, goalId=238, state=2
2026-07-02 04:45:53.7622|INFO|Worker24|AdaptableLog|[TaiwuRemoveAILimitation]: CreateAction failed: charId=2634, actionId=16, goalId=238, state=2
2026-07-02 04:45:53.7622|INFO|Worker30|AdaptableLog|[TaiwuRemoveAILimitation]: CreateAction succeeded: charId=10436, actionId=22, goalId=238, state=2
2026-07-02 04:45:53.7622|INFO|Worker14|AdaptableLog|[TaiwuRemoveAILimitation]: CreateAction succeeded: charId=1418, actionId=15, goalId=238, state=2
2026-07-02 04:45:53.7622|INFO|Worker1|AdaptableLog|[TaiwuRemoveAILimitation]: CreateAction succeeded: charId=234, actionId=19, goalId=238, state=2
2026-07-02 04:45:53.7622|INFO|Worker11|AdaptableLog|[TaiwuRemoveAILimitation]: CreateAction succeeded: charId=2842, actionId=16, goalId=187, state=2
2026-07-02 04:45:53.7622|INFO|Worker24|AdaptableLog|[TaiwuRemoveAILimitation]: CreateAction succeeded: charId=2634, actionId=16, goalId=238, state=2
2026-07-02 04:45:53.7622|INFO|Worker10|AdaptableLog|[TaiwuRemoveAILimitation]: CreateAction succeeded: charId=1874, actionId=18, goalId=195, state=2
2026-07-02 04:45:53.7622|INFO|Worker14|AdaptableLog|[TaiwuRemoveAILimitation]: CreateAction succeeded: charId=1360, actionId=15, goalId=5, state=2
2026-07-02 04:45:53.7622|INFO|Worker8|AdaptableLog|[TaiwuRemoveAILimitation]: CreateAction failed: charId=9908, actionId=23, goalId=192, state=2
2026-07-02 04:45:53.7622|INFO|Worker20|AdaptableLog|[TaiwuRemoveAILimitation]: CreateAction succeeded: charId=1004, actionId=21, goalId=192, state=2
2026-07-02 04:45:53.7622|INFO|Worker5|AdaptableLog|[TaiwuRemoveAILimitation]: CreateAction succeeded: charId=5402, actionId=18, goalId=238, state=2
2026-07-02 04:45:53.7622|INFO|Worker0|AdaptableLog|[TaiwuRemoveAILimitation]: CreateAction succeeded: charId=3822, actionId=16, goalId=238, state=2
2026-07-02 04:45:53.7622|INFO|Worker14|AdaptableLog|[TaiwuRemoveAILimitation]: CreateAction succeeded: charId=1388, actionId=15, goalId=5, state=2
2026-07-02 04:45:53.7782|INFO|Worker1|AdaptableLog|[TaiwuRemoveAILimitation]: CreateAction succeeded: charId=215, actionId=21, goalId=238, state=2
2026-07-02 04:45:53.7782|INFO|Worker20|AdaptableLog|[TaiwuRemoveAILimitation]: CreateAction failed: charId=1000, actionId=20, goalId=273, state=2
2026-07-02 04:45:53.7782|INFO|Worker30|AdaptableLog|[TaiwuRemoveAILimitation]: CreateAction succeeded: charId=3427, actionId=15, goalId=273, state=2
2026-07-02 04:45:53.7782|INFO|Worker24|AdaptableLog|[TaiwuRemoveAILimitation]: CreateAction succeeded: charId=2628, actionId=15, goalId=238, state=2
2026-07-02 04:45:53.7782|INFO|Worker5|AdaptableLog|[TaiwuRemoveAILimitation]: CreateAction failed: charId=6904, actionId=14, goalId=238, state=2
2026-07-02 04:45:53.7782|INFO|Worker13|AdaptableLog|[TaiwuRemoveAILimitation]: CreateAction succeeded: charId=8295, actionId=20, goalId=241, state=2
2026-07-02 04:45:53.7782|INFO|Worker0|AdaptableLog|[TaiwuRemoveAILimitation]: CreateAction failed: charId=3843, actionId=20, goalId=238, state=2
2026-07-02 04:45:53.7782|INFO|Worker20|AdaptableLog|[TaiwuRemoveAILimitation]: CreateAction failed: charId=1000, actionId=22, goalId=238, state=2
2026-07-02 04:45:53.7782|INFO|Worker6|AdaptableLog|[TaiwuRemoveAILimitation]: CreateAction failed: charId=13362, actionId=23, goalId=241, state=2
2026-07-02 04:45:53.7782|INFO|Worker5|AdaptableLog|[TaiwuRemoveAILimitation]: CreateAction succeeded: charId=6904, actionId=14, goalId=238, state=2
2026-07-02 04:45:53.7782|INFO|Worker24|AdaptableLog|[TaiwuRemoveAILimitation]: CreateAction succeeded: charId=6999, actionId=16, goalId=190, state=2
2026-07-02 04:45:53.7782|INFO|Worker11|AdaptableLog|[TaiwuRemoveAILimitation]: CreateAction succeeded: charId=5804, actionId=23, goalId=273, state=2
2026-07-02 04:45:53.7782|INFO|Worker30|AdaptableLog|[TaiwuRemoveAILimitation]: CreateAction failed: charId=3437, actionId=17, goalId=238, state=2
2026-07-02 04:45:53.7782|INFO|Worker0|AdaptableLog|[TaiwuRemoveAILimitation]: CreateAction succeeded: charId=3843, actionId=17, goalId=238, state=2
2026-07-02 04:45:53.7782|INFO|Worker30|AdaptableLog|[TaiwuRemoveAILimitation]: CreateAction succeeded: charId=3437, actionId=17, goalId=238, state=2
2026-07-02 04:45:53.7782|INFO|Worker14|AdaptableLog|[TaiwuRemoveAILimitation]: CreateAction succeeded: charId=1361, actionId=15, goalId=5, state=2
2026-07-02 04:45:53.7782|INFO|Worker5|AdaptableLog|[TaiwuRemoveAILimitation]: CreateAction succeeded: charId=13142, actionId=18, goalId=238, state=2
2026-07-02 04:45:53.7782|INFO|Worker14|AdaptableLog|[TaiwuRemoveAILimitation]: CreateAction succeeded: charId=1362, actionId=15, goalId=5, state=2
2026-07-02 04:45:53.7782|INFO|Worker0|AdaptableLog|[TaiwuRemoveAILimitation]: CreateAction succeeded: charId=8328, actionId=22, goalId=241, state=2
2026-07-02 04:45:53.7782|INFO|Worker20|AdaptableLog|[TaiwuRemoveAILimitation]: CreateAction succeeded: charId=1000, actionId=21, goalId=238, state=2
2026-07-02 04:45:53.7782|INFO|Worker11|AdaptableLog|[TaiwuRemoveAILimitation]: CreateAction succeeded: charId=6990, actionId=15, goalId=238, state=2
2026-07-02 04:45:53.7782|INFO|Worker14|AdaptableLog|[TaiwuRemoveAILimitation]: CreateAction succeeded: charId=1387, actionId=15, goalId=245, state=2
2026-07-02 04:45:53.7782|INFO|Worker20|AdaptableLog|[TaiwuRemoveAILimitation]: CreateAction failed: charId=949, actionId=22, goalId=238, state=2
2026-07-02 04:45:53.7782|INFO|Worker20|AdaptableLog|[TaiwuRemoveAILimitation]: CreateAction succeeded: charId=1005, actionId=17, goalId=241, state=2
2026-07-02 04:45:53.7782|INFO|Worker6|AdaptableLog|[TaiwuRemoveAILimitation]: CreateAction failed: charId=3130, actionId=18, goalId=195, state=2
2026-07-02 04:45:53.7782|INFO|Worker0|AdaptableLog|[TaiwuRemoveAILimitation]: CreateAction succeeded: charId=3815, actionId=19, goalId=273, state=2
2026-07-02 04:45:53.7782|INFO|Worker24|AdaptableLog|[TaiwuRemoveAILimitation]: CreateAction succeeded: charId=2601, actionId=14, goalId=238, state=2
2026-07-02 04:45:53.7782|INFO|Worker20|AdaptableLog|[TaiwuRemoveAILimitation]: CreateAction succeeded: charId=971, actionId=23, goalId=238, state=2
2026-07-02 04:45:53.7782|INFO|Worker0|AdaptableLog|[TaiwuRemoveAILimitation]: CreateAction succeeded: charId=3830, actionId=17, goalId=195, state=2
2026-07-02 04:45:53.7782|INFO|Worker30|AdaptableLog|[TaiwuRemoveAILimitation]: CreateAction succeeded: charId=3423, actionId=17, goalId=273, state=2
2026-07-02 04:45:53.7782|INFO|Worker4|AdaptableLog|[TaiwuRemoveAILimitation]: CreateAction succeeded: charId=2228, actionId=15, goalId=193, state=2
2026-07-02 04:45:53.7782|INFO|Worker7|AdaptableLog|[TaiwuRemoveAILimitation]: CreateAction succeeded: charId=8264, actionId=18, goalId=190, state=2
2026-07-02 04:45:53.7782|INFO|Worker0|AdaptableLog|[TaiwuRemoveAILimitation]: CreateAction failed: charId=3803, actionId=22, goalId=238, state=2
2026-07-02 04:45:53.7782|INFO|Worker24|AdaptableLog|[TaiwuRemoveAILimitation]: CreateAction failed: charId=2631, actionId=14, goalId=238, state=2
2026-07-02 04:45:53.7782|INFO|Worker4|AdaptableLog|[TaiwuRemoveAILimitation]: CreateAction succeeded: charId=8933, actionId=14, goalId=191, state=2
2026-07-02 04:45:53.7782|INFO|Worker9|AdaptableLog|[TaiwuRemoveAILimitation]: CreateAction succeeded: charId=7150, actionId=15, goalId=238, state=2
2026-07-02 04:45:53.7782|INFO|Worker5|AdaptableLog|[TaiwuRemoveAILimitation]: CreateAction failed: charId=5391, actionId=14, goalId=273, state=2
2026-07-02 04:45:53.7782|INFO|Worker11|AdaptableLog|[TaiwuRemoveAILimitation]: CreateAction succeeded: charId=7377, actionId=22, goalId=238, state=2
2026-07-02 04:45:53.7782|INFO|Worker0|AdaptableLog|[TaiwuRemoveAILimitation]: CreateAction failed: charId=3803, actionId=21, goalId=238, state=2
2026-07-02 04:45:53.7782|INFO|Worker20|AdaptableLog|[TaiwuRemoveAILimitation]: CreateAction succeeded: charId=996, actionId=20, goalId=195, state=2
2026-07-02 04:45:53.7782|INFO|Worker8|AdaptableLog|[TaiwuRemoveAILimitation]: CreateAction succeeded: charId=4995, actionId=20, goalId=273, state=2
2026-07-02 04:45:53.7782|INFO|Worker1|AdaptableLog|[TaiwuRemoveAILimitation]: CreateAction succeeded: charId=226, actionId=22, goalId=238, state=2
2026-07-02 04:45:53.7782|INFO|Worker9|AdaptableLog|[TaiwuRemoveAILimitation]: CreateAction succeeded: charId=2975, actionId=18, goalId=273, state=2
2026-07-02 04:45:53.7782|INFO|Worker0|AdaptableLog|[TaiwuRemoveAILimitation]: CreateAction failed: charId=3803, actionId=16, goalId=238, state=2
2026-07-02 04:45:53.7782|INFO|Worker14|AdaptableLog|[TaiwuRemoveAILimitation]: CreateAction succeeded: charId=1339, actionId=15, goalId=194, state=2
2026-07-02 04:45:53.7782|INFO|Worker1|AdaptableLog|[TaiwuRemoveAILimitation]: CreateAction succeeded: charId=177, actionId=20, goalId=238, state=2
2026-07-02 04:45:53.7782|INFO|Worker9|AdaptableLog|[TaiwuRemoveAILimitation]: CreateAction succeeded: charId=2980, actionId=14, goalId=238, state=2
2026-07-02 04:45:53.7782|INFO|Worker5|AdaptableLog|[TaiwuRemoveAILimitation]: CreateAction succeeded: charId=5391, actionId=14, goalId=195, state=2
2026-07-02 04:45:53.7782|INFO|Worker11|AdaptableLog|[TaiwuRemoveAILimitation]: CreateAction succeeded: charId=5721, actionId=20, goalId=273, state=2
2026-07-02 04:45:53.7782|INFO|Worker0|AdaptableLog|[TaiwuRemoveAILimitation]: CreateAction succeeded: charId=3803, actionId=17, goalId=196, state=2
2026-07-02 04:45:53.7782|INFO|Worker13|AdaptableLog|[TaiwuRemoveAILimitation]: CreateAction failed: charId=4580, actionId=23, goalId=238, state=2
2026-07-02 04:45:53.7782|INFO|Worker7|AdaptableLog|[TaiwuRemoveAILimitation]: CreateAction succeeded: charId=7527, actionId=18, goalId=238, state=2
2026-07-02 04:45:53.7782|INFO|Worker9|AdaptableLog|[TaiwuRemoveAILimitation]: CreateAction succeeded: charId=2970, actionId=16, goalId=238, state=2
2026-07-02 04:45:53.7782|INFO|Worker20|AdaptableLog|[TaiwuRemoveAILimitation]: CreateAction failed: charId=994, actionId=22, goalId=238, state=2
2026-07-02 04:45:53.7782|INFO|Worker13|AdaptableLog|[TaiwuRemoveAILimitation]: CreateAction failed: charId=4580, actionId=20, goalId=238, state=2
2026-07-02 04:45:53.7782|INFO|Worker0|AdaptableLog|[TaiwuRemoveAILimitation]: CreateAction succeeded: charId=3791, actionId=21, goalId=241, state=2
2026-07-02 04:45:53.7782|INFO|Worker14|AdaptableLog|[TaiwuRemoveAILimitation]: CreateAction succeeded: charId=1364, actionId=15, goalId=273, state=2
2026-07-02 04:45:53.7782|INFO|Worker20|AdaptableLog|[TaiwuRemoveAILimitation]: CreateAction failed: charId=994, actionId=19, goalId=238, state=2
2026-07-02 04:45:53.7782|INFO|Worker11|AdaptableLog|[TaiwuRemoveAILimitation]: CreateAction succeeded: charId=5756, actionId=21, goalId=238, state=2
2026-07-02 04:45:53.7782|INFO|Worker5|AdaptableLog|[TaiwuRemoveAILimitation]: CreateAction succeeded: charId=5351, actionId=14, goalId=273, state=2
2026-07-02 04:45:53.7782|INFO|Worker4|AdaptableLog|[TaiwuRemoveAILimitation]: CreateAction succeeded: charId=7773, actionId=18, goalId=190, state=2
2026-07-02 04:45:53.7782|INFO|Worker8|AdaptableLog|[TaiwuRemoveAILimitation]: CreateAction failed: charId=9903, actionId=23, goalId=238, state=2
2026-07-02 04:45:53.7782|INFO|Worker6|AdaptableLog|[TaiwuRemoveAILimitation]: CreateAction failed: charId=12880, actionId=17, goalId=273, state=2
2026-07-02 04:45:53.7782|INFO|Worker14|AdaptableLog|[TaiwuRemoveAILimitation]: CreateAction failed: charId=8271, actionId=15, goalId=5, state=2
2026-07-02 04:45:53.7782|INFO|Worker4|AdaptableLog|[TaiwuRemoveAILimitation]: CreateAction failed: charId=2382, actionId=17, goalId=238, state=2
2026-07-02 04:45:53.7782|INFO|Worker30|AdaptableLog|[TaiwuRemoveAILimitation]: CreateAction failed: charId=3384, actionId=16, goalId=191, state=2
2026-07-02 04:45:53.7782|INFO|Worker5|AdaptableLog|[TaiwuRemoveAILimitation]: CreateAction failed: charId=5328, actionId=14, goalId=273, state=2
2026-07-02 04:45:53.7782|INFO|Worker13|AdaptableLog|[TaiwuRemoveAILimitation]: CreateAction failed: charId=4597, actionId=15, goalId=273, state=2
2026-07-02 04:45:53.7782|INFO|Worker20|AdaptableLog|[TaiwuRemoveAILimitation]: CreateAction succeeded: charId=970, actionId=17, goalId=241, state=2
2026-07-02 04:45:53.7782|INFO|Worker14|AdaptableLog|[TaiwuRemoveAILimitation]: CreateAction succeeded: charId=8271, actionId=15, goalId=238, state=2
2026-07-02 04:45:53.7782|INFO|Worker24|AdaptableLog|[TaiwuRemoveAILimitation]: CreateAction succeeded: charId=7000, actionId=16, goalId=238, state=2
2026-07-02 04:45:53.7782|INFO|Worker4|AdaptableLog|[TaiwuRemoveAILimitation]: CreateAction succeeded: charId=2382, actionId=17, goalId=196, state=2
2026-07-02 04:45:53.7782|INFO|Worker30|AdaptableLog|[TaiwuRemoveAILimitation]: CreateAction succeeded: charId=3384, actionId=16, goalId=197, state=2
2026-07-02 04:45:53.7782|INFO|Worker5|AdaptableLog|[TaiwuRemoveAILimitation]: CreateAction failed: charId=5328, actionId=18, goalId=238, state=2
2026-07-02 04:45:53.7782|INFO|Worker8|AdaptableLog|[TaiwuRemoveAILimitation]: CreateAction succeeded: charId=4989, actionId=23, goalId=238, state=2
2026-07-02 04:45:53.7782|INFO|Worker13|AdaptableLog|[TaiwuRemoveAILimitation]: CreateAction succeeded: charId=4597, actionId=20, goalId=15, state=2
2026-07-02 04:45:53.7782|INFO|Worker14|AdaptableLog|[TaiwuRemoveAILimitation]: CreateAction succeeded: charId=1342, actionId=15, goalId=194, state=2
2026-07-02 04:45:53.7782|INFO|Worker9|AdaptableLog|[TaiwuRemoveAILimitation]: CreateAction succeeded: charId=2952, actionId=14, goalId=273, state=2
2026-07-02 04:45:53.7782|INFO|Worker1|AdaptableLog|[TaiwuRemoveAILimitation]: CreateAction failed: charId=211, actionId=21, goalId=238, state=2
2026-07-02 04:45:53.7782|INFO|Worker4|AdaptableLog|[TaiwuRemoveAILimitation]: CreateAction succeeded: charId=9857, actionId=18, goalId=198, state=2
2026-07-02 04:45:53.7782|INFO|Worker5|AdaptableLog|[TaiwuRemoveAILimitation]: CreateAction failed: charId=5328, actionId=18, goalId=238, state=2
2026-07-02 04:45:53.7939|INFO|Worker8|AdaptableLog|[TaiwuRemoveAILimitation]: CreateAction succeeded: charId=5005, actionId=19, goalId=273, state=2
2026-07-02 04:45:53.7939|INFO|Worker6|AdaptableLog|[TaiwuRemoveAILimitation]: CreateAction failed: charId=12674, actionId=16, goalId=273, state=2
2026-07-02 04:45:53.7939|INFO|Worker9|AdaptableLog|[TaiwuRemoveAILimitation]: CreateAction failed: charId=2963, actionId=17, goalId=273, state=2
2026-07-02 04:45:53.7939|INFO|Worker1|AdaptableLog|[TaiwuRemoveAILimitation]: CreateAction failed: charId=211, actionId=22, goalId=238, state=2
2026-07-02 04:45:53.7939|INFO|Worker11|AdaptableLog|[TaiwuRemoveAILimitation]: CreateAction succeeded: charId=5799, actionId=22, goalId=238, state=2
2026-07-02 04:45:53.7939|INFO|Worker5|AdaptableLog|[TaiwuRemoveAILimitation]: CreateAction failed: charId=5328, actionId=18, goalId=238, state=2
2026-07-02 04:45:53.7939|INFO|Worker13|AdaptableLog|[TaiwuRemoveAILimitation]: CreateAction failed: charId=4601, actionId=21, goalId=194, state=2
2026-07-02 04:45:53.7939|INFO|Worker8|AdaptableLog|[TaiwuRemoveAILimitation]: CreateAction succeeded: charId=4998, actionId=23, goalId=241, state=2
2026-07-02 04:45:53.7939|INFO|Worker9|AdaptableLog|[TaiwuRemoveAILimitation]: CreateAction failed: charId=2963, actionId=17, goalId=238, state=2
2026-07-02 04:45:53.7939|INFO|Worker8|AdaptableLog|[TaiwuRemoveAILimitation]: CreateAction succeeded: charId=4958, actionId=23, goalId=241, state=2
2026-07-02 04:45:53.7939|INFO|Worker1|AdaptableLog|[TaiwuRemoveAILimitation]: CreateAction failed: charId=211, actionId=20, goalId=238, state=2
2026-07-02 04:45:53.7939|INFO|Worker4|AdaptableLog|[TaiwuRemoveAILimitation]: CreateAction succeeded: charId=2186, actionId=14, goalId=8, state=2
2026-07-02 04:45:53.7939|INFO|Worker20|AdaptableLog|[TaiwuRemoveAILimitation]: CreateAction succeeded: charId=989, actionId=19, goalId=241, state=2
2026-07-02 04:45:53.7939|INFO|Worker13|AdaptableLog|[TaiwuRemoveAILimitation]: CreateAction succeeded: charId=4588, actionId=22, goalId=15, state=2
2026-07-02 04:45:53.7939|INFO|Worker10|AdaptableLog|[TaiwuRemoveAILimitation]: CreateAction failed: charId=1772, actionId=22, goalId=273, state=2
2026-07-02 04:45:53.7939|INFO|Worker9|AdaptableLog|[TaiwuRemoveAILimitation]: CreateAction succeeded: charId=2963, actionId=17, goalId=238, state=2
2026-07-02 04:45:53.7939|INFO|Worker6|AdaptableLog|[TaiwuRemoveAILimitation]: CreateAction failed: charId=13164, actionId=15, goalId=241, state=2
2026-07-02 04:45:53.7939|INFO|Worker1|AdaptableLog|[TaiwuRemoveAILimitation]: CreateAction succeeded: charId=211, actionId=21, goalId=238, state=2
2026-07-02 04:45:53.7939|INFO|Worker8|AdaptableLog|[TaiwuRemoveAILimitation]: CreateAction succeeded: charId=7855, actionId=22, goalId=241, state=2
2026-07-02 04:45:53.7939|INFO|Worker10|AdaptableLog|[TaiwuRemoveAILimitation]: CreateAction succeeded: charId=1860, actionId=18, goalId=273, state=2
2026-07-02 04:45:53.7939|INFO|Worker13|AdaptableLog|[TaiwuRemoveAILimitation]: CreateAction succeeded: charId=4605, actionId=15, goalId=273, state=2
2026-07-02 04:45:53.7939|INFO|Worker14|AdaptableLog|[TaiwuRemoveAILimitation]: CreateAction succeeded: charId=1348, actionId=15, goalId=5, state=2
2026-07-02 04:45:53.7939|INFO|Worker6|AdaptableLog|[TaiwuRemoveAILimitation]: CreateAction failed: charId=11718, actionId=17, goalId=238, state=2
2026-07-02 04:45:53.7939|INFO|Worker20|AdaptableLog|[TaiwuRemoveAILimitation]: CreateAction failed: charId=968, actionId=17, goalId=196, state=2
2026-07-02 04:45:53.7939|INFO|Worker5|AdaptableLog|[TaiwuRemoveAILimitation]: CreateAction failed: charId=5354, actionId=14, goalId=191, state=2
2026-07-02 04:45:53.7939|INFO|Worker10|AdaptableLog|[TaiwuRemoveAILimitation]: CreateAction succeeded: charId=1810, actionId=21, goalId=273, state=2
2026-07-02 04:45:53.7939|INFO|Worker4|AdaptableLog|[TaiwuRemoveAILimitation]: CreateAction succeeded: charId=2196, actionId=15, goalId=8, state=2
2026-07-02 04:45:53.7939|INFO|Worker11|AdaptableLog|[TaiwuRemoveAILimitation]: CreateAction succeeded: charId=5733, actionId=19, goalId=241, state=2
2026-07-02 04:45:53.7939|INFO|Worker10|AdaptableLog|[TaiwuRemoveAILimitation]: CreateAction succeeded: charId=1870, actionId=19, goalId=273, state=2
2026-07-02 04:45:53.7939|INFO|Worker5|AdaptableLog|[TaiwuRemoveAILimitation]: CreateAction failed: charId=5354, actionId=14, goalId=192, state=2
2026-07-02 04:45:53.7939|INFO|Worker4|AdaptableLog|[TaiwuRemoveAILimitation]: CreateAction succeeded: charId=2212, actionId=14, goalId=190, state=2
2026-07-02 04:45:53.7939|INFO|Worker13|AdaptableLog|[TaiwuRemoveAILimitation]: CreateAction succeeded: charId=4557, actionId=15, goalId=273, state=2
2026-07-02 04:45:53.7939|INFO|Worker0|AdaptableLog|[TaiwuRemoveAILimitation]: CreateAction succeeded: charId=3788, actionId=21, goalId=241, state=2
2026-07-02 04:45:53.7939|INFO|Worker10|AdaptableLog|[TaiwuRemoveAILimitation]: CreateAction succeeded: charId=1812, actionId=19, goalId=273, state=2
2026-07-02 04:45:53.7939|INFO|Worker5|AdaptableLog|[TaiwuRemoveAILimitation]: CreateAction succeeded: charId=5354, actionId=18, goalId=197, state=2
2026-07-02 04:45:53.7939|INFO|Worker14|AdaptableLog|[TaiwuRemoveAILimitation]: CreateAction failed: charId=1423, actionId=15, goalId=238, state=2
2026-07-02 04:45:53.7939|INFO|Worker13|AdaptableLog|[TaiwuRemoveAILimitation]: CreateAction succeeded: charId=4558, actionId=19, goalId=273, state=2
2026-07-02 04:45:53.7939|INFO|Worker11|AdaptableLog|[TaiwuRemoveAILimitation]: CreateAction succeeded: charId=5784, actionId=22, goalId=241, state=2
2026-07-02 04:45:53.7939|INFO|Worker0|AdaptableLog|[TaiwuRemoveAILimitation]: CreateAction succeeded: charId=3887, actionId=20, goalId=192, state=2
2026-07-02 04:45:53.7939|INFO|Worker8|AdaptableLog|[TaiwuRemoveAILimitation]: CreateAction succeeded: charId=4994, actionId=21, goalId=238, state=2
2026-07-02 04:45:53.7939|INFO|Worker4|AdaptableLog|[TaiwuRemoveAILimitation]: CreateAction succeeded: charId=2297, actionId=15, goalId=8, state=2
2026-07-02 04:45:53.7939|INFO|Worker1|AdaptableLog|[TaiwuRemoveAILimitation]: CreateAction succeeded: charId=196, actionId=22, goalId=273, state=2
2026-07-02 04:45:53.7939|INFO|Worker20|AdaptableLog|[TaiwuRemoveAILimitation]: CreateAction succeeded: charId=946, actionId=15, goalId=273, state=2
2026-07-02 04:45:53.7939|INFO|Worker9|AdaptableLog|[TaiwuRemoveAILimitation]: CreateAction succeeded: charId=2976, actionId=18, goalId=238, state=2
2026-07-02 04:45:53.7939|INFO|Worker14|AdaptableLog|[TaiwuRemoveAILimitation]: CreateAction succeeded: charId=1423, actionId=15, goalId=191, state=2
2026-07-02 04:45:53.7939|INFO|Worker10|AdaptableLog|[TaiwuRemoveAILimitation]: CreateAction succeeded: charId=8587, actionId=19, goalId=238, state=2
2026-07-02 04:45:53.7939|INFO|Worker5|AdaptableLog|[TaiwuRemoveAILimitation]: CreateAction succeeded: charId=5384, actionId=18, goalId=192, state=2
2026-07-02 04:45:53.7939|INFO|Worker6|AdaptableLog|[TaiwuRemoveAILimitation]: CreateAction failed: charId=14123, actionId=15, goalId=273, state=2
2026-07-02 04:45:53.7939|INFO|Worker4|AdaptableLog|[TaiwuRemoveAILimitation]: CreateAction succeeded: charId=2208, actionId=15, goalId=8, state=2
2026-07-02 04:45:53.7939|INFO|Worker5|AdaptableLog|[TaiwuRemoveAILimitation]: CreateAction succeeded: charId=10741, actionId=18, goalId=238, state=2
2026-07-02 04:45:53.7939|INFO|Worker11|AdaptableLog|[TaiwuRemoveAILimitation]: CreateAction succeeded: charId=5738, actionId=19, goalId=241, state=2
2026-07-02 04:45:53.7939|INFO|Worker20|AdaptableLog|[TaiwuRemoveAILimitation]: CreateAction failed: charId=956, actionId=19, goalId=191, state=2
2026-07-02 04:45:53.7939|INFO|Worker5|AdaptableLog|[TaiwuRemoveAILimitation]: CreateAction succeeded: charId=5441, actionId=18, goalId=273, state=2
2026-07-02 04:45:53.7939|INFO|Worker4|AdaptableLog|[TaiwuRemoveAILimitation]: CreateAction succeeded: charId=2224, actionId=14, goalId=273, state=2
2026-07-02 04:45:53.7939|INFO|Worker8|AdaptableLog|[TaiwuRemoveAILimitation]: CreateAction failed: charId=11064, actionId=23, goalId=241, state=2
2026-07-02 04:45:53.7939|INFO|Worker5|AdaptableLog|[TaiwuRemoveAILimitation]: CreateAction succeeded: charId=5421, actionId=14, goalId=273, state=2
2026-07-02 04:45:53.7939|INFO|Worker4|AdaptableLog|[TaiwuRemoveAILimitation]: CreateAction succeeded: charId=2218, actionId=14, goalId=238, state=2
2026-07-02 04:45:53.7939|INFO|Worker13|AdaptableLog|[TaiwuRemoveAILimitation]: CreateAction failed: charId=4608, actionId=23, goalId=192, state=2
2026-07-02 04:45:53.7939|INFO|Worker9|AdaptableLog|[TaiwuRemoveAILimitation]: CreateAction failed: charId=2997, actionId=18, goalId=238, state=2
2026-07-02 04:45:53.7939|INFO|Worker10|AdaptableLog|[TaiwuRemoveAILimitation]: CreateAction succeeded: charId=1815, actionId=18, goalId=238, state=2
2026-07-02 04:45:53.7939|INFO|Worker13|AdaptableLog|[TaiwuRemoveAILimitation]: CreateAction failed: charId=4608, actionId=23, goalId=193, state=2
2026-07-02 04:45:53.7939|INFO|Worker6|AdaptableLog|[TaiwuRemoveAILimitation]: CreateAction failed: charId=10172, actionId=18, goalId=241, state=2
2026-07-02 04:45:53.7939|INFO|Worker20|AdaptableLog|[TaiwuRemoveAILimitation]: CreateAction succeeded: charId=986, actionId=17, goalId=192, state=2
2026-07-02 04:45:53.7939|INFO|Worker10|AdaptableLog|[TaiwuRemoveAILimitation]: CreateAction succeeded: charId=1783, actionId=19, goalId=273, state=2
2026-07-02 04:45:53.7939|INFO|Worker20|AdaptableLog|[TaiwuRemoveAILimitation]: CreateAction failed: charId=953, actionId=21, goalId=238, state=2
2026-07-02 04:45:53.7939|INFO|Worker10|AdaptableLog|[TaiwuRemoveAILimitation]: CreateAction failed: charId=1867, actionId=21, goalId=273, state=2
2026-07-02 04:45:53.7939|INFO|Worker4|AdaptableLog|[TaiwuRemoveAILimitation]: CreateAction succeeded: charId=2256, actionId=14, goalId=273, state=2
2026-07-02 04:45:53.7939|INFO|Worker5|AdaptableLog|[TaiwuRemoveAILimitation]: CreateAction failed: charId=5327, actionId=18, goalId=273, state=2
2026-07-02 04:45:53.7939|INFO|Worker20|AdaptableLog|[TaiwuRemoveAILimitation]: CreateAction failed: charId=953, actionId=20, goalId=238, state=2
2026-07-02 04:45:53.7939|INFO|Worker7|AdaptableLog|[TaiwuRemoveAILimitation]: CreateAction succeeded: charId=586, actionId=18, goalId=238, state=2
2026-07-02 04:45:53.7939|INFO|Worker13|AdaptableLog|[TaiwuRemoveAILimitation]: CreateAction succeeded: charId=4591, actionId=19, goalId=15, state=2
2026-07-02 04:45:53.7939|INFO|Worker13|AdaptableLog|[TaiwuRemoveAILimitation]: CreateAction failed: charId=4600, actionId=22, goalId=273, state=2
2026-07-02 04:45:53.7939|INFO|Worker4|AdaptableLog|[TaiwuRemoveAILimitation]: CreateAction succeeded: charId=8094, actionId=14, goalId=197, state=2
2026-07-02 04:45:53.7939|INFO|Worker13|AdaptableLog|[TaiwuRemoveAILimitation]: CreateAction failed: charId=4600, actionId=23, goalId=15, state=2
2026-07-02 04:45:53.7939|INFO|Worker11|AdaptableLog|[TaiwuRemoveAILimitation]: CreateAction succeeded: charId=5794, actionId=19, goalId=238, state=2
2026-07-02 04:45:53.7939|INFO|Worker4|AdaptableLog|[TaiwuRemoveAILimitation]: CreateAction succeeded: charId=2252, actionId=18, goalId=238, state=2
2026-07-02 04:45:53.7939|INFO|Worker13|AdaptableLog|[TaiwuRemoveAILimitation]: CreateAction succeeded: charId=4600, actionId=19, goalId=241, state=2
2026-07-02 04:45:53.7939|INFO|Worker10|AdaptableLog|[TaiwuRemoveAILimitation]: CreateAction failed: charId=1867, actionId=22, goalId=193, state=2
2026-07-02 04:45:53.7939|INFO|Worker1|AdaptableLog|[TaiwuRemoveAILimitation]: CreateAction failed: charId=187, actionId=21, goalId=193, state=2
2026-07-02 04:45:53.7939|INFO|Worker10|AdaptableLog|[TaiwuRemoveAILimitation]: CreateAction succeeded: charId=1867, actionId=19, goalId=197, state=2
2026-07-02 04:45:53.7939|INFO|Worker1|AdaptableLog|[TaiwuRemoveAILimitation]: CreateAction succeeded: charId=187, actionId=20, goalId=197, state=2
2026-07-02 04:45:53.7939|INFO|Worker10|AdaptableLog|[TaiwuRemoveAILimitation]: CreateAction succeeded: charId=1861, actionId=18, goalId=273, state=2
2026-07-02 04:45:53.7939|INFO|Worker1|AdaptableLog|[TaiwuRemoveAILimitation]: CreateAction failed: charId=244, actionId=22, goalId=238, state=2
2026-07-02 04:45:53.7939|INFO|Worker5|AdaptableLog|[TaiwuRemoveAILimitation]: CreateAction failed: charId=5334, actionId=14, goalId=179, state=2
2026-07-02 04:45:53.7939|INFO|Worker10|AdaptableLog|[TaiwuRemoveAILimitation]: CreateAction succeeded: charId=1807, actionId=21, goalId=273, state=2
2026-07-02 04:45:53.7939|INFO|Worker7|AdaptableLog|[TaiwuRemoveAILimitation]: CreateAction failed: charId=661, actionId=23, goalId=194, state=2
2026-07-02 04:45:53.7939|INFO|Worker13|AdaptableLog|[TaiwuRemoveAILimitation]: CreateAction succeeded: charId=4581, actionId=15, goalId=273, state=2
2026-07-02 04:45:53.7939|INFO|Worker1|AdaptableLog|[TaiwuRemoveAILimitation]: CreateAction succeeded: charId=244, actionId=21, goalId=238, state=2
2026-07-02 04:45:53.8098|INFO|Worker1|AdaptableLog|[TaiwuRemoveAILimitation]: CreateAction failed: charId=235, actionId=20, goalId=238, state=2
2026-07-02 04:45:53.8098|INFO|Worker1|AdaptableLog|[TaiwuRemoveAILimitation]: CreateAction failed: charId=235, actionId=21, goalId=238, state=2
2026-07-02 04:45:53.8098|INFO|Worker1|AdaptableLog|[TaiwuRemoveAILimitation]: CreateAction succeeded: charId=235, actionId=22, goalId=238, state=2
2026-07-02 04:45:53.8098|INFO|Worker6|AdaptableLog|[TaiwuRemoveAILimitation]: CreateAction failed: charId=3133, actionId=20, goalId=190, state=2
2026-07-02 04:45:53.8098|INFO|Worker6|AdaptableLog|[TaiwuRemoveAILimitation]: CreateAction failed: charId=3133, actionId=19, goalId=191, state=2
2026-07-02 04:45:53.8098|INFO|Worker13|AdaptableLog|[TaiwuRemoveAILimitation]: CreateAction succeeded: charId=4606, actionId=22, goalId=241, state=2
2026-07-02 04:45:53.8098|INFO|Worker11|AdaptableLog|[TaiwuRemoveAILimitation]: CreateAction succeeded: charId=5766, actionId=19, goalId=238, state=2
2026-07-02 04:45:53.8098|INFO|Worker11|AdaptableLog|[TaiwuRemoveAILimitation]: CreateAction succeeded: charId=5798, actionId=14, goalId=273, state=2
2026-07-02 04:45:53.8098|INFO|Worker10|AdaptableLog|[TaiwuRemoveAILimitation]: CreateAction succeeded: charId=7745, actionId=20, goalId=238, state=2
2026-07-02 04:45:53.8098|INFO|Worker4|AdaptableLog|[TaiwuRemoveAILimitation]: CreateAction failed: charId=2226, actionId=14, goalId=194, state=2
2026-07-02 04:45:53.8098|INFO|Worker4|AdaptableLog|[TaiwuRemoveAILimitation]: CreateAction failed: charId=2226, actionId=15, goalId=238, state=2
2026-07-02 04:45:53.8098|INFO|Worker6|AdaptableLog|[TaiwuRemoveAILimitation]: CreateAction failed: charId=13035, actionId=17, goalId=196, state=2
2026-07-02 04:45:53.8098|INFO|Worker6|AdaptableLog|[TaiwuRemoveAILimitation]: CreateAction failed: charId=13035, actionId=14, goalId=193, state=2
2026-07-02 04:45:53.8098|INFO|Worker6|AdaptableLog|[TaiwuRemoveAILimitation]: CreateAction failed: charId=12219, actionId=19, goalId=273, state=2
2026-07-02 04:45:53.8098|INFO|Worker10|AdaptableLog|[TaiwuRemoveAILimitation]: CreateAction failed: charId=1884, actionId=19, goalId=238, state=2
2026-07-02 04:45:53.8098|INFO|Worker5|AdaptableLog|[TaiwuRemoveAILimitation]: CreateAction succeeded: charId=10640, actionId=18, goalId=238, state=2
2026-07-02 04:45:53.8098|INFO|Worker13|AdaptableLog|[TaiwuRemoveAILimitation]: CreateAction succeeded: charId=4607, actionId=19, goalId=238, state=2
2026-07-02 04:45:53.8098|INFO|Worker10|AdaptableLog|[TaiwuRemoveAILimitation]: CreateAction succeeded: charId=1878, actionId=19, goalId=196, state=2
2026-07-02 04:45:53.8098|INFO|Worker4|AdaptableLog|[TaiwuRemoveAILimitation]: CreateAction failed: charId=2226, actionId=14, goalId=195, state=2
2026-07-02 04:45:53.8098|INFO|Worker11|AdaptableLog|[TaiwuRemoveAILimitation]: CreateAction succeeded: charId=5732, actionId=15, goalId=238, state=2
2026-07-02 04:45:53.8098|INFO|Worker13|AdaptableLog|[TaiwuRemoveAILimitation]: CreateAction failed: charId=12404, actionId=22, goalId=15, state=2
2026-07-02 04:45:53.8098|INFO|Worker13|AdaptableLog|[TaiwuRemoveAILimitation]: CreateAction succeeded: charId=12404, actionId=22, goalId=241, state=2
2026-07-02 04:45:53.8098|INFO|Worker11|AdaptableLog|[TaiwuRemoveAILimitation]: CreateAction succeeded: charId=5802, actionId=23, goalId=238, state=2
2026-07-02 04:45:53.8098|INFO|Worker5|AdaptableLog|[TaiwuRemoveAILimitation]: CreateAction failed: charId=5350, actionId=18, goalId=273, state=2
2026-07-02 04:45:53.8098|INFO|Worker11|AdaptableLog|[TaiwuRemoveAILimitation]: CreateAction succeeded: charId=7835, actionId=19, goalId=238, state=2
2026-07-02 04:45:53.8098|INFO|Worker6|AdaptableLog|[TaiwuRemoveAILimitation]: CreateAction failed: charId=12017, actionId=18, goalId=273, state=2
2026-07-02 04:45:53.8098|INFO|Worker11|AdaptableLog|[TaiwuRemoveAILimitation]: CreateAction succeeded: charId=8655, actionId=20, goalId=238, state=2
2026-07-02 04:45:53.8098|INFO|Worker5|AdaptableLog|[TaiwuRemoveAILimitation]: CreateAction failed: charId=9789, actionId=14, goalId=193, state=2
2026-07-02 04:45:53.8098|INFO|Worker13|AdaptableLog|[TaiwuRemoveAILimitation]: CreateAction succeeded: charId=4589, actionId=15, goalId=238, state=2
2026-07-02 04:45:53.8098|INFO|Worker5|AdaptableLog|[TaiwuRemoveAILimitation]: CreateAction failed: charId=9789, actionId=14, goalId=197, state=2
2026-07-02 04:45:53.8098|INFO|Worker11|AdaptableLog|[TaiwuRemoveAILimitation]: CreateAction succeeded: charId=5722, actionId=19, goalId=241, state=2
2026-07-02 04:45:53.8098|INFO|Worker5|AdaptableLog|[TaiwuRemoveAILimitation]: CreateAction succeeded: charId=9789, actionId=14, goalId=238, state=2
2026-07-02 04:45:53.8098|INFO|Worker1|AdaptableLog|[TaiwuRemoveAILimitation]: CreateAction succeeded: charId=195, actionId=21, goalId=238, state=2
2026-07-02 04:45:53.8098|INFO|Worker4|AdaptableLog|[TaiwuRemoveAILimitation]: CreateAction failed: charId=2210, actionId=15, goalId=238, state=2
2026-07-02 04:45:53.8098|INFO|Worker10|AdaptableLog|[TaiwuRemoveAILimitation]: CreateAction succeeded: charId=1793, actionId=23, goalId=238, state=2
2026-07-02 04:45:53.8098|INFO|Worker13|AdaptableLog|[TaiwuRemoveAILimitation]: CreateAction succeeded: charId=4619, actionId=22, goalId=15, state=2
2026-07-02 04:45:53.8098|INFO|Worker4|AdaptableLog|[TaiwuRemoveAILimitation]: CreateAction failed: charId=2210, actionId=18, goalId=238, state=2
2026-07-02 04:45:53.8098|INFO|Worker10|AdaptableLog|[TaiwuRemoveAILimitation]: CreateAction succeeded: charId=1852, actionId=18, goalId=238, state=2
2026-07-02 04:45:53.8098|INFO|Worker13|AdaptableLog|[TaiwuRemoveAILimitation]: CreateAction succeeded: charId=4554, actionId=22, goalId=238, state=2
2026-07-02 04:45:53.8098|INFO|Worker10|AdaptableLog|[TaiwuRemoveAILimitation]: CreateAction succeeded: charId=1796, actionId=20, goalId=238, state=2
2026-07-02 04:45:53.8098|INFO|Worker1|AdaptableLog|[TaiwuRemoveAILimitation]: CreateAction succeeded: charId=217, actionId=19, goalId=273, state=2
2026-07-02 04:45:53.8098|INFO|Worker4|AdaptableLog|[TaiwuRemoveAILimitation]: CreateAction succeeded: charId=2210, actionId=18, goalId=192, state=2
2026-07-02 04:45:53.8098|INFO|Worker1|AdaptableLog|[TaiwuRemoveAILimitation]: CreateAction succeeded: charId=197, actionId=20, goalId=196, state=2
2026-07-02 04:45:53.8098|INFO|Worker4|AdaptableLog|[TaiwuRemoveAILimitation]: CreateAction succeeded: charId=2232, actionId=14, goalId=238, state=2
2026-07-02 04:45:53.8098|INFO|Worker1|AdaptableLog|[TaiwuRemoveAILimitation]: CreateAction succeeded: charId=240, actionId=22, goalId=238, state=2
2026-07-02 04:45:53.8098|INFO|Worker1|AdaptableLog|[TaiwuRemoveAILimitation]: CreateAction succeeded: charId=280, actionId=14, goalId=238, state=2
2026-07-02 04:45:53.8098|INFO|Worker10|AdaptableLog|[TaiwuRemoveAILimitation]: CreateAction failed: charId=1816, actionId=20, goalId=190, state=2
2026-07-02 04:45:53.8098|INFO|Worker10|AdaptableLog|[TaiwuRemoveAILimitation]: CreateAction succeeded: charId=1816, actionId=20, goalId=191, state=2
2026-07-02 04:45:53.8098|INFO|Worker11|AdaptableLog|[TaiwuRemoveAILimitation]: CreateAction succeeded: charId=8009, actionId=15, goalId=238, state=2
2026-07-02 04:45:53.8098|INFO|Worker6|AdaptableLog|[TaiwuRemoveAILimitation]: CreateAction failed: charId=13620, actionId=16, goalId=273, state=2
2026-07-02 04:45:53.8098|INFO|Worker13|AdaptableLog|[TaiwuRemoveAILimitation]: CreateAction succeeded: charId=12583, actionId=59, goalId=235, state=2
2026-07-02 04:45:53.8098|INFO|Worker4|AdaptableLog|[TaiwuRemoveAILimitation]: CreateAction failed: charId=7774, actionId=18, goalId=238, state=2
2026-07-02 04:45:53.8098|INFO|Worker4|AdaptableLog|[TaiwuRemoveAILimitation]: CreateAction succeeded: charId=7774, actionId=18, goalId=238, state=2
2026-07-02 04:45:53.8098|INFO|Worker1|AdaptableLog|[TaiwuRemoveAILimitation]: CreateAction succeeded: charId=270, actionId=19, goalId=238, state=2
2026-07-02 04:45:53.8098|INFO|Worker10|AdaptableLog|[TaiwuRemoveAILimitation]: CreateAction succeeded: charId=7747, actionId=23, goalId=197, state=2
2026-07-02 04:45:53.8098|INFO|Worker10|AdaptableLog|[TaiwuRemoveAILimitation]: CreateAction succeeded: charId=1869, actionId=21, goalId=273, state=2
2026-07-02 04:45:53.8098|INFO|Worker1|AdaptableLog|[TaiwuRemoveAILimitation]: CreateAction succeeded: charId=277, actionId=14, goalId=195, state=2
2026-07-02 04:45:53.8098|INFO|Worker4|AdaptableLog|[TaiwuRemoveAILimitation]: CreateAction failed: charId=2211, actionId=14, goalId=273, state=2
2026-07-02 04:45:53.8098|INFO|Worker4|AdaptableLog|[TaiwuRemoveAILimitation]: CreateAction succeeded: charId=2286, actionId=14, goalId=8, state=2
2026-07-02 04:45:53.8098|INFO|Worker11|AdaptableLog|[TaiwuRemoveAILimitation]: CreateAction failed: charId=9055, actionId=14, goalId=241, state=2
2026-07-02 04:45:53.8252|INFO|Worker11|AdaptableLog|[TaiwuRemoveAILimitation]: CreateAction succeeded: charId=9055, actionId=20, goalId=238, state=2
2026-07-02 04:45:53.8252|INFO|Worker5|AdaptableLog|[TaiwuRemoveAILimitation]: CreateAction succeeded: charId=5353, actionId=14, goalId=273, state=2
2026-07-02 04:45:53.8252|INFO|Worker20|AdaptableLog|[TaiwuRemoveAILimitation]: CreateAction succeeded: charId=944, actionId=17, goalId=192, state=2
2026-07-02 04:45:53.8252|INFO|Worker13|AdaptableLog|[TaiwuRemoveAILimitation]: CreateAction succeeded: charId=4595, actionId=23, goalId=241, state=2
2026-07-02 04:45:53.8252|INFO|Worker11|AdaptableLog|[TaiwuRemoveAILimitation]: CreateAction succeeded: charId=10383, actionId=23, goalId=241, state=2
2026-07-02 04:45:53.8252|INFO|Worker11|AdaptableLog|[TaiwuRemoveAILimitation]: CreateAction succeeded: charId=8590, actionId=23, goalId=238, state=2
2026-07-02 04:45:53.8252|INFO|Worker6|AdaptableLog|[TaiwuRemoveAILimitation]: CreateAction failed: charId=14012, actionId=22, goalId=241, state=2
2026-07-02 04:45:53.8252|INFO|Worker11|AdaptableLog|[TaiwuRemoveAILimitation]: CreateAction succeeded: charId=5744, actionId=19, goalId=241, state=2
2026-07-02 04:45:53.8252|INFO|Worker4|AdaptableLog|[TaiwuRemoveAILimitation]: CreateAction succeeded: charId=2227, actionId=15, goalId=238, state=2
2026-07-02 04:45:53.8252|INFO|Worker20|AdaptableLog|[TaiwuRemoveAILimitation]: CreateAction succeeded: charId=978, actionId=14, goalId=241, state=2
2026-07-02 04:45:53.8252|INFO|Worker4|AdaptableLog|[TaiwuRemoveAILimitation]: CreateAction failed: charId=2250, actionId=18, goalId=273, state=2
2026-07-02 04:45:53.8252|INFO|Worker11|AdaptableLog|[TaiwuRemoveAILimitation]: CreateAction succeeded: charId=6989, actionId=19, goalId=238, state=2
2026-07-02 04:45:53.8252|INFO|Worker20|AdaptableLog|[TaiwuRemoveAILimitation]: CreateAction succeeded: charId=954, actionId=21, goalId=238, state=2
2026-07-02 04:45:53.8252|INFO|Worker6|AdaptableLog|[TaiwuRemoveAILimitation]: CreateAction succeeded: charId=14519, actionId=17, goalId=238, state=2
2026-07-02 04:45:53.8252|INFO|Worker10|AdaptableLog|[TaiwuRemoveAILimitation]: CreateAction failed: charId=1841, actionId=18, goalId=192, state=2
2026-07-02 04:45:53.8252|INFO|Worker20|AdaptableLog|[TaiwuRemoveAILimitation]: CreateAction succeeded: charId=1014, actionId=17, goalId=241, state=2
2026-07-02 04:45:53.8252|INFO|Worker10|AdaptableLog|[TaiwuRemoveAILimitation]: CreateAction succeeded: charId=1841, actionId=18, goalId=193, state=2
2026-07-02 04:45:53.8252|INFO|Worker6|AdaptableLog|[TaiwuRemoveAILimitation]: CreateAction failed: charId=13553, actionId=19, goalId=273, state=2
2026-07-02 04:45:53.8252|INFO|Worker4|AdaptableLog|[TaiwuRemoveAILimitation]: CreateAction failed: charId=2250, actionId=18, goalId=238, state=2
2026-07-02 04:45:53.8252|INFO|Worker11|AdaptableLog|[TaiwuRemoveAILimitation]: CreateAction failed: charId=5755, actionId=20, goalId=238, state=2
2026-07-02 04:45:53.8252|INFO|Worker6|AdaptableLog|[TaiwuRemoveAILimitation]: CreateAction failed: charId=12673, actionId=18, goalId=273, state=2
2026-07-02 04:45:53.8252|INFO|Worker11|AdaptableLog|[TaiwuRemoveAILimitation]: CreateAction failed: charId=5755, actionId=14, goalId=238, state=2
2026-07-02 04:45:53.8252|INFO|Worker11|AdaptableLog|[TaiwuRemoveAILimitation]: CreateAction succeeded: charId=5755, actionId=19, goalId=238, state=2
2026-07-02 04:45:53.8252|INFO|Worker10|AdaptableLog|[TaiwuRemoveAILimitation]: CreateAction succeeded: charId=1798, actionId=18, goalId=238, state=2
2026-07-02 04:45:53.8252|INFO|Worker6|AdaptableLog|[TaiwuRemoveAILimitation]: CreateAction failed: charId=13735, actionId=16, goalId=273, state=2
2026-07-02 04:45:53.8252|INFO|Worker13|AdaptableLog|[TaiwuRemoveAILimitation]: CreateAction failed: charId=4587, actionId=15, goalId=193, state=2
2026-07-02 04:45:53.8252|INFO|Worker4|AdaptableLog|[TaiwuRemoveAILimitation]: CreateAction failed: charId=2261, actionId=14, goalId=8, state=2
2026-07-02 04:45:53.8252|INFO|Worker20|AdaptableLog|[TaiwuRemoveAILimitation]: CreateAction failed: charId=992, actionId=19, goalId=241, state=2
2026-07-02 04:45:53.8252|INFO|Worker11|AdaptableLog|[TaiwuRemoveAILimitation]: CreateAction succeeded: charId=5727, actionId=22, goalId=238, state=2
2026-07-02 04:45:53.8252|INFO|Worker13|AdaptableLog|[TaiwuRemoveAILimitation]: CreateAction succeeded: charId=4587, actionId=15, goalId=197, state=2
2026-07-02 04:45:53.8252|INFO|Worker4|AdaptableLog|[TaiwuRemoveAILimitation]: CreateAction failed: charId=2261, actionId=14, goalId=238, state=2
2026-07-02 04:45:53.8252|INFO|Worker20|AdaptableLog|[TaiwuRemoveAILimitation]: CreateAction failed: charId=992, actionId=22, goalId=241, state=2
2026-07-02 04:45:53.8252|INFO|Worker6|AdaptableLog|[TaiwuRemoveAILimitation]: CreateAction failed: charId=13735, actionId=16, goalId=241, state=2
2026-07-02 04:45:53.8252|INFO|Worker13|AdaptableLog|[TaiwuRemoveAILimitation]: CreateAction failed: charId=4590, actionId=23, goalId=238, state=2
2026-07-02 04:45:53.8252|INFO|Worker4|AdaptableLog|[TaiwuRemoveAILimitation]: CreateAction succeeded: charId=2261, actionId=18, goalId=238, state=2
2026-07-02 04:45:53.8252|INFO|Worker20|AdaptableLog|[TaiwuRemoveAILimitation]: CreateAction failed: charId=992, actionId=17, goalId=241, state=2
2026-07-02 04:45:53.8252|INFO|Worker6|AdaptableLog|[TaiwuRemoveAILimitation]: CreateAction failed: charId=13731, actionId=18, goalId=273, state=2
2026-07-02 04:45:53.8252|INFO|Worker13|AdaptableLog|[TaiwuRemoveAILimitation]: CreateAction succeeded: charId=4590, actionId=23, goalId=238, state=2
2026-07-02 04:45:53.8252|INFO|Worker5|AdaptableLog|[TaiwuRemoveAILimitation]: CreateAction succeeded: charId=5359, actionId=18, goalId=191, state=2
2026-07-02 04:45:53.8252|INFO|Worker4|AdaptableLog|[TaiwuRemoveAILimitation]: CreateAction succeeded: charId=2242, actionId=14, goalId=273, state=2
2026-07-02 04:45:53.8252|INFO|Worker20|AdaptableLog|[TaiwuRemoveAILimitation]: CreateAction succeeded: charId=992, actionId=20, goalId=190, state=2
2026-07-02 04:45:53.8252|INFO|Worker20|AdaptableLog|[TaiwuRemoveAILimitation]: CreateAction succeeded: charId=960, actionId=21, goalId=238, state=2
2026-07-02 04:45:53.8252|INFO|Worker4|AdaptableLog|[TaiwuRemoveAILimitation]: CreateAction succeeded: charId=2265, actionId=14, goalId=8, state=2
2026-07-02 04:45:53.8252|INFO|Worker6|AdaptableLog|[TaiwuRemoveAILimitation]: CreateAction failed: charId=11853, actionId=18, goalId=238, state=2
2026-07-02 04:45:53.8252|INFO|Worker6|AdaptableLog|[TaiwuRemoveAILimitation]: CreateAction failed: charId=11853, actionId=18, goalId=238, state=2
2026-07-02 04:45:53.8252|INFO|Worker6|AdaptableLog|[TaiwuRemoveAILimitation]: CreateAction failed: charId=13730, actionId=14, goalId=273, state=2
2026-07-02 04:45:53.8252|INFO|Worker20|AdaptableLog|[TaiwuRemoveAILimitation]: CreateAction failed: charId=966, actionId=22, goalId=238, state=2
2026-07-02 04:45:53.8252|INFO|Worker11|AdaptableLog|[TaiwuRemoveAILimitation]: CreateAction succeeded: charId=9430, actionId=19, goalId=241, state=2
2026-07-02 04:45:53.8252|INFO|Worker11|AdaptableLog|[TaiwuRemoveAILimitation]: CreateAction succeeded: charId=9823, actionId=20, goalId=238, state=2
2026-07-02 04:45:53.8252|INFO|Worker6|AdaptableLog|[TaiwuRemoveAILimitation]: CreateAction failed: charId=13730, actionId=14, goalId=241, state=2
2026-07-02 04:45:53.8252|INFO|Worker5|AdaptableLog|[TaiwuRemoveAILimitation]: CreateAction succeeded: charId=5472, actionId=15, goalId=273, state=2
2026-07-02 04:45:53.8252|INFO|Worker4|AdaptableLog|[TaiwuRemoveAILimitation]: CreateAction failed: charId=2257, actionId=18, goalId=273, state=2
2026-07-02 04:45:53.8252|INFO|Worker11|AdaptableLog|[TaiwuRemoveAILimitation]: CreateAction succeeded: charId=7375, actionId=23, goalId=238, state=2
2026-07-02 04:45:53.8252|INFO|Worker4|AdaptableLog|[TaiwuRemoveAILimitation]: CreateAction failed: charId=2257, actionId=14, goalId=238, state=2
2026-07-02 04:45:53.8252|INFO|Worker4|AdaptableLog|[TaiwuRemoveAILimitation]: CreateAction succeeded: charId=2257, actionId=18, goalId=192, state=2
2026-07-02 04:45:53.8403|INFO|Worker6|AdaptableLog|[TaiwuRemoveAILimitation]: CreateAction succeeded: charId=6977, actionId=18, goalId=241, state=2
2026-07-02 04:45:53.8403|INFO|Worker11|AdaptableLog|[TaiwuRemoveAILimitation]: CreateAction failed: charId=5791, actionId=19, goalId=238, state=2
2026-07-02 04:45:53.8403|INFO|Worker11|AdaptableLog|[TaiwuRemoveAILimitation]: CreateAction failed: charId=5791, actionId=23, goalId=238, state=2
2026-07-02 04:45:53.8403|INFO|Worker11|AdaptableLog|[TaiwuRemoveAILimitation]: CreateAction succeeded: charId=5791, actionId=19, goalId=238, state=2
2026-07-02 04:45:53.8403|INFO|Worker6|AdaptableLog|[TaiwuRemoveAILimitation]: CreateAction failed: charId=12015, actionId=14, goalId=273, state=2
2026-07-02 04:45:53.8403|INFO|Worker6|AdaptableLog|[TaiwuRemoveAILimitation]: CreateAction failed: charId=12015, actionId=14, goalId=238, state=2
2026-07-02 04:45:53.8403|INFO|Worker4|AdaptableLog|[TaiwuRemoveAILimitation]: CreateAction succeeded: charId=2190, actionId=15, goalId=273, state=2
2026-07-02 04:45:53.8403|INFO|Worker11|AdaptableLog|[TaiwuRemoveAILimitation]: CreateAction failed: charId=8308, actionId=19, goalId=238, state=2
2026-07-02 04:45:53.8403|INFO|Worker11|AdaptableLog|[TaiwuRemoveAILimitation]: CreateAction succeeded: charId=8308, actionId=21, goalId=238, state=2
2026-07-02 04:45:53.8403|INFO|Worker6|AdaptableLog|[TaiwuRemoveAILimitation]: CreateAction failed: charId=11508, actionId=14, goalId=273, state=2
2026-07-02 04:45:53.8403|INFO|Worker11|AdaptableLog|[TaiwuRemoveAILimitation]: CreateAction succeeded: charId=8720, actionId=14, goalId=18, state=2
2026-07-02 04:45:53.8403|INFO|Worker11|AdaptableLog|[TaiwuRemoveAILimitation]: CreateAction succeeded: charId=8010, actionId=19, goalId=238, state=2
2026-07-02 04:45:53.8403|INFO|Worker6|AdaptableLog|[TaiwuRemoveAILimitation]: CreateAction failed: charId=13196, actionId=14, goalId=179, state=2
2026-07-02 04:45:53.8403|INFO|Worker11|AdaptableLog|[TaiwuRemoveAILimitation]: CreateAction succeeded: charId=5761, actionId=14, goalId=18, state=2
2026-07-02 04:45:53.8403|INFO|Worker11|AdaptableLog|[TaiwuRemoveAILimitation]: CreateAction succeeded: charId=5745, actionId=14, goalId=238, state=2
2026-07-02 04:45:53.8403|INFO|Worker11|AdaptableLog|[TaiwuRemoveAILimitation]: CreateAction succeeded: charId=7495, actionId=22, goalId=241, state=2
2026-07-02 04:45:53.8403|INFO|Worker11|AdaptableLog|[TaiwuRemoveAILimitation]: CreateAction failed: charId=8592, actionId=23, goalId=241, state=2
2026-07-02 04:45:53.8403|INFO|Worker11|AdaptableLog|[TaiwuRemoveAILimitation]: CreateAction failed: charId=8592, actionId=21, goalId=238, state=2
2026-07-02 04:45:53.8403|INFO|Worker11|AdaptableLog|[TaiwuRemoveAILimitation]: CreateAction failed: charId=11283, actionId=21, goalId=238, state=2
2026-07-02 04:45:53.8403|INFO|Worker11|AdaptableLog|[TaiwuRemoveAILimitation]: CreateAction succeeded: charId=5786, actionId=22, goalId=238, state=2
2026-07-02 04:45:53.8403|INFO|Worker11|AdaptableLog|[TaiwuRemoveAILimitation]: CreateAction succeeded: charId=5747, actionId=23, goalId=273, state=2
2026-07-02 04:45:53.8403|INFO|Worker11|AdaptableLog|[TaiwuRemoveAILimitation]: CreateAction succeeded: charId=7718, actionId=22, goalId=238, state=2
2026-07-02 04:45:53.8403|INFO|Worker11|AdaptableLog|[TaiwuRemoveAILimitation]: CreateAction failed: charId=5810, actionId=22, goalId=273, state=2
2026-07-02 04:45:53.8403|INFO|Worker11|AdaptableLog|[TaiwuRemoveAILimitation]: CreateAction failed: charId=5810, actionId=19, goalId=241, state=2
2026-07-02 04:45:53.8403|INFO|Worker11|AdaptableLog|[TaiwuRemoveAILimitation]: CreateAction succeeded: charId=5810, actionId=21, goalId=238, state=2
2026-07-02 04:45:53.8403|INFO|Worker6|AdaptableLog|[TaiwuRemoveAILimitation]: CreateAction failed: charId=13552, actionId=15, goalId=273, state=2
2026-07-02 04:45:53.8403|INFO|Worker11|AdaptableLog|[TaiwuRemoveAILimitation]: CreateAction succeeded: charId=10204, actionId=22, goalId=238, state=2
2026-07-02 04:45:53.8403|INFO|Worker11|AdaptableLog|[TaiwuRemoveAILimitation]: CreateAction succeeded: charId=5740, actionId=14, goalId=238, state=2
2026-07-02 04:45:53.8562|INFO|Worker11|AdaptableLog|[TaiwuRemoveAILimitation]: CreateAction succeeded: charId=5739, actionId=21, goalId=241, state=2
2026-07-02 04:45:53.8562|INFO|Worker11|AdaptableLog|[TaiwuRemoveAILimitation]: CreateAction succeeded: charId=5803, actionId=22, goalId=273, state=2
2026-07-02 04:45:53.8562|INFO|Worker6|AdaptableLog|[TaiwuRemoveAILimitation]: CreateAction failed: charId=12249, actionId=16, goalId=273, state=2
2026-07-02 04:45:53.8562|INFO|Worker11|AdaptableLog|[TaiwuRemoveAILimitation]: CreateAction failed: charId=5880, actionId=17, goalId=273, state=2
2026-07-02 04:45:53.8562|INFO|Worker11|AdaptableLog|[TaiwuRemoveAILimitation]: CreateAction failed: charId=5880, actionId=15, goalId=238, state=2
2026-07-02 04:45:53.8562|INFO|Worker11|AdaptableLog|[TaiwuRemoveAILimitation]: CreateAction failed: charId=5880, actionId=15, goalId=195, state=2
2026-07-02 04:45:53.8562|INFO|Worker11|AdaptableLog|[TaiwuRemoveAILimitation]: CreateAction failed: charId=5880, actionId=15, goalId=192, state=2
2026-07-02 04:45:53.8562|INFO|Worker11|AdaptableLog|[TaiwuRemoveAILimitation]: CreateAction failed: charId=5880, actionId=15, goalId=196, state=2
2026-07-02 04:45:53.8562|INFO|Worker11|AdaptableLog|[TaiwuRemoveAILimitation]: CreateAction succeeded: charId=5919, actionId=17, goalId=238, state=2
2026-07-02 04:45:53.8562|INFO|Worker6|AdaptableLog|[TaiwuRemoveAILimitation]: CreateAction failed: charId=9210, actionId=15, goalId=241, state=2
2026-07-02 04:45:53.8562|INFO|Worker6|AdaptableLog|[TaiwuRemoveAILimitation]: CreateAction failed: charId=9210, actionId=15, goalId=238, state=2
2026-07-02 04:45:53.8562|INFO|Worker6|AdaptableLog|[TaiwuRemoveAILimitation]: CreateAction failed: charId=9210, actionId=15, goalId=238, state=2
2026-07-02 04:45:53.8562|INFO|Worker6|AdaptableLog|[TaiwuRemoveAILimitation]: CreateAction succeeded: charId=9620, actionId=17, goalId=273, state=2
2026-07-02 04:45:53.8562|INFO|Worker6|AdaptableLog|[TaiwuRemoveAILimitation]: CreateAction failed: charId=13732, actionId=14, goalId=241, state=2
2026-07-02 04:45:53.8562|INFO|Worker6|AdaptableLog|[TaiwuRemoveAILimitation]: CreateAction failed: charId=13732, actionId=14, goalId=241, state=2
2026-07-02 04:45:53.8562|INFO|Worker6|AdaptableLog|[TaiwuRemoveAILimitation]: CreateAction failed: charId=13732, actionId=14, goalId=187, state=2
2026-07-02 04:45:53.8562|INFO|Worker6|AdaptableLog|[TaiwuRemoveAILimitation]: CreateAction failed: charId=11031, actionId=16, goalId=273, state=2
2026-07-02 04:45:53.8562|INFO|Worker6|AdaptableLog|[TaiwuRemoveAILimitation]: CreateAction failed: charId=9458, actionId=18, goalId=273, state=2
2026-07-02 04:45:53.8562|INFO|Worker6|AdaptableLog|[TaiwuRemoveAILimitation]: CreateAction failed: charId=13246, actionId=15, goalId=273, state=2
2026-07-02 04:45:53.8562|INFO|Worker6|AdaptableLog|[TaiwuRemoveAILimitation]: CreateAction failed: charId=11811, actionId=16, goalId=273, state=2
2026-07-02 04:45:53.8759|INFO|Worker6|AdaptableLog|[TaiwuRemoveAILimitation]: CreateAction failed: charId=13736, actionId=14, goalId=183, state=2
2026-07-02 04:45:53.8759|INFO|Worker6|AdaptableLog|[TaiwuRemoveAILimitation]: CreateAction failed: charId=8481, actionId=18, goalId=273, state=2
2026-07-02 04:45:53.8759|INFO|Worker6|AdaptableLog|[TaiwuRemoveAILimitation]: CreateAction failed: charId=14499, actionId=15, goalId=187, state=2
2026-07-02 04:45:53.8759|INFO|Worker6|AdaptableLog|[TaiwuRemoveAILimitation]: CreateAction failed: charId=13520, actionId=17, goalId=273, state=2
2026-07-02 04:45:53.8759|INFO|Worker6|AdaptableLog|[TaiwuRemoveAILimitation]: CreateAction failed: charId=13520, actionId=17, goalId=190, state=2
2026-07-02 04:45:53.8759|INFO|Worker6|AdaptableLog|[TaiwuRemoveAILimitation]: CreateAction failed: charId=14389, actionId=14, goalId=273, state=2
2026-07-02 04:45:53.8879|INFO|Worker6|AdaptableLog|[TaiwuRemoveAILimitation]: CreateAction failed: charId=12379, actionId=17, goalId=194, state=2
2026-07-02 04:45:53.8879|INFO|Worker6|AdaptableLog|[TaiwuRemoveAILimitation]: CreateAction failed: charId=12379, actionId=17, goalId=193, state=2
2026-07-02 04:45:53.8879|INFO|Worker6|AdaptableLog|[TaiwuRemoveAILimitation]: CreateAction failed: charId=13225, actionId=15, goalId=179, state=2
2026-07-02 04:45:53.8879|INFO|Worker6|AdaptableLog|[TaiwuRemoveAILimitation]: CreateAction failed: charId=13371, actionId=17, goalId=273, state=2
2026-07-02 04:45:53.8879|INFO|Worker6|AdaptableLog|[TaiwuRemoveAILimitation]: CreateAction failed: charId=12422, actionId=18, goalId=238, state=2
2026-07-02 04:45:53.8879|INFO|Worker6|AdaptableLog|[TaiwuRemoveAILimitation]: CreateAction failed: charId=12381, actionId=17, goalId=273, state=2
2026-07-02 04:45:53.8879|INFO|Worker6|AdaptableLog|[TaiwuRemoveAILimitation]: CreateAction failed: charId=14280, actionId=19, goalId=273, state=2
2026-07-02 04:45:53.8879|INFO|Worker6|AdaptableLog|[TaiwuRemoveAILimitation]: CreateAction failed: charId=13199, actionId=15, goalId=273, state=2
2026-07-02 04:45:53.8879|INFO|Worker6|AdaptableLog|[TaiwuRemoveAILimitation]: CreateAction failed: charId=12931, actionId=16, goalId=273, state=2
2026-07-02 04:45:53.9059|INFO|Worker6|AdaptableLog|[TaiwuRemoveAILimitation]: CreateAction failed: charId=12420, actionId=15, goalId=192, state=2
2026-07-02 04:45:53.9059|INFO|Worker6|AdaptableLog|[TaiwuRemoveAILimitation]: CreateAction failed: charId=12420, actionId=15, goalId=193, state=2
2026-07-02 04:45:53.9059|INFO|Worker6|AdaptableLog|[TaiwuRemoveAILimitation]: CreateAction failed: charId=13401, actionId=16, goalId=273, state=2
2026-07-02 04:45:53.9059|INFO|Worker6|AdaptableLog|[TaiwuRemoveAILimitation]: CreateAction failed: charId=13401, actionId=15, goalId=238, state=2
2026-07-02 04:45:53.9059|INFO|Worker6|AdaptableLog|[TaiwuRemoveAILimitation]: CreateAction failed: charId=13368, actionId=18, goalId=273, state=2
2026-07-02 04:45:53.9059|INFO|Worker6|AdaptableLog|[TaiwuRemoveAILimitation]: CreateAction failed: charId=13368, actionId=18, goalId=238, state=2
2026-07-02 04:45:53.9059|INFO|Worker6|AdaptableLog|[TaiwuRemoveAILimitation]: CreateAction failed: charId=13368, actionId=18, goalId=194, state=2
2026-07-02 04:45:53.9059|INFO|Worker6|AdaptableLog|[TaiwuRemoveAILimitation]: CreateAction failed: charId=13198, actionId=14, goalId=238, state=2
2026-07-02 04:45:53.9059|INFO|Worker6|AdaptableLog|[TaiwuRemoveAILimitation]: CreateAction failed: charId=13364, actionId=15, goalId=273, state=2
2026-07-02 04:45:53.9059|INFO|Worker6|AdaptableLog|[TaiwuRemoveAILimitation]: CreateAction failed: charId=8804, actionId=21, goalId=273, state=2
2026-07-02 04:45:53.9059|INFO|Worker6|AdaptableLog|[TaiwuRemoveAILimitation]: CreateAction failed: charId=3186, actionId=14, goalId=238, state=2
2026-07-02 04:45:53.9059|INFO|Worker6|AdaptableLog|[TaiwuRemoveAILimitation]: CreateAction succeeded: charId=3180, actionId=22, goalId=238, state=2
2026-07-02 04:45:53.9192|INFO|Main|AdaptableLog|[TaiwuRemoveAILimitation]: ExecuteAction finished: char=山寨大夫-隗青(3928)(id=3928), action=制造毒药(A23), target=<none>, no-next-action
2026-07-02 04:45:53.9192|INFO|Main|AdaptableLog|[TaiwuRemoveAILimitation]: ExecuteAction finished: char=空桑派玄炉院弟子-詹允植(3929)(id=3929), action=制造解毒药(A21), target=<none>, no-next-action
2026-07-02 04:45:53.9192|INFO|Main|AdaptableLog|[TaiwuRemoveAILimitation]: ExecuteAction finished: char=空桑派药王-曾晗渊(3801)(id=3801), action=锻造织物道具(A17), target=<none>, no-next-action
2026-07-02 04:45:53.9192|INFO|Main|AdaptableLog|[TaiwuRemoveAILimitation]: ExecuteAction finished: char=空桑派长老-令狐普(3813)(id=3813), action=制作疗伤药(A20), target=<none>, no-next-action
2026-07-02 04:45:53.9192|INFO|Main|AdaptableLog|[TaiwuRemoveAILimitation]: ExecuteAction finished: char=空桑派长老-傅振豪(3822)(id=3822), action=锻造玉石道具(A16), target=<none>, no-next-action
2026-07-02 04:45:53.9192|INFO|Main|AdaptableLog|[TaiwuRemoveAILimitation]: ExecuteAction finished: char=空桑派蛟士-子车清霞(3843)(id=3843), action=锻造织物道具(A17), target=<none>, no-next-action
2026-07-02 04:45:53.9192|INFO|Main|AdaptableLog|[TaiwuRemoveAILimitation]: ExecuteAction finished: char=空桑派药王-钟典纲(3815)(id=3815), action=制造健康药(A19), target=<none>, no-next-action
2026-07-02 04:45:53.9192|INFO|Main|AdaptableLog|[TaiwuRemoveAILimitation]: ExecuteAction finished: char=空桑派长老-章少蕾(3830)(id=3830), action=锻造织物道具(A17), target=<none>, no-next-action
2026-07-02 04:45:53.9192|INFO|Main|AdaptableLog|[TaiwuRemoveAILimitation]: ExecuteAction finished: char=空桑派长老-蓝无端(3803)(id=3803), action=锻造织物道具(A17), target=<none>, no-next-action
2026-07-02 04:45:53.9192|INFO|Main|AdaptableLog|[TaiwuRemoveAILimitation]: ExecuteAction finished: char=市镇手艺人-周居泰(280)(id=280), action=锻造金铁道具(A14), target=<none>, no-next-action
2026-07-02 04:45:53.9192|INFO|Main|AdaptableLog|[TaiwuRemoveAILimitation]: ExecuteAction finished: char=伏龙坛岛主-喻翠箫(5441)(id=5441), action=制造菜肴(A18), target=<none>, no-next-action
2026-07-02 04:45:53.9532|INFO|Main|AdaptableLog|[TaiwuRemoveAILimitation]: ExecuteAction finished: char=市镇大夫-管雅厚(2014)(id=2014), action=制造健康药(A19), target=<none>, no-next-action
2026-07-02 04:45:53.9532|INFO|Main|AdaptableLog|[TaiwuRemoveAILimitation]: ExecuteAction finished: char=五仙教教众-孟锡媛(12583)(id=12583), action=研读旧书(A59), target=<none>, no-next-action
2026-07-02 04:45:53.9673|INFO|Main|AdaptableLog|[TaiwuRemoveAILimitation]: ExecuteAction finished: char=市镇大夫-伍若霖(1690)(id=1690), action=制作调息药(A22), target=<none>, no-next-action
2026-07-02 04:45:53.9673|INFO|Main|AdaptableLog|[TaiwuRemoveAILimitation]: ExecuteAction finished: char=百花谷朱匣弟子-莫梦滢(983)(id=983), action=制造解毒药(A21), target=<none>, next=售出道具(A35)
2026-07-02 04:45:53.9673|INFO|Main|AdaptableLog|[TaiwuRemoveAILimitation]: ExecuteAction finished: char=百花谷玉匣弟子-左斯昌(1000)(id=1000), action=制造解毒药(A21), target=<none>, no-next-action
2026-07-02 04:45:53.9673|INFO|Main|AdaptableLog|[TaiwuRemoveAILimitation]: ExecuteAction finished: char=百花谷玉匣弟子-包珠(996)(id=996), action=制作疗伤药(A20), target=<none>, next=售出道具(A35)
2026-07-02 04:45:53.9673|INFO|Main|AdaptableLog|[TaiwuRemoveAILimitation]: ExecuteAction finished: char=百花谷掌匣人-谷圭(944)(id=944), action=锻造织物道具(A17), target=<none>, next=发起挑战(A84)
2026-07-02 04:45:53.9847|INFO|Main|GameData.Domains.Global.GlobalDomain|[AdvanceMonth_Execute] CharacterActionPlanning: 1,181.6
2026-07-02 04:45:54.0514|INFO|Main|GameData.Domains.Global.GlobalDomain|[AdvanceMonth_Execute] CharacterFixedAction: 66.5
2026-07-02 04:45:54.1264|INFO|Main|GameData.Domains.Global.GlobalDomain|[AdvanceMonth_Execute] UpdateInformation: 73.0
2026-07-02 04:45:54.1458|INFO|Main|GameData.Domains.Global.GlobalDomain|[AdvanceMonth_Execute] UpdateInfectedCharacters: 0.0
2026-07-02 04:45:54.1690|INFO|Main|GameData.Domains.Global.GlobalDomain|[AdvanceMonth_Execute] UpdateCharacterMovements: 23.0
2026-07-02 04:45:54.2017|INFO|Main|GameData.Domains.Extra.ExtraDomain|Creating cricket at {31, 507} by building area effect at {31, 473}.
2026-07-02 04:45:54.6306|INFO|Main|GameData.Domains.Global.GlobalDomain|[AdvanceMonth_Execute] UpdateOrganizationMembers: 428.4
2026-07-02 04:45:54.6385|INFO|Main|AdaptableLog|Prisoner 青州城主夫人/城主老爷-褚雅(5928) removed from 然山派.
2026-07-02 04:45:54.6385|INFO|Main|AdaptableLog|
2026-07-02 04:45:54.6385|INFO|Main|AdaptableLog|璇女派关押璇女派璇仙使-农诗贤(2957)，初始值：立场1 * (罪行2 * 5 - 身份7) = 3，精纯影响：精纯上限18 + 囚犯精纯16 - 守卫平均精纯16 = 18，时长影响：总时长6 - 2 * 已关押时长3 = 0，共计：21
2026-07-02 04:45:54.6385|INFO|Main|AdaptableLog|逃跑概率：(21 - 100) * (100 - 20[9品长绳]) / 100 + 0 * 20 = -63%，最终取0%
2026-07-02 04:45:54.6385|INFO|Main|AdaptableLog|逃跑×失败
2026-07-02 04:45:54.6385|INFO|Main|AdaptableLog|
2026-07-02 04:45:54.6385|WARN|Main|AdaptableLog|[Adventure]: AutoGenerateByConfig cost 0ms
2026-07-02 04:45:54.6567|INFO|Main|GameData.Domains.TaiwuEvent.EventScriptRuntime|做一个保底机制确保不会变成捕快窝
2026-07-02 04:45:54.6567|INFO|Main|GameData.Domains.TaiwuEvent.EventScriptRuntime|刷新各类捕快数量
2026-07-02 04:45:54.6567|INFO|Main|GameData.Domains.TaiwuEvent.EventScriptRuntime|现在是修习外出状态，清空捕快中
2026-07-02 04:45:54.7946|WARN|Main|AdaptableLog|get invalid vital data by type Heaven
2026-07-02 04:45:54.7946|WARN|Main|AdaptableLog|get invalid vital data by type Earth
2026-07-02 04:45:54.7946|WARN|Main|AdaptableLog|get invalid vital data by type Human
2026-07-02 04:45:54.8332|INFO|Main|GameData.Domains.World.WorldDomain|Removing monthly event Config.MonthlyEventItem(274) at 211 of size 3 from a collection of size 214 and count 12
2026-07-02 04:45:54.8332|INFO|Main|GameData.Domains.World.WorldDomain|CheckMonthlyEvents: 11 events detected.
2026-07-02 04:45:54.8332|INFO|Main|GameData.Domains.World.WorldDomain|AdvanceMonth: end --------------------------------------------------------------
2026-07-02 04:45:54.8332|INFO|Main|GameData.Domains.World.WorldDomain|Advance Month Time Cost: 3063ms
2026-07-02 04:45:55.0509|INFO|Main|GameData.Domains.Global.GlobalDomain|Required Space: 1073741824 bytes.
Available Space: 1399471337472
2026-07-02 04:45:56.8720|INFO|Main|GameData.Domains.World.WorldDomain|Exit advancing month state and start saving world.
2026-07-02 04:45:56.8736|INFO|Main|GameData.Domains.World.WorldDomain|Currrent Population / World Standard Population: 6507/5184, Probability Adjustment of Creating Character: 100%
2026-07-02 04:45:56.8736|INFO|Main|GameData.Domains.Character.CharacterDomain|[[203]] Alive characters: 7312, dead characters: 4303
2026-07-02 04:45:56.8736|INFO|Main|GameData.Domains.Character.CharacterDomain|Non-intelligent characters: 117
  16564: 381-无名侠客
  16543: 370-百邪
  16537: 370-百邪
  16551: 1124-古将残魂
  16552: 370-百邪
  16544: 370-百邪
  16565: 381-无名侠客
  16553: 370-百邪
  16182: 480-金刚院弟子
  8225: 377-年轻侠士
  7427: 377-年轻侠士
  16186: 480-金刚院弟子
  16555: 370-百邪
  16541: 370-百邪
  7428: 377-年轻侠士
  16557: 370-百邪
  16550: 1119-古兵残魂
  8345: 377-年轻侠士
  16554: 370-百邪
  16549: 1124-古将残魂
  7426: 377-年轻侠士
  16536: 370-百邪
  16556: 370-百邪
  7425: 377-年轻侠士
  16542: 370-百邪
  16545: 370-百邪
  8224: 377-年轻侠士
  8223: 377-年轻侠士
  16558: 370-百邪
  16546: 1119-古兵残魂
  16559: 370-百邪
  7203: 377-年轻侠士
  16185: 480-金刚院弟子
  16548: 1119-古兵残魂
  16547: 1124-古将残魂
  16535: 370-百邪
  7219: 377-年轻侠士
  7424: 377-年轻侠士
  7423: 377-年轻侠士
  16538: 370-百邪

2026-07-02 04:45:56.8736|INFO|Main|AdaptableLog|EventArgBox newly created: 3 instances, 307 object collections.
2026-07-02 04:45:56.8736|WARN|Main|GameData.Domains.Item.ItemDomain|4 unowned Weapon detected.
2026-07-02 04:45:56.8736|WARN|Main|GameData.Domains.Item.ItemDomain|12 unowned Armor detected.
2026-07-02 04:45:56.8736|WARN|Main|GameData.Domains.Item.ItemDomain|9 unowned Accessory detected.
2026-07-02 04:45:56.8736|WARN|Main|GameData.Domains.Item.ItemDomain|9 unowned Carrier detected.
2026-07-02 04:45:56.8736|WARN|Main|GameData.Domains.Item.ItemDomain|8 unowned CraftTool detected.
2026-07-02 04:45:56.8736|WARN|Main|GameData.Domains.Item.ItemDomain|5 unowned TeaWine detected.
2026-07-02 04:45:56.8736|WARN|Main|GameData.Domains.Item.ItemDomain|71 unowned SkillBook detected.
2026-07-02 04:45:56.8736|WARN|Main|GameData.Domains.Item.ItemDomain|2911 unowned Cricket detected.
2026-07-02 04:45:56.8736|WARN|Main|GameData.Domains.Item.ItemDomain|1 unowned Misc detected.
2026-07-02 04:45:56.8736|INFO|Main|GameData.Domains.Item.ItemDomain|Total unowned items: 3030
2026-07-02 04:45:57.4324|INFO|Main|GameData.Domains.Global.GlobalDomain|Total managed memory usage: 640.5MB
2026-07-02 04:45:57.4499|INFO|Main|GameData.Domains.Global.GlobalDomain|Required Space: 1073741824 bytes.
Available Space: 1399471337472
2026-07-02 04:45:58.0243|INFO|Main|GameData.Domains.Global.GlobalDomain|SaveWorld: 573.9
2026-07-02 04:45:58.4378|INFO|Main|AdaptableLog|new Event triggered : 1505c7c2-8a55-4794-bd85-1c5aec7ea341, _triggeredEventList.Count = 1
2026-07-02 04:45:58.4378|INFO|Main|AdaptableLog|new Event triggered : 5820ef21-229c-4bf5-a968-9dec8ae6a480, _triggeredEventList.Count = 2
2026-07-02 04:45:58.4378|INFO|Main|AdaptableLog|1505c7c2-8a55-4794-bd85-1c5aec7ea341 to event => 
2026-07-02 04:45:58.4378|INFO|Main|AdaptableLog|5820ef21-229c-4bf5-a968-9dec8ae6a480 to event => 
2026-07-02 04:46:00.2237|INFO|ReadInterProcessMessages|GameData.GameDataBridge.GameDataBridge|Incoming message: Disconnect
2026-07-02 04:46:00.2237|INFO|ReadInterProcessMessages|GameData.GameDataBridge.GameDataBridge|ReadInterProcessMessages thread is about to exit.
2026-07-02 04:46:00.2378|INFO|Main|GameData.Program|GameData module is about to exit.
2026-07-02 04:46:00.2378|INFO|WriteInterProcessMessages|GameData.GameDataBridge.GameDataBridge|Outgoing message: Disconnect
2026-07-02 04:46:00.2378|INFO|WriteInterProcessMessages|GameData.GameDataBridge.GameDataBridge|WriteInterProcessMessages thread is about to exit.
