2026-07-02 03:30:12.8808|INFO|Main|AdaptableLog|AdaptableLog initialized.
2026-07-02 03:30:12.8910|INFO|Main|AdaptableLog|ExternalDataBridge initialized.
2026-07-02 03:30:12.9423|INFO|Main|GameData.Common.DataUpgradeManager|DataUpgradeManager initialized.
2026-07-02 03:30:13.0160|INFO|Worker0|GameData.Common.WorkerThread.WorkerThreadManager|Worker thread started.
2026-07-02 03:30:13.0161|INFO|Worker6|GameData.Common.WorkerThread.WorkerThreadManager|Worker thread started.
2026-07-02 03:30:13.0161|INFO|Worker2|GameData.Common.WorkerThread.WorkerThreadManager|Worker thread started.
2026-07-02 03:30:13.0161|INFO|Worker1|GameData.Common.WorkerThread.WorkerThreadManager|Worker thread started.
2026-07-02 03:30:13.0161|INFO|Worker3|GameData.Common.WorkerThread.WorkerThreadManager|Worker thread started.
2026-07-02 03:30:13.0161|INFO|Worker4|GameData.Common.WorkerThread.WorkerThreadManager|Worker thread started.
2026-07-02 03:30:13.0161|INFO|Worker5|GameData.Common.WorkerThread.WorkerThreadManager|Worker thread started.
2026-07-02 03:30:13.0161|INFO|Worker17|GameData.Common.WorkerThread.WorkerThreadManager|Worker thread started.
2026-07-02 03:30:13.0161|INFO|Worker18|GameData.Common.WorkerThread.WorkerThreadManager|Worker thread started.
2026-07-02 03:30:13.0161|INFO|Worker7|GameData.Common.WorkerThread.WorkerThreadManager|Worker thread started.
2026-07-02 03:30:13.0161|INFO|Worker8|GameData.Common.WorkerThread.WorkerThreadManager|Worker thread started.
2026-07-02 03:30:13.0161|INFO|Worker9|GameData.Common.WorkerThread.WorkerThreadManager|Worker thread started.
2026-07-02 03:30:13.0161|INFO|Worker10|GameData.Common.WorkerThread.WorkerThreadManager|Worker thread started.
2026-07-02 03:30:13.0161|INFO|Worker11|GameData.Common.WorkerThread.WorkerThreadManager|Worker thread started.
2026-07-02 03:30:13.0161|INFO|Worker12|GameData.Common.WorkerThread.WorkerThreadManager|Worker thread started.
2026-07-02 03:30:13.0161|INFO|Worker0|AdaptableLog|CharacterActionPlanner created.
2026-07-02 03:30:13.0161|INFO|Worker13|GameData.Common.WorkerThread.WorkerThreadManager|Worker thread started.
2026-07-02 03:30:13.0161|INFO|Worker14|GameData.Common.WorkerThread.WorkerThreadManager|Worker thread started.
2026-07-02 03:30:13.0161|INFO|Worker15|GameData.Common.WorkerThread.WorkerThreadManager|Worker thread started.
2026-07-02 03:30:13.0161|INFO|Worker16|GameData.Common.WorkerThread.WorkerThreadManager|Worker thread started.
2026-07-02 03:30:13.0161|INFO|Worker19|GameData.Common.WorkerThread.WorkerThreadManager|Worker thread started.
2026-07-02 03:30:13.0161|INFO|Worker20|GameData.Common.WorkerThread.WorkerThreadManager|Worker thread started.
2026-07-02 03:30:13.0161|INFO|Worker21|GameData.Common.WorkerThread.WorkerThreadManager|Worker thread started.
2026-07-02 03:30:13.0161|INFO|Worker22|GameData.Common.WorkerThread.WorkerThreadManager|Worker thread started.
2026-07-02 03:30:13.0161|INFO|Worker23|GameData.Common.WorkerThread.WorkerThreadManager|Worker thread started.
2026-07-02 03:30:13.0161|INFO|Worker24|GameData.Common.WorkerThread.WorkerThreadManager|Worker thread started.
2026-07-02 03:30:13.0161|INFO|Worker25|GameData.Common.WorkerThread.WorkerThreadManager|Worker thread started.
2026-07-02 03:30:13.0161|INFO|Worker26|GameData.Common.WorkerThread.WorkerThreadManager|Worker thread started.
2026-07-02 03:30:13.0161|INFO|Worker27|GameData.Common.WorkerThread.WorkerThreadManager|Worker thread started.
2026-07-02 03:30:13.0161|INFO|Worker28|GameData.Common.WorkerThread.WorkerThreadManager|Worker thread started.
2026-07-02 03:30:13.0161|INFO|Worker29|GameData.Common.WorkerThread.WorkerThreadManager|Worker thread started.
2026-07-02 03:30:13.0161|INFO|Worker30|GameData.Common.WorkerThread.WorkerThreadManager|Worker thread started.
2026-07-02 03:30:13.0161|INFO|Worker31|GameData.Common.WorkerThread.WorkerThreadManager|Worker thread started.
2026-07-02 03:30:13.0161|INFO|ReadInterProcessMessages|GameData.GameDataBridge.GameDataBridge|ReadInterProcessMessages thread started.
2026-07-02 03:30:13.0161|INFO|WriteInterProcessMessages|GameData.GameDataBridge.GameDataBridge|WriteInterProcessMessages thread started.
2026-07-02 03:30:13.0961|INFO|Main|GameData.Steamworks.SteamManager|Verifying steam user successful! steam id 76561198177603869
2026-07-02 03:30:13.0961|INFO|Main|GameData.Program|GameData module initialized.
2026-07-02 03:30:13.1411|INFO|Main|GameData.GameDataBridge.GameDataBridge|Machine Frequency (Ticks/Second): 10000000
2026-07-02 03:30:20.6059|INFO|ReadInterProcessMessages|GameData.GameDataBridge.GameDataBridge|Incoming message: Initialize
2026-07-02 03:30:20.6093|INFO|ReadInterProcessMessages|GameData.Domains.Global.GlobalDomain|Game Version: 1.0.46, Build Date: 202607012112125378
2026-07-02 03:30:22.3067|INFO|ReadInterProcessMessages|AdaptableLog|CharacterActionPlanner initialized.
2026-07-02 03:30:22.3190|INFO|ReadInterProcessMessages|GameData.GameDataBridge.GameDataBridge|Transition: 0 -> 1
2026-07-02 03:30:22.3267|INFO|Main|GameData.Domains.Mod.ModDomain|Start loading mod [天幕心帷]过月性能优化 for GameData ...
2026-07-02 03:30:22.3267|INFO|Main|GameData.Domains.Mod.ModDomain| - Loading plugin from TaiwuOptimization.dll
2026-07-02 03:30:22.9468|INFO|Main|GameData.Domains.Mod.ModDomain|Start loading mod [完全版]取消大太阴/洗髓经童子身限定 for GameData ...
2026-07-02 03:30:22.9468|INFO|Main|GameData.Domains.Mod.ModDomain| - Loading plugin from AlwaysVirgin.dll
2026-07-02 03:30:22.9515|INFO|Main|GameData.Domains.Mod.ModDomain|Start loading mod [天幕心帷]自动战斗策略 for GameData ...
2026-07-02 03:30:22.9515|INFO|Main|GameData.Domains.Mod.ModDomain| - Loading plugin from AutoCombatBackend.dll
2026-07-02 03:30:22.9515|INFO|Main|AdaptableLog|Initialize 1_3741592756
2026-07-02 03:30:23.1155|INFO|Main|AdaptableLog|OnModSettingUpdate 1_3741592756
2026-07-02 03:30:23.1155|INFO|Main|GameData.Domains.Mod.ModDomain|Start loading mod [天幕心帷]更好的搜索 for GameData ...
2026-07-02 03:30:23.1155|INFO|Main|GameData.Domains.Mod.ModDomain| - Loading plugin from BetterSearchBackend.dll
2026-07-02 03:30:23.4795|INFO|Main|GameData.Domains.Mod.ModDomain|Start loading mod [天幕心帷]拟真自动突破加强版 for GameData ...
2026-07-02 03:30:23.4795|INFO|Main|GameData.Domains.Mod.ModDomain| - Loading plugin from AutoBreakBackend.dll
2026-07-02 03:30:23.4849|INFO|Main|AdaptableLog|Initialize 1_3467883114
2026-07-02 03:30:23.4849|INFO|Main|自动突破|PreloadOrTools 执行，依赖目录=D:\SteamLibrary\steamapps\workshop\content\838350\3467883114\Plugins
2026-07-02 03:30:23.4849|INFO|Main|自动突破|依赖 Google.Protobuf 已存在（Location=D:\SteamLibrary\steamapps\common\The Scroll Of Taiwu\Backend\Google.Protobuf.dll）
2026-07-02 03:30:23.4849|INFO|Main|自动突破|依赖 Google.OrTools 已存在（Location=<空/字节加载>）
2026-07-02 03:30:23.4849|INFO|Main|自动突破|已为 Google.OrTools 注册原生库解析器（目录=D:\SteamLibrary\steamapps\workshop\content\838350\3467883114\Plugins）
2026-07-02 03:30:23.4849|INFO|Main|自动突破|自动突破设置 forceSuccessRate100=True, allGridVisible=True, timeout=0, useExactSolver=True, speedWarmStart=True, noInjuryBreak=False
2026-07-02 03:30:23.7922|INFO|Main|自动突破|自动突破设置 forceSuccessRate100=True, allGridVisible=True, timeout=0, useExactSolver=True, speedWarmStart=True, noInjuryBreak=False
2026-07-02 03:30:23.7922|INFO|Main|GameData.Domains.Mod.ModDomain|Start loading mod [天幕心帷]修改武器式 for GameData ...
2026-07-02 03:30:23.7922|INFO|Main|GameData.Domains.Mod.ModDomain| - Loading plugin from CustomWeaponBackend.dll
2026-07-02 03:30:23.7952|INFO|Main|AdaptableLog|Initialize 1_3746604877
2026-07-02 03:30:23.8404|INFO|Main|AdaptableLog|OnModSettingUpdate 1_3746604877
2026-07-02 03:30:23.8409|INFO|Main|GameData.Domains.Mod.ModDomain|Start loading mod myna12548的基础mod for GameData ...
2026-07-02 03:30:23.8409|INFO|Main|GameData.Domains.Mod.ModDomain| - Loading plugin from MynahBaseModBackend.dll
2026-07-02 03:30:23.8677|INFO|Main|GameData.Domains.Mod.ModDomain|Start loading mod 食物加强 for GameData ...
2026-07-02 03:30:23.8677|INFO|Main|GameData.Domains.Mod.ModDomain| - Loading plugin from FoodEnhance.dll
2026-07-02 03:30:23.8885|INFO|Main|GameData.Domains.Mod.ModDomain|Start loading mod 蛐蛐增强 for GameData ...
2026-07-02 03:30:23.8885|INFO|Main|GameData.Domains.Mod.ModDomain| - Loading plugin from QuQuSSR.dll
2026-07-02 03:30:23.9087|INFO|Main|GameData.Domains.Mod.ModDomain|Start loading mod 解除婚配与同道数量限制 for GameData ...
2026-07-02 03:30:23.9087|INFO|Main|GameData.Domains.Mod.ModDomain| - Loading plugin from NoMarriageLimit.dll
2026-07-02 03:30:23.9087|INFO|Main|AdaptableLog|[NoMarriageLimit] Initialized (enableNoMarriageLimit=True, enableNoCompanionLimit=True)
2026-07-02 03:30:23.9087|INFO|Main|AdaptableLog|[NoMarriageLimit] Settings updated: enableNoMarriageLimit=True, enableNoCompanionLimit=True
2026-07-02 03:30:23.9087|INFO|Main|GameData.Domains.Mod.ModDomain|Start loading mod 蛐蛐透视 for GameData ...
2026-07-02 03:30:23.9087|INFO|Main|GameData.Domains.Mod.ModDomain|Start loading mod 自定义开局·点数无限 for GameData ...
2026-07-02 03:30:23.9087|INFO|Main|GameData.Domains.Mod.ModDomain|Start loading mod 璇女峰拯救计划 for GameData ...
2026-07-02 03:30:23.9087|INFO|Main|GameData.Domains.Mod.ModDomain| - Loading plugin from XuanNvMemberUpgrade.dll
2026-07-02 03:30:23.9241|INFO|Main|GameData.Domains.Mod.ModDomain|Start loading mod [正式版V1.0天幕心帷]自定义村民招募 for GameData ...
2026-07-02 03:30:23.9241|INFO|Main|GameData.Domains.Mod.ModDomain| - Loading plugin from CustomRecruitment.dll
2026-07-02 03:30:23.9465|INFO|Main|GameData.Domains.Mod.ModDomain|Start loading mod 猪猪编辑器 for GameData ...
2026-07-02 03:30:23.9465|INFO|Main|GameData.Domains.Mod.ModDomain| - Loading plugin from FeatureEditor.Backend.dll
2026-07-02 03:30:24.0508|INFO|Main|GameData.Domains.Mod.ModDomain|Start loading mod 物品无重量 for GameData ...
2026-07-02 03:30:24.0508|INFO|Main|GameData.Domains.Mod.ModDomain| - Loading plugin from ItemWeight.dll
2026-07-02 03:30:24.0729|INFO|Main|GameData.Domains.Mod.ModDomain|Start loading mod 捏人优化框架（新） for GameData ...
2026-07-02 03:30:24.0729|INFO|Main|GameData.Domains.Mod.ModDomain|Start loading mod 天人道修改 for GameData ...
2026-07-02 03:30:24.0729|INFO|Main|GameData.Domains.Mod.ModDomain| - Loading plugin from SamsaraMod.dll
2026-07-02 03:30:24.0889|INFO|Main|GameData.Domains.Mod.ModDomain|Start loading mod 【天幕心帷】激昂元鸡 for GameData ...
2026-07-02 03:30:24.0889|INFO|Main|GameData.Domains.Mod.ModDomain| - Loading plugin from BigCheckenCoop.dll
2026-07-02 03:30:24.0920|INFO|Main|GameData.Domains.Mod.ModDomain| - Loading plugin from HyperactivityChicken.dll
2026-07-02 03:30:24.0920|INFO|Main|GameData.Domains.Mod.ModDomain|Start loading mod 具体春宵（重置版） for GameData ...
2026-07-02 03:30:24.0920|INFO|Main|GameData.Domains.Mod.ModDomain| - Loading plugin from JTCX.Backend.dll
2026-07-02 03:30:24.2982|INFO|Main|GameData.Domains.Mod.ModDomain|Start loading mod 不易变老/长生不老 for GameData ...
2026-07-02 03:30:24.2982|INFO|Main|GameData.Domains.Mod.ModDomain| - Loading plugin from MoreYoung.dll
2026-07-02 03:30:24.2982|INFO|Main|GameData.Domains.Mod.ModDomain|Start loading mod 【招聘简历速览】派遣村民高亮最高属性 for GameData ...
2026-07-02 03:30:24.2982|INFO|Main|GameData.Domains.Mod.ModDomain|Start loading mod 出生特质无限制 for GameData ...
2026-07-02 03:30:24.2982|INFO|Main|GameData.Domains.Mod.ModDomain|Start loading mod 【天幕心帷】功法一格 for GameData ...
2026-07-02 03:30:24.2982|INFO|Main|GameData.Domains.Mod.ModDomain| - Loading plugin from SkillOneGrid.dll
2026-07-02 03:30:24.3097|INFO|Main|GameData.Domains.Mod.ModDomain|Start loading mod 太吾迎娇(npc立绘) for GameData ...
2026-07-02 03:30:24.3097|INFO|Main|GameData.Domains.Mod.ModDomain|Start loading mod 无忧传剑 for GameData ...
2026-07-02 03:30:24.3097|INFO|Main|GameData.Domains.Mod.ModDomain| - Loading plugin from TransferTaiwuMod.dll
2026-07-02 03:30:24.3459|INFO|Main|GameData.Domains.Mod.ModDomain|Start loading mod ~更多信息 v3.45~ for GameData ...
2026-07-02 03:30:24.3459|INFO|Main|GameData.Domains.Mod.ModDomain| - Loading plugin from MynahMoreInfoBackend.dll
2026-07-02 03:30:24.4355|INFO|Main|AdaptableLog|AiNodeFactory.Register on GameData, Version=1.0.0.0, Culture=neutral, PublicKeyToken=null added 4 types
2026-07-02 03:30:24.4355|INFO|Main|AdaptableLog|AiActionFactory.Register on GameData, Version=1.0.0.0, Culture=neutral, PublicKeyToken=null added 67 types
2026-07-02 03:30:24.4355|INFO|Main|AdaptableLog|AiConditionFactory.Register on GameData, Version=1.0.0.0, Culture=neutral, PublicKeyToken=null added 127 types
2026-07-02 03:30:30.6770|WARN|Main|AdaptableLog|Duplicate event 8327f785-a687-4e1e-9292-bd91f388852f detected.
2026-07-02 03:30:31.1685|INFO|Main|AdaptableLog|ConchShip events init complete,can load mod events now
2026-07-02 03:30:31.1698|INFO|Main|GameData.DLC.DlcManager|Start loading Dlc Events:
2026-07-02 03:30:31.1698|INFO|Main|GameData.DLC.DlcManager|DLC: 3464590_1, Path: D:/SteamLibrary/steamapps/common/The Scroll Of Taiwu/The Scroll of Taiwu_Data/YearOfSnakeCloth\1.0.0.0\Events
2026-07-02 03:30:31.1698|INFO|Main|GameData.DLC.DlcManager|DLC: 4528730_184683593729, Path: D:/SteamLibrary/steamapps/common/The Scroll Of Taiwu/The Scroll of Taiwu_Data/CricketPolymorph\1.0.43\Events
2026-07-02 03:30:31.1698|INFO|Main|GameData.DLC.DlcManager|DLC: 2764960_1, Path: D:/SteamLibrary/steamapps/common/The Scroll Of Taiwu/The Scroll of Taiwu_Data/HappyNewYear2024\1.0.0.0\Events
2026-07-02 03:30:31.1887|INFO|Main|GameData.DLC.DlcManager|DLC: 2764950_133143986177, Path: D:/SteamLibrary/steamapps/common/The Scroll Of Taiwu/The Scroll of Taiwu_Data/FiveLoong\1.0.31\Events
2026-07-02 03:30:31.2859|INFO|Main|GameData.DLC.DlcManager|DLC: 2172690_1, Path: D:/SteamLibrary/steamapps/common/The Scroll Of Taiwu/The Scroll of Taiwu_Data/GiftFromConchShip2\1.0.0.0\Events
2026-07-02 03:30:31.2859|INFO|Main|GameData.DLC.DlcManager|DLC: 2241120_1, Path: D:/SteamLibrary/steamapps/common/The Scroll Of Taiwu/The Scroll of Taiwu_Data/GiftFromConchShip1\1.0.0.0\Events
2026-07-02 03:30:31.2956|INFO|Main|GameData.DLC.DlcManager|DLC: 4395170_1, Path: D:/SteamLibrary/steamapps/common/The Scroll Of Taiwu/The Scroll of Taiwu_Data/HappyNewYear2026\1.0.0.0\Events
2026-07-02 03:30:31.2956|INFO|Main|GameData.DLC.DlcManager|DLC: 4834450_287768313856, Path: D:/SteamLibrary/steamapps/common/The Scroll Of Taiwu/The Scroll of Taiwu_Data/GreenHillsRemain\0.84.67.0\Events
2026-07-02 03:30:31.2956|INFO|Main|GameData.DLC.DlcManager|DLC: 4834440_287768313856, Path: D:/SteamLibrary/steamapps/common/The Scroll Of Taiwu/The Scroll of Taiwu_Data/EightYears\0.84.67.0\Events
2026-07-02 03:30:31.2956|INFO|Main|GameData.Domains.Mod.ModDomain| - Loading events from Taiwu_EventPackage_jutichunxiao.dll
2026-07-02 03:30:31.3903|INFO|Main|GameData.GameDataBridge.GameDataBridge|Transition: 1 -> 2
2026-07-02 03:30:31.4037|INFO|Main|AdaptableLog|CallMethod Load Config
2026-07-02 03:30:31.4037|INFO|WriteInterProcessMessages|GameData.GameDataBridge.GameDataBridge|Outgoing message: GameModuleInitialized
2026-07-02 03:30:31.4037|INFO|WriteInterProcessMessages|GameData.GameDataBridge.GameDataBridge|Transition: 2 -> 3
2026-07-02 03:30:31.4255|INFO|Main|AdaptableLog|CallMethod Load Config
2026-07-02 03:30:31.5304|INFO|Main|GameData.Domains.Global.GlobalDomain|Game Version: 1.0.46, Build Date: 202607012112125378
2026-07-02 03:31:51.4451|INFO|Main|GameData.Domains.World.WorldDomain|WorldCreatingTime: 2026-06-25 [01:38]
2026-07-02 03:31:51.4451|INFO|Main|GameData.Domains.World.WorldDomain|GameVersionCreating: 1.0.24
2026-07-02 03:31:51.4451|INFO|Main|GameData.Domains.World.WorldDomain|GameVersionLastSaving: 1.0.46
2026-07-02 03:31:51.4451|INFO|Main|GameData.Domains.World.WorldDomain|LoadWorld: 4093641615
2026-07-02 03:31:52.2799|INFO|Main|GameData.Domains.World.WorldDomain|Currrent Population / World Standard Population: 6501/5184, Probability Adjustment of Creating Character: 100%
2026-07-02 03:31:52.4294|INFO|Main|AdaptableLog|OnLoadedArchiveData
2026-07-02 03:31:52.4294|INFO|Main|AdaptableLog|OnLoadedArchiveData
2026-07-02 03:31:53.0754|INFO|Main|GameData.Domains.Global.GlobalDomain|LoadWorld: 1,657.5
2026-07-02 03:31:53.1273|WARN|Main|GameData.Domains.Item.ItemDomain|4 unowned Weapon detected.
2026-07-02 03:31:53.1273|WARN|Main|GameData.Domains.Item.ItemDomain|12 unowned Armor detected.
2026-07-02 03:31:53.1273|WARN|Main|GameData.Domains.Item.ItemDomain|9 unowned Accessory detected.
2026-07-02 03:31:53.1273|WARN|Main|GameData.Domains.Item.ItemDomain|9 unowned Carrier detected.
2026-07-02 03:31:53.1273|WARN|Main|GameData.Domains.Item.ItemDomain|8 unowned CraftTool detected.
2026-07-02 03:31:53.1273|WARN|Main|GameData.Domains.Item.ItemDomain|5 unowned TeaWine detected.
2026-07-02 03:31:53.1273|WARN|Main|GameData.Domains.Item.ItemDomain|71 unowned SkillBook detected.
2026-07-02 03:31:53.1273|WARN|Main|GameData.Domains.Item.ItemDomain|2911 unowned Cricket detected.
2026-07-02 03:31:53.1273|WARN|Main|GameData.Domains.Item.ItemDomain|1 unowned Misc detected.
2026-07-02 03:31:53.1273|INFO|Main|GameData.Domains.Item.ItemDomain|Total unowned items: 3030
2026-07-02 03:31:53.1273|INFO|Main|GameData.Domains.Character.CharacterDomain|Clearing obsolete relations: 1168032 => 1168032
2026-07-02 03:31:53.3873|INFO|Main|GameData.Domains.Global.GlobalDomain|FixAbnormalDomainArchiveData: 257.7
2026-07-02 03:31:59.4965|INFO|Main|AdaptableLog|new Event triggered : 1505c7c2-8a55-4794-bd85-1c5aec7ea341, _triggeredEventList.Count = 1
2026-07-02 03:31:59.4973|INFO|Main|AdaptableLog|new Event triggered : 5820ef21-229c-4bf5-a968-9dec8ae6a480, _triggeredEventList.Count = 2
2026-07-02 03:31:59.6563|INFO|Main|AdaptableLog|1505c7c2-8a55-4794-bd85-1c5aec7ea341 to event => 
2026-07-02 03:31:59.6563|INFO|Main|AdaptableLog|5820ef21-229c-4bf5-a968-9dec8ae6a480 to event => 
2026-07-02 03:31:59.6563|INFO|Main|AdaptableLog|new Event triggered : 71299605-65e4-4f30-9c57-83aec3976a76, _triggeredEventList.Count = 1
2026-07-02 03:31:59.6563|INFO|Main|AdaptableLog|new Event triggered : efe7bcff-9473-4642-8fcb-926b515fadfb, _triggeredEventList.Count = 2
2026-07-02 03:31:59.6563|INFO|Main|AdaptableLog|new Event triggered : f6b9c251-40ee-4d2c-b6eb-ed5d773cc280, _triggeredEventList.Count = 3
2026-07-02 03:31:59.6563|INFO|Main|AdaptableLog|new Event triggered : dfbd3ae5-d3cb-41a7-b173-dba659030a53, _triggeredEventList.Count = 4
2026-07-02 03:31:59.6563|INFO|Main|AdaptableLog|new Event triggered : 47b16801-a628-466a-92a3-1340ebd855f3, _triggeredEventList.Count = 5
2026-07-02 03:31:59.6563|INFO|Main|AdaptableLog|new Event triggered : 01f62c25-6b53-4f2d-b8bf-17bc85de1ffe, _triggeredEventList.Count = 6
2026-07-02 03:31:59.6563|INFO|Main|AdaptableLog|new Event triggered : a930d7f8-2aa7-4ba1-9dac-c739e6e0d588, _triggeredEventList.Count = 7
2026-07-02 03:31:59.6563|INFO|Main|AdaptableLog|new Event triggered : ffb3be21-ac9d-4bee-9416-6d9ce36c2bf5, _triggeredEventList.Count = 8
2026-07-02 03:31:59.6563|INFO|Main|AdaptableLog|new Event triggered : 45b767f3-3d09-4502-bc94-6492c69c2e30, _triggeredEventList.Count = 9
2026-07-02 03:31:59.6563|INFO|Main|AdaptableLog|new Event triggered : 48988c0c-1507-405f-bd84-b694ca524728, _triggeredEventList.Count = 10
2026-07-02 03:31:59.6563|INFO|Main|AdaptableLog|new Event triggered : 784bc662-1b0d-4635-974b-795c85a9b6cd, _triggeredEventList.Count = 11
2026-07-02 03:31:59.6563|INFO|Main|AdaptableLog|new Event triggered : 479cab4a-177c-4eab-8ff3-eb355a816a49, _triggeredEventList.Count = 12
2026-07-02 03:31:59.6563|INFO|Main|AdaptableLog|new Event triggered : bfb51350-2d44-4cb5-a962-a9d39f3b7813, _triggeredEventList.Count = 13
2026-07-02 03:31:59.6563|INFO|Main|AdaptableLog|new Event triggered : 5e1562f8-4ce6-44e8-9c64-88250bcf706a, _triggeredEventList.Count = 14
2026-07-02 03:31:59.6563|INFO|Main|AdaptableLog|new Event triggered : 4387ea59-e4b6-4253-a597-0626bc2dbe57, _triggeredEventList.Count = 15
2026-07-02 03:31:59.6563|INFO|Main|AdaptableLog|new Event triggered : cfce0d18-d248-453a-bb0c-c99e35fa7eee, _triggeredEventList.Count = 16
2026-07-02 03:31:59.6563|INFO|Main|AdaptableLog|new Event triggered : 6c74677a-b6a8-4e73-a360-0482714758c2, _triggeredEventList.Count = 17
2026-07-02 03:31:59.6563|INFO|Main|AdaptableLog|new Event triggered : f73b8df1-5006-4369-8646-e55f6b4e6b91, _triggeredEventList.Count = 18
2026-07-02 03:31:59.6563|INFO|Main|AdaptableLog|new Event triggered : d76d1356-5005-40cf-84a3-af4ecc0794be, _triggeredEventList.Count = 19
2026-07-02 03:31:59.6563|INFO|Main|AdaptableLog|new Event triggered : 08021ce5-d120-422e-88ed-e642360438c7, _triggeredEventList.Count = 20
2026-07-02 03:31:59.6563|INFO|Main|AdaptableLog|new Event triggered : 65ce1528-da27-4ae8-a393-b8727970b8ad, _triggeredEventList.Count = 21
2026-07-02 03:31:59.6563|INFO|Main|AdaptableLog|new Event triggered : 27492a80-0dae-40d1-9854-fc2593f01980, _triggeredEventList.Count = 22
2026-07-02 03:31:59.6563|INFO|Main|AdaptableLog|new Event triggered : 768c8640-3845-4f35-bc35-21824189cdbf, _triggeredEventList.Count = 23
2026-07-02 03:31:59.6563|INFO|Main|AdaptableLog|new Event triggered : 97d86bd8-61e1-4fb2-bcfa-8f3674e13b88, _triggeredEventList.Count = 24
2026-07-02 03:31:59.6563|INFO|Main|AdaptableLog|new Event triggered : a48b5771-4629-44fd-b816-8f9ba7707b97, _triggeredEventList.Count = 25
2026-07-02 03:31:59.6563|INFO|Main|AdaptableLog|new Event triggered : 5de04bdc-3947-4db6-b2cb-f990b26ed6f4, _triggeredEventList.Count = 26
2026-07-02 03:31:59.6563|INFO|Main|AdaptableLog|new Event triggered : de53aedc-cb90-4c28-913f-43effff06ac6, _triggeredEventList.Count = 27
2026-07-02 03:31:59.6563|INFO|Main|AdaptableLog|new Event triggered : 1412d1b2-3b80-43f2-ba8a-e4a1eaf6dd99, _triggeredEventList.Count = 28
2026-07-02 03:31:59.6563|INFO|Main|AdaptableLog|new Event triggered : f6c1339f-b90e-4c58-8639-26ff79191e97, _triggeredEventList.Count = 29
2026-07-02 03:31:59.6563|INFO|Main|AdaptableLog|new Event triggered : 4cb982fb-fccd-4564-9267-6f4df8507a76, _triggeredEventList.Count = 30
2026-07-02 03:31:59.6563|INFO|Main|AdaptableLog|new Event triggered : 9fc6207e-dd11-4c40-99df-a8a3e5c59a54, _triggeredEventList.Count = 31
2026-07-02 03:31:59.6563|INFO|Main|AdaptableLog|new Event triggered : 01aff125-4f66-4c38-9fb2-33870cdfe846, _triggeredEventList.Count = 32
2026-07-02 03:31:59.6563|INFO|Main|AdaptableLog|new Event triggered : 3782a2bb-6c5a-4331-bb40-048a8b392c8f, _triggeredEventList.Count = 33
2026-07-02 03:31:59.6563|INFO|Main|AdaptableLog|new Event triggered : 6719c936-74b0-4b70-ba84-a45e64e66e4d, _triggeredEventList.Count = 34
2026-07-02 03:31:59.6563|INFO|Main|AdaptableLog|new Event triggered : ea5b8a77-9015-42f5-9323-72496f35bea7, _triggeredEventList.Count = 35
2026-07-02 03:31:59.6563|INFO|Main|AdaptableLog|new Event triggered : 78f7d7fc-8c19-49f7-a380-c211c49d8cb7, _triggeredEventList.Count = 36
2026-07-02 03:31:59.6563|INFO|Main|AdaptableLog|new Event triggered : f30b9925-12ed-4d62-b21b-e6d8e7ecaae8, _triggeredEventList.Count = 37
2026-07-02 03:31:59.6563|INFO|Main|AdaptableLog|new Event triggered : 50fbbc23-ad40-4de3-882c-d638f24c87f8, _triggeredEventList.Count = 38
2026-07-02 03:31:59.6563|INFO|Main|AdaptableLog|new Event triggered : 8bb5b4b3-c498-4609-a89f-fcd2860c16e3, _triggeredEventList.Count = 39
2026-07-02 03:31:59.6563|INFO|Main|AdaptableLog|new Event triggered : c07d2f7a-c25a-42eb-976e-9a0b43f74e3b, _triggeredEventList.Count = 40
2026-07-02 03:31:59.6563|INFO|Main|AdaptableLog|new Event triggered : 942deff8-49fd-497b-9fbd-8567dede8dc6, _triggeredEventList.Count = 41
2026-07-02 03:31:59.6563|INFO|Main|AdaptableLog|new Event triggered : f02a649c-fdf3-4160-85bc-840f8410d69d, _triggeredEventList.Count = 42
2026-07-02 03:31:59.6563|INFO|Main|AdaptableLog|new Event triggered : e864306a-d431-481a-99fc-8216df16532a, _triggeredEventList.Count = 43
2026-07-02 03:31:59.6563|INFO|Main|AdaptableLog|new Event triggered : 6baee519-6108-4f0f-a44d-bbd4a6d65a02, _triggeredEventList.Count = 44
2026-07-02 03:31:59.6563|INFO|Main|AdaptableLog|new Event triggered : 42b7b9de-2b93-4495-b475-6a8ef66d3fb8, _triggeredEventList.Count = 45
2026-07-02 03:31:59.6563|INFO|Main|AdaptableLog|71299605-65e4-4f30-9c57-83aec3976a76 to event => 
2026-07-02 03:31:59.6563|INFO|Main|AdaptableLog|efe7bcff-9473-4642-8fcb-926b515fadfb to event => 
2026-07-02 03:31:59.6563|INFO|Main|AdaptableLog|f6b9c251-40ee-4d2c-b6eb-ed5d773cc280 to event => 
2026-07-02 03:31:59.6563|INFO|Main|AdaptableLog|dfbd3ae5-d3cb-41a7-b173-dba659030a53 to event => 
2026-07-02 03:31:59.6563|INFO|Main|AdaptableLog|47b16801-a628-466a-92a3-1340ebd855f3 to event => 
2026-07-02 03:31:59.6563|INFO|Main|AdaptableLog|01f62c25-6b53-4f2d-b8bf-17bc85de1ffe to event => 
2026-07-02 03:31:59.6563|INFO|Main|AdaptableLog|a930d7f8-2aa7-4ba1-9dac-c739e6e0d588 to event => 
2026-07-02 03:31:59.6563|INFO|Main|AdaptableLog|ffb3be21-ac9d-4bee-9416-6d9ce36c2bf5 to event => 
2026-07-02 03:31:59.6563|INFO|Main|AdaptableLog|45b767f3-3d09-4502-bc94-6492c69c2e30 to event => 
2026-07-02 03:31:59.6563|INFO|Main|AdaptableLog|48988c0c-1507-405f-bd84-b694ca524728 to event => 
2026-07-02 03:31:59.6563|INFO|Main|AdaptableLog|784bc662-1b0d-4635-974b-795c85a9b6cd to event => 
2026-07-02 03:31:59.6563|INFO|Main|AdaptableLog|479cab4a-177c-4eab-8ff3-eb355a816a49 to event => 
2026-07-02 03:31:59.6563|INFO|Main|AdaptableLog|bfb51350-2d44-4cb5-a962-a9d39f3b7813 to event => 
2026-07-02 03:31:59.6563|INFO|Main|AdaptableLog|5e1562f8-4ce6-44e8-9c64-88250bcf706a to event => 
2026-07-02 03:31:59.6563|INFO|Main|AdaptableLog|4387ea59-e4b6-4253-a597-0626bc2dbe57 to event => 
2026-07-02 03:31:59.6563|INFO|Main|AdaptableLog|cfce0d18-d248-453a-bb0c-c99e35fa7eee to event => 
2026-07-02 03:31:59.6563|INFO|Main|AdaptableLog|6c74677a-b6a8-4e73-a360-0482714758c2 to event => 
2026-07-02 03:31:59.6563|INFO|Main|AdaptableLog|f73b8df1-5006-4369-8646-e55f6b4e6b91 to event => 
2026-07-02 03:31:59.6563|INFO|Main|AdaptableLog|d76d1356-5005-40cf-84a3-af4ecc0794be to event => 
2026-07-02 03:31:59.6563|INFO|Main|AdaptableLog|08021ce5-d120-422e-88ed-e642360438c7 to event => 
2026-07-02 03:31:59.6563|INFO|Main|AdaptableLog|65ce1528-da27-4ae8-a393-b8727970b8ad to event => 
2026-07-02 03:31:59.6563|INFO|Main|AdaptableLog|27492a80-0dae-40d1-9854-fc2593f01980 to event => 
2026-07-02 03:31:59.6563|INFO|Main|AdaptableLog|768c8640-3845-4f35-bc35-21824189cdbf to event => 
2026-07-02 03:31:59.6563|INFO|Main|AdaptableLog|97d86bd8-61e1-4fb2-bcfa-8f3674e13b88 to event => 
2026-07-02 03:31:59.6563|INFO|Main|AdaptableLog|a48b5771-4629-44fd-b816-8f9ba7707b97 to event => 
2026-07-02 03:31:59.6563|INFO|Main|AdaptableLog|5de04bdc-3947-4db6-b2cb-f990b26ed6f4 to event => 
2026-07-02 03:31:59.6563|INFO|Main|AdaptableLog|de53aedc-cb90-4c28-913f-43effff06ac6 to event => 
2026-07-02 03:31:59.6563|INFO|Main|AdaptableLog|1412d1b2-3b80-43f2-ba8a-e4a1eaf6dd99 to event => 
2026-07-02 03:31:59.6563|INFO|Main|AdaptableLog|f6c1339f-b90e-4c58-8639-26ff79191e97 to event => 
2026-07-02 03:31:59.6563|INFO|Main|AdaptableLog|4cb982fb-fccd-4564-9267-6f4df8507a76 to event => 
2026-07-02 03:31:59.6689|INFO|Main|AdaptableLog|9fc6207e-dd11-4c40-99df-a8a3e5c59a54 to event => 
2026-07-02 03:31:59.6689|INFO|Main|AdaptableLog|01aff125-4f66-4c38-9fb2-33870cdfe846 to event => 
2026-07-02 03:31:59.6689|INFO|Main|AdaptableLog|3782a2bb-6c5a-4331-bb40-048a8b392c8f to event => 
2026-07-02 03:31:59.6689|INFO|Main|AdaptableLog|6719c936-74b0-4b70-ba84-a45e64e66e4d to event => 
2026-07-02 03:31:59.6689|INFO|Main|AdaptableLog|ea5b8a77-9015-42f5-9323-72496f35bea7 to event => 
2026-07-02 03:31:59.6689|INFO|Main|AdaptableLog|78f7d7fc-8c19-49f7-a380-c211c49d8cb7 to event => 
2026-07-02 03:31:59.6689|INFO|Main|AdaptableLog|f30b9925-12ed-4d62-b21b-e6d8e7ecaae8 to event => 
2026-07-02 03:31:59.6689|INFO|Main|AdaptableLog|50fbbc23-ad40-4de3-882c-d638f24c87f8 to event => 
2026-07-02 03:31:59.6689|INFO|Main|AdaptableLog|8bb5b4b3-c498-4609-a89f-fcd2860c16e3 to event => 
2026-07-02 03:31:59.6689|INFO|Main|AdaptableLog|c07d2f7a-c25a-42eb-976e-9a0b43f74e3b to event => 
2026-07-02 03:31:59.6689|INFO|Main|AdaptableLog|942deff8-49fd-497b-9fbd-8567dede8dc6 to event => 
2026-07-02 03:31:59.6689|INFO|Main|AdaptableLog|f02a649c-fdf3-4160-85bc-840f8410d69d to event => 
2026-07-02 03:31:59.6689|INFO|Main|AdaptableLog|e864306a-d431-481a-99fc-8216df16532a to event => 
2026-07-02 03:31:59.6689|INFO|Main|AdaptableLog|6baee519-6108-4f0f-a44d-bbd4a6d65a02 to event => 
2026-07-02 03:31:59.6689|INFO|Main|AdaptableLog|42b7b9de-2b93-4495-b475-6a8ef66d3fb8 to event => 
2026-07-02 03:32:01.1523|INFO|Main|GameData.Domains.Global.GlobalDomain|Required Space: 1073741824 bytes.
Available Space: 1405944590336
2026-07-02 03:32:01.2005|INFO|Main|GameData.Domains.World.WorldDomain|AdvanceMonth: begin ------------------------------------------------------------
2026-07-02 03:32:01.2293|INFO|Main|GameData.Domains.Character.CharacterDomain|Removing all temporary enemies with a total count of 34
2026-07-02 03:32:01.2390|INFO|Main|GameData.Domains.Character.CharacterDomain|Clearing temporary characters with a total count of 0
2026-07-02 03:32:01.2390|INFO|Main|GameData.Domains.Global.GlobalDomain|Required Space: 1073741824 bytes.
Available Space: 1405944590336
2026-07-02 03:32:01.2390|INFO|Main|GameData.Domains.World.WorldDomain|New month begin: Year 17, Month 12 (203)
2026-07-02 03:32:01.5682|INFO|Main|GameData.Domains.Global.GlobalDomain|[AdvanceMonth_Execute] PreAdvanceMonth: 321.5
2026-07-02 03:32:01.8118|INFO|Main|GameData.Domains.Character.CharacterDomain|武当派真武殿弟子-宫慧儿(1375) is dead at age 22.(玄灰绝命:{killer=-1, location={10, 316}, adventure=0})
2026-07-02 03:32:01.8751|INFO|Main|GameData.Domains.Character.CharacterDomain|太原权贵-舒雨(2011) is dead at age 38.(玄灰绝命:{killer=-1, location={12, 310}, adventure=0})
2026-07-02 03:32:01.8751|INFO|Main|GameData.Domains.Character.CharacterDomain|市镇豪富-居琴(2493) is dead at age 50.(寿终正寝:{killer=-1, location={18, 226}, adventure=0})
2026-07-02 03:32:01.8921|INFO|Main|GameData.Domains.Character.CharacterDomain|山寨大夫-钟离琳(2553) is dead at age 41.(玄灰绝命:{killer=-1, location={18, 226}, adventure=0})
2026-07-02 03:32:01.8921|INFO|Main|GameData.Domains.Character.CharacterDomain|村庄权贵-边明镜(4264) is dead at age 52.(寿终正寝:{killer=-1, location={31, 279}, adventure=0})
2026-07-02 03:32:01.9088|INFO|Main|GameData.Domains.Character.CharacterDomain|桂州文人-商敏仪(10649) is dead at age 23.(玄灰绝命:{killer=-1, location={6, 336}, adventure=0})
2026-07-02 03:32:01.9088|INFO|Main|GameData.Domains.Character.CharacterDomain|村庄村长夫人/村长老爷-柴苍楠(5931) is dead at age 49.(寿终正寝:{killer=-1, location={36, 443}, adventure=0})
2026-07-02 03:32:01.9236|INFO|Main|GameData.Domains.Character.CharacterDomain|福州权贵-桂纯阳(8666) is dead at age 14.(健康过低:{killer=-1, location={41, 145}, adventure=0})
2026-07-02 03:32:01.9236|INFO|Main|GameData.Domains.Character.CharacterDomain|伏龙坛岛众-冷胜杀(11250) is dead at age 9.(健康过低:{killer=-1, location={40, 204}, adventure=0})
2026-07-02 03:32:01.9480|INFO|Main|AdaptableLog|逃跑概率：(133 - 100) * (100 - 40[5品朱霞长索]) / 100 + 0 * 20 = 19%，最终取19%
2026-07-02 03:32:01.9480|INFO|Main|AdaptableLog|逃跑概率：(113 - 100) * (100 - 40[5品朱霞长索]) / 100 + 0 * 20 = 7%，最终取7%
2026-07-02 03:32:01.9480|INFO|Main|AdaptableLog|逃跑概率：(123 - 100) * (100 - 40[5品朱霞长索]) / 100 + 0 * 20 = 13%，最终取13%
2026-07-02 03:32:01.9480|INFO|Main|AdaptableLog|逃跑概率：(103 - 100) * (100 - 50[3品万结缠云索]) / 100 + 0 * 20 = 1%，最终取1%
2026-07-02 03:32:01.9920|INFO|Main|GameData.Domains.Global.GlobalDomain|[AdvanceMonth_Execute] UpdateStatus: 420.9
2026-07-02 03:32:02.1165|INFO|Main|GameData.Domains.Global.GlobalDomain|[AdvanceMonth_Execute] SelfImprovement: 107.9
2026-07-02 03:32:02.5557|INFO|Main|GameData.Domains.Global.GlobalDomain|[AdvanceMonth_Execute] CharacterPreparation: 438.9
2026-07-02 03:32:02.7342|INFO|Main|GameData.Domains.Character.CharacterDomain|[DistantMarriage] PassConditionCount=2256, PassSuccessRateCheckCount=9, FoundTargetCount=2
2026-07-02 03:32:02.7342|INFO|Main|GameData.Domains.Character.CharacterDomain|Adore Relations In Marriage: 0/0
2026-07-02 03:32:02.7342|INFO|Main|GameData.Domains.Global.GlobalDomain|[AdvanceMonth_Execute] CharacterRelationsUpdate: 183.9
2026-07-02 03:32:02.7609|WARN|Worker25|GameData.Domains.Map.MapDomain|Invalid travel route -1 => 31: path not exists.
2026-07-02 03:32:07.1262|INFO|Main|GameData.Domains.Global.GlobalDomain|[AdvanceMonth_Execute] CharacterActionPlanning: 4,386.2
2026-07-02 03:32:07.1933|INFO|Main|GameData.Domains.Character.CharacterDomain|Removing 山寨大当家-上官杏白(3714)'s kidnapped character: 3722 (isEscape=False).
2026-07-02 03:32:07.2130|INFO|Main|GameData.Domains.Global.GlobalDomain|[AdvanceMonth_Execute] CharacterFixedAction: 86.6
2026-07-02 03:32:07.3373|INFO|Main|TaiwuOptimization.Runtime.UpdateInformationDiagnostics|TaiwuOptimization: UpdateInformation breakdown
  total:
    elapsed: 119.468ms
    measured: 117.443ms
    other: 2.026ms
  secretInformationData:
    secretInformation: 11489 -> 8126
    secretOccurence: 13951 -> 11580
    characterKnownSecrets: 6096 -> 6096
    knownSecretLinks: 11890 -> 10682
    holderScanUpperBound: 70036944
  phases:
    MakeSettlementsInformation: 6.410ms, calls=1
    PlanDisseminateSecretInformation: 74.759ms, calls=3072
      planMax: 4.298ms
      planMaxCharId: 0
      planSlowCalls(>=5ms): 0
    MetabolismSecretInformation: 36.274ms, calls=1
  metabolismDetails:
    MakeSecretBroadcast: 14.524ms, calls=8
    DiscardSecretInformation: 0.705ms, calls=1941
    RecordSecretInformationRemove: 0.454ms, calls=1
    RecordSecretOccurenceRemove: 0.700ms, calls=1
    RemoveElementSecretInformation: 0.538ms, calls=3363
    RemoveElementSecretOccurence: 0.463ms, calls=2371
      residual: 19.892ms
  lookups:
    CalcSecretOccurenceHolderCount: 0.637ms, calls=6208, max=0.002ms
    CalcSecretInformationKnownCharacterCount: 0.000ms, calls=0, max=0.000ms

2026-07-02 03:32:07.3373|INFO|Main|GameData.Domains.Global.GlobalDomain|[AdvanceMonth_Execute] UpdateInformation: 124.6
2026-07-02 03:32:07.3546|INFO|Main|GameData.Domains.Item.ItemDomain|Getting item of type 2(Accessory) and sub type 200 with grade 7
2026-07-02 03:32:07.3546|INFO|Main|GameData.Domains.Item.ItemDomain|Getting item of type 0(Weapon) and sub type 3 with grade 6
2026-07-02 03:32:07.3564|INFO|Main|GameData.Domains.Item.ItemDomain|Getting item of type 10(SkillBook) and sub type 1000 with grade 6
2026-07-02 03:32:07.4125|INFO|Main|GameData.Domains.Global.GlobalDomain|[AdvanceMonth_Execute] UpdateInfectedCharacters: 0.2
2026-07-02 03:32:07.4408|INFO|Main|GameData.Domains.Global.GlobalDomain|[AdvanceMonth_Execute] UpdateCharacterMovements: 28.1
2026-07-02 03:32:07.5892|INFO|Main|AdaptableLog|[RecruitOrCreateLackingMembers]: Recruited Count for 山寨, grade 0: 1
2026-07-02 03:32:07.9036|INFO|Main|GameData.Domains.Global.GlobalDomain|[AdvanceMonth_Execute] UpdateOrganizationMembers: 406.0
2026-07-02 03:32:07.9036|INFO|Main|AdaptableLog|
2026-07-02 03:32:07.9036|INFO|Main|AdaptableLog|璇女派关押璇女派璇仙使-农诗贤(2957)，初始值：立场1 * (罪行2 * 5 - 身份7) = 3，精纯影响：精纯上限18 + 囚犯精纯16 - 守卫平均精纯16 = 18，时长影响：总时长6 - 2 * 已关押时长4 = -2，共计：19
2026-07-02 03:32:07.9036|INFO|Main|AdaptableLog|逃跑概率：(19 - 100) * (100 - 20[9品长绳]) / 100 + 0 * 20 = -64%，最终取0%
2026-07-02 03:32:07.9036|INFO|Main|AdaptableLog|逃跑×失败
2026-07-02 03:32:07.9036|INFO|Main|AdaptableLog|
2026-07-02 03:32:07.9369|WARN|Main|AdaptableLog|[Adventure]: AutoGenerateByConfig cost 16ms
2026-07-02 03:32:07.9883|INFO|Main|GameData.Domains.TaiwuEvent.EventScriptRuntime|做一个保底机制确保不会变成捕快窝
2026-07-02 03:32:07.9883|INFO|Main|GameData.Domains.TaiwuEvent.EventScriptRuntime|刷新各类捕快数量
2026-07-02 03:32:07.9883|INFO|Main|GameData.Domains.TaiwuEvent.EventScriptRuntime|现在是修习外出状态，清空捕快中
2026-07-02 03:32:08.0011|INFO|Main|GameData.Domains.TaiwuEvent.EventScriptRuntime|获得司仪
2026-07-02 03:32:08.0011|INFO|Main|GameData.Domains.TaiwuEvent.EventScriptRuntime|获得左考官
2026-07-02 03:32:08.0011|INFO|Main|GameData.Domains.TaiwuEvent.EventScriptRuntime|获得上考官
2026-07-02 03:32:08.0011|INFO|Main|GameData.Domains.TaiwuEvent.EventScriptRuntime|获得右考官
2026-07-02 03:32:08.2420|INFO|Main|GameData.Domains.TaiwuEvent.EventScriptRuntime|获得司仪
2026-07-02 03:32:08.2420|INFO|Main|GameData.Domains.TaiwuEvent.EventScriptRuntime|获得左考官
2026-07-02 03:32:08.2420|INFO|Main|GameData.Domains.TaiwuEvent.EventScriptRuntime|获得上考官
2026-07-02 03:32:08.2420|INFO|Main|GameData.Domains.TaiwuEvent.EventScriptRuntime|获得右考官
2026-07-02 03:32:08.2420|INFO|Main|GameData.Domains.TaiwuEvent.EventScriptRuntime|获得左俘虏
2026-07-02 03:32:08.2420|INFO|Main|GameData.Domains.TaiwuEvent.EventScriptRuntime|获得上俘虏
2026-07-02 03:32:08.2420|INFO|Main|GameData.Domains.TaiwuEvent.EventScriptRuntime|获得右俘虏
2026-07-02 03:32:08.2420|INFO|Main|GameData.Domains.TaiwuEvent.EventScriptRuntime|获得司仪
2026-07-02 03:32:08.2420|INFO|Main|GameData.Domains.TaiwuEvent.EventScriptRuntime|获得左考官
2026-07-02 03:32:08.2420|INFO|Main|GameData.Domains.TaiwuEvent.EventScriptRuntime|获得上考官
2026-07-02 03:32:08.2420|INFO|Main|GameData.Domains.TaiwuEvent.EventScriptRuntime|获得右考官
2026-07-02 03:32:08.2420|INFO|Main|GameData.Domains.TaiwuEvent.EventScriptRuntime|获得司仪
2026-07-02 03:32:08.2420|INFO|Main|GameData.Domains.TaiwuEvent.EventScriptRuntime|获得左考官
2026-07-02 03:32:08.2420|INFO|Main|GameData.Domains.TaiwuEvent.EventScriptRuntime|获得上考官
2026-07-02 03:32:08.2420|INFO|Main|GameData.Domains.TaiwuEvent.EventScriptRuntime|获得右考官
2026-07-02 03:32:08.2420|INFO|Main|GameData.Domains.TaiwuEvent.EventScriptRuntime|获得司仪
2026-07-02 03:32:08.2420|INFO|Main|GameData.Domains.TaiwuEvent.EventScriptRuntime|获得左考官
2026-07-02 03:32:08.2420|INFO|Main|GameData.Domains.TaiwuEvent.EventScriptRuntime|获得上考官
2026-07-02 03:32:08.2420|INFO|Main|GameData.Domains.TaiwuEvent.EventScriptRuntime|获得右考官
2026-07-02 03:32:08.2420|INFO|Main|GameData.Domains.TaiwuEvent.EventScriptRuntime|获得司仪
2026-07-02 03:32:08.2420|INFO|Main|GameData.Domains.TaiwuEvent.EventScriptRuntime|获得左考官
2026-07-02 03:32:08.2420|INFO|Main|GameData.Domains.TaiwuEvent.EventScriptRuntime|获得上考官
2026-07-02 03:32:08.2420|INFO|Main|GameData.Domains.TaiwuEvent.EventScriptRuntime|获得右考官
2026-07-02 03:32:08.3765|INFO|Main|GameData.Domains.TaiwuEvent.EventScriptRuntime|获得司仪
2026-07-02 03:32:08.3765|INFO|Main|GameData.Domains.TaiwuEvent.EventScriptRuntime|获得左考官
2026-07-02 03:32:08.3765|INFO|Main|GameData.Domains.TaiwuEvent.EventScriptRuntime|获得上考官
2026-07-02 03:32:08.3765|INFO|Main|GameData.Domains.TaiwuEvent.EventScriptRuntime|获得右考官
2026-07-02 03:32:08.3765|INFO|Main|GameData.Domains.TaiwuEvent.EventScriptRuntime|获得司仪
2026-07-02 03:32:08.3765|INFO|Main|GameData.Domains.TaiwuEvent.EventScriptRuntime|获得左考官
2026-07-02 03:32:08.3765|INFO|Main|GameData.Domains.TaiwuEvent.EventScriptRuntime|获得上考官
2026-07-02 03:32:08.3765|INFO|Main|GameData.Domains.TaiwuEvent.EventScriptRuntime|获得右考官
2026-07-02 03:32:08.3765|INFO|Main|GameData.Domains.TaiwuEvent.EventScriptRuntime|获得司仪
2026-07-02 03:32:08.3765|INFO|Main|GameData.Domains.TaiwuEvent.EventScriptRuntime|获得左考官
2026-07-02 03:32:08.3765|INFO|Main|GameData.Domains.TaiwuEvent.EventScriptRuntime|获得上考官
2026-07-02 03:32:08.3765|INFO|Main|GameData.Domains.TaiwuEvent.EventScriptRuntime|获得右考官
2026-07-02 03:32:08.3765|INFO|Main|GameData.Domains.TaiwuEvent.EventScriptRuntime|获得司仪
2026-07-02 03:32:08.3765|INFO|Main|GameData.Domains.TaiwuEvent.EventScriptRuntime|获得左考官
2026-07-02 03:32:08.3765|INFO|Main|GameData.Domains.TaiwuEvent.EventScriptRuntime|获得上考官
2026-07-02 03:32:08.3765|INFO|Main|GameData.Domains.TaiwuEvent.EventScriptRuntime|获得右考官
2026-07-02 03:32:08.3765|INFO|Main|GameData.Domains.TaiwuEvent.EventScriptRuntime|获得司仪
2026-07-02 03:32:08.3765|INFO|Main|GameData.Domains.TaiwuEvent.EventScriptRuntime|获得左考官
2026-07-02 03:32:08.3765|INFO|Main|GameData.Domains.TaiwuEvent.EventScriptRuntime|获得上考官
2026-07-02 03:32:08.3765|INFO|Main|GameData.Domains.TaiwuEvent.EventScriptRuntime|获得右考官
2026-07-02 03:32:08.3765|INFO|Main|GameData.Domains.TaiwuEvent.EventScriptRuntime|获得司仪
2026-07-02 03:32:08.3765|INFO|Main|GameData.Domains.TaiwuEvent.EventScriptRuntime|获得左考官
2026-07-02 03:32:08.3765|INFO|Main|GameData.Domains.TaiwuEvent.EventScriptRuntime|获得上考官
2026-07-02 03:32:08.3765|INFO|Main|GameData.Domains.TaiwuEvent.EventScriptRuntime|获得右考官
2026-07-02 03:32:08.3765|INFO|Main|GameData.Domains.TaiwuEvent.EventScriptRuntime|获得司仪
2026-07-02 03:32:08.3765|INFO|Main|GameData.Domains.TaiwuEvent.EventScriptRuntime|获得左考官
2026-07-02 03:32:08.3765|INFO|Main|GameData.Domains.TaiwuEvent.EventScriptRuntime|获得上考官
2026-07-02 03:32:08.3765|INFO|Main|GameData.Domains.TaiwuEvent.EventScriptRuntime|获得右考官
2026-07-02 03:32:08.3765|INFO|Main|GameData.Domains.TaiwuEvent.EventScriptRuntime|获得左俘虏
2026-07-02 03:32:08.3765|INFO|Main|GameData.Domains.TaiwuEvent.EventScriptRuntime|获得上俘虏
2026-07-02 03:32:08.3765|INFO|Main|GameData.Domains.TaiwuEvent.EventScriptRuntime|获得右俘虏
2026-07-02 03:32:08.3920|WARN|Main|AdaptableLog|get invalid vital data by type Heaven
2026-07-02 03:32:08.3920|WARN|Main|AdaptableLog|get invalid vital data by type Earth
2026-07-02 03:32:08.3920|WARN|Main|AdaptableLog|get invalid vital data by type Human
2026-07-02 03:32:08.9932|INFO|Main|TaiwuOptimization.Bugfix.CharacterDomainRecentDeadCharactersCleanupPatch|TaiwuOptimization: batch removed recent dead characters life records 94/192, uniqueChars=94, affectedRows=29483, cost=456ms
2026-07-02 03:32:08.9932|INFO|Main|GameData.Domains.Character.CharacterDomain|Removing dead characters: 0/4314
2026-07-02 03:32:09.0033|INFO|Main|GameData.Domains.World.WorldDomain|Removing monthly event Config.MonthlyEventItem(274) at 116 of size 3 from a collection of size 119 and count 9
2026-07-02 03:32:09.0033|INFO|Main|GameData.Domains.World.WorldDomain|Removing monthly event Config.MonthlyEventItem(373) at 113 of size 3 from a collection of size 116 and count 8
2026-07-02 03:32:09.0033|INFO|Main|GameData.Domains.World.WorldDomain|CheckMonthlyEvents: 7 events detected.
2026-07-02 03:32:09.0152|INFO|Main|GameData.Domains.World.WorldDomain|AdvanceMonth: end --------------------------------------------------------------
2026-07-02 03:32:09.0152|INFO|Main|GameData.Domains.World.WorldDomain|Advance Month Time Cost: 7814ms
2026-07-02 03:32:09.0152|INFO|Main|TaiwuOptimization.Runtime.CharacterActionPlanningDiagnostics|TaiwuOptimization: CharacterActionPlanning diagnostics
  total:
    elapsed: 7,815.547ms
  targetLookupBuild:
    elapsed: 423.595ms, calls=2
    fullBuilds: 1
    fullBuildReasons: InitialSnapshot=1
    deltaNoChangePublishes: 0
    deltaPublish: 5.797ms, calls=1, deltas=1162, fallbackFullRebuilds=0
    deltaAffected: blocks=753, areas=44, states=15, settlements=721
    primaryApplyAllDeltas: recordedDeltaCount=1162, savedDeltaCount=1162, affectedBlockCount=753, affectedAreaCount=44, overflowCount=0
    locationEpochIncrements: LocationChangedOutsideDeltaRecording@None=2, LocationChangedOutsideDeltaRecording@FrozenSnapshotIdle=1679
    firstLocationEpochIncrement: LocationChangedOutsideDeltaRecording@None, charId=8163, old=10:316, new=10:313
    blocks: 39738
    areas: 141
    states: 16
    characterIds: 5541
  actualRelationTargetPrefilterSkips:
    OutOfScope: 1930
    EmptySource: 23546
    NoRelationRule: 0
    UnsafeRule: 22994
    Exception: 0
  planningGraphCache:
    build: elapsed=3.585ms, calls=1, successes=1, failures=0
    snapshot: conditions=225, effects=129, conditionEdges=390, effectEdges=385
    Condition: calls=124427, hits=124427, misses=0, fallbacks=0, returnedNodes=1080975
    Effect: calls=0, hits=0, misses=0, fallbacks=0, returnedNodes=0
  parallelStages:
    UpdateCharacterMission: 8.846ms, calls=1, max=8.846ms
    UpdateCharacterGoal: 30.046ms, calls=1, max=30.046ms
    UpdateInfectedCharacterActions: 0.000ms, calls=1, max=0.000ms
    UpdateLegendaryBookOwnersActions: 0.002ms, calls=1, max=0.002ms
    UpdatePrimaryGoalAndActions: 2,517.246ms, calls=1, max=2,517.246ms
    UpdateSecondaryGoalAndActions: 1,403.311ms, calls=1, max=1,403.311ms
  primaryGoalActions:
    OfflineUpdateCurrentGoalActions: 42,866.820ms, calls=5340, max=614.939ms
    ComplementUpdateCurrentGoalActions: 374.327ms, calls=5340, max=12.141ms
    OfflineUpdateGoalPlan: 35,651.242ms, calls=22882, max=469.155ms
    ReassessPlan: 4,291.915ms, calls=39041, max=36.060ms
    OfflineCreateNextAction: 2,519.225ms, calls=15658, max=38.011ms
    ExecuteAction: 368.728ms, calls=3345, max=12.136ms
    CheckPrerequisites: 736.980ms, calls=1349058, max=7.545ms
    GetCharactersInSelectRange: 1,166.924ms, calls=155929, max=8.217ms, input=2687457, output=0, maxInput=486, maxOutput=0
    FilterActionTargets: 16,244.636ms, calls=155929, max=44.893ms, input=693397, output=40511, maxInput=486, maxOutput=418
    CharacterActionPlannerPlan: 35,525.710ms, calls=22882, max=469.153ms
    CharacterActionPlannerReassess: 4,203.812ms, calls=16254, max=36.059ms
    WeightBasedFindPath: 29,887.318ms, calls=15649, max=469.152ms
    WeightBasedFindPathRecursive: 65,987.620ms, calls=184334, max=469.149ms
    WeightBasedGetUnsatisfiedStateCount: 1,616.482ms, calls=194207, max=4.527ms
    StateMemoryCheckCondition: 0.000ms, calls=0, max=0.000ms
    PrepareContext: 18,839.081ms, calls=368104, max=44.960ms
    CalcCurrentState: 855.673ms, calls=841905, max=7.951ms
    MatchTargetCharacter: 13,852.582ms, calls=759995, max=8.273ms
    MatchTargetCharacterByConditions: 252.429ms, calls=924366, max=2.388ms
    prepareContextByActionTop:
      A82 咒骂: 2,177.396ms, calls=25531, max=10.939ms, selector=RandomTarget, range=SameBlock, rangeValue=1
      A90 惩戒恶人: 1,538.239ms, calls=16937, max=13.557ms, selector=RandomTarget, range=SameBlock, rangeValue=1
      A89 惩戒人物: 1,522.047ms, calls=17076, max=15.600ms, selector=RandomTarget, range=SameBlock, rangeValue=1
      A114 指点技艺: 1,474.170ms, calls=2865, max=44.960ms, selector=CloseTarget, range=BlockRange, rangeValue=2
      A111 指点武学: 1,090.025ms, calls=3107, max=36.110ms, selector=CloseTarget, range=BlockRange, rangeValue=2
      A100 施以毒害: 1,081.733ms, calls=13554, max=11.417ms, selector=RandomTarget, range=SameBlock, rangeValue=1
      A101 暗中损伤: 1,026.208ms, calls=13434, max=12.345ms, selector=RandomTarget, range=SameBlock, rangeValue=1
      A33 襄助恶人道具: 880.972ms, calls=1920, max=31.118ms, selector=CloseTarget, range=BlockRange, rangeValue=2
      A91 惩戒善人: 789.733ms, calls=9735, max=10.701ms, selector=RandomTarget, range=SameBlock, rangeValue=1
      A32 乐善好施道具: 710.723ms, calls=2048, max=11.024ms, selector=CloseTarget, range=BlockRange, rangeValue=2
      A29 乐善好施资源: 668.233ms, calls=1886, max=13.988ms, selector=CloseTarget, range=BlockRange, rangeValue=2
      A30 襄助恶人资源: 667.890ms, calls=1749, max=26.078ms, selector=CloseTarget, range=BlockRange, rangeValue=2
    filterActionTargetsByActionTop:
      A114 指点技艺: 2,001.139ms, calls=4294, max=44.893ms, selector=CloseTarget, range=BlockRange, rangeValue=2, input=103490, output=4188, avgInput=24.1, maxInput=486, maxOutput=113
      A82 咒骂: 1,771.150ms, calls=30341, max=14.490ms, selector=RandomTarget, range=SameBlock, rangeValue=1, input=66813, output=0, avgInput=2.2, maxInput=174, maxOutput=0
      A111 指点武学: 1,419.616ms, calls=4657, max=36.072ms, selector=CloseTarget, range=BlockRange, rangeValue=2, input=74201, output=3949, avgInput=15.9, maxInput=486, maxOutput=75
      A89 惩戒人物: 1,029.778ms, calls=17079, max=15.555ms, selector=RandomTarget, range=SameBlock, rangeValue=1, input=33990, output=4, avgInput=2.0, maxInput=174, maxOutput=1
      A90 惩戒恶人: 1,028.826ms, calls=16937, max=13.522ms, selector=RandomTarget, range=SameBlock, rangeValue=1, input=33516, output=0, avgInput=2.0, maxInput=174, maxOutput=0
      A33 襄助恶人道具: 820.102ms, calls=1948, max=31.026ms, selector=CloseTarget, range=BlockRange, rangeValue=2, input=27563, output=317, avgInput=14.1, maxInput=484, maxOutput=17
      A222 修补道具: 813.110ms, calls=768, max=11.488ms, selector=CloseTarget, range=BlockRange, rangeValue=2, input=13251, output=0, avgInput=17.3, maxInput=86, maxOutput=0
      A100 施以毒害: 698.961ms, calls=13556, max=11.380ms, selector=RandomTarget, range=SameBlock, rangeValue=1, input=30250, output=6, avgInput=2.2, maxInput=174, maxOutput=1
      A101 暗中损伤: 665.850ms, calls=13436, max=12.310ms, selector=RandomTarget, range=SameBlock, rangeValue=1, input=27459, output=6, avgInput=2.0, maxInput=174, maxOutput=1
      A32 乐善好施道具: 626.515ms, calls=2071, max=10.971ms, selector=CloseTarget, range=BlockRange, rangeValue=2, input=21567, output=201, avgInput=10.4, maxInput=484, maxOutput=5
      A30 襄助恶人资源: 600.801ms, calls=1756, max=26.001ms, selector=CloseTarget, range=BlockRange, rangeValue=2, input=22081, output=270, avgInput=12.6, maxInput=484, maxOutput=17
      A29 乐善好施资源: 578.848ms, calls=1896, max=13.960ms, selector=CloseTarget, range=BlockRange, rangeValue=2, input=20807, output=202, avgInput=11.0, maxInput=484, maxOutput=18
    actualRelationTargetPrefilterByActionTop:
      A82 咒骂: calls=22914, selector=RandomTarget, range=SameBlock, rangeValue=1, input=256908, output=20758, dropped=236150, zeroOutput=17273, avgInput=11.2, avgOutput=0.9, maxInput=174, maxDropped=173
      A90 惩戒恶人: calls=13005, selector=RandomTarget, range=SameBlock, rangeValue=1, input=142314, output=10888, dropped=131426, zeroOutput=9630, avgInput=10.9, avgOutput=0.8, maxInput=174, maxDropped=173
      A89 惩戒人物: calls=12847, selector=RandomTarget, range=SameBlock, rangeValue=1, input=137354, output=7927, dropped=129427, zeroOutput=9620, avgInput=10.7, avgOutput=0.6, maxInput=174, maxDropped=173
      A111 指点武学: calls=4148, selector=CloseTarget, range=BlockRange, rangeValue=2, input=168131, output=45302, dropped=122829, zeroOutput=2442, avgInput=40.5, avgOutput=10.9, maxInput=486, maxDropped=485
      A101 暗中损伤: calls=10257, selector=RandomTarget, range=SameBlock, rangeValue=1, input=115066, output=9693, dropped=105373, zeroOutput=7838, avgInput=11.2, avgOutput=0.9, maxInput=174, maxDropped=173
      A100 施以毒害: calls=10296, selector=RandomTarget, range=SameBlock, rangeValue=1, input=111477, output=9955, dropped=101522, zeroOutput=7950, avgInput=10.8, avgOutput=1.0, maxInput=174, maxDropped=173
      A114 指点技艺: calls=3754, selector=CloseTarget, range=BlockRange, rangeValue=2, input=166088, output=67499, dropped=98589, zeroOutput=2103, avgInput=44.2, avgOutput=18.0, maxInput=486, maxDropped=485
      A182 道法开悟: calls=2111, selector=CloseTarget, range=BlockRange, rangeValue=2, input=73915, output=1749, dropped=72166, zeroOutput=1540, avgInput=35.0, avgOutput=0.8, maxInput=486, maxDropped=485
      A184 佛学开悟: calls=1963, selector=CloseTarget, range=BlockRange, rangeValue=2, input=73006, output=1557, dropped=71449, zeroOutput=1423, avgInput=37.2, avgOutput=0.8, maxInput=486, maxDropped=485
      A91 惩戒善人: calls=7353, selector=RandomTarget, range=SameBlock, rangeValue=1, input=79050, output=7831, dropped=71219, zeroOutput=5598, avgInput=10.8, avgOutput=1.1, maxInput=174, maxDropped=173
      A32 乐善好施道具: calls=2037, selector=CloseTarget, range=BlockRange, rangeValue=2, input=79244, output=21543, dropped=57701, zeroOutput=1122, avgInput=38.9, avgOutput=10.6, maxInput=486, maxDropped=485
      A178 绘画娱人: calls=1706, selector=CloseTarget, range=BlockRange, rangeValue=2, input=61035, output=6404, dropped=54631, zeroOutput=1023, avgInput=35.8, avgOutput=3.8, maxInput=486, maxDropped=485
    relationPrefilterByActionTop:
      A111 指点武学: calls=2179, selector=CloseTarget, range=BlockRange, rangeValue=2, selectable=74201, relationCandidates=71675, dropped=2526, avgSelectable=34.1, avgRelationCandidates=32.9, maxSelectable=486, maxDropped=360
      A27 请求淬毒道具: calls=951, selector=RequestTarget, range=BlockRange, rangeValue=2, selectable=33323, relationCandidates=31149, dropped=2174, avgSelectable=35.0, avgRelationCandidates=32.8, maxSelectable=486, maxDropped=34
      A114 指点技艺: calls=2167, selector=CloseTarget, range=BlockRange, rangeValue=2, selectable=103490, relationCandidates=101578, dropped=1912, avgSelectable=47.8, avgRelationCandidates=46.9, maxSelectable=486, maxDropped=34
      A221 坐诊看病: calls=244, selector=CloseTarget, range=BlockRange, rangeValue=2, selectable=5082, relationCandidates=3989, dropped=1093, avgSelectable=20.8, avgRelationCandidates=16.3, maxSelectable=87, maxDropped=34
      A36 求取道具: calls=599, selector=RequestTarget, range=BlockRange, rangeValue=1, selectable=6209, relationCandidates=5310, dropped=899, avgSelectable=10.4, avgRelationCandidates=8.9, maxSelectable=127, maxDropped=85
      A244 绝除死气: calls=3, selector=CloseTarget, range=SameState, rangeValue=1, selectable=1230, relationCandidates=408, dropped=822, avgSelectable=410.0, avgRelationCandidates=136.0, maxSelectable=410, maxDropped=274
      A225 乞讨银钱: calls=135, selector=RandomTarget, range=BlockRange, rangeValue=1, selectable=1911, relationCandidates=1503, dropped=408, avgSelectable=14.2, avgRelationCandidates=11.1, maxSelectable=88, maxDropped=30
      A184 佛学开悟: calls=640, selector=CloseTarget, range=BlockRange, rangeValue=2, selectable=4200, relationCandidates=3925, dropped=275, avgSelectable=6.6, avgRelationCandidates=6.1, maxSelectable=486, maxDropped=31
      A182 道法开悟: calls=657, selector=CloseTarget, range=BlockRange, rangeValue=2, selectable=3432, relationCandidates=3234, dropped=198, avgSelectable=5.2, avgRelationCandidates=4.9, maxSelectable=87, maxDropped=25
      A173 请求喝茶: calls=346, selector=RequestTarget, range=BlockRange, rangeValue=1, selectable=4691, relationCandidates=4533, dropped=158, avgSelectable=13.6, avgRelationCandidates=13.1, maxSelectable=312, maxDropped=14
      A328 服侍教主: calls=54, selector=RandomTarget, range=BlockRange, rangeValue=3, selectable=3327, relationCandidates=3216, dropped=111, avgSelectable=61.6, avgRelationCandidates=59.6, maxSelectable=98, maxDropped=15
      A296 看火煎药: calls=9, selector=RandomTarget, range=BlockRange, rangeValue=3, selectable=294, relationCandidates=183, dropped=111, avgSelectable=32.7, avgRelationCandidates=20.3, maxSelectable=46, maxDropped=17
    goalTargetMatchByGoalTop:
      G192 朋友互动: 704.363ms, calls=41489, max=4.547ms, true=40092, false=1397
      G179 惩戒奸佞: 645.098ms, calls=72333, max=8.170ms, true=70582, false=1751
      G191 手足互动: 314.423ms, calls=17401, max=2.371ms, true=16185, false=1216
      G178 帮扶良善: 210.416ms, calls=35312, max=7.995ms, true=34861, false=451
      G187 惩戒良善: 168.934ms, calls=34153, max=3.579ms, true=33650, false=503
      G186 帮扶奸佞: 150.917ms, calls=31808, max=3.738ms, true=31407, false=401
      G161 坐诊看病: 106.174ms, calls=7739, max=2.358ms, true=102, false=7637
      G193 结义互动: 97.138ms, calls=6333, max=2.746ms, true=5935, false=398
      G1 苦海无涯: 90.649ms, calls=5455, max=3.836ms, true=1317, false=4138
      G273 太吾互动: 71.460ms, calls=8866, max=4.562ms, true=1543, false=7323
      G222 佛学开悟: 66.103ms, calls=4457, max=2.816ms, true=1291, false=3166
      G8 威震八荒: 55.524ms, calls=6918, max=3.524ms, true=0, false=6918
    actionTargetMatchByActionTop:
      A114 指点技艺: 948.315ms, calls=106307, max=8.088ms, selector=CloseTarget, range=BlockRange, rangeValue=2, true=78666, false=27641
      A111 指点武学: 657.542ms, calls=82495, max=4.468ms, selector=CloseTarget, range=BlockRange, rangeValue=2, true=47995, false=34500
      A82 咒骂: 603.748ms, calls=56316, max=4.709ms, selector=RandomTarget, range=SameBlock, rangeValue=1, true=0, false=56316
      A33 襄助恶人道具: 451.656ms, calls=47749, max=3.603ms, selector=CloseTarget, range=BlockRange, rangeValue=2, true=1526, false=46223
      A90 惩戒恶人: 364.972ms, calls=28290, max=2.692ms, selector=RandomTarget, range=SameBlock, rangeValue=1, true=0, false=28290
      A89 惩戒人物: 359.647ms, calls=28225, max=8.244ms, selector=RandomTarget, range=SameBlock, rangeValue=1, true=4, false=28221
      A32 乐善好施道具: 325.709ms, calls=29907, max=2.884ms, selector=CloseTarget, range=BlockRange, rangeValue=2, true=906, false=29001
      A30 襄助恶人资源: 310.392ms, calls=37077, max=4.464ms, selector=CloseTarget, range=BlockRange, rangeValue=2, true=1214, false=35863
      A29 乐善好施资源: 279.399ms, calls=25760, max=2.579ms, selector=CloseTarget, range=BlockRange, rangeValue=2, true=863, false=24897
      A222 修补道具: 256.731ms, calls=25782, max=8.270ms, selector=CloseTarget, range=BlockRange, rangeValue=2, true=0, false=25782
      A100 施以毒害: 250.410ms, calls=25557, max=4.330ms, selector=RandomTarget, range=SameBlock, rangeValue=1, true=6, false=25551
      A101 暗中损伤: 238.590ms, calls=22902, max=4.057ms, selector=RandomTarget, range=SameBlock, rangeValue=1, true=6, false=22896
    targetMatcherCacheByActionTop:
      A114 指点技艺: calls=106307, hits=105692, misses=615, fallbacks=0, savedCalls=105692, true=106307, false=0, selector=CloseTarget, range=BlockRange, rangeValue=2
      A111 指点武学: calls=82495, hits=82162, misses=333, fallbacks=0, savedCalls=82162, true=82495, false=0, selector=CloseTarget, range=BlockRange, rangeValue=2
      A82 咒骂: calls=56316, hits=56313, misses=3, fallbacks=0, savedCalls=56313, true=56316, false=0, selector=RandomTarget, range=SameBlock, rangeValue=1
      A33 襄助恶人道具: calls=47749, hits=47416, misses=333, fallbacks=0, savedCalls=47416, true=47749, false=0, selector=CloseTarget, range=BlockRange, rangeValue=2
      A30 襄助恶人资源: calls=37077, hits=36754, misses=323, fallbacks=0, savedCalls=36754, true=37077, false=0, selector=CloseTarget, range=BlockRange, rangeValue=2
      A32 乐善好施道具: calls=29907, hits=29735, misses=172, fallbacks=0, savedCalls=29735, true=29907, false=0, selector=CloseTarget, range=BlockRange, rangeValue=2
      A90 惩戒恶人: calls=28290, hits=28270, misses=20, fallbacks=0, savedCalls=28270, true=28290, false=0, selector=RandomTarget, range=SameBlock, rangeValue=1
      A89 惩戒人物: calls=28225, hits=28182, misses=29, fallbacks=14, savedCalls=28182, true=28225, false=0, fallbackReasons=StageInactive=14, selector=RandomTarget, range=SameBlock, rangeValue=1
      A100 施以毒害: calls=25557, hits=25550, misses=7, fallbacks=0, savedCalls=25550, true=25557, false=0, selector=RandomTarget, range=SameBlock, rangeValue=1
      A29 乐善好施资源: calls=25760, hits=25472, misses=268, fallbacks=20, savedCalls=25472, true=25760, false=0, fallbackReasons=StageInactive=20, selector=CloseTarget, range=BlockRange, rangeValue=2
      A222 修补道具: calls=25782, hits=25359, misses=423, fallbacks=0, savedCalls=25359, true=25782, false=0, selector=CloseTarget, range=BlockRange, rangeValue=2
      A101 暗中损伤: calls=22902, hits=22899, misses=3, fallbacks=0, savedCalls=22899, true=22902, false=0, selector=RandomTarget, range=SameBlock, rangeValue=1
    targetConditionsByGoalTop:
      G179 惩戒奸佞: 16.999ms, calls=77049, max=0.089ms, true=70582, false=6467, conditions=77049, refConditions=0, avgConditions=1.0, maxConditions=1, maxRefConditions=0
      G192 朋友互动: 15.788ms, calls=41489, max=1.555ms, true=40092, false=1397, conditions=41489, refConditions=0, avgConditions=1.0, maxConditions=1, maxRefConditions=0
      G187 惩戒良善: 8.684ms, calls=35384, max=1.844ms, true=33650, false=1734, conditions=35384, refConditions=0, avgConditions=1.0, maxConditions=1, maxRefConditions=0
      G178 帮扶良善: 8.140ms, calls=36555, max=0.034ms, true=34861, false=1694, conditions=36555, refConditions=0, avgConditions=1.0, maxConditions=1, maxRefConditions=0
      G186 帮扶奸佞: 6.753ms, calls=33100, max=0.103ms, true=31407, false=1693, conditions=33100, refConditions=0, avgConditions=1.0, maxConditions=1, maxRefConditions=0
      G191 手足互动: 5.800ms, calls=17401, max=0.049ms, true=16185, false=1216, conditions=17401, refConditions=0, avgConditions=1.0, maxConditions=1, maxRefConditions=0
      G161 坐诊看病: 3.931ms, calls=7739, max=0.194ms, true=102, false=7637, conditions=7739, refConditions=0, avgConditions=1.0, maxConditions=1, maxRefConditions=0
      G273 太吾互动: 2.350ms, calls=8866, max=0.183ms, true=1543, false=7323, conditions=8866, refConditions=0, avgConditions=1.0, maxConditions=1, maxRefConditions=0
      G193 结义互动: 2.040ms, calls=6333, max=0.037ms, true=5935, false=398, conditions=6333, refConditions=0, avgConditions=1.0, maxConditions=1, maxRefConditions=0
      G222 佛学开悟: 1.820ms, calls=7623, max=0.013ms, true=1291, false=6332, conditions=7623, refConditions=0, avgConditions=1.0, maxConditions=1, maxRefConditions=0
      G18 生人勿近: 1.592ms, calls=8629, max=0.098ms, true=0, false=8629, conditions=8629, refConditions=8629, avgConditions=1.0, maxConditions=1, maxRefConditions=1
      G198 派系互动: 1.432ms, calls=4938, max=0.063ms, true=4493, false=445, conditions=4938, refConditions=0, avgConditions=1.0, maxConditions=1, maxRefConditions=0
    targetConditionsByActionTop:
      A114 指点技艺: 23.692ms, calls=106307, max=0.073ms, selector=CloseTarget, range=BlockRange, rangeValue=2, true=106044, false=263, conditions=106307, refConditions=0, avgConditions=1.0, maxConditions=1, maxRefConditions=0
      A111 指点武学: 22.378ms, calls=82495, max=2.388ms, selector=CloseTarget, range=BlockRange, rangeValue=2, true=82280, false=215, conditions=82495, refConditions=0, avgConditions=1.0, maxConditions=1, maxRefConditions=0
      A33 襄助恶人道具: 14.689ms, calls=47749, max=0.159ms, selector=CloseTarget, range=BlockRange, rangeValue=2, true=1526, false=46223, conditions=95498, refConditions=0, avgConditions=2.0, maxConditions=2, maxRefConditions=0
      A82 咒骂: 14.437ms, calls=56316, max=0.821ms, selector=RandomTarget, range=SameBlock, rangeValue=1, true=0, false=56316, conditions=56316, refConditions=0, avgConditions=1.0, maxConditions=1, maxRefConditions=0
      A27 请求淬毒道具: 12.592ms, calls=29746, max=0.525ms, selector=RequestTarget, range=BlockRange, rangeValue=2, true=1799, false=27947, conditions=29746, refConditions=29746, avgConditions=1.0, maxConditions=1, maxRefConditions=1
      A30 襄助恶人资源: 10.570ms, calls=37077, max=0.035ms, selector=CloseTarget, range=BlockRange, rangeValue=2, true=1214, false=35863, conditions=74154, refConditions=0, avgConditions=2.0, maxConditions=2, maxRefConditions=0
      A32 乐善好施道具: 10.246ms, calls=29907, max=0.767ms, selector=CloseTarget, range=BlockRange, rangeValue=2, true=906, false=29001, conditions=59814, refConditions=0, avgConditions=2.0, maxConditions=2, maxRefConditions=0
      A29 乐善好施资源: 8.228ms, calls=25760, max=0.112ms, selector=CloseTarget, range=BlockRange, rangeValue=2, true=863, false=24897, conditions=51520, refConditions=0, avgConditions=2.0, maxConditions=2, maxRefConditions=0
      A90 惩戒恶人: 7.282ms, calls=28290, max=0.110ms, selector=RandomTarget, range=SameBlock, rangeValue=1, true=0, false=28290, conditions=56580, refConditions=0, avgConditions=2.0, maxConditions=2, maxRefConditions=0
      A89 惩戒人物: 7.040ms, calls=28225, max=0.091ms, selector=RandomTarget, range=SameBlock, rangeValue=1, true=4, false=28221, conditions=28225, refConditions=0, avgConditions=1.0, maxConditions=1, maxRefConditions=0
      A100 施以毒害: 5.829ms, calls=25557, max=0.106ms, selector=RandomTarget, range=SameBlock, rangeValue=1, true=6, false=25551, conditions=25557, refConditions=0, avgConditions=1.0, maxConditions=1, maxRefConditions=0
      A101 暗中损伤: 5.395ms, calls=22902, max=0.034ms, selector=RandomTarget, range=SameBlock, rangeValue=1, true=6, false=22896, conditions=22902, refConditions=0, avgConditions=1.0, maxConditions=1, maxRefConditions=0
    relationConditionPrefilterByGoalTop:
      G192 朋友互动: calls=41489, relationConditions=41489, relationPass=40092, relationFail=1397, fullTrue=40092, fullFalse=1397, avgRelationConditions=1.0
      G191 手足互动: calls=17401, relationConditions=17401, relationPass=16185, relationFail=1216, fullTrue=16185, fullFalse=1216, avgRelationConditions=1.0
      G190 父母互动: calls=1091, relationConditions=1091, relationPass=115, relationFail=976, fullTrue=115, fullFalse=976, avgRelationConditions=1.0
      G195 配偶互动: calls=1159, relationConditions=1159, relationPass=416, relationFail=743, fullTrue=416, fullFalse=743, avgRelationConditions=1.0
      G194 爱慕互动: calls=1247, relationConditions=1247, relationPass=748, relationFail=499, fullTrue=748, fullFalse=499, avgRelationConditions=1.0
      G193 结义互动: calls=6333, relationConditions=6333, relationPass=5935, relationFail=398, fullTrue=5935, fullFalse=398, avgRelationConditions=1.0
      G196 子女互动: calls=354, relationConditions=354, relationPass=37, relationFail=317, fullTrue=37, fullFalse=317, avgRelationConditions=1.0
      G197 师徒互动: calls=535, relationConditions=535, relationPass=352, relationFail=183, fullTrue=352, fullFalse=183, avgRelationConditions=1.0
      G199 仇敌互动: calls=74, relationConditions=74, relationPass=0, relationFail=74, fullTrue=0, fullFalse=74, avgRelationConditions=1.0
    targetConditionSensorUsageTop:
      TargetStateSensor: 657357
      CharacterStateSensor: 453397
      LifeSkillStateSensor: 29746
      None: 24391
      InventoryStateSensor: 6444
      OrganizationStateSensor: 5579
      CombatSkillStateSensor: 3007
      ResourceStateSensor: 1461
  secondaryGoalActions:
    OfflineUpdateCurrentGoalActions: 21,508.239ms, calls=5530, max=169.099ms
    ComplementUpdateCurrentGoalActions: 107.650ms, calls=5530, max=8.685ms
    OfflineUpdateGoalPlan: 17,603.472ms, calls=9844, max=108.020ms
    ReassessPlan: 2,306.592ms, calls=18125, max=22.682ms
    OfflineCreateNextAction: 1,428.442ms, calls=7929, max=14.903ms
    ExecuteAction: 103.511ms, calls=1335, max=8.678ms
    CheckPrerequisites: 221.415ms, calls=682792, max=4.994ms
    GetCharactersInSelectRange: 635.706ms, calls=79898, max=7.106ms, input=2079974, output=0, maxInput=488, maxOutput=0
    FilterActionTargets: 10,294.230ms, calls=79898, max=28.030ms, input=730094, output=41657, maxInput=488, maxOutput=424
    CharacterActionPlannerPlan: 17,547.757ms, calls=9844, max=108.019ms
    CharacterActionPlannerReassess: 2,270.022ms, calls=8391, max=22.678ms
    WeightBasedFindPath: 0.000ms, calls=0, max=0.000ms
    WeightBasedFindPathRecursive: 0.000ms, calls=0, max=0.000ms
    WeightBasedGetUnsatisfiedStateCount: 0.000ms, calls=0, max=0.000ms
    StateMemoryCheckCondition: 0.000ms, calls=0, max=0.000ms
    PrepareContext: 11,415.343ms, calls=190954, max=28.145ms
    CalcCurrentState: 391.663ms, calls=439479, max=14.112ms
    MatchTargetCharacter: 8,778.311ms, calls=754941, max=14.360ms
    MatchTargetCharacterByConditions: 123.457ms, calls=1027089, max=3.842ms
    prepareContextByActionTop:
      A82 咒骂: 1,318.134ms, calls=13353, max=7.274ms, selector=RandomTarget, range=SameBlock, rangeValue=1
      A90 惩戒恶人: 970.817ms, calls=8886, max=6.484ms, selector=RandomTarget, range=SameBlock, rangeValue=1
      A89 惩戒人物: 937.658ms, calls=9227, max=8.182ms, selector=RandomTarget, range=SameBlock, rangeValue=1
      A114 指点技艺: 791.861ms, calls=1235, max=25.032ms, selector=CloseTarget, range=BlockRange, rangeValue=2
      A111 指点武学: 625.086ms, calls=1382, max=10.535ms, selector=CloseTarget, range=BlockRange, rangeValue=2
      A32 乐善好施道具: 594.473ms, calls=1237, max=19.468ms, selector=CloseTarget, range=BlockRange, rangeValue=2
      A33 襄助恶人道具: 580.516ms, calls=1207, max=26.253ms, selector=CloseTarget, range=BlockRange, rangeValue=2
      A30 襄助恶人资源: 516.570ms, calls=1107, max=28.145ms, selector=CloseTarget, range=BlockRange, rangeValue=2
      A101 暗中损伤: 515.798ms, calls=6095, max=7.913ms, selector=RandomTarget, range=SameBlock, rangeValue=1
      A100 施以毒害: 489.387ms, calls=6098, max=7.207ms, selector=RandomTarget, range=SameBlock, rangeValue=1
      A29 乐善好施资源: 455.028ms, calls=1085, max=22.365ms, selector=CloseTarget, range=BlockRange, rangeValue=2
      A91 惩戒善人: 355.567ms, calls=4519, max=4.521ms, selector=RandomTarget, range=SameBlock, rangeValue=1
    filterActionTargetsByActionTop:
      A82 咒骂: 1,124.063ms, calls=15714, max=7.256ms, selector=RandomTarget, range=SameBlock, rangeValue=1, input=104055, output=57, avgInput=6.6, maxInput=178, maxOutput=2
      A114 指点技艺: 1,052.874ms, calls=1851, max=24.917ms, selector=CloseTarget, range=BlockRange, rangeValue=2, input=83693, output=2266, avgInput=45.2, maxInput=488, maxOutput=39
      A111 指点武学: 858.911ms, calls=2072, max=13.664ms, selector=CloseTarget, range=BlockRange, rangeValue=2, input=76281, output=2752, avgInput=36.8, maxInput=488, maxOutput=66
      A90 惩戒恶人: 708.055ms, calls=8889, max=6.467ms, selector=RandomTarget, range=SameBlock, rangeValue=1, input=53749, output=1, avgInput=6.0, maxInput=178, maxOutput=1
      A89 惩戒人物: 696.708ms, calls=9227, max=8.174ms, selector=RandomTarget, range=SameBlock, rangeValue=1, input=56305, output=22, avgInput=6.1, maxInput=178, maxOutput=1
      A32 乐善好施道具: 546.106ms, calls=1249, max=19.361ms, selector=CloseTarget, range=BlockRange, rangeValue=2, input=20397, output=239, avgInput=16.3, maxInput=484, maxOutput=7
      A33 襄助恶人道具: 538.413ms, calls=1223, max=26.120ms, selector=CloseTarget, range=BlockRange, rangeValue=2, input=23014, output=344, avgInput=18.8, maxInput=484, maxOutput=15
      A30 襄助恶人资源: 473.769ms, calls=1112, max=28.030ms, selector=CloseTarget, range=BlockRange, rangeValue=2, input=19122, output=275, avgInput=17.2, maxInput=484, maxOutput=15
      A29 乐善好施资源: 416.655ms, calls=1091, max=22.215ms, selector=CloseTarget, range=BlockRange, rangeValue=2, input=16228, output=200, avgInput=14.9, maxInput=488, maxOutput=7
      A101 暗中损伤: 341.912ms, calls=6096, max=7.902ms, selector=RandomTarget, range=SameBlock, rangeValue=1, input=33266, output=6, avgInput=5.5, maxInput=178, maxOutput=1
      A100 施以毒害: 337.216ms, calls=6104, max=7.201ms, selector=RandomTarget, range=SameBlock, rangeValue=1, input=34642, output=22, avgInput=5.7, maxInput=178, maxOutput=1
      A222 修补道具: 307.608ms, calls=297, max=11.709ms, selector=CloseTarget, range=BlockRange, rangeValue=2, input=5760, output=0, avgInput=19.4, maxInput=84, maxOutput=0
    actualRelationTargetPrefilterByActionTop:
      A82 咒骂: calls=10844, selector=RandomTarget, range=SameBlock, rangeValue=1, input=168596, output=24605, dropped=143991, zeroOutput=6501, avgInput=15.5, avgOutput=2.3, maxInput=178, maxDropped=178
      A89 惩戒人物: calls=6002, selector=RandomTarget, range=SameBlock, rangeValue=1, input=90288, output=5934, dropped=84354, zeroOutput=3734, avgInput=15.0, avgOutput=1.0, maxInput=178, maxDropped=178
      A90 惩戒恶人: calls=5932, selector=RandomTarget, range=SameBlock, rangeValue=1, input=88968, output=10336, dropped=78632, zeroOutput=3568, avgInput=15.0, avgOutput=1.7, maxInput=178, maxDropped=178
      A111 指点武学: calls=1681, selector=CloseTarget, range=BlockRange, rangeValue=2, input=117050, output=45736, dropped=71314, zeroOutput=570, avgInput=69.6, avgOutput=27.2, maxInput=488, maxDropped=488
      A100 施以毒害: calls=4604, selector=RandomTarget, range=SameBlock, rangeValue=1, input=71227, output=9017, dropped=62210, zeroOutput=2950, avgInput=15.5, avgOutput=2.0, maxInput=178, maxDropped=178
      A101 暗中损伤: calls=4607, selector=RandomTarget, range=SameBlock, rangeValue=1, input=72076, output=9987, dropped=62089, zeroOutput=2898, avgInput=15.6, avgOutput=2.2, maxInput=178, maxDropped=178
      A114 指点技艺: calls=1480, selector=CloseTarget, range=BlockRange, rangeValue=2, input=99988, output=41690, dropped=58298, zeroOutput=507, avgInput=67.6, avgOutput=28.2, maxInput=488, maxDropped=487
      A27 请求淬毒道具: calls=681, selector=RequestTarget, range=BlockRange, rangeValue=2, input=50751, output=1135, dropped=49616, zeroOutput=434, avgInput=74.5, avgOutput=1.7, maxInput=488, maxDropped=487
      A184 佛学开悟: calls=850, selector=CloseTarget, range=BlockRange, rangeValue=2, input=50676, output=1647, dropped=49029, zeroOutput=387, avgInput=59.6, avgOutput=1.9, maxInput=488, maxDropped=487
      A32 乐善好施道具: calls=1240, selector=CloseTarget, range=BlockRange, rangeValue=2, input=68366, output=20388, dropped=47978, zeroOutput=413, avgInput=55.1, avgOutput=16.4, maxInput=488, maxDropped=488
      A91 惩戒善人: calls=3389, selector=RandomTarget, range=SameBlock, rangeValue=1, input=53166, output=8008, dropped=45158, zeroOutput=2129, avgInput=15.7, avgOutput=2.4, maxInput=178, maxDropped=178
      A29 乐善好施资源: calls=1074, selector=CloseTarget, range=BlockRange, rangeValue=2, input=59942, output=14863, dropped=45079, zeroOutput=400, avgInput=55.8, avgOutput=13.8, maxInput=488, maxDropped=488
    relationPrefilterByActionTop:
      A27 请求淬毒道具: calls=545, selector=RequestTarget, range=BlockRange, rangeValue=2, selectable=25133, relationCandidates=23167, dropped=1966, avgSelectable=46.1, avgRelationCandidates=42.5, maxSelectable=488, maxDropped=379
      A244 绝除死气: calls=6, selector=CloseTarget, range=SameState, rangeValue=1, selectable=2460, relationCandidates=879, dropped=1581, avgSelectable=410.0, avgRelationCandidates=146.5, maxSelectable=410, maxDropped=267
      A111 指点武学: calls=1493, selector=CloseTarget, range=BlockRange, rangeValue=2, selectable=76281, relationCandidates=75061, dropped=1220, avgSelectable=51.1, avgRelationCandidates=50.3, maxSelectable=488, maxDropped=42
      A82 咒骂: calls=8551, selector=RandomTarget, range=SameBlock, rangeValue=1, selectable=104055, relationCandidates=102901, dropped=1154, avgSelectable=12.2, avgRelationCandidates=12.0, maxSelectable=178, maxDropped=25
      A221 坐诊看病: calls=104, selector=CloseTarget, range=BlockRange, rangeValue=2, selectable=2691, relationCandidates=1699, dropped=992, avgSelectable=25.9, avgRelationCandidates=16.3, maxSelectable=421, maxDropped=379
      A114 指点技艺: calls=1344, selector=CloseTarget, range=BlockRange, rangeValue=2, selectable=83693, relationCandidates=82720, dropped=973, avgSelectable=62.3, avgRelationCandidates=61.5, maxSelectable=488, maxDropped=19
      A252 收治失心: calls=3, selector=CloseTarget, range=SameState, rangeValue=1, selectable=1065, relationCandidates=309, dropped=756, avgSelectable=355.0, avgRelationCandidates=103.0, maxSelectable=355, maxDropped=252
      A89 惩戒人物: calls=5069, selector=RandomTarget, range=SameBlock, rangeValue=1, selectable=56305, relationCandidates=55562, dropped=743, avgSelectable=11.1, avgRelationCandidates=11.0, maxSelectable=178, maxDropped=9
      A90 惩戒恶人: calls=4886, selector=RandomTarget, range=SameBlock, rangeValue=1, selectable=53749, relationCandidates=53045, dropped=704, avgSelectable=11.0, avgRelationCandidates=10.9, maxSelectable=178, maxDropped=9
      A290 汲取玄灰: calls=3, selector=CloseTarget, range=SameState, rangeValue=1, selectable=879, relationCandidates=216, dropped=663, avgSelectable=293.0, avgRelationCandidates=72.0, maxSelectable=293, maxDropped=221
      A81 夸赞: calls=1404, selector=RandomTarget, range=SameBlock, rangeValue=1, selectable=22860, relationCandidates=22548, dropped=312, avgSelectable=16.3, avgRelationCandidates=16.1, maxSelectable=178, maxDropped=12
      A36 求取道具: calls=344, selector=RequestTarget, range=BlockRange, rangeValue=1, selectable=5319, relationCandidates=5023, dropped=296, avgSelectable=15.5, avgRelationCandidates=14.6, maxSelectable=329, maxDropped=31
    goalTargetMatchByGoalTop:
      G192 朋友互动: 533.140ms, calls=37683, max=6.391ms, true=34861, false=2822
      G179 惩戒奸佞: 330.861ms, calls=115260, max=7.097ms, true=112998, false=2262
      G193 结义互动: 141.776ms, calls=8972, max=4.667ms, true=7454, false=1518
      G191 手足互动: 138.008ms, calls=8142, max=3.835ms, true=7140, false=1002
      G187 惩戒良善: 115.034ms, calls=63658, max=7.165ms, true=62087, false=1571
      G1 苦海无涯: 108.246ms, calls=9074, max=4.758ms, true=1775, false=7299
      G3 惩恶锄奸: 98.410ms, calls=10977, max=2.345ms, true=0, false=10977
      G178 帮扶良善: 92.438ms, calls=33917, max=2.365ms, true=33625, false=292
      G2 敬贤扬善: 69.361ms, calls=7731, max=3.709ms, true=1923, false=5808
      G186 帮扶奸佞: 51.566ms, calls=26385, max=1.338ms, true=26121, false=264
      G222 佛学开悟: 48.969ms, calls=2765, max=2.340ms, true=380, false=2385
      G220 道法开悟: 46.969ms, calls=2348, max=3.856ms, true=991, false=1357
    actionTargetMatchByActionTop:
      A114 指点技艺: 463.688ms, calls=78215, max=4.346ms, selector=CloseTarget, range=BlockRange, rangeValue=2, true=70595, false=7620
      A82 咒骂: 385.156ms, calls=88872, max=7.214ms, selector=RandomTarget, range=SameBlock, rangeValue=1, true=57, false=88815
      A111 指点武学: 376.741ms, calls=72533, max=4.911ms, selector=CloseTarget, range=BlockRange, rangeValue=2, true=55416, false=17117
      A33 襄助恶人道具: 281.857ms, calls=39154, max=4.623ms, selector=CloseTarget, range=BlockRange, rangeValue=2, true=1559, false=37595
      A32 乐善好施道具: 280.267ms, calls=28788, max=7.078ms, selector=CloseTarget, range=BlockRange, rangeValue=2, true=1064, false=27724
      A30 襄助恶人资源: 242.517ms, calls=31823, max=4.443ms, selector=CloseTarget, range=BlockRange, rangeValue=2, true=1307, false=30516
      A89 惩戒人物: 229.759ms, calls=45815, max=7.138ms, selector=RandomTarget, range=SameBlock, rangeValue=1, true=22, false=45793
      A29 乐善好施资源: 204.125ms, calls=21175, max=7.034ms, selector=CloseTarget, range=BlockRange, rangeValue=2, true=806, false=20369
      A90 惩戒恶人: 199.546ms, calls=43949, max=3.434ms, selector=RandomTarget, range=SameBlock, rangeValue=1, true=1, false=43948
      A101 暗中损伤: 134.332ms, calls=29007, max=7.074ms, selector=RandomTarget, range=SameBlock, rangeValue=1, true=6, false=29001
      A81 夸赞: 129.827ms, calls=19090, max=7.184ms, selector=RandomTarget, range=SameBlock, rangeValue=1, true=19069, false=21
      A100 施以毒害: 114.102ms, calls=30302, max=4.385ms, selector=RandomTarget, range=SameBlock, rangeValue=1, true=22, false=30280
    targetMatcherCacheByActionTop:
      A82 咒骂: calls=88872, hits=88822, misses=48, fallbacks=2, savedCalls=88822, true=88872, false=0, fallbackReasons=StageInactive=2, selector=RandomTarget, range=SameBlock, rangeValue=1
      A114 指点技艺: calls=78215, hits=77855, misses=360, fallbacks=0, savedCalls=77855, true=78215, false=0, selector=CloseTarget, range=BlockRange, rangeValue=2
      A111 指点武学: calls=72533, hits=72276, misses=257, fallbacks=0, savedCalls=72276, true=72533, false=0, selector=CloseTarget, range=BlockRange, rangeValue=2
      A89 惩戒人物: calls=45815, hits=45787, misses=28, fallbacks=0, savedCalls=45787, true=45815, false=0, selector=RandomTarget, range=SameBlock, rangeValue=1
      A90 惩戒恶人: calls=43949, hits=43900, misses=32, fallbacks=17, savedCalls=43900, true=43949, false=0, fallbackReasons=StageInactive=17, selector=RandomTarget, range=SameBlock, rangeValue=1
      A33 襄助恶人道具: calls=39154, hits=38818, misses=336, fallbacks=0, savedCalls=38818, true=39154, false=0, selector=CloseTarget, range=BlockRange, rangeValue=2
      A30 襄助恶人资源: calls=31823, hits=31508, misses=315, fallbacks=0, savedCalls=31508, true=31823, false=0, selector=CloseTarget, range=BlockRange, rangeValue=2
      A100 施以毒害: calls=30302, hits=30283, misses=19, fallbacks=0, savedCalls=30283, true=30302, false=0, selector=RandomTarget, range=SameBlock, rangeValue=1
      A101 暗中损伤: calls=29007, hits=29001, misses=6, fallbacks=0, savedCalls=29001, true=29007, false=0, selector=RandomTarget, range=SameBlock, rangeValue=1
      A32 乐善好施道具: calls=28788, hits=28650, misses=138, fallbacks=0, savedCalls=28650, true=28788, false=0, selector=CloseTarget, range=BlockRange, rangeValue=2
      A91 惩戒善人: calls=24005, hits=23967, misses=19, fallbacks=19, savedCalls=23967, true=24005, false=0, fallbackReasons=StageInactive=19, selector=RandomTarget, range=SameBlock, rangeValue=1
      A29 乐善好施资源: calls=21175, hits=20964, misses=209, fallbacks=2, savedCalls=20964, true=21175, false=0, fallbackReasons=StageInactive=2, selector=CloseTarget, range=BlockRange, rangeValue=2
    targetConditionsByGoalTop:
      G220 道法开悟: 12.491ms, calls=3705, max=3.842ms, true=991, false=2714, conditions=3705, refConditions=0, avgConditions=1.0, maxConditions=1, maxRefConditions=0
      G179 惩戒奸佞: 7.971ms, calls=121990, max=0.168ms, true=112998, false=8992, conditions=121990, refConditions=0, avgConditions=1.0, maxConditions=1, maxRefConditions=0
      G192 朋友互动: 7.052ms, calls=37683, max=0.116ms, true=34861, false=2822, conditions=37683, refConditions=0, avgConditions=1.0, maxConditions=1, maxRefConditions=0
      G222 佛学开悟: 6.314ms, calls=5150, max=0.299ms, true=380, false=4770, conditions=5150, refConditions=0, avgConditions=1.0, maxConditions=1, maxRefConditions=0
      G187 惩戒良善: 3.689ms, calls=67417, max=0.040ms, true=62087, false=5330, conditions=67417, refConditions=0, avgConditions=1.0, maxConditions=1, maxRefConditions=0
      G178 帮扶良善: 2.890ms, calls=34783, max=0.048ms, true=33625, false=1158, conditions=34783, refConditions=0, avgConditions=1.0, maxConditions=1, maxRefConditions=0
      G186 帮扶奸佞: 2.239ms, calls=27273, max=0.037ms, true=26121, false=1152, conditions=27273, refConditions=0, avgConditions=1.0, maxConditions=1, maxRefConditions=0
      G191 手足互动: 1.688ms, calls=8142, max=0.059ms, true=7140, false=1002, conditions=8142, refConditions=0, avgConditions=1.0, maxConditions=1, maxRefConditions=0
      G193 结义互动: 1.653ms, calls=8972, max=0.025ms, true=7454, false=1518, conditions=8972, refConditions=0, avgConditions=1.0, maxConditions=1, maxRefConditions=0
      G1 苦海无涯: 1.128ms, calls=9074, max=0.053ms, true=1775, false=7299, conditions=9074, refConditions=0, avgConditions=1.0, maxConditions=1, maxRefConditions=0
      G161 坐诊看病: 0.987ms, calls=3262, max=0.013ms, true=42, false=3220, conditions=3262, refConditions=0, avgConditions=1.0, maxConditions=1, maxRefConditions=0
      G2 敬贤扬善: 0.931ms, calls=7731, max=0.066ms, true=1923, false=5808, conditions=7731, refConditions=0, avgConditions=1.0, maxConditions=1, maxRefConditions=0
    targetConditionsByActionTop:
      A82 咒骂: 7.500ms, calls=88872, max=0.139ms, selector=RandomTarget, range=SameBlock, rangeValue=1, true=57, false=88815, conditions=88872, refConditions=0, avgConditions=1.0, maxConditions=1, maxRefConditions=0
      A114 指点技艺: 6.911ms, calls=78215, max=0.054ms, selector=CloseTarget, range=BlockRange, rangeValue=2, true=78020, false=195, conditions=78215, refConditions=0, avgConditions=1.0, maxConditions=1, maxRefConditions=0
      A111 指点武学: 6.308ms, calls=72533, max=0.099ms, selector=CloseTarget, range=BlockRange, rangeValue=2, true=72206, false=327, conditions=72533, refConditions=0, avgConditions=1.0, maxConditions=1, maxRefConditions=0
      A33 襄助恶人道具: 5.915ms, calls=39154, max=0.118ms, selector=CloseTarget, range=BlockRange, rangeValue=2, true=1559, false=37595, conditions=78308, refConditions=0, avgConditions=2.0, maxConditions=2, maxRefConditions=0
      A30 襄助恶人资源: 4.722ms, calls=31823, max=0.040ms, selector=CloseTarget, range=BlockRange, rangeValue=2, true=1307, false=30516, conditions=63646, refConditions=0, avgConditions=2.0, maxConditions=2, maxRefConditions=0
      A32 乐善好施道具: 4.464ms, calls=28788, max=0.038ms, selector=CloseTarget, range=BlockRange, rangeValue=2, true=1064, false=27724, conditions=57576, refConditions=0, avgConditions=2.0, maxConditions=2, maxRefConditions=0
      A89 惩戒人物: 4.283ms, calls=45815, max=0.177ms, selector=RandomTarget, range=SameBlock, rangeValue=1, true=22, false=45793, conditions=45815, refConditions=0, avgConditions=1.0, maxConditions=1, maxRefConditions=0
      A90 惩戒恶人: 3.974ms, calls=43949, max=0.031ms, selector=RandomTarget, range=SameBlock, rangeValue=1, true=1, false=43948, conditions=87898, refConditions=0, avgConditions=2.0, maxConditions=2, maxRefConditions=0
      A29 乐善好施资源: 3.496ms, calls=21175, max=0.136ms, selector=CloseTarget, range=BlockRange, rangeValue=2, true=806, false=20369, conditions=42350, refConditions=0, avgConditions=2.0, maxConditions=2, maxRefConditions=0
      A27 请求淬毒道具: 3.493ms, calls=22047, max=0.414ms, selector=RequestTarget, range=BlockRange, rangeValue=2, true=721, false=21326, conditions=22047, refConditions=22047, avgConditions=1.0, maxConditions=1, maxRefConditions=1
      A100 施以毒害: 2.649ms, calls=30302, max=0.112ms, selector=RandomTarget, range=SameBlock, rangeValue=1, true=22, false=30280, conditions=30302, refConditions=0, avgConditions=1.0, maxConditions=1, maxRefConditions=0
      A101 暗中损伤: 2.447ms, calls=29007, max=0.021ms, selector=RandomTarget, range=SameBlock, rangeValue=1, true=6, false=29001, conditions=29007, refConditions=0, avgConditions=1.0, maxConditions=1, maxRefConditions=0
    relationConditionPrefilterByGoalTop:
      G192 朋友互动: calls=37683, relationConditions=37683, relationPass=34861, relationFail=2822, fullTrue=34861, fullFalse=2822, avgRelationConditions=1.0
      G193 结义互动: calls=8972, relationConditions=8972, relationPass=7454, relationFail=1518, fullTrue=7454, fullFalse=1518, avgRelationConditions=1.0
      G191 手足互动: calls=8142, relationConditions=8142, relationPass=7140, relationFail=1002, fullTrue=7140, fullFalse=1002, avgRelationConditions=1.0
      G194 爱慕互动: calls=2449, relationConditions=2449, relationPass=1775, relationFail=674, fullTrue=1775, fullFalse=674, avgRelationConditions=1.0
      G190 父母互动: calls=542, relationConditions=542, relationPass=24, relationFail=518, fullTrue=24, fullFalse=518, avgRelationConditions=1.0
      G196 子女互动: calls=479, relationConditions=479, relationPass=21, relationFail=458, fullTrue=21, fullFalse=458, avgRelationConditions=1.0
      G195 配偶互动: calls=701, relationConditions=701, relationPass=377, relationFail=324, fullTrue=377, fullFalse=324, avgRelationConditions=1.0
      G199 仇敌互动: calls=251, relationConditions=251, relationPass=37, relationFail=214, fullTrue=37, fullFalse=214, avgRelationConditions=1.0
      G197 师徒互动: calls=583, relationConditions=583, relationPass=385, relationFail=198, fullTrue=385, fullFalse=198, avgRelationConditions=1.0
    targetConditionSensorUsageTop:
      TargetStateSensor: 673469
      CharacterStateSensor: 549004
      None: 24144
      LifeSkillStateSensor: 22047
      OrganizationStateSensor: 7402
      InventoryStateSensor: 2401
      CombatSkillStateSensor: 1461
      ResourceStateSensor: 954
  targetLookupCalls:
    SameBlock: calls=174316, hits=156218, fallbacks=18098, candidateIds=1998018, charactersAdded=1841800
    SameArea: calls=0, hits=0, fallbacks=0, candidateIds=0, charactersAdded=0
    SameState: calls=15, hits=15, fallbacks=0, candidateIds=5649, charactersAdded=5634
    BlockRange: calls=79576, hits=77664, fallbacks=1912, candidateIds=2909585, charactersAdded=2831921
    SettlementRange: calls=0, hits=0, fallbacks=0, candidateIds=0, charactersAdded=0

2026-07-02 03:32:09.3220|INFO|Main|GameData.Domains.Global.GlobalDomain|Required Space: 1073741824 bytes.
Available Space: 1405944184832
2026-07-02 03:32:11.2494|INFO|Main|GameData.Domains.World.WorldDomain|Exit advancing month state and start saving world.
2026-07-02 03:32:11.2494|INFO|Main|GameData.Domains.World.WorldDomain|Currrent Population / World Standard Population: 6500/5184, Probability Adjustment of Creating Character: 100%
2026-07-02 03:32:11.2494|INFO|Main|GameData.Domains.Character.CharacterDomain|[[204]] Alive characters: 7305, dead characters: 4314
2026-07-02 03:32:11.2494|INFO|Main|GameData.Domains.Character.CharacterDomain|Non-intelligent characters: 119
  16589: 370-百邪
  16599: 377-年轻侠士
  16581: 370-百邪
  16580: 370-百邪
  16588: 1124-古将残魂
  16579: 370-百邪
  16182: 480-金刚院弟子
  8225: 377-年轻侠士
  7427: 377-年轻侠士
  16596: 370-百邪
  16186: 480-金刚院弟子
  16578: 370-百邪
  16591: 370-百邪
  16575: 370-百邪
  7428: 377-年轻侠士
  16577: 370-百邪
  16582: 370-百邪
  8345: 377-年轻侠士
  16583: 1119-古兵残魂
  16574: 370-百邪
  7426: 377-年轻侠士
  16600: 379-成名镖师
  16573: 370-百邪
  16572: 370-百邪
  7425: 377-年轻侠士
  16590: 370-百邪
  16587: 1119-古兵残魂
  8224: 377-年轻侠士
  8223: 377-年轻侠士
  16576: 370-百邪
  16586: 1124-古将残魂
  7203: 377-年轻侠士
  16185: 480-金刚院弟子
  16584: 1124-古将残魂
  16585: 1119-古兵残魂
  16601: 379-成名镖师
  16597: 370-百邪
  7219: 377-年轻侠士
  7424: 377-年轻侠士
  16595: 370-百邪

2026-07-02 03:32:11.2494|INFO|Main|AdaptableLog|EventArgBox newly created: 152 instances, 2044 object collections.
2026-07-02 03:32:11.2494|WARN|Main|GameData.Domains.Item.ItemDomain|4 unowned Weapon detected.
2026-07-02 03:32:11.2494|WARN|Main|GameData.Domains.Item.ItemDomain|12 unowned Armor detected.
2026-07-02 03:32:11.2494|WARN|Main|GameData.Domains.Item.ItemDomain|9 unowned Accessory detected.
2026-07-02 03:32:11.2494|WARN|Main|GameData.Domains.Item.ItemDomain|9 unowned Carrier detected.
2026-07-02 03:32:11.2494|WARN|Main|GameData.Domains.Item.ItemDomain|8 unowned CraftTool detected.
2026-07-02 03:32:11.2494|WARN|Main|GameData.Domains.Item.ItemDomain|5 unowned TeaWine detected.
2026-07-02 03:32:11.2629|WARN|Main|GameData.Domains.Item.ItemDomain|71 unowned SkillBook detected.
2026-07-02 03:32:11.2629|WARN|Main|GameData.Domains.Item.ItemDomain|2911 unowned Cricket detected.
2026-07-02 03:32:11.2629|WARN|Main|GameData.Domains.Item.ItemDomain|1 unowned Misc detected.
2026-07-02 03:32:11.2629|INFO|Main|GameData.Domains.Item.ItemDomain|Total unowned items: 3030
2026-07-02 03:32:11.6266|INFO|Main|GameData.Domains.Global.GlobalDomain|Total managed memory usage: 644.5MB
2026-07-02 03:32:11.6449|INFO|Main|GameData.Domains.Global.GlobalDomain|Required Space: 1073741824 bytes.
Available Space: 1405944184832
2026-07-02 03:32:12.4353|INFO|Main|TaiwuOptimization.Runtime.SaveWorldDiagnostics|TaiwuOptimization: SaveWorld breakdown
  total:
    elapsed: 773.888ms
    measured: 773.544ms
    other: 0.345ms
    archivePath: D:\SteamLibrary\steamapps\common\The Scroll Of Taiwu\Backend\..\SaveGames\world_1\local.sav
    fileSize: 184314623
  archiveFile:
    WriteHeader: 3.299ms
    WriteContent: 770.245ms
    contentMeasured: 769.204ms
    contentOther: 1.041ms
  domainOnSaveWorld:
    WorldDomain: 7.432ms, calls=1
    MapDomain: 28.422ms, calls=1
    OrganizationDomain: 6.668ms, calls=1
    CharacterDomain: 323.402ms, calls=1
    TaiwuDomain: 7.094ms, calls=1
    ItemDomain: 34.595ms, calls=1
    CombatSkillDomain: 23.449ms, calls=1
    CombatDomain: 0.311ms, calls=1
    BuildingDomain: 9.986ms, calls=1
    AdventureDomain: 11.659ms, calls=1
    LegendaryBookDomain: 1.877ms, calls=1
    TaiwuEventDomain: 1.353ms, calls=1
    LifeRecordDomain: 0.000ms, calls=1
    MerchantDomain: 2.477ms, calls=1
    TutorialChapterDomain: 0.000ms, calls=1
    ModDomain: 1.231ms, calls=1
    SpecialEffectDomain: 2.511ms, calls=1
    InformationDomain: 117.109ms, calls=1
    ExtraDomain: 100.510ms, calls=1
    StoryDomain: 0.706ms, calls=1
  database:
    DatabaseBridge.Disconnect: 0.613ms
    CopyWorkingDb: 87.174ms, calls=1, bytes=77922304, bufferBytes=16777216, estimatedChunks=5
    DatabaseBridge.Connect: 0.618ms
  compression:
    CompressionType: NoCompression
    EndCompression: 0.000ms
    WriteCrcToEnd: 0.007ms

2026-07-02 03:32:12.4353|INFO|Main|GameData.Domains.Global.GlobalDomain|SaveWorld: 793.6
2026-07-02 03:32:12.9656|INFO|Main|AdaptableLog|new Event triggered : 1505c7c2-8a55-4794-bd85-1c5aec7ea341, _triggeredEventList.Count = 1
2026-07-02 03:32:12.9656|INFO|Main|AdaptableLog|new Event triggered : 5820ef21-229c-4bf5-a968-9dec8ae6a480, _triggeredEventList.Count = 2
2026-07-02 03:32:12.9656|INFO|Main|AdaptableLog|1505c7c2-8a55-4794-bd85-1c5aec7ea341 to event => 
2026-07-02 03:32:12.9679|INFO|Main|AdaptableLog|5820ef21-229c-4bf5-a968-9dec8ae6a480 to event => 
2026-07-02 03:32:14.3172|INFO|Main|GameData.Domains.Global.GlobalDomain|Required Space: 1073741824 bytes.
Available Space: 1405930606592
2026-07-02 03:32:14.3490|INFO|Main|GameData.Domains.World.WorldDomain|AdvanceMonth: begin ------------------------------------------------------------
2026-07-02 03:32:14.3605|INFO|Main|GameData.Domains.Character.CharacterDomain|Removing all temporary enemies with a total count of 36
2026-07-02 03:32:14.3605|INFO|Main|GameData.Domains.Character.CharacterDomain|Clearing temporary characters with a total count of 0
2026-07-02 03:32:14.3605|INFO|Main|GameData.Domains.Global.GlobalDomain|Required Space: 1073741824 bytes.
Available Space: 1405930606592
2026-07-02 03:32:14.3605|INFO|Main|GameData.Domains.World.WorldDomain|New month begin: Year 18, Month 1 (204)
2026-07-02 03:32:14.5911|INFO|Main|GameData.Domains.Global.GlobalDomain|[AdvanceMonth_Execute] PreAdvanceMonth: 223.7
2026-07-02 03:32:14.8154|INFO|Main|AdaptableLog|太吾村村民-璧神处(16610) changed generic skill slot allocation.
2026-07-02 03:32:14.8154|INFO|Main|AdaptableLog|太吾村村民-璧神处(16610) changed equipped skills.
2026-07-02 03:32:14.8154|INFO|Main|GameData.Domains.Character.CharacterDomain|山寨豪富-寇洁(353) is dead at age 42.(玄灰绝命:{killer=-1, location={18, 307}, adventure=0})
2026-07-02 03:32:14.8333|INFO|Main|GameData.Domains.Character.CharacterDomain|青州城主-巩不凡(2432) is dead at age 59.(寿终正寝:{killer=-1, location={18, 503}, adventure=0})
2026-07-02 03:32:14.8410|INFO|Main|GameData.Domains.Character.CharacterDomain|山寨下九流-关晶儿(2571) is dead at age 34.(玄灰绝命:{killer=-1, location={18, 558}, adventure=0})
2026-07-02 03:32:14.8410|INFO|Main|GameData.Domains.Character.CharacterDomain|村庄权贵-安威信(3158) is dead at age 45.(寿终正寝:{killer=-1, location={8, 257}, adventure=0})
2026-07-02 03:32:14.8410|INFO|Main|GameData.Domains.Character.CharacterDomain|村庄商人-蒙夕星(4492) is dead at age 40.(玄灰绝命:{killer=-1, location={4, 398}, adventure=0})
2026-07-02 03:32:14.8680|INFO|Main|AdaptableLog|逃跑概率：(133 - 100) * (100 - 40[5品朱霞长索]) / 100 + 0 * 20 = 19%，最终取19%
2026-07-02 03:32:14.8680|INFO|Main|AdaptableLog|逃跑概率：(113 - 100) * (100 - 40[5品朱霞长索]) / 100 + 0 * 20 = 7%，最终取7%
2026-07-02 03:32:14.8680|INFO|Main|AdaptableLog|逃跑概率：(123 - 100) * (100 - 40[5品朱霞长索]) / 100 + 0 * 20 = 13%，最终取13%
2026-07-02 03:32:14.8680|INFO|Main|GameData.Domains.Global.GlobalDomain|[AdvanceMonth_Execute] UpdateStatus: 279.8
2026-07-02 03:32:14.9330|INFO|Main|GameData.Domains.Global.GlobalDomain|[AdvanceMonth_Execute] SelfImprovement: 56.4
2026-07-02 03:32:15.2780|INFO|Main|GameData.Domains.Global.GlobalDomain|[AdvanceMonth_Execute] CharacterPreparation: 344.8
2026-07-02 03:32:15.4273|INFO|Main|GameData.Domains.Character.CharacterDomain|[DistantMarriage] PassConditionCount=2241, PassSuccessRateCheckCount=8, FoundTargetCount=1
2026-07-02 03:32:15.4273|INFO|Main|GameData.Domains.Character.CharacterDomain|Adore Relations In Marriage: 0/0
2026-07-02 03:32:15.4273|INFO|Main|GameData.Domains.Global.GlobalDomain|[AdvanceMonth_Execute] CharacterRelationsUpdate: 151.1
2026-07-02 03:32:18.6441|INFO|Main|GameData.Domains.Global.GlobalDomain|[AdvanceMonth_Execute] CharacterActionPlanning: 3,214.5
2026-07-02 03:32:18.7457|INFO|Main|GameData.Domains.Global.GlobalDomain|[AdvanceMonth_Execute] CharacterFixedAction: 101.4
2026-07-02 03:32:18.8526|INFO|Main|AdaptableLog|[璇女派]: Confiscating 27812 worth of resources from 璇女派内门弟子-越贞(2996).
2026-07-02 03:32:18.8526|INFO|Main|AdaptableLog|[璇女派]: Confiscating 27 items from 璇女派内门弟子-越贞(2996).
2026-07-02 03:32:18.8526|INFO|Main|AdaptableLog|[璇女派]: add prisoner 璇女派内门弟子-越贞(2996) for 12 months.
2026-07-02 03:32:18.8562|INFO|Main|AdaptableLog|Prisoner 璇女派内门弟子-越贞(2996) added to 璇女派
2026-07-02 03:32:18.8562|INFO|Main|TaiwuOptimization.Runtime.UpdateInformationDiagnostics|TaiwuOptimization: UpdateInformation breakdown
  total:
    elapsed: 111.181ms
    measured: 110.654ms
    other: 0.527ms
  secretInformationData:
    secretInformation: 11683 -> 8034
    secretOccurence: 13792 -> 11564
    characterKnownSecrets: 6099 -> 6099
    knownSecretLinks: 12046 -> 10639
    holderScanUpperBound: 71254617
  phases:
    MakeSettlementsInformation: 3.123ms, calls=1
    PlanDisseminateSecretInformation: 71.957ms, calls=3123
      planMax: 0.934ms
      planMaxCharId: 10250
      planSlowCalls(>=5ms): 0
    MetabolismSecretInformation: 35.575ms, calls=1
  metabolismDetails:
    MakeSecretBroadcast: 28.990ms, calls=17
    DiscardSecretInformation: 0.321ms, calls=2093
    RecordSecretInformationRemove: 0.434ms, calls=1
    RecordSecretOccurenceRemove: 0.236ms, calls=1
    RemoveElementSecretInformation: 0.314ms, calls=3676
    RemoveElementSecretOccurence: 0.104ms, calls=2244
      residual: 5.595ms
  lookups:
    CalcSecretOccurenceHolderCount: 0.554ms, calls=6393, max=0.016ms
    CalcSecretInformationKnownCharacterCount: 0.000ms, calls=0, max=0.000ms

2026-07-02 03:32:18.8562|INFO|Main|GameData.Domains.Global.GlobalDomain|[AdvanceMonth_Execute] UpdateInformation: 114.1
2026-07-02 03:32:18.8801|INFO|Main|GameData.Domains.Item.ItemDomain|Getting item of type 2(Accessory) and sub type 200 with grade 6
2026-07-02 03:32:18.8801|INFO|Main|GameData.Domains.Item.ItemDomain|Getting item of type 10(SkillBook) and sub type 1000 with grade 6
2026-07-02 03:32:18.8906|INFO|Main|GameData.Domains.Global.GlobalDomain|[AdvanceMonth_Execute] UpdateInfectedCharacters: 0.0
2026-07-02 03:32:18.8906|INFO|Main|GameData.Domains.Item.ItemDomain|Getting item of type 0(Weapon) and sub type 8 with grade 6
2026-07-02 03:32:18.9119|INFO|Main|GameData.Domains.Global.GlobalDomain|[AdvanceMonth_Execute] UpdateCharacterMovements: 21.1
2026-07-02 03:32:18.9484|INFO|Main|GameData.Domains.Extra.ExtraDomain|Creating cricket at {4, 206} by building area effect at {4, 264}.
2026-07-02 03:32:18.9484|INFO|Main|GameData.Domains.Extra.ExtraDomain|Creating cricket at {23, 739} by building area effect at {23, 702}.
2026-07-02 03:32:19.3225|INFO|Main|GameData.Domains.Global.GlobalDomain|[AdvanceMonth_Execute] UpdateOrganizationMembers: 373.3
2026-07-02 03:32:19.3346|INFO|Main|AdaptableLog|
2026-07-02 03:32:19.3346|INFO|Main|AdaptableLog|璇女派关押璇女派内门弟子-越贞(2996)，初始值：立场1 * (罪行3 * 5 - 身份2) = 13，精纯影响：精纯上限18 + 囚犯精纯4 - 守卫平均精纯10 = 12，时长影响：总时长12 - 2 * 已关押时长0 = 12，共计：37
2026-07-02 03:32:19.3346|INFO|Main|AdaptableLog|逃跑概率：(37 - 100) * (100 - 30[7品五彩绳]) / 100 + 0 * 20 = -44%，最终取0%
2026-07-02 03:32:19.3346|INFO|Main|AdaptableLog|逃跑×失败
2026-07-02 03:32:19.3346|INFO|Main|AdaptableLog|
2026-07-02 03:32:19.3346|INFO|Main|AdaptableLog|
2026-07-02 03:32:19.3346|INFO|Main|AdaptableLog|璇女派关押璇女派璇仙使-农诗贤(2957)，初始值：立场1 * (罪行2 * 5 - 身份7) = 3，精纯影响：精纯上限18 + 囚犯精纯16 - 守卫平均精纯16 = 18，时长影响：总时长6 - 2 * 已关押时长5 = -4，共计：17
2026-07-02 03:32:19.3346|INFO|Main|AdaptableLog|逃跑概率：(17 - 100) * (100 - 20[9品长绳]) / 100 + 0 * 20 = -66%，最终取0%
2026-07-02 03:32:19.3346|INFO|Main|AdaptableLog|逃跑×失败
2026-07-02 03:32:19.3346|INFO|Main|AdaptableLog|
2026-07-02 03:32:19.3433|WARN|Main|AdaptableLog|[Adventure]: AutoGenerateByConfig cost 3ms
2026-07-02 03:32:19.3719|INFO|Main|GameData.Domains.TaiwuEvent.EventScriptRuntime|做一个保底机制确保不会变成捕快窝
2026-07-02 03:32:19.3719|INFO|Main|GameData.Domains.TaiwuEvent.EventScriptRuntime|刷新各类捕快数量
2026-07-02 03:32:19.3719|INFO|Main|GameData.Domains.TaiwuEvent.EventScriptRuntime|现在是修习外出状态，清空捕快中
2026-07-02 03:32:19.3804|INFO|Main|GameData.Domains.TaiwuEvent.EventScriptRuntime|获得司仪
2026-07-02 03:32:19.3804|INFO|Main|GameData.Domains.TaiwuEvent.EventScriptRuntime|获得左考官
2026-07-02 03:32:19.3804|INFO|Main|GameData.Domains.TaiwuEvent.EventScriptRuntime|获得上考官
2026-07-02 03:32:19.3804|INFO|Main|GameData.Domains.TaiwuEvent.EventScriptRuntime|获得右考官
2026-07-02 03:32:19.4871|INFO|Main|GameData.Domains.TaiwuEvent.EventScriptRuntime|获得司仪
2026-07-02 03:32:19.4871|INFO|Main|GameData.Domains.TaiwuEvent.EventScriptRuntime|获得左考官
2026-07-02 03:32:19.4871|INFO|Main|GameData.Domains.TaiwuEvent.EventScriptRuntime|获得上考官
2026-07-02 03:32:19.4871|INFO|Main|GameData.Domains.TaiwuEvent.EventScriptRuntime|获得右考官
2026-07-02 03:32:19.4871|INFO|Main|GameData.Domains.TaiwuEvent.EventScriptRuntime|获得左俘虏
2026-07-02 03:32:19.4871|INFO|Main|GameData.Domains.TaiwuEvent.EventScriptRuntime|获得上俘虏
2026-07-02 03:32:19.4871|INFO|Main|GameData.Domains.TaiwuEvent.EventScriptRuntime|获得右俘虏
2026-07-02 03:32:19.4871|INFO|Main|GameData.Domains.TaiwuEvent.EventScriptRuntime|获得司仪
2026-07-02 03:32:19.4871|INFO|Main|GameData.Domains.TaiwuEvent.EventScriptRuntime|获得左考官
2026-07-02 03:32:19.4871|INFO|Main|GameData.Domains.TaiwuEvent.EventScriptRuntime|获得上考官
2026-07-02 03:32:19.4871|INFO|Main|GameData.Domains.TaiwuEvent.EventScriptRuntime|获得右考官
2026-07-02 03:32:19.4871|INFO|Main|GameData.Domains.TaiwuEvent.EventScriptRuntime|获得司仪
2026-07-02 03:32:19.4871|INFO|Main|GameData.Domains.TaiwuEvent.EventScriptRuntime|获得左考官
2026-07-02 03:32:19.4871|INFO|Main|GameData.Domains.TaiwuEvent.EventScriptRuntime|获得上考官
2026-07-02 03:32:19.4871|INFO|Main|GameData.Domains.TaiwuEvent.EventScriptRuntime|获得右考官
2026-07-02 03:32:19.4871|INFO|Main|GameData.Domains.TaiwuEvent.EventScriptRuntime|获得司仪
2026-07-02 03:32:19.4871|INFO|Main|GameData.Domains.TaiwuEvent.EventScriptRuntime|获得左考官
2026-07-02 03:32:19.4871|INFO|Main|GameData.Domains.TaiwuEvent.EventScriptRuntime|获得上考官
2026-07-02 03:32:19.4871|INFO|Main|GameData.Domains.TaiwuEvent.EventScriptRuntime|获得右考官
2026-07-02 03:32:19.4871|INFO|Main|GameData.Domains.TaiwuEvent.EventScriptRuntime|获得司仪
2026-07-02 03:32:19.4871|INFO|Main|GameData.Domains.TaiwuEvent.EventScriptRuntime|获得左考官
2026-07-02 03:32:19.4871|INFO|Main|GameData.Domains.TaiwuEvent.EventScriptRuntime|获得上考官
2026-07-02 03:32:19.4871|INFO|Main|GameData.Domains.TaiwuEvent.EventScriptRuntime|获得右考官
2026-07-02 03:32:19.5525|INFO|Main|GameData.Domains.TaiwuEvent.EventScriptRuntime|获得司仪
2026-07-02 03:32:19.5525|INFO|Main|GameData.Domains.TaiwuEvent.EventScriptRuntime|获得左考官
2026-07-02 03:32:19.5525|INFO|Main|GameData.Domains.TaiwuEvent.EventScriptRuntime|获得上考官
2026-07-02 03:32:19.5525|INFO|Main|GameData.Domains.TaiwuEvent.EventScriptRuntime|获得右考官
2026-07-02 03:32:19.5525|INFO|Main|GameData.Domains.TaiwuEvent.EventScriptRuntime|获得司仪
2026-07-02 03:32:19.5525|INFO|Main|GameData.Domains.TaiwuEvent.EventScriptRuntime|获得左考官
2026-07-02 03:32:19.5525|INFO|Main|GameData.Domains.TaiwuEvent.EventScriptRuntime|获得上考官
2026-07-02 03:32:19.5525|INFO|Main|GameData.Domains.TaiwuEvent.EventScriptRuntime|获得右考官
2026-07-02 03:32:19.5525|INFO|Main|GameData.Domains.TaiwuEvent.EventScriptRuntime|获得司仪
2026-07-02 03:32:19.5525|INFO|Main|GameData.Domains.TaiwuEvent.EventScriptRuntime|获得左考官
2026-07-02 03:32:19.5525|INFO|Main|GameData.Domains.TaiwuEvent.EventScriptRuntime|获得上考官
2026-07-02 03:32:19.5525|INFO|Main|GameData.Domains.TaiwuEvent.EventScriptRuntime|获得右考官
2026-07-02 03:32:19.5525|INFO|Main|GameData.Domains.TaiwuEvent.EventScriptRuntime|获得司仪
2026-07-02 03:32:19.5525|INFO|Main|GameData.Domains.TaiwuEvent.EventScriptRuntime|获得左考官
2026-07-02 03:32:19.5525|INFO|Main|GameData.Domains.TaiwuEvent.EventScriptRuntime|获得上考官
2026-07-02 03:32:19.5525|INFO|Main|GameData.Domains.TaiwuEvent.EventScriptRuntime|获得右考官
2026-07-02 03:32:19.5525|INFO|Main|GameData.Domains.TaiwuEvent.EventScriptRuntime|获得司仪
2026-07-02 03:32:19.5525|INFO|Main|GameData.Domains.TaiwuEvent.EventScriptRuntime|获得左考官
2026-07-02 03:32:19.5525|INFO|Main|GameData.Domains.TaiwuEvent.EventScriptRuntime|获得上考官
2026-07-02 03:32:19.5525|INFO|Main|GameData.Domains.TaiwuEvent.EventScriptRuntime|获得右考官
2026-07-02 03:32:19.5525|INFO|Main|GameData.Domains.TaiwuEvent.EventScriptRuntime|获得司仪
2026-07-02 03:32:19.5525|INFO|Main|GameData.Domains.TaiwuEvent.EventScriptRuntime|获得左考官
2026-07-02 03:32:19.5525|INFO|Main|GameData.Domains.TaiwuEvent.EventScriptRuntime|获得上考官
2026-07-02 03:32:19.5525|INFO|Main|GameData.Domains.TaiwuEvent.EventScriptRuntime|获得右考官
2026-07-02 03:32:19.5525|INFO|Main|GameData.Domains.TaiwuEvent.EventScriptRuntime|获得司仪
2026-07-02 03:32:19.5525|INFO|Main|GameData.Domains.TaiwuEvent.EventScriptRuntime|获得左考官
2026-07-02 03:32:19.5525|INFO|Main|GameData.Domains.TaiwuEvent.EventScriptRuntime|获得上考官
2026-07-02 03:32:19.5525|INFO|Main|GameData.Domains.TaiwuEvent.EventScriptRuntime|获得右考官
2026-07-02 03:32:19.5525|INFO|Main|GameData.Domains.TaiwuEvent.EventScriptRuntime|获得左俘虏
2026-07-02 03:32:19.5525|INFO|Main|GameData.Domains.TaiwuEvent.EventScriptRuntime|获得上俘虏
2026-07-02 03:32:19.5525|INFO|Main|GameData.Domains.TaiwuEvent.EventScriptRuntime|获得右俘虏
2026-07-02 03:32:19.5525|WARN|Main|AdaptableLog|get invalid vital data by type Heaven
2026-07-02 03:32:19.5525|WARN|Main|AdaptableLog|get invalid vital data by type Earth
2026-07-02 03:32:19.5525|WARN|Main|AdaptableLog|get invalid vital data by type Human
2026-07-02 03:32:19.6580|INFO|Main|GameData.Domains.World.WorldDomain|Removing monthly event Config.MonthlyEventItem(274) at 147 of size 3 from a collection of size 150 and count 11
2026-07-02 03:32:19.6580|INFO|Main|GameData.Domains.World.WorldDomain|CheckMonthlyEvents: 10 events detected.
2026-07-02 03:32:19.6580|INFO|Main|GameData.Domains.World.WorldDomain|AdvanceMonth: end --------------------------------------------------------------
2026-07-02 03:32:19.6580|INFO|Main|GameData.Domains.World.WorldDomain|Advance Month Time Cost: 5315ms
2026-07-02 03:32:19.6580|INFO|Main|TaiwuOptimization.Runtime.CharacterActionPlanningDiagnostics|TaiwuOptimization: CharacterActionPlanning diagnostics
  total:
    elapsed: 5,316.133ms
  targetLookupBuild:
    elapsed: 380.724ms, calls=2
    fullBuilds: 1
    fullBuildReasons: InitialSnapshot=1
    deltaNoChangePublishes: 0
    deltaPublish: 2.117ms, calls=1, deltas=1195, fallbackFullRebuilds=0
    deltaAffected: blocks=779, areas=43, states=15, settlements=734
    primaryApplyAllDeltas: recordedDeltaCount=1195, savedDeltaCount=1195, affectedBlockCount=779, affectedAreaCount=43, overflowCount=0
    locationEpochIncrements: LocationChangedOutsideDeltaRecording@None=1, LocationChangedOutsideDeltaRecording@FrozenSnapshotIdle=1457
    firstLocationEpochIncrement: LocationChangedOutsideDeltaRecording@None, charId=13038, old=34:496, new=34:437
    blocks: 39738
    areas: 141
    states: 16
    characterIds: 5373
  actualRelationTargetPrefilterSkips:
    OutOfScope: 1655
    EmptySource: 25136
    NoRelationRule: 0
    UnsafeRule: 21333
    Exception: 0
  planningGraphCache:
    build: elapsed=3.585ms, calls=1, successes=1, failures=0
    snapshot: conditions=225, effects=129, conditionEdges=390, effectEdges=385
    Condition: calls=0, hits=0, misses=0, fallbacks=0, returnedNodes=0
    Effect: calls=0, hits=0, misses=0, fallbacks=0, returnedNodes=0
  parallelStages:
    UpdateCharacterMission: 2.896ms, calls=1, max=2.896ms
    UpdateCharacterGoal: 20.601ms, calls=1, max=20.601ms
    UpdateInfectedCharacterActions: 0.000ms, calls=1, max=0.000ms
    UpdateLegendaryBookOwnersActions: 0.002ms, calls=1, max=0.002ms
    UpdatePrimaryGoalAndActions: 1,625.026ms, calls=1, max=1,625.026ms
    UpdateSecondaryGoalAndActions: 1,184.144ms, calls=1, max=1,184.144ms
  primaryGoalActions:
    OfflineUpdateCurrentGoalActions: 30,675.027ms, calls=5173, max=367.561ms
    ComplementUpdateCurrentGoalActions: 259.149ms, calls=5173, max=12.407ms
    OfflineUpdateGoalPlan: 25,355.821ms, calls=21920, max=293.636ms
    ReassessPlan: 3,162.581ms, calls=37540, max=25.474ms
    OfflineCreateNextAction: 1,801.228ms, calls=14990, max=22.116ms
    ExecuteAction: 254.143ms, calls=3276, max=12.403ms
    CheckPrerequisites: 624.205ms, calls=1236791, max=6.633ms
    GetCharactersInSelectRange: 870.045ms, calls=143402, max=7.094ms, input=2398706, output=0, maxInput=490, maxOutput=0
    FilterActionTargets: 11,630.591ms, calls=143402, max=36.211ms, input=615620, output=34596, maxInput=490, maxOutput=153
    CharacterActionPlannerPlan: 25,211.556ms, calls=21920, max=293.635ms
    CharacterActionPlannerReassess: 3,045.144ms, calls=25913, max=25.472ms
    WeightBasedFindPath: 0.000ms, calls=0, max=0.000ms
    WeightBasedFindPathRecursive: 0.000ms, calls=0, max=0.000ms
    WeightBasedGetUnsatisfiedStateCount: 0.000ms, calls=0, max=0.000ms
    StateMemoryCheckCondition: 0.000ms, calls=0, max=0.000ms
    PrepareContext: 13,552.513ms, calls=333879, max=36.290ms
    CalcCurrentState: 653.680ms, calls=769263, max=5.143ms
    MatchTargetCharacter: 9,781.490ms, calls=672161, max=8.423ms
    MatchTargetCharacterByConditions: 76.665ms, calls=826111, max=1.023ms
    prepareContextByActionTop:
      A82 咒骂: 1,435.627ms, calls=22927, max=8.986ms, selector=RandomTarget, range=SameBlock, rangeValue=1
      A90 惩戒恶人: 1,145.857ms, calls=14523, max=10.820ms, selector=RandomTarget, range=SameBlock, rangeValue=1
      A89 惩戒人物: 1,109.151ms, calls=14904, max=12.992ms, selector=RandomTarget, range=SameBlock, rangeValue=1
      A111 指点武学: 1,005.872ms, calls=3183, max=36.290ms, selector=CloseTarget, range=BlockRange, rangeValue=2
      A114 指点技艺: 922.201ms, calls=2887, max=26.952ms, selector=CloseTarget, range=BlockRange, rangeValue=2
      A101 暗中损伤: 778.383ms, calls=12772, max=13.313ms, selector=RandomTarget, range=SameBlock, rangeValue=1
      A100 施以毒害: 724.046ms, calls=12824, max=10.953ms, selector=RandomTarget, range=SameBlock, rangeValue=1
      A33 襄助恶人道具: 580.424ms, calls=1745, max=13.032ms, selector=CloseTarget, range=BlockRange, rangeValue=2
      A91 惩戒善人: 575.489ms, calls=9095, max=22.121ms, selector=RandomTarget, range=SameBlock, rangeValue=1
      A32 乐善好施道具: 571.430ms, calls=1765, max=21.965ms, selector=CloseTarget, range=BlockRange, rangeValue=2
      A30 襄助恶人资源: 445.736ms, calls=1550, max=21.359ms, selector=CloseTarget, range=BlockRange, rangeValue=2
      A222 修补道具: 435.367ms, calls=522, max=10.732ms, selector=CloseTarget, range=BlockRange, rangeValue=2
    filterActionTargetsByActionTop:
      A111 指点武学: 1,316.265ms, calls=4762, max=36.211ms, selector=CloseTarget, range=BlockRange, rangeValue=2, input=82660, output=3753, avgInput=17.4, maxInput=490, maxOutput=70
      A114 指点技艺: 1,234.747ms, calls=4319, max=26.877ms, selector=CloseTarget, range=BlockRange, rangeValue=2, input=79997, output=3449, avgInput=18.5, maxInput=490, maxOutput=15
      A82 咒骂: 1,064.756ms, calls=27572, max=8.969ms, selector=RandomTarget, range=SameBlock, rangeValue=1, input=61328, output=8, avgInput=2.2, maxInput=163, maxOutput=1
      A89 惩戒人物: 795.288ms, calls=14904, max=12.972ms, selector=RandomTarget, range=SameBlock, rangeValue=1, input=31715, output=8, avgInput=2.1, maxInput=163, maxOutput=1
      A90 惩戒恶人: 768.356ms, calls=14523, max=10.804ms, selector=RandomTarget, range=SameBlock, rangeValue=1, input=32598, output=0, avgInput=2.2, maxInput=163, maxOutput=0
      A222 修补道具: 613.585ms, calls=783, max=10.724ms, selector=CloseTarget, range=BlockRange, rangeValue=2, input=13056, output=0, avgInput=16.7, maxInput=75, maxOutput=0
      A33 襄助恶人道具: 535.668ms, calls=1746, max=12.991ms, selector=CloseTarget, range=BlockRange, rangeValue=2, input=22959, output=287, avgInput=13.1, maxInput=484, maxOutput=14
      A32 乐善好施道具: 514.874ms, calls=1765, max=21.883ms, selector=CloseTarget, range=BlockRange, rangeValue=2, input=16897, output=122, avgInput=9.6, maxInput=484, maxOutput=7
      A101 暗中损伤: 487.418ms, calls=12772, max=13.289ms, selector=RandomTarget, range=SameBlock, rangeValue=1, input=25422, output=0, avgInput=2.0, maxInput=163, maxOutput=0
      A100 施以毒害: 429.599ms, calls=12826, max=10.924ms, selector=RandomTarget, range=SameBlock, rangeValue=1, input=26034, output=6, avgInput=2.0, maxInput=163, maxOutput=1
      A30 襄助恶人资源: 400.464ms, calls=1550, max=21.300ms, selector=CloseTarget, range=BlockRange, rangeValue=2, input=18354, output=222, avgInput=11.8, maxInput=484, maxOutput=14
      A91 惩戒善人: 389.936ms, calls=9097, max=22.087ms, selector=RandomTarget, range=SameBlock, rangeValue=1, input=21036, output=0, avgInput=2.3, maxInput=163, maxOutput=0
    actualRelationTargetPrefilterByActionTop:
      A82 咒骂: calls=20177, selector=RandomTarget, range=SameBlock, rangeValue=1, input=225465, output=18272, dropped=207193, zeroOutput=15295, avgInput=11.2, avgOutput=0.9, maxInput=163, maxDropped=162
      A89 惩戒人物: calls=10902, selector=RandomTarget, range=SameBlock, rangeValue=1, input=120699, output=5706, dropped=114993, zeroOutput=8339, avgInput=11.1, avgOutput=0.5, maxInput=163, maxDropped=162
      A90 惩戒恶人: calls=10803, selector=RandomTarget, range=SameBlock, rangeValue=1, input=120055, output=8795, dropped=111260, zeroOutput=8155, avgInput=11.1, avgOutput=0.8, maxInput=163, maxDropped=162
      A111 指点武学: calls=4205, selector=CloseTarget, range=BlockRange, rangeValue=2, input=159772, output=48597, dropped=111175, zeroOutput=2445, avgInput=38.0, avgOutput=11.6, maxInput=490, maxDropped=489
      A114 指点技艺: calls=3842, selector=CloseTarget, range=BlockRange, rangeValue=2, input=150582, output=47178, dropped=103404, zeroOutput=2274, avgInput=39.2, avgOutput=12.3, maxInput=490, maxDropped=489
      A101 暗中损伤: calls=9319, selector=RandomTarget, range=SameBlock, rangeValue=1, input=106903, output=8312, dropped=98591, zeroOutput=7145, avgInput=11.5, avgOutput=0.9, maxInput=163, maxDropped=162
      A100 施以毒害: calls=9320, selector=RandomTarget, range=SameBlock, rangeValue=1, input=106607, output=8396, dropped=98211, zeroOutput=7238, avgInput=11.4, avgOutput=0.9, maxInput=163, maxDropped=162
      A91 惩戒善人: calls=6509, selector=RandomTarget, range=SameBlock, rangeValue=1, input=74609, output=7029, dropped=67580, zeroOutput=4956, avgInput=11.5, avgOutput=1.1, maxInput=163, maxDropped=162
      A182 道法开悟: calls=2043, selector=CloseTarget, range=BlockRange, rangeValue=2, input=66666, output=1571, dropped=65095, zeroOutput=1531, avgInput=32.6, avgOutput=0.8, maxInput=490, maxDropped=489
      A184 佛学开悟: calls=1908, selector=CloseTarget, range=BlockRange, rangeValue=2, input=65589, output=1524, dropped=64065, zeroOutput=1412, avgInput=34.4, avgOutput=0.8, maxInput=490, maxDropped=489
      A180 占卜预测: calls=1414, selector=RandomTarget, range=BlockRange, rangeValue=2, input=53339, output=4133, dropped=49206, zeroOutput=978, avgInput=37.7, avgOutput=2.9, maxInput=490, maxDropped=489
      A176 对弈娱人: calls=1640, selector=CloseTarget, range=BlockRange, rangeValue=2, input=60420, output=12100, dropped=48320, zeroOutput=981, avgInput=36.8, avgOutput=7.4, maxInput=490, maxDropped=489
    relationPrefilterByActionTop:
      A27 请求淬毒道具: calls=813, selector=RequestTarget, range=BlockRange, rangeValue=2, selectable=27274, relationCandidates=24956, dropped=2318, avgSelectable=33.5, avgRelationCandidates=30.7, maxSelectable=490, maxDropped=38
      A114 指点技艺: calls=2033, selector=CloseTarget, range=BlockRange, rangeValue=2, selectable=79997, relationCandidates=77798, dropped=2199, avgSelectable=39.3, avgRelationCandidates=38.3, maxSelectable=490, maxDropped=79
      A111 指点武学: calls=2296, selector=CloseTarget, range=BlockRange, rangeValue=2, selectable=82660, relationCandidates=80499, dropped=2161, avgSelectable=36.0, avgRelationCandidates=35.1, maxSelectable=490, maxDropped=34
      A221 坐诊看病: calls=249, selector=CloseTarget, range=BlockRange, rangeValue=2, selectable=5315, relationCandidates=3800, dropped=1515, avgSelectable=21.3, avgRelationCandidates=15.3, maxSelectable=408, maxDropped=357
      A244 绝除死气: calls=3, selector=CloseTarget, range=SameState, rangeValue=1, selectable=1173, relationCandidates=393, dropped=780, avgSelectable=391.0, avgRelationCandidates=131.0, maxSelectable=391, maxDropped=260
      A36 求取道具: calls=565, selector=RequestTarget, range=BlockRange, rangeValue=1, selectable=6164, relationCandidates=5632, dropped=532, avgSelectable=10.9, avgRelationCandidates=10.0, maxSelectable=285, maxDropped=23
      A184 佛学开悟: calls=582, selector=CloseTarget, range=BlockRange, rangeValue=2, selectable=3358, relationCandidates=3082, dropped=276, avgSelectable=5.8, avgRelationCandidates=5.3, maxSelectable=63, maxDropped=34
      A173 请求喝茶: calls=313, selector=RequestTarget, range=BlockRange, rangeValue=1, selectable=2722, relationCandidates=2506, dropped=216, avgSelectable=8.7, avgRelationCandidates=8.0, maxSelectable=75, maxDropped=16
      A225 乞讨银钱: calls=120, selector=RandomTarget, range=BlockRange, rangeValue=1, selectable=2229, relationCandidates=2025, dropped=204, avgSelectable=18.6, avgRelationCandidates=16.9, maxSelectable=94, maxDropped=11
      A182 道法开悟: calls=589, selector=CloseTarget, range=BlockRange, rangeValue=2, selectable=3006, relationCandidates=2819, dropped=187, avgSelectable=5.1, avgRelationCandidates=4.8, maxSelectable=77, maxDropped=25
      A257 闭门习戒: calls=18, selector=RandomTarget, range=BlockRange, rangeValue=3, selectable=837, relationCandidates=672, dropped=165, avgSelectable=46.5, avgRelationCandidates=37.3, maxSelectable=70, maxDropped=36
      A172 请求喝酒: calls=304, selector=RequestTarget, range=BlockRange, rangeValue=1, selectable=2123, relationCandidates=2063, dropped=60, avgSelectable=7.0, avgRelationCandidates=6.8, maxSelectable=55, maxDropped=5
    goalTargetMatchByGoalTop:
      G192 朋友互动: 492.597ms, calls=36716, max=5.963ms, true=35633, false=1083
      G179 惩戒奸佞: 467.393ms, calls=79370, max=6.510ms, true=78517, false=853
      G191 手足互动: 211.331ms, calls=13944, max=6.018ms, true=13328, false=616
      G186 帮扶奸佞: 144.320ms, calls=40860, max=4.634ms, true=40548, false=312
      G178 帮扶良善: 121.669ms, calls=28584, max=5.015ms, true=28380, false=204
      G161 坐诊看病: 101.596ms, calls=7343, max=4.866ms, true=104, false=7239
      G187 惩戒良善: 92.478ms, calls=23715, max=3.597ms, true=23219, false=496
      G193 结义互动: 90.581ms, calls=6659, max=3.235ms, true=5757, false=902
      G220 道法开悟: 46.969ms, calls=2378, max=5.942ms, true=1036, false=1342
      G273 太吾互动: 46.490ms, calls=6042, max=3.691ms, true=1433, false=4609
      G222 佛学开悟: 45.632ms, calls=3018, max=3.205ms, true=414, false=2604
      G1 苦海无涯: 45.309ms, calls=2298, max=7.033ms, true=254, false=2044
    actionTargetMatchByActionTop:
      A114 指点技艺: 582.819ms, calls=83855, max=8.420ms, selector=CloseTarget, range=BlockRange, rangeValue=2, true=56467, false=27388
      A111 指点武学: 543.529ms, calls=86937, max=7.019ms, selector=CloseTarget, range=BlockRange, rangeValue=2, true=52056, false=34881
      A82 咒骂: 393.870ms, calls=52389, max=6.649ms, selector=RandomTarget, range=SameBlock, rangeValue=1, true=8, false=52381
      A89 惩戒人物: 292.940ms, calls=26825, max=3.550ms, selector=RandomTarget, range=SameBlock, rangeValue=1, true=8, false=26817
      A33 襄助恶人道具: 264.771ms, calls=40164, max=3.450ms, selector=CloseTarget, range=BlockRange, rangeValue=2, true=1132, false=39032
      A32 乐善好施道具: 259.613ms, calls=25832, max=5.693ms, selector=CloseTarget, range=BlockRange, rangeValue=2, true=421, false=25411
      A90 惩戒恶人: 256.693ms, calls=28315, max=5.194ms, selector=RandomTarget, range=SameBlock, rangeValue=1, true=0, false=28315
      A30 襄助恶人资源: 201.094ms, calls=31971, max=4.078ms, selector=CloseTarget, range=BlockRange, rangeValue=2, true=882, false=31089
      A222 修补道具: 167.543ms, calls=25302, max=6.445ms, selector=CloseTarget, range=BlockRange, rangeValue=2, true=0, false=25302
      A29 乐善好施资源: 167.393ms, calls=20380, max=7.000ms, selector=CloseTarget, range=BlockRange, rangeValue=2, true=356, false=20024
      A100 施以毒害: 164.541ms, calls=21425, max=4.658ms, selector=RandomTarget, range=SameBlock, rangeValue=1, true=6, false=21419
      A101 暗中损伤: 157.654ms, calls=20732, max=3.482ms, selector=RandomTarget, range=SameBlock, rangeValue=1, true=0, false=20732
    targetMatcherCacheByActionTop:
      A111 指点武学: calls=86937, hits=86409, misses=528, fallbacks=0, savedCalls=86409, true=86937, false=0, selector=CloseTarget, range=BlockRange, rangeValue=2
      A114 指点技艺: calls=83855, hits=83228, misses=627, fallbacks=0, savedCalls=83228, true=83855, false=0, selector=CloseTarget, range=BlockRange, rangeValue=2
      A82 咒骂: calls=52389, hits=52382, misses=7, fallbacks=0, savedCalls=52382, true=52389, false=0, selector=RandomTarget, range=SameBlock, rangeValue=1
      A33 襄助恶人道具: calls=40164, hits=39695, misses=353, fallbacks=116, savedCalls=39695, true=40164, false=0, fallbackReasons=StageInactive=116, selector=CloseTarget, range=BlockRange, rangeValue=2
      A30 襄助恶人资源: calls=31971, hits=31685, misses=286, fallbacks=0, savedCalls=31685, true=31971, false=0, selector=CloseTarget, range=BlockRange, rangeValue=2
      A90 惩戒恶人: calls=28315, hits=28300, misses=15, fallbacks=0, savedCalls=28300, true=28315, false=0, selector=RandomTarget, range=SameBlock, rangeValue=1
      A89 惩戒人物: calls=26825, hits=26655, misses=170, fallbacks=0, savedCalls=26655, true=26825, false=0, selector=RandomTarget, range=SameBlock, rangeValue=1
      A32 乐善好施道具: calls=25832, hits=25720, misses=112, fallbacks=0, savedCalls=25720, true=25832, false=0, selector=CloseTarget, range=BlockRange, rangeValue=2
      A222 修补道具: calls=25302, hits=24921, misses=381, fallbacks=0, savedCalls=24921, true=25302, false=0, selector=CloseTarget, range=BlockRange, rangeValue=2
      A100 施以毒害: calls=21425, hits=21417, misses=8, fallbacks=0, savedCalls=21417, true=21425, false=0, selector=RandomTarget, range=SameBlock, rangeValue=1
      A101 暗中损伤: calls=20732, hits=20707, misses=25, fallbacks=0, savedCalls=20707, true=20732, false=0, selector=RandomTarget, range=SameBlock, rangeValue=1
      A29 乐善好施资源: calls=20380, hits=20240, misses=140, fallbacks=0, savedCalls=20240, true=20380, false=0, selector=CloseTarget, range=BlockRange, rangeValue=2
    targetConditionsByGoalTop:
      G179 惩戒奸佞: 4.816ms, calls=81893, max=0.043ms, true=78517, false=3376, conditions=81893, refConditions=0, avgConditions=1.0, maxConditions=1, maxRefConditions=0
      G192 朋友互动: 4.286ms, calls=36716, max=0.030ms, true=35633, false=1083, conditions=36716, refConditions=0, avgConditions=1.0, maxConditions=1, maxRefConditions=0
      G186 帮扶奸佞: 2.820ms, calls=42003, max=0.054ms, true=40548, false=1455, conditions=42003, refConditions=0, avgConditions=1.0, maxConditions=1, maxRefConditions=0
      G178 帮扶良善: 1.976ms, calls=29146, max=0.030ms, true=28380, false=766, conditions=29146, refConditions=0, avgConditions=1.0, maxConditions=1, maxRefConditions=0
      G191 手足互动: 1.756ms, calls=13944, max=0.030ms, true=13328, false=616, conditions=13944, refConditions=0, avgConditions=1.0, maxConditions=1, maxRefConditions=0
      G161 坐诊看病: 1.642ms, calls=7343, max=0.014ms, true=104, false=7239, conditions=7343, refConditions=0, avgConditions=1.0, maxConditions=1, maxRefConditions=0
      G187 惩戒良善: 1.279ms, calls=24903, max=0.028ms, true=23219, false=1684, conditions=24903, refConditions=0, avgConditions=1.0, maxConditions=1, maxRefConditions=0
      G193 结义互动: 0.724ms, calls=6659, max=0.002ms, true=5757, false=902, conditions=6659, refConditions=0, avgConditions=1.0, maxConditions=1, maxRefConditions=0
      G220 道法开悟: 0.519ms, calls=3720, max=0.049ms, true=1036, false=2684, conditions=3720, refConditions=0, avgConditions=1.0, maxConditions=1, maxRefConditions=0
      G222 佛学开悟: 0.492ms, calls=5622, max=0.001ms, true=414, false=5208, conditions=5622, refConditions=0, avgConditions=1.0, maxConditions=1, maxRefConditions=0
      G273 太吾互动: 0.474ms, calls=6042, max=0.002ms, true=1433, false=4609, conditions=6042, refConditions=0, avgConditions=1.0, maxConditions=1, maxRefConditions=0
      G18 生人勿近: 0.413ms, calls=8205, max=0.022ms, true=0, false=8205, conditions=8205, refConditions=8205, avgConditions=1.0, maxConditions=1, maxRefConditions=1
    targetConditionsByActionTop:
      A27 请求淬毒道具: 8.213ms, calls=23840, max=1.023ms, selector=RequestTarget, range=BlockRange, rangeValue=2, true=1635, false=22205, conditions=23840, refConditions=23840, avgConditions=1.0, maxConditions=1, maxRefConditions=1
      A111 指点武学: 6.028ms, calls=86937, max=0.031ms, selector=CloseTarget, range=BlockRange, rangeValue=2, true=86655, false=282, conditions=86937, refConditions=0, avgConditions=1.0, maxConditions=1, maxRefConditions=0
      A114 指点技艺: 5.696ms, calls=83855, max=0.027ms, selector=CloseTarget, range=BlockRange, rangeValue=2, true=83608, false=247, conditions=83855, refConditions=0, avgConditions=1.0, maxConditions=1, maxRefConditions=0
      A82 咒骂: 4.619ms, calls=52389, max=0.926ms, selector=RandomTarget, range=SameBlock, rangeValue=1, true=8, false=52381, conditions=52389, refConditions=0, avgConditions=1.0, maxConditions=1, maxRefConditions=0
      A33 襄助恶人道具: 4.461ms, calls=40164, max=0.036ms, selector=CloseTarget, range=BlockRange, rangeValue=2, true=1132, false=39032, conditions=80328, refConditions=0, avgConditions=2.0, maxConditions=2, maxRefConditions=0
      A30 襄助恶人资源: 3.493ms, calls=31971, max=0.035ms, selector=CloseTarget, range=BlockRange, rangeValue=2, true=882, false=31089, conditions=63942, refConditions=0, avgConditions=2.0, maxConditions=2, maxRefConditions=0
      A32 乐善好施道具: 3.086ms, calls=25832, max=0.015ms, selector=CloseTarget, range=BlockRange, rangeValue=2, true=421, false=25411, conditions=51664, refConditions=0, avgConditions=2.0, maxConditions=2, maxRefConditions=0
      A100 施以毒害: 2.392ms, calls=21425, max=0.949ms, selector=RandomTarget, range=SameBlock, rangeValue=1, true=6, false=21419, conditions=21425, refConditions=0, avgConditions=1.0, maxConditions=1, maxRefConditions=0
      A29 乐善好施资源: 2.295ms, calls=20380, max=0.014ms, selector=CloseTarget, range=BlockRange, rangeValue=2, true=356, false=20024, conditions=40760, refConditions=0, avgConditions=2.0, maxConditions=2, maxRefConditions=0
      A90 惩戒恶人: 2.107ms, calls=28315, max=0.037ms, selector=RandomTarget, range=SameBlock, rangeValue=1, true=0, false=28315, conditions=56630, refConditions=0, avgConditions=2.0, maxConditions=2, maxRefConditions=0
      A89 惩戒人物: 1.920ms, calls=26825, max=0.004ms, selector=RandomTarget, range=SameBlock, rangeValue=1, true=8, false=26817, conditions=26825, refConditions=0, avgConditions=1.0, maxConditions=1, maxRefConditions=0
      A101 暗中损伤: 1.533ms, calls=20732, max=0.042ms, selector=RandomTarget, range=SameBlock, rangeValue=1, true=0, false=20732, conditions=20732, refConditions=0, avgConditions=1.0, maxConditions=1, maxRefConditions=0
    relationConditionPrefilterByGoalTop:
      G192 朋友互动: calls=36716, relationConditions=36716, relationPass=35633, relationFail=1083, fullTrue=35633, fullFalse=1083, avgRelationConditions=1.0
      G190 父母互动: calls=1177, relationConditions=1177, relationPass=96, relationFail=1081, fullTrue=96, fullFalse=1081, avgRelationConditions=1.0
      G193 结义互动: calls=6659, relationConditions=6659, relationPass=5757, relationFail=902, fullTrue=5757, fullFalse=902, avgRelationConditions=1.0
      G191 手足互动: calls=13944, relationConditions=13944, relationPass=13328, relationFail=616, fullTrue=13328, fullFalse=616, avgRelationConditions=1.0
      G195 配偶互动: calls=880, relationConditions=880, relationPass=399, relationFail=481, fullTrue=399, fullFalse=481, avgRelationConditions=1.0
      G194 爱慕互动: calls=1124, relationConditions=1124, relationPass=737, relationFail=387, fullTrue=737, fullFalse=387, avgRelationConditions=1.0
      G196 子女互动: calls=336, relationConditions=336, relationPass=62, relationFail=274, fullTrue=62, fullFalse=274, avgRelationConditions=1.0
      G197 师徒互动: calls=594, relationConditions=594, relationPass=443, relationFail=151, fullTrue=443, fullFalse=151, avgRelationConditions=1.0
      G199 仇敌互动: calls=111, relationConditions=111, relationPass=13, relationFail=98, fullTrue=13, fullFalse=98, avgRelationConditions=1.0
    targetConditionSensorUsageTop:
      TargetStateSensor: 580301
      CharacterStateSensor: 406828
      LifeSkillStateSensor: 23840
      None: 21260
      InventoryStateSensor: 5196
      OrganizationStateSensor: 4623
      CombatSkillStateSensor: 2193
      ResourceStateSensor: 1953
  secondaryGoalActions:
    OfflineUpdateCurrentGoalActions: 16,933.930ms, calls=5361, max=124.401ms
    ComplementUpdateCurrentGoalActions: 94.208ms, calls=5361, max=3.429ms
    OfflineUpdateGoalPlan: 13,887.858ms, calls=9979, max=56.088ms
    ReassessPlan: 1,818.099ms, calls=18224, max=12.813ms
    OfflineCreateNextAction: 1,088.803ms, calls=7849, max=18.677ms
    ExecuteAction: 89.876ms, calls=1245, max=3.427ms
    CheckPrerequisites: 196.529ms, calls=685742, max=4.177ms
    GetCharactersInSelectRange: 486.051ms, calls=78914, max=4.927ms, input=2054494, output=0, maxInput=487, maxOutput=0
    FilterActionTargets: 8,082.597ms, calls=78914, max=55.642ms, input=679577, output=36683, maxInput=487, maxOutput=424
    CharacterActionPlannerPlan: 13,848.084ms, calls=9979, max=56.087ms
    CharacterActionPlannerReassess: 1,772.238ms, calls=12865, max=12.809ms
    WeightBasedFindPath: 0.000ms, calls=0, max=0.000ms
    WeightBasedFindPathRecursive: 0.000ms, calls=0, max=0.000ms
    WeightBasedGetUnsatisfiedStateCount: 0.000ms, calls=0, max=0.000ms
    StateMemoryCheckCondition: 0.000ms, calls=0, max=0.000ms
    PrepareContext: 8,923.778ms, calls=190111, max=55.708ms
    CalcCurrentState: 309.065ms, calls=442945, max=14.132ms
    MatchTargetCharacter: 6,793.240ms, calls=703645, max=16.228ms
    MatchTargetCharacterByConditions: 80.963ms, calls=956527, max=0.823ms
    prepareContextByActionTop:
      A82 咒骂: 1,011.662ms, calls=13149, max=17.139ms, selector=RandomTarget, range=SameBlock, rangeValue=1
      A90 惩戒恶人: 798.126ms, calls=8961, max=16.811ms, selector=RandomTarget, range=SameBlock, rangeValue=1
      A89 惩戒人物: 648.498ms, calls=8879, max=15.625ms, selector=RandomTarget, range=SameBlock, rangeValue=1
      A111 指点武学: 584.301ms, calls=1501, max=15.589ms, selector=CloseTarget, range=BlockRange, rangeValue=2
      A114 指点技艺: 507.143ms, calls=1322, max=15.519ms, selector=CloseTarget, range=BlockRange, rangeValue=2
      A33 襄助恶人道具: 491.515ms, calls=1264, max=17.314ms, selector=CloseTarget, range=BlockRange, rangeValue=2
      A30 襄助恶人资源: 462.315ms, calls=1132, max=55.708ms, selector=CloseTarget, range=BlockRange, rangeValue=2
      A32 乐善好施道具: 439.140ms, calls=1272, max=16.320ms, selector=CloseTarget, range=BlockRange, rangeValue=2
      A29 乐善好施资源: 387.824ms, calls=1116, max=15.805ms, selector=CloseTarget, range=BlockRange, rangeValue=2
      A101 暗中损伤: 376.899ms, calls=5831, max=7.583ms, selector=RandomTarget, range=SameBlock, rangeValue=1
      A100 施以毒害: 344.196ms, calls=5693, max=10.295ms, selector=RandomTarget, range=SameBlock, rangeValue=1
      A222 修补道具: 251.048ms, calls=238, max=16.993ms, selector=CloseTarget, range=BlockRange, rangeValue=2
    filterActionTargetsByActionTop:
      A82 咒骂: 864.707ms, calls=15484, max=15.597ms, selector=RandomTarget, range=SameBlock, rangeValue=1, input=93295, output=50, avgInput=6.0, maxInput=167, maxOutput=1
      A111 指点武学: 736.833ms, calls=2244, max=15.510ms, selector=CloseTarget, range=BlockRange, rangeValue=2, input=81077, output=2816, avgInput=36.1, maxInput=487, maxOutput=99
      A114 指点技艺: 719.365ms, calls=1977, max=18.670ms, selector=CloseTarget, range=BlockRange, rangeValue=2, input=95827, output=2792, avgInput=48.5, maxInput=487, maxOutput=25
      A90 惩戒恶人: 618.207ms, calls=8961, max=16.806ms, selector=RandomTarget, range=SameBlock, rangeValue=1, input=46610, output=0, avgInput=5.2, maxInput=167, maxOutput=0
      A89 惩戒人物: 481.863ms, calls=8879, max=11.867ms, selector=RandomTarget, range=SameBlock, rangeValue=1, input=43587, output=43, avgInput=4.9, maxInput=167, maxOutput=1
      A33 襄助恶人道具: 459.696ms, calls=1264, max=17.268ms, selector=CloseTarget, range=BlockRange, rangeValue=2, input=20896, output=303, avgInput=16.5, maxInput=481, maxOutput=13
      A30 襄助恶人资源: 421.878ms, calls=1132, max=55.642ms, selector=CloseTarget, range=BlockRange, rangeValue=2, input=18492, output=268, avgInput=16.3, maxInput=482, maxOutput=13
      A32 乐善好施道具: 402.697ms, calls=1273, max=16.305ms, selector=CloseTarget, range=BlockRange, rangeValue=2, input=16557, output=216, avgInput=13.0, maxInput=482, maxOutput=10
      A29 乐善好施资源: 348.361ms, calls=1116, max=15.796ms, selector=CloseTarget, range=BlockRange, rangeValue=2, input=14786, output=199, avgInput=13.2, maxInput=482, maxOutput=5
      A222 修补道具: 334.246ms, calls=357, max=16.963ms, selector=CloseTarget, range=BlockRange, rangeValue=2, input=7482, output=0, avgInput=21.0, maxInput=311, maxOutput=0
      A100 施以毒害: 256.685ms, calls=5693, max=10.286ms, selector=RandomTarget, range=SameBlock, rangeValue=1, input=31094, output=4, avgInput=5.5, maxInput=167, maxOutput=1
      A101 暗中损伤: 243.625ms, calls=5834, max=7.577ms, selector=RandomTarget, range=SameBlock, rangeValue=1, input=28894, output=13, avgInput=5.0, maxInput=167, maxOutput=1
    actualRelationTargetPrefilterByActionTop:
      A82 咒骂: calls=10623, selector=RandomTarget, range=SameBlock, rangeValue=1, input=160010, output=29753, dropped=130257, zeroOutput=6232, avgInput=15.1, avgOutput=2.8, maxInput=167, maxDropped=167
      A89 惩戒人物: calls=5745, selector=RandomTarget, range=SameBlock, rangeValue=1, input=75896, output=5564, dropped=70332, zeroOutput=3568, avgInput=13.2, avgOutput=1.0, maxInput=167, maxDropped=167
      A111 指点武学: calls=1822, selector=CloseTarget, range=BlockRange, rangeValue=2, input=99808, output=29812, dropped=69996, zeroOutput=717, avgInput=54.8, avgOutput=16.4, maxInput=487, maxDropped=486
      A90 惩戒恶人: calls=5963, selector=RandomTarget, range=SameBlock, rangeValue=1, input=81749, output=11861, dropped=69888, zeroOutput=3496, avgInput=13.7, avgOutput=2.0, maxInput=167, maxDropped=166
      A114 指点技艺: calls=1580, selector=CloseTarget, range=BlockRange, rangeValue=2, input=112007, output=45339, dropped=66668, zeroOutput=516, avgInput=70.9, avgOutput=28.7, maxInput=487, maxDropped=486
      A101 暗中损伤: calls=4412, selector=RandomTarget, range=SameBlock, rangeValue=1, input=70236, output=10763, dropped=59473, zeroOutput=2767, avgInput=15.9, avgOutput=2.4, maxInput=167, maxDropped=167
      A32 乐善好施道具: calls=1265, selector=CloseTarget, range=BlockRange, rangeValue=2, input=73106, output=16551, dropped=56555, zeroOutput=407, avgInput=57.8, avgOutput=13.1, maxInput=487, maxDropped=486
      A100 施以毒害: calls=4281, selector=RandomTarget, range=SameBlock, rangeValue=1, input=68141, output=12092, dropped=56049, zeroOutput=2614, avgInput=15.9, avgOutput=2.8, maxInput=167, maxDropped=167
      A29 乐善好施资源: calls=1110, selector=CloseTarget, range=BlockRange, rangeValue=2, input=68311, output=14784, dropped=53527, zeroOutput=394, avgInput=61.5, avgOutput=13.3, maxInput=487, maxDropped=486
      A182 道法开悟: calls=953, selector=CloseTarget, range=BlockRange, rangeValue=2, input=52246, output=1526, dropped=50720, zeroOutput=492, avgInput=54.8, avgOutput=1.6, maxInput=487, maxDropped=487
      A184 佛学开悟: calls=861, selector=CloseTarget, range=BlockRange, rangeValue=2, input=51179, output=1599, dropped=49580, zeroOutput=404, avgInput=59.4, avgOutput=1.9, maxInput=487, maxDropped=486
      A33 襄助恶人道具: calls=1254, selector=CloseTarget, range=BlockRange, rangeValue=2, input=69759, output=20891, dropped=48868, zeroOutput=362, avgInput=55.6, avgOutput=16.7, maxInput=487, maxDropped=487
    relationPrefilterByActionTop:
      A27 请求淬毒道具: calls=482, selector=RequestTarget, range=BlockRange, rangeValue=2, selectable=21920, relationCandidates=19678, dropped=2242, avgSelectable=45.5, avgRelationCandidates=40.8, maxSelectable=487, maxDropped=364
      A111 指点武学: calls=1524, selector=CloseTarget, range=BlockRange, rangeValue=2, selectable=81077, relationCandidates=79497, dropped=1580, avgSelectable=53.2, avgRelationCandidates=52.2, maxSelectable=487, maxDropped=33
      A114 指点技艺: calls=1449, selector=CloseTarget, range=BlockRange, rangeValue=2, selectable=95827, relationCandidates=94353, dropped=1474, avgSelectable=66.1, avgRelationCandidates=65.1, maxSelectable=487, maxDropped=30
      A221 坐诊看病: calls=127, selector=CloseTarget, range=BlockRange, rangeValue=2, selectable=3151, relationCandidates=2148, dropped=1003, avgSelectable=24.8, avgRelationCandidates=16.9, maxSelectable=410, maxDropped=364
      A82 咒骂: calls=8399, selector=RandomTarget, range=SameBlock, rangeValue=1, selectable=93295, relationCandidates=92445, dropped=850, avgSelectable=11.1, avgRelationCandidates=11.0, maxSelectable=167, maxDropped=10
      A252 收治失心: calls=3, selector=CloseTarget, range=SameState, rangeValue=1, selectable=1095, relationCandidates=282, dropped=813, avgSelectable=365.0, avgRelationCandidates=94.0, maxSelectable=365, maxDropped=271
      A244 绝除死气: calls=3, selector=CloseTarget, range=SameState, rangeValue=1, selectable=1173, relationCandidates=381, dropped=792, avgSelectable=391.0, avgRelationCandidates=127.0, maxSelectable=391, maxDropped=264
      A89 惩戒人物: calls=4798, selector=RandomTarget, range=SameBlock, rangeValue=1, selectable=43587, relationCandidates=43112, dropped=475, avgSelectable=9.1, avgRelationCandidates=9.0, maxSelectable=167, maxDropped=6
      A90 惩戒恶人: calls=4978, selector=RandomTarget, range=SameBlock, rangeValue=1, selectable=46610, relationCandidates=46153, dropped=457, avgSelectable=9.4, avgRelationCandidates=9.3, maxSelectable=167, maxDropped=6
      A280 洁身修仪: calls=24, selector=CloseTarget, range=BlockRange, rangeValue=2, selectable=1005, relationCandidates=714, dropped=291, avgSelectable=41.9, avgRelationCandidates=29.8, maxSelectable=71, maxDropped=62
      A81 夸赞: calls=1265, selector=RandomTarget, range=SameBlock, rangeValue=1, selectable=18425, relationCandidates=18161, dropped=264, avgSelectable=14.6, avgRelationCandidates=14.4, maxSelectable=167, maxDropped=16
      A101 暗中损伤: calls=2769, selector=RandomTarget, range=SameBlock, rangeValue=1, selectable=28894, relationCandidates=28692, dropped=202, avgSelectable=10.4, avgRelationCandidates=10.4, maxSelectable=167, maxDropped=10
    goalTargetMatchByGoalTop:
      G192 朋友互动: 417.105ms, calls=37733, max=15.777ms, true=35790, false=1943
      G179 惩戒奸佞: 236.644ms, calls=86392, max=10.090ms, true=85098, false=1294
      G193 结义互动: 112.664ms, calls=9063, max=9.774ms, true=7969, false=1094
      G178 帮扶良善: 79.778ms, calls=45164, max=4.589ms, true=44746, false=418
      G1 苦海无涯: 71.815ms, calls=10294, max=2.878ms, true=1693, false=8601
      G191 手足互动: 71.228ms, calls=5832, max=2.993ms, true=5554, false=278
      G187 惩戒良善: 70.087ms, calls=45768, max=3.672ms, true=45052, false=716
      G186 帮扶奸佞: 62.932ms, calls=48233, max=3.076ms, true=47914, false=319
      G2 敬贤扬善: 58.188ms, calls=5010, max=16.124ms, true=591, false=4419
      G161 坐诊看病: 42.672ms, calls=4059, max=4.700ms, true=33, false=4026
      G3 惩恶锄奸: 42.622ms, calls=6459, max=3.839ms, true=0, false=6459
      G220 道法开悟: 33.699ms, calls=3123, max=3.358ms, true=1358, false=1765
    actionTargetMatchByActionTop:
      A111 指点武学: 329.645ms, calls=78272, max=12.448ms, selector=CloseTarget, range=BlockRange, rangeValue=2, true=60592, false=17680
      A114 指点技艺: 319.190ms, calls=90008, max=4.009ms, selector=CloseTarget, range=BlockRange, rangeValue=2, true=83032, false=6976
      A82 咒骂: 307.735ms, calls=78851, max=10.353ms, selector=RandomTarget, range=SameBlock, rangeValue=1, true=50, false=78801
      A33 襄助恶人道具: 249.250ms, calls=35899, max=14.668ms, selector=CloseTarget, range=BlockRange, rangeValue=2, true=1141, false=34758
      A90 惩戒恶人: 234.603ms, calls=37511, max=14.739ms, selector=RandomTarget, range=SameBlock, rangeValue=1, true=0, false=37511
      A30 襄助恶人资源: 199.514ms, calls=31597, max=9.820ms, selector=CloseTarget, range=BlockRange, rangeValue=2, true=987, false=30610
      A32 乐善好施道具: 180.520ms, calls=25072, max=16.172ms, selector=CloseTarget, range=BlockRange, rangeValue=2, true=906, false=24166
      A29 乐善好施资源: 163.809ms, calls=21378, max=3.508ms, selector=CloseTarget, range=BlockRange, rangeValue=2, true=951, false=20427
      A89 惩戒人物: 131.493ms, calls=34418, max=3.395ms, selector=RandomTarget, range=SameBlock, rangeValue=1, true=43, false=34375
      A100 施以毒害: 99.896ms, calls=27095, max=10.266ms, selector=RandomTarget, range=SameBlock, rangeValue=1, true=4, false=27091
      A101 暗中损伤: 91.732ms, calls=24987, max=3.246ms, selector=RandomTarget, range=SameBlock, rangeValue=1, true=13, false=24974
      A222 修补道具: 86.362ms, calls=14292, max=3.034ms, selector=CloseTarget, range=BlockRange, rangeValue=2, true=0, false=14292
    targetMatcherCacheByActionTop:
      A114 指点技艺: calls=90008, hits=89725, misses=283, fallbacks=0, savedCalls=89725, true=90008, false=0, selector=CloseTarget, range=BlockRange, rangeValue=2
      A82 咒骂: calls=78851, hits=78810, misses=41, fallbacks=0, savedCalls=78810, true=78851, false=0, selector=RandomTarget, range=SameBlock, rangeValue=1
      A111 指点武学: calls=78272, hits=77998, misses=274, fallbacks=0, savedCalls=77998, true=78272, false=0, selector=CloseTarget, range=BlockRange, rangeValue=2
      A90 惩戒恶人: calls=37511, hits=37457, misses=49, fallbacks=5, savedCalls=37457, true=37511, false=0, fallbackReasons=StageInactive=5, selector=RandomTarget, range=SameBlock, rangeValue=1
      A33 襄助恶人道具: calls=35899, hits=35429, misses=470, fallbacks=0, savedCalls=35429, true=35899, false=0, selector=CloseTarget, range=BlockRange, rangeValue=2
      A89 惩戒人物: calls=34418, hits=34411, misses=7, fallbacks=0, savedCalls=34411, true=34418, false=0, selector=RandomTarget, range=SameBlock, rangeValue=1
      A30 襄助恶人资源: calls=31597, hits=31319, misses=278, fallbacks=0, savedCalls=31319, true=31597, false=0, selector=CloseTarget, range=BlockRange, rangeValue=2
      A100 施以毒害: calls=27095, hits=27085, misses=10, fallbacks=0, savedCalls=27085, true=27095, false=0, selector=RandomTarget, range=SameBlock, rangeValue=1
      A101 暗中损伤: calls=24987, hits=24967, misses=20, fallbacks=0, savedCalls=24967, true=24987, false=0, selector=RandomTarget, range=SameBlock, rangeValue=1
      A32 乐善好施道具: calls=25072, hits=24795, misses=277, fallbacks=0, savedCalls=24795, true=25072, false=0, selector=CloseTarget, range=BlockRange, rangeValue=2
      A29 乐善好施资源: calls=21378, hits=21216, misses=162, fallbacks=0, savedCalls=21216, true=21378, false=0, selector=CloseTarget, range=BlockRange, rangeValue=2
      A91 惩戒善人: calls=19952, hits=19933, misses=9, fallbacks=10, savedCalls=19933, true=19952, false=0, fallbackReasons=StageInactive=10, selector=RandomTarget, range=SameBlock, rangeValue=1
    targetConditionsByGoalTop:
      G220 道法开悟: 6.310ms, calls=4888, max=0.272ms, true=1358, false=3530, conditions=4888, refConditions=0, avgConditions=1.0, maxConditions=1, maxRefConditions=0
      G179 惩戒奸佞: 5.161ms, calls=90569, max=0.804ms, true=85098, false=5471, conditions=90569, refConditions=0, avgConditions=1.0, maxConditions=1, maxRefConditions=0
      G192 朋友互动: 4.432ms, calls=37733, max=0.034ms, true=35790, false=1943, conditions=37733, refConditions=0, avgConditions=1.0, maxConditions=1, maxRefConditions=0
      G186 帮扶奸佞: 2.723ms, calls=49488, max=0.123ms, true=47914, false=1574, conditions=49488, refConditions=0, avgConditions=1.0, maxConditions=1, maxRefConditions=0
      G178 帮扶良善: 2.688ms, calls=46251, max=0.058ms, true=44746, false=1505, conditions=46251, refConditions=0, avgConditions=1.0, maxConditions=1, maxRefConditions=0
      G187 惩戒良善: 2.216ms, calls=47569, max=0.028ms, true=45052, false=2517, conditions=47569, refConditions=0, avgConditions=1.0, maxConditions=1, maxRefConditions=0
      G222 佛学开悟: 1.702ms, calls=3263, max=0.143ms, true=221, false=3042, conditions=3263, refConditions=0, avgConditions=1.0, maxConditions=1, maxRefConditions=0
      G193 结义互动: 1.029ms, calls=9063, max=0.029ms, true=7969, false=1094, conditions=9063, refConditions=0, avgConditions=1.0, maxConditions=1, maxRefConditions=0
      G161 坐诊看病: 1.008ms, calls=4059, max=0.032ms, true=33, false=4026, conditions=4059, refConditions=0, avgConditions=1.0, maxConditions=1, maxRefConditions=0
      G191 手足互动: 0.763ms, calls=5832, max=0.032ms, true=5554, false=278, conditions=5832, refConditions=0, avgConditions=1.0, maxConditions=1, maxRefConditions=0
      G1 苦海无涯: 0.520ms, calls=10294, max=0.001ms, true=1693, false=8601, conditions=10294, refConditions=0, avgConditions=1.0, maxConditions=1, maxRefConditions=0
      G189 咒骂良善: 0.436ms, calls=9570, max=0.001ms, true=9066, false=504, conditions=9570, refConditions=0, avgConditions=1.0, maxConditions=1, maxRefConditions=0
    targetConditionsByActionTop:
      A114 指点技艺: 6.299ms, calls=90008, max=0.178ms, selector=CloseTarget, range=BlockRange, rangeValue=2, true=89719, false=289, conditions=90008, refConditions=0, avgConditions=1.0, maxConditions=1, maxRefConditions=0
      A82 咒骂: 5.792ms, calls=78851, max=0.823ms, selector=RandomTarget, range=SameBlock, rangeValue=1, true=50, false=78801, conditions=78851, refConditions=0, avgConditions=1.0, maxConditions=1, maxRefConditions=0
      A111 指点武学: 5.277ms, calls=78272, max=0.054ms, selector=CloseTarget, range=BlockRange, rangeValue=2, true=78032, false=240, conditions=78272, refConditions=0, avgConditions=1.0, maxConditions=1, maxRefConditions=0
      A33 襄助恶人道具: 3.828ms, calls=35899, max=0.049ms, selector=CloseTarget, range=BlockRange, rangeValue=2, true=1141, false=34758, conditions=71798, refConditions=0, avgConditions=2.0, maxConditions=2, maxRefConditions=0
      A30 襄助恶人资源: 3.562ms, calls=31597, max=0.036ms, selector=CloseTarget, range=BlockRange, rangeValue=2, true=987, false=30610, conditions=63194, refConditions=0, avgConditions=2.0, maxConditions=2, maxRefConditions=0
      A32 乐善好施道具: 2.946ms, calls=25072, max=0.066ms, selector=CloseTarget, range=BlockRange, rangeValue=2, true=906, false=24166, conditions=50144, refConditions=0, avgConditions=2.0, maxConditions=2, maxRefConditions=0
      A27 请求淬毒道具: 2.510ms, calls=18654, max=0.341ms, selector=RequestTarget, range=BlockRange, rangeValue=2, true=669, false=17985, conditions=18654, refConditions=18654, avgConditions=1.0, maxConditions=1, maxRefConditions=1
      A90 惩戒恶人: 2.483ms, calls=37511, max=0.028ms, selector=RandomTarget, range=SameBlock, rangeValue=1, true=0, false=37511, conditions=75022, refConditions=0, avgConditions=2.0, maxConditions=2, maxRefConditions=0
      A29 乐善好施资源: 2.403ms, calls=21378, max=0.031ms, selector=CloseTarget, range=BlockRange, rangeValue=2, true=951, false=20427, conditions=42756, refConditions=0, avgConditions=2.0, maxConditions=2, maxRefConditions=0
      A89 惩戒人物: 2.365ms, calls=34418, max=0.035ms, selector=RandomTarget, range=SameBlock, rangeValue=1, true=43, false=34375, conditions=34418, refConditions=0, avgConditions=1.0, maxConditions=1, maxRefConditions=0
      A100 施以毒害: 1.721ms, calls=27095, max=0.015ms, selector=RandomTarget, range=SameBlock, rangeValue=1, true=4, false=27091, conditions=27095, refConditions=0, avgConditions=1.0, maxConditions=1, maxRefConditions=0
      A101 暗中损伤: 1.618ms, calls=24987, max=0.018ms, selector=RandomTarget, range=SameBlock, rangeValue=1, true=13, false=24974, conditions=24987, refConditions=0, avgConditions=1.0, maxConditions=1, maxRefConditions=0
    relationConditionPrefilterByGoalTop:
      G192 朋友互动: calls=37733, relationConditions=37733, relationPass=35790, relationFail=1943, fullTrue=35790, fullFalse=1943, avgRelationConditions=1.0
      G193 结义互动: calls=9063, relationConditions=9063, relationPass=7969, relationFail=1094, fullTrue=7969, fullFalse=1094, avgRelationConditions=1.0
      G194 爱慕互动: calls=1677, relationConditions=1677, relationPass=848, relationFail=829, fullTrue=848, fullFalse=829, avgRelationConditions=1.0
      G190 父母互动: calls=691, relationConditions=691, relationPass=43, relationFail=648, fullTrue=43, fullFalse=648, avgRelationConditions=1.0
      G191 手足互动: calls=5832, relationConditions=5832, relationPass=5554, relationFail=278, fullTrue=5554, fullFalse=278, avgRelationConditions=1.0
      G195 配偶互动: calls=919, relationConditions=919, relationPass=659, relationFail=260, fullTrue=659, fullFalse=260, avgRelationConditions=1.0
      G197 师徒互动: calls=567, relationConditions=567, relationPass=315, relationFail=252, fullTrue=315, fullFalse=252, avgRelationConditions=1.0
      G196 子女互动: calls=175, relationConditions=175, relationPass=10, relationFail=165, fullTrue=10, fullFalse=165, avgRelationConditions=1.0
      G199 仇敌互动: calls=167, relationConditions=167, relationPass=70, relationFail=97, fullTrue=70, fullFalse=97, avgRelationConditions=1.0
    targetConditionSensorUsageTop:
      TargetStateSensor: 631632
      CharacterStateSensor: 500819
      None: 22090
      LifeSkillStateSensor: 18654
      OrganizationStateSensor: 4899
      InventoryStateSensor: 2440
      CombatSkillStateSensor: 1414
      ResourceStateSensor: 948
  targetLookupCalls:
    SameBlock: calls=160008, hits=145017, fallbacks=14991, candidateIds=1790380, charactersAdded=1645363
    SameArea: calls=0, hits=0, fallbacks=0, candidateIds=0, charactersAdded=0
    SameState: calls=9, hits=9, fallbacks=0, candidateIds=3450, charactersAdded=3441
    BlockRange: calls=77284, hits=75635, fallbacks=1649, candidateIds=2810554, charactersAdded=2734919
    SettlementRange: calls=0, hits=0, fallbacks=0, candidateIds=0, charactersAdded=0

2026-07-02 03:32:19.9344|INFO|Main|GameData.Domains.Global.GlobalDomain|Required Space: 1073741824 bytes.
Available Space: 1405930278912
2026-07-02 03:32:24.1084|INFO|Main|AdaptableLog|new Event triggered : 75df1f92-1c4d-4657-bb89-94adbc30df59, _triggeredEventList.Count = 1
2026-07-02 03:32:24.1084|INFO|Main|GameData.Domains.World.WorldDomain|Removing monthly event 406 at 128 of size 19 from a collection of size 147 and count 10
2026-07-02 03:32:25.5437|INFO|Main|AdaptableLog|select option to next Event: d8c9f71d-ae35-42e4-a914-425b8fcac8a6
2026-07-02 03:32:33.1813|INFO|Main|AdaptableLog|28f02055-d87d-4f99-966e-e7c3e52f6018 to event => ae292c62-59e1-4ad1-b04e-ad2c01cf149b
2026-07-02 03:32:36.6899|INFO|ReadInterProcessMessages|GameData.GameDataBridge.GameDataBridge|Incoming message: Disconnect
2026-07-02 03:32:36.6899|INFO|ReadInterProcessMessages|GameData.GameDataBridge.GameDataBridge|ReadInterProcessMessages thread is about to exit.
2026-07-02 03:32:36.6899|INFO|WriteInterProcessMessages|GameData.GameDataBridge.GameDataBridge|Outgoing message: Disconnect
2026-07-02 03:32:36.6899|INFO|WriteInterProcessMessages|GameData.GameDataBridge.GameDataBridge|WriteInterProcessMessages thread is about to exit.
2026-07-02 03:32:36.6899|INFO|Main|GameData.Program|GameData module is about to exit.
