2026-07-02 04:35:18.9628|INFO|Main|AdaptableLog|AdaptableLog initialized.
2026-07-02 04:35:18.9724|INFO|Main|AdaptableLog|ExternalDataBridge initialized.
2026-07-02 04:35:19.0224|INFO|Main|GameData.Common.DataUpgradeManager|DataUpgradeManager initialized.
2026-07-02 04:35:19.0861|INFO|Worker0|GameData.Common.WorkerThread.WorkerThreadManager|Worker thread started.
2026-07-02 04:35:19.0861|INFO|Worker1|GameData.Common.WorkerThread.WorkerThreadManager|Worker thread started.
2026-07-02 04:35:19.0861|INFO|Worker4|GameData.Common.WorkerThread.WorkerThreadManager|Worker thread started.
2026-07-02 04:35:19.0861|INFO|Worker2|GameData.Common.WorkerThread.WorkerThreadManager|Worker thread started.
2026-07-02 04:35:19.0861|INFO|Worker3|GameData.Common.WorkerThread.WorkerThreadManager|Worker thread started.
2026-07-02 04:35:19.0861|INFO|Worker11|GameData.Common.WorkerThread.WorkerThreadManager|Worker thread started.
2026-07-02 04:35:19.0861|INFO|Worker5|GameData.Common.WorkerThread.WorkerThreadManager|Worker thread started.
2026-07-02 04:35:19.0861|INFO|Worker6|GameData.Common.WorkerThread.WorkerThreadManager|Worker thread started.
2026-07-02 04:35:19.0861|INFO|Worker7|GameData.Common.WorkerThread.WorkerThreadManager|Worker thread started.
2026-07-02 04:35:19.0861|INFO|Worker18|GameData.Common.WorkerThread.WorkerThreadManager|Worker thread started.
2026-07-02 04:35:19.0861|INFO|Worker8|GameData.Common.WorkerThread.WorkerThreadManager|Worker thread started.
2026-07-02 04:35:19.0861|INFO|Worker9|GameData.Common.WorkerThread.WorkerThreadManager|Worker thread started.
2026-07-02 04:35:19.0861|INFO|Worker23|GameData.Common.WorkerThread.WorkerThreadManager|Worker thread started.
2026-07-02 04:35:19.0861|INFO|Worker10|GameData.Common.WorkerThread.WorkerThreadManager|Worker thread started.
2026-07-02 04:35:19.0861|INFO|Worker12|GameData.Common.WorkerThread.WorkerThreadManager|Worker thread started.
2026-07-02 04:35:19.0861|INFO|Worker13|GameData.Common.WorkerThread.WorkerThreadManager|Worker thread started.
2026-07-02 04:35:19.0861|INFO|Worker14|GameData.Common.WorkerThread.WorkerThreadManager|Worker thread started.
2026-07-02 04:35:19.0861|INFO|Worker15|GameData.Common.WorkerThread.WorkerThreadManager|Worker thread started.
2026-07-02 04:35:19.0861|INFO|Worker16|GameData.Common.WorkerThread.WorkerThreadManager|Worker thread started.
2026-07-02 04:35:19.0861|INFO|Worker17|GameData.Common.WorkerThread.WorkerThreadManager|Worker thread started.
2026-07-02 04:35:19.0861|INFO|Worker19|GameData.Common.WorkerThread.WorkerThreadManager|Worker thread started.
2026-07-02 04:35:19.0861|INFO|Worker20|GameData.Common.WorkerThread.WorkerThreadManager|Worker thread started.
2026-07-02 04:35:19.0861|INFO|Worker21|GameData.Common.WorkerThread.WorkerThreadManager|Worker thread started.
2026-07-02 04:35:19.0861|INFO|Worker22|GameData.Common.WorkerThread.WorkerThreadManager|Worker thread started.
2026-07-02 04:35:19.0861|INFO|Worker0|AdaptableLog|CharacterActionPlanner created.
2026-07-02 04:35:19.0861|INFO|Worker24|GameData.Common.WorkerThread.WorkerThreadManager|Worker thread started.
2026-07-02 04:35:19.0861|INFO|Worker25|GameData.Common.WorkerThread.WorkerThreadManager|Worker thread started.
2026-07-02 04:35:19.0861|INFO|Worker26|GameData.Common.WorkerThread.WorkerThreadManager|Worker thread started.
2026-07-02 04:35:19.0861|INFO|Worker27|GameData.Common.WorkerThread.WorkerThreadManager|Worker thread started.
2026-07-02 04:35:19.0861|INFO|Worker28|GameData.Common.WorkerThread.WorkerThreadManager|Worker thread started.
2026-07-02 04:35:19.0861|INFO|Worker29|GameData.Common.WorkerThread.WorkerThreadManager|Worker thread started.
2026-07-02 04:35:19.0861|INFO|Worker30|GameData.Common.WorkerThread.WorkerThreadManager|Worker thread started.
2026-07-02 04:35:19.0861|INFO|Worker31|GameData.Common.WorkerThread.WorkerThreadManager|Worker thread started.
2026-07-02 04:35:19.0915|INFO|ReadInterProcessMessages|GameData.GameDataBridge.GameDataBridge|ReadInterProcessMessages thread started.
2026-07-02 04:35:19.0915|INFO|WriteInterProcessMessages|GameData.GameDataBridge.GameDataBridge|WriteInterProcessMessages thread started.
2026-07-02 04:35:19.1611|INFO|Main|GameData.Steamworks.SteamManager|Verifying steam user successful! steam id 76561198177603869
2026-07-02 04:35:19.1611|INFO|Main|GameData.Program|GameData module initialized.
2026-07-02 04:35:19.2030|INFO|Main|GameData.GameDataBridge.GameDataBridge|Machine Frequency (Ticks/Second): 10000000
2026-07-02 04:35:26.3757|INFO|ReadInterProcessMessages|GameData.GameDataBridge.GameDataBridge|Incoming message: Initialize
2026-07-02 04:35:26.3757|INFO|ReadInterProcessMessages|GameData.Domains.Global.GlobalDomain|Game Version: 1.0.46, Build Date: 202607012112125378
2026-07-02 04:35:28.6733|INFO|ReadInterProcessMessages|AdaptableLog|CharacterActionPlanner initialized.
2026-07-02 04:35:28.6866|INFO|ReadInterProcessMessages|GameData.GameDataBridge.GameDataBridge|Transition: 0 -> 1
2026-07-02 04:35:28.7066|INFO|Main|GameData.Domains.Mod.ModDomain|Start loading mod [天幕心帷]过月性能优化 for GameData ...
2026-07-02 04:35:28.7066|INFO|Main|GameData.Domains.Mod.ModDomain| - Loading plugin from TaiwuOptimization.dll
2026-07-02 04:35:29.3428|INFO|Main|GameData.Domains.Mod.ModDomain|Start loading mod [完全版]取消大太阴/洗髓经童子身限定 for GameData ...
2026-07-02 04:35:29.3428|INFO|Main|GameData.Domains.Mod.ModDomain| - Loading plugin from AlwaysVirgin.dll
2026-07-02 04:35:29.3428|INFO|Main|GameData.Domains.Mod.ModDomain|Start loading mod [天幕心帷]自动战斗策略 for GameData ...
2026-07-02 04:35:29.3428|INFO|Main|GameData.Domains.Mod.ModDomain| - Loading plugin from AutoCombatBackend.dll
2026-07-02 04:35:29.3428|INFO|Main|AdaptableLog|Initialize 1_3741592756
2026-07-02 04:35:29.4984|INFO|Main|AdaptableLog|OnModSettingUpdate 1_3741592756
2026-07-02 04:35:29.4984|INFO|Main|GameData.Domains.Mod.ModDomain|Start loading mod [天幕心帷]更好的搜索 for GameData ...
2026-07-02 04:35:29.4984|INFO|Main|GameData.Domains.Mod.ModDomain| - Loading plugin from BetterSearchBackend.dll
2026-07-02 04:35:29.8259|INFO|Main|GameData.Domains.Mod.ModDomain|Start loading mod [天幕心帷]拟真自动突破加强版 for GameData ...
2026-07-02 04:35:29.8259|INFO|Main|GameData.Domains.Mod.ModDomain| - Loading plugin from AutoBreakBackend.dll
2026-07-02 04:35:29.8259|INFO|Main|AdaptableLog|Initialize 1_3467883114
2026-07-02 04:35:29.8259|INFO|Main|自动突破|PreloadOrTools 执行，依赖目录=D:\SteamLibrary\steamapps\workshop\content\838350\3467883114\Plugins
2026-07-02 04:35:29.8259|INFO|Main|自动突破|依赖 Google.Protobuf 已存在（Location=D:\SteamLibrary\steamapps\common\The Scroll Of Taiwu\Backend\Google.Protobuf.dll）
2026-07-02 04:35:29.8259|INFO|Main|自动突破|依赖 Google.OrTools 已存在（Location=<空/字节加载>）
2026-07-02 04:35:29.8259|INFO|Main|自动突破|已为 Google.OrTools 注册原生库解析器（目录=D:\SteamLibrary\steamapps\workshop\content\838350\3467883114\Plugins）
2026-07-02 04:35:29.8259|INFO|Main|自动突破|自动突破设置 forceSuccessRate100=True, allGridVisible=True, timeout=0, useExactSolver=True, speedWarmStart=True, noInjuryBreak=False
2026-07-02 04:35:30.1150|INFO|Main|自动突破|自动突破设置 forceSuccessRate100=True, allGridVisible=True, timeout=0, useExactSolver=True, speedWarmStart=True, noInjuryBreak=False
2026-07-02 04:35:30.1150|INFO|Main|GameData.Domains.Mod.ModDomain|Start loading mod [天幕心帷]修改武器式 for GameData ...
2026-07-02 04:35:30.1150|INFO|Main|GameData.Domains.Mod.ModDomain| - Loading plugin from CustomWeaponBackend.dll
2026-07-02 04:35:30.1150|INFO|Main|AdaptableLog|Initialize 1_3746604877
2026-07-02 04:35:30.1538|INFO|Main|AdaptableLog|OnModSettingUpdate 1_3746604877
2026-07-02 04:35:30.1538|INFO|Main|GameData.Domains.Mod.ModDomain|Start loading mod myna12548的基础mod for GameData ...
2026-07-02 04:35:30.1538|INFO|Main|GameData.Domains.Mod.ModDomain| - Loading plugin from MynahBaseModBackend.dll
2026-07-02 04:35:30.1806|INFO|Main|GameData.Domains.Mod.ModDomain|Start loading mod 食物加强 for GameData ...
2026-07-02 04:35:30.1806|INFO|Main|GameData.Domains.Mod.ModDomain| - Loading plugin from FoodEnhance.dll
2026-07-02 04:35:30.2020|INFO|Main|GameData.Domains.Mod.ModDomain|Start loading mod 蛐蛐增强 for GameData ...
2026-07-02 04:35:30.2020|INFO|Main|GameData.Domains.Mod.ModDomain| - Loading plugin from QuQuSSR.dll
2026-07-02 04:35:30.2208|INFO|Main|GameData.Domains.Mod.ModDomain|Start loading mod 解除婚配与同道数量限制 for GameData ...
2026-07-02 04:35:30.2208|INFO|Main|GameData.Domains.Mod.ModDomain| - Loading plugin from NoMarriageLimit.dll
2026-07-02 04:35:30.2208|INFO|Main|AdaptableLog|[NoMarriageLimit] Initialized (enableNoMarriageLimit=True, enableNoCompanionLimit=True)
2026-07-02 04:35:30.2208|INFO|Main|AdaptableLog|[NoMarriageLimit] Settings updated: enableNoMarriageLimit=True, enableNoCompanionLimit=True
2026-07-02 04:35:30.2208|INFO|Main|GameData.Domains.Mod.ModDomain|Start loading mod 蛐蛐透视 for GameData ...
2026-07-02 04:35:30.2208|INFO|Main|GameData.Domains.Mod.ModDomain|Start loading mod 自定义开局·点数无限 for GameData ...
2026-07-02 04:35:30.2208|INFO|Main|GameData.Domains.Mod.ModDomain|Start loading mod 璇女峰拯救计划 for GameData ...
2026-07-02 04:35:30.2208|INFO|Main|GameData.Domains.Mod.ModDomain| - Loading plugin from XuanNvMemberUpgrade.dll
2026-07-02 04:35:30.2388|INFO|Main|GameData.Domains.Mod.ModDomain|Start loading mod [正式版V1.0天幕心帷]自定义村民招募 for GameData ...
2026-07-02 04:35:30.2388|INFO|Main|GameData.Domains.Mod.ModDomain| - Loading plugin from CustomRecruitment.dll
2026-07-02 04:35:30.2591|INFO|Main|GameData.Domains.Mod.ModDomain|Start loading mod 猪猪编辑器 for GameData ...
2026-07-02 04:35:30.2591|INFO|Main|GameData.Domains.Mod.ModDomain| - Loading plugin from FeatureEditor.Backend.dll
2026-07-02 04:35:30.3617|INFO|Main|GameData.Domains.Mod.ModDomain|Start loading mod 物品无重量 for GameData ...
2026-07-02 04:35:30.3617|INFO|Main|GameData.Domains.Mod.ModDomain| - Loading plugin from ItemWeight.dll
2026-07-02 04:35:30.3767|INFO|Main|GameData.Domains.Mod.ModDomain|Start loading mod 捏人优化框架（新） for GameData ...
2026-07-02 04:35:30.3767|INFO|Main|GameData.Domains.Mod.ModDomain|Start loading mod 天人道修改 for GameData ...
2026-07-02 04:35:30.3767|INFO|Main|GameData.Domains.Mod.ModDomain| - Loading plugin from SamsaraMod.dll
2026-07-02 04:35:30.3949|INFO|Main|GameData.Domains.Mod.ModDomain|Start loading mod 【天幕心帷】激昂元鸡 for GameData ...
2026-07-02 04:35:30.3949|INFO|Main|GameData.Domains.Mod.ModDomain| - Loading plugin from BigCheckenCoop.dll
2026-07-02 04:35:30.3949|INFO|Main|GameData.Domains.Mod.ModDomain| - Loading plugin from HyperactivityChicken.dll
2026-07-02 04:35:30.4247|INFO|Main|GameData.Domains.Mod.ModDomain|Start loading mod 具体春宵（重置版） for GameData ...
2026-07-02 04:35:30.4247|INFO|Main|GameData.Domains.Mod.ModDomain| - Loading plugin from JTCX.Backend.dll
2026-07-02 04:35:30.6190|INFO|Main|GameData.Domains.Mod.ModDomain|Start loading mod 不易变老/长生不老 for GameData ...
2026-07-02 04:35:30.6190|INFO|Main|GameData.Domains.Mod.ModDomain| - Loading plugin from MoreYoung.dll
2026-07-02 04:35:30.6341|INFO|Main|GameData.Domains.Mod.ModDomain|Start loading mod 【招聘简历速览】派遣村民高亮最高属性 for GameData ...
2026-07-02 04:35:30.6341|INFO|Main|GameData.Domains.Mod.ModDomain|Start loading mod 出生特质无限制 for GameData ...
2026-07-02 04:35:30.6341|INFO|Main|GameData.Domains.Mod.ModDomain|Start loading mod 【天幕心帷】功法一格 for GameData ...
2026-07-02 04:35:30.6341|INFO|Main|GameData.Domains.Mod.ModDomain| - Loading plugin from SkillOneGrid.dll
2026-07-02 04:35:30.6400|INFO|Main|GameData.Domains.Mod.ModDomain|Start loading mod 太吾迎娇(npc立绘) for GameData ...
2026-07-02 04:35:30.6400|INFO|Main|GameData.Domains.Mod.ModDomain|Start loading mod 无忧传剑 for GameData ...
2026-07-02 04:35:30.6400|INFO|Main|GameData.Domains.Mod.ModDomain| - Loading plugin from TransferTaiwuMod.dll
2026-07-02 04:35:30.6735|INFO|Main|GameData.Domains.Mod.ModDomain|Start loading mod ~更多信息 v3.45~ for GameData ...
2026-07-02 04:35:30.6735|INFO|Main|GameData.Domains.Mod.ModDomain| - Loading plugin from MynahMoreInfoBackend.dll
2026-07-02 04:35:30.6735|INFO|Main|GameData.Domains.Mod.ModDomain|Start loading mod [天幕心斋]NPC行为解除限制 for GameData ...
2026-07-02 04:35:30.6735|INFO|Main|GameData.Domains.Mod.ModDomain| - Loading plugin from TaiwuRemoveAILimitation.dll
2026-07-02 04:35:30.7171|INFO|Main|AdaptableLog|[TaiwuRemoveAILimitation]: NPC action reachability diagnostics summary
goals: total=275, currentReachable=163, originalReachable=172, reachableByBypass=0, blockedByNoneSensor=0, blockedByMissingProducer=103
actions: total=384, implemented=183, implementationPathMissing=201, implementationNotLoaded=0, currentReachable=358, originalReachable=359, reachableByBypass=0, blockedByNoneSensor=0, blockedByMissingProducer=25
2026-07-02 04:35:30.7171|INFO|Main|AdaptableLog|[TaiwuRemoveAILimitation]: NPC action reachability diagnostics details
goal G0: currentReachable=True, originalReachable=True, noneSensors=-, missingProducer=-, blockedNoneSensors=-, blockedMissingProducer=-
goal G1: currentReachable=True, originalReachable=True, noneSensors=-, missingProducer=-, blockedNoneSensors=-, blockedMissingProducer=-
goal G2: currentReachable=True, originalReachable=True, noneSensors=-, missingProducer=-, blockedNoneSensors=-, blockedMissingProducer=-
goal G3: currentReachable=True, originalReachable=True, noneSensors=-, missingProducer=-, blockedNoneSensors=-, blockedMissingProducer=-
goal G4: currentReachable=False, originalReachable=False, noneSensors=-, missingProducer=466, blockedNoneSensors=-, blockedMissingProducer=466
goal G5: currentReachable=True, originalReachable=True, noneSensors=-, missingProducer=-, blockedNoneSensors=-, blockedMissingProducer=-
goal G6: currentReachable=True, originalReachable=True, noneSensors=-, missingProducer=-, blockedNoneSensors=-, blockedMissingProducer=-
goal G7: currentReachable=True, originalReachable=True, noneSensors=-, missingProducer=-, blockedNoneSensors=-, blockedMissingProducer=-
goal G8: currentReachable=True, originalReachable=True, noneSensors=-, missingProducer=-, blockedNoneSensors=-, blockedMissingProducer=-
goal G9: currentReachable=True, originalReachable=True, noneSensors=-, missingProducer=-, blockedNoneSensors=-, blockedMissingProducer=-
goal G10: currentReachable=False, originalReachable=False, noneSensors=-, missingProducer=272, blockedNoneSensors=-, blockedMissingProducer=272
goal G11: currentReachable=False, originalReachable=False, noneSensors=-, missingProducer=282, blockedNoneSensors=-, blockedMissingProducer=282
goal G12: currentReachable=False, originalReachable=True, noneSensors=434,435,436,437, missingProducer=-, blockedNoneSensors=-, blockedMissingProducer=-
goal G13: currentReachable=False, originalReachable=True, noneSensors=438,439, missingProducer=-, blockedNoneSensors=-, blockedMissingProducer=-
goal G14: currentReachable=False, originalReachable=False, noneSensors=-, missingProducer=474, blockedNoneSensors=-, blockedMissingProducer=474
goal G15: currentReachable=True, originalReachable=True, noneSensors=-, missingProducer=-, blockedNoneSensors=-, blockedMissingProducer=-
goal G16: currentReachable=False, originalReachable=False, noneSensors=-, missingProducer=107, blockedNoneSensors=-, blockedMissingProducer=107
goal G17: currentReachable=False, originalReachable=False, noneSensors=-, missingProducer=475, blockedNoneSensors=-, blockedMissingProducer=475
goal G18: currentReachable=True, originalReachable=True, noneSensors=-, missingProducer=-, blockedNoneSensors=-, blockedMissingProducer=-
goal G19: currentReachable=False, originalReachable=False, noneSensors=-, missingProducer=493, blockedNoneSensors=-, blockedMissingProducer=493
goal G20: currentReachable=False, originalReachable=False, noneSensors=-, missingProducer=494, blockedNoneSensors=-, blockedMissingProducer=494
goal G21: currentReachable=False, originalReachable=False, noneSensors=-, missingProducer=495, blockedNoneSensors=-, blockedMissingProducer=495
goal G22: currentReachable=False, originalReachable=False, noneSensors=-, missingProducer=496, blockedNoneSensors=-, blockedMissingProducer=496
goal G23: currentReachable=False, originalReachable=False, noneSensors=-, missingProducer=497, blockedNoneSensors=-, blockedMissingProducer=497
goal G24: currentReachable=False, originalReachable=False, noneSensors=-, missingProducer=498, blockedNoneSensors=-, blockedMissingProducer=498
goal G25: currentReachable=False, originalReachable=False, noneSensors=-, missingProducer=499, blockedNoneSensors=-, blockedMissingProducer=499
goal G26: currentReachable=False, originalReachable=False, noneSensors=-, missingProducer=500, blockedNoneSensors=-, blockedMissingProducer=500
goal G27: currentReachable=False, originalReachable=False, noneSensors=-, missingProducer=501, blockedNoneSensors=-, blockedMissingProducer=501
goal G28: currentReachable=False, originalReachable=False, noneSensors=-, missingProducer=502, blockedNoneSensors=-, blockedMissingProducer=502
goal G29: currentReachable=False, originalReachable=False, noneSensors=-, missingProducer=503, blockedNoneSensors=-, blockedMissingProducer=503
goal G30: currentReachable=False, originalReachable=False, noneSensors=-, missingProducer=504, blockedNoneSensors=-, blockedMissingProducer=504
goal G31: currentReachable=False, originalReachable=False, noneSensors=-, missingProducer=505, blockedNoneSensors=-, blockedMissingProducer=505
goal G32: currentReachable=False, originalReachable=False, noneSensors=-, missingProducer=506, blockedNoneSensors=-, blockedMissingProducer=506
goal G33: currentReachable=False, originalReachable=False, noneSensors=-, missingProducer=507, blockedNoneSensors=-, blockedMissingProducer=507
goal G34: currentReachable=False, originalReachable=False, noneSensors=-, missingProducer=454, blockedNoneSensors=-, blockedMissingProducer=454
goal G35: currentReachable=False, originalReachable=False, noneSensors=-, missingProducer=452, blockedNoneSensors=-, blockedMissingProducer=452
goal G36: currentReachable=False, originalReachable=False, noneSensors=-, missingProducer=458, blockedNoneSensors=-, blockedMissingProducer=458
goal G37: currentReachable=False, originalReachable=False, noneSensors=-, missingProducer=455, blockedNoneSensors=-, blockedMissingProducer=455
goal G38: currentReachable=False, originalReachable=False, noneSensors=-, missingProducer=453, blockedNoneSensors=-, blockedMissingProducer=453
goal G39: currentReachable=False, originalReachable=False, noneSensors=-, missingProducer=456, blockedNoneSensors=-, blockedMissingProducer=456
goal G40: currentReachable=False, originalReachable=False, noneSensors=-, missingProducer=457, blockedNoneSensors=-, blockedMissingProducer=457
goal G41: currentReachable=True, originalReachable=True, noneSensors=-, missingProducer=-, blockedNoneSensors=-, blockedMissingProducer=-
goal G42: currentReachable=True, originalReachable=True, noneSensors=-, missingProducer=-, blockedNoneSensors=-, blockedMissingProducer=-
goal G43: currentReachable=False, originalReachable=False, noneSensors=-, missingProducer=517, blockedNoneSensors=-, blockedMissingProducer=517
goal G44: currentReachable=True, originalReachable=True, noneSensors=-, missingProducer=-, blockedNoneSensors=-, blockedMissingProducer=-
goal G45: currentReachable=True, originalReachable=True, noneSensors=-, missingProducer=-, blockedNoneSensors=-, blockedMissingProducer=-
goal G46: currentReachable=True, originalReachable=True, noneSensors=-, missingProducer=-, blockedNoneSensors=-, blockedMissingProducer=-
goal G47: currentReachable=False, originalReachable=False, noneSensors=-, missingProducer=519, blockedNoneSensors=-, blockedMissingProducer=519
goal G48: currentReachable=True, originalReachable=True, noneSensors=-, missingProducer=-, blockedNoneSensors=-, blockedMissingProducer=-
goal G49: currentReachable=True, originalReachable=True, noneSensors=-, missingProducer=-, blockedNoneSensors=-, blockedMissingProducer=-
goal G50: currentReachable=False, originalReachable=False, noneSensors=-, missingProducer=520, blockedNoneSensors=-, blockedMissingProducer=520
goal G51: currentReachable=False, originalReachable=False, noneSensors=-, missingProducer=521, blockedNoneSensors=-, blockedMissingProducer=521
goal G52: currentReachable=True, originalReachable=True, noneSensors=-, missingProducer=-, blockedNoneSensors=-, blockedMissingProducer=-
goal G53: currentReachable=True, originalReachable=True, noneSensors=-, missingProducer=-, blockedNoneSensors=-, blockedMissingProducer=-
goal G54: currentReachable=True, originalReachable=True, noneSensors=-, missingProducer=-, blockedNoneSensors=-, blockedMissingProducer=-
goal G55: currentReachable=True, originalReachable=True, noneSensors=-, missingProducer=-, blockedNoneSensors=-, blockedMissingProducer=-
goal G56: currentReachable=True, originalReachable=True, noneSensors=-, missingProducer=-, blockedNoneSensors=-, blockedMissingProducer=-
goal G57: currentReachable=True, originalReachable=True, noneSensors=-, missingProducer=-, blockedNoneSensors=-, blockedMissingProducer=-
goal G58: currentReachable=True, originalReachable=True, noneSensors=-, missingProducer=-, blockedNoneSensors=-, blockedMissingProducer=-
goal G59: currentReachable=True, originalReachable=True, noneSensors=-, missingProducer=-, blockedNoneSensors=-, blockedMissingProducer=-
goal G60: currentReachable=False, originalReachable=False, noneSensors=-, missingProducer=382, blockedNoneSensors=-, blockedMissingProducer=382
goal G61: currentReachable=True, originalReachable=True, noneSensors=-, missingProducer=-, blockedNoneSensors=-, blockedMissingProducer=-
goal G62: currentReachable=True, originalReachable=True, noneSensors=-, missingProducer=-, blockedNoneSensors=-, blockedMissingProducer=-
goal G63: currentReachable=True, originalReachable=True, noneSensors=-, missingProducer=-, blockedNoneSensors=-, blockedMissingProducer=-
goal G64: currentReachable=True, originalReachable=True, noneSensors=-, missingProducer=-, blockedNoneSensors=-, blockedMissingProducer=-
goal G65: currentReachable=True, originalReachable=True, noneSensors=-, missingProducer=-, blockedNoneSensors=-, blockedMissingProducer=-
goal G66: currentReachable=True, originalReachable=True, noneSensors=-, missingProducer=-, blockedNoneSensors=-, blockedMissingProducer=-
goal G67: currentReachable=True, originalReachable=True, noneSensors=-, missingProducer=-, blockedNoneSensors=-, blockedMissingProducer=-
goal G68: currentReachable=True, originalReachable=True, noneSensors=-, missingProducer=-, blockedNoneSensors=-, blockedMissingProducer=-
goal G69: currentReachable=True, originalReachable=True, noneSensors=-, missingProducer=-, blockedNoneSensors=-, blockedMissingProducer=-
goal G70: currentReachable=True, originalReachable=True, noneSensors=-, missingProducer=-, blockedNoneSensors=-, blockedMissingProducer=-
goal G71: currentReachable=True, originalReachable=True, noneSensors=-, missingProducer=-, blockedNoneSensors=-, blockedMissingProducer=-
goal G72: currentReachable=True, originalReachable=True, noneSensors=-, missingProducer=-, blockedNoneSensors=-, blockedMissingProducer=-
goal G73: currentReachable=True, originalReachable=True, noneSensors=-, missingProducer=-, blockedNoneSensors=-, blockedMissingProducer=-
goal G74: currentReachable=False, originalReachable=False, noneSensors=-, missingProducer=529, blockedNoneSensors=-, blockedMissingProducer=529
goal G75: currentReachable=True, originalReachable=True, noneSensors=-, missingProducer=-, blockedNoneSensors=-, blockedMissingProducer=-
goal G76: currentReachable=True, originalReachable=True, noneSensors=-, missingProducer=-, blockedNoneSensors=-, blockedMissingProducer=-
goal G77: currentReachable=False, originalReachable=False, noneSensors=-, missingProducer=531, blockedNoneSensors=-, blockedMissingProducer=531
goal G78: currentReachable=False, originalReachable=False, noneSensors=-, missingProducer=532, blockedNoneSensors=-, blockedMissingProducer=532
goal G79: currentReachable=False, originalReachable=False, noneSensors=-, missingProducer=533, blockedNoneSensors=-, blockedMissingProducer=533
goal G80: currentReachable=False, originalReachable=False, noneSensors=-, missingProducer=515, blockedNoneSensors=-, blockedMissingProducer=515
goal G81: currentReachable=False, originalReachable=False, noneSensors=-, missingProducer=534, blockedNoneSensors=-, blockedMissingProducer=534
goal G82: currentReachable=True, originalReachable=True, noneSensors=-, missingProducer=-, blockedNoneSensors=-, blockedMissingProducer=-
goal G83: currentReachable=True, originalReachable=True, noneSensors=-, missingProducer=-, blockedNoneSensors=-, blockedMissingProducer=-
goal G84: currentReachable=True, originalReachable=True, noneSensors=-, missingProducer=-, blockedNoneSensors=-, blockedMissingProducer=-
goal G85: currentReachable=True, originalReachable=True, noneSensors=-, missingProducer=-, blockedNoneSensors=-, blockedMissingProducer=-
goal G86: currentReachable=True, originalReachable=True, noneSensors=-, missingProducer=-, blockedNoneSensors=-, blockedMissingProducer=-
goal G87: currentReachable=False, originalReachable=False, noneSensors=-, missingProducer=470, blockedNoneSensors=-, blockedMissingProducer=470
goal G88: currentReachable=False, originalReachable=False, noneSensors=-, missingProducer=468, blockedNoneSensors=-, blockedMissingProducer=468
goal G89: currentReachable=True, originalReachable=True, noneSensors=-, missingProducer=-, blockedNoneSensors=-, blockedMissingProducer=-
goal G90: currentReachable=False, originalReachable=False, noneSensors=-, missingProducer=538, blockedNoneSensors=-, blockedMissingProducer=538
goal G91: currentReachable=True, originalReachable=True, noneSensors=-, missingProducer=-, blockedNoneSensors=-, blockedMissingProducer=-
goal G92: currentReachable=True, originalReachable=True, noneSensors=-, missingProducer=-, blockedNoneSensors=-, blockedMissingProducer=-
goal G93: currentReachable=True, originalReachable=True, noneSensors=-, missingProducer=-, blockedNoneSensors=-, blockedMissingProducer=-
goal G94: currentReachable=True, originalReachable=True, noneSensors=-, missingProducer=-, blockedNoneSensors=-, blockedMissingProducer=-
goal G95: currentReachable=True, originalReachable=True, noneSensors=-, missingProducer=-, blockedNoneSensors=-, blockedMissingProducer=-
goal G96: currentReachable=True, originalReachable=True, noneSensors=-, missingProducer=-, blockedNoneSensors=-, blockedMissingProducer=-
goal G97: currentReachable=True, originalReachable=True, noneSensors=-, missingProducer=-, blockedNoneSensors=-, blockedMissingProducer=-
goal G98: currentReachable=True, originalReachable=True, noneSensors=-, missingProducer=-, blockedNoneSensors=-, blockedMissingProducer=-
goal G99: currentReachable=True, originalReachable=True, noneSensors=-, missingProducer=-, blockedNoneSensors=-, blockedMissingProducer=-
goal G100: currentReachable=True, originalReachable=True, noneSensors=-, missingProducer=-, blockedNoneSensors=-, blockedMissingProducer=-
goal G101: currentReachable=False, originalReachable=False, noneSensors=-, missingProducer=542, blockedNoneSensors=-, blockedMissingProducer=542
goal G102: currentReachable=False, originalReachable=False, noneSensors=-, missingProducer=543, blockedNoneSensors=-, blockedMissingProducer=543
goal G103: currentReachable=False, originalReachable=False, noneSensors=-, missingProducer=544, blockedNoneSensors=-, blockedMissingProducer=544
goal G104: currentReachable=True, originalReachable=True, noneSensors=-, missingProducer=-, blockedNoneSensors=-, blockedMissingProducer=-
goal G105: currentReachable=True, originalReachable=True, noneSensors=-, missingProducer=-, blockedNoneSensors=-, blockedMissingProducer=-
goal G106: currentReachable=False, originalReachable=False, noneSensors=-, missingProducer=545, blockedNoneSensors=-, blockedMissingProducer=545
goal G107: currentReachable=False, originalReachable=False, noneSensors=-, missingProducer=546, blockedNoneSensors=-, blockedMissingProducer=546
goal G108: currentReachable=False, originalReachable=False, noneSensors=-, missingProducer=547, blockedNoneSensors=-, blockedMissingProducer=547
goal G109: currentReachable=False, originalReachable=False, noneSensors=-, missingProducer=548, blockedNoneSensors=-, blockedMissingProducer=548
goal G110: currentReachable=False, originalReachable=False, noneSensors=-, missingProducer=389, blockedNoneSensors=-, blockedMissingProducer=389
goal G111: currentReachable=False, originalReachable=False, noneSensors=-, missingProducer=390, blockedNoneSensors=-, blockedMissingProducer=390
goal G112: currentReachable=True, originalReachable=True, noneSensors=-, missingProducer=-, blockedNoneSensors=-, blockedMissingProducer=-
goal G113: currentReachable=False, originalReachable=False, noneSensors=-, missingProducer=549, blockedNoneSensors=-, blockedMissingProducer=549
goal G114: currentReachable=True, originalReachable=True, noneSensors=-, missingProducer=-, blockedNoneSensors=-, blockedMissingProducer=-
goal G115: currentReachable=True, originalReachable=True, noneSensors=-, missingProducer=-, blockedNoneSensors=-, blockedMissingProducer=-
goal G116: currentReachable=False, originalReachable=False, noneSensors=-, missingProducer=515, blockedNoneSensors=-, blockedMissingProducer=515
goal G117: currentReachable=False, originalReachable=False, noneSensors=-, missingProducer=550, blockedNoneSensors=-, blockedMissingProducer=550
goal G118: currentReachable=True, originalReachable=True, noneSensors=-, missingProducer=-, blockedNoneSensors=-, blockedMissingProducer=-
goal G119: currentReachable=True, originalReachable=True, noneSensors=-, missingProducer=-, blockedNoneSensors=-, blockedMissingProducer=-
goal G120: currentReachable=True, originalReachable=True, noneSensors=-, missingProducer=-, blockedNoneSensors=-, blockedMissingProducer=-
goal G121: currentReachable=True, originalReachable=True, noneSensors=-, missingProducer=-, blockedNoneSensors=-, blockedMissingProducer=-
goal G122: currentReachable=False, originalReachable=False, noneSensors=-, missingProducer=553, blockedNoneSensors=-, blockedMissingProducer=553
goal G123: currentReachable=True, originalReachable=True, noneSensors=-, missingProducer=-, blockedNoneSensors=-, blockedMissingProducer=-
goal G124: currentReachable=True, originalReachable=True, noneSensors=-, missingProducer=-, blockedNoneSensors=-, blockedMissingProducer=-
goal G125: currentReachable=False, originalReachable=False, noneSensors=-, missingProducer=554, blockedNoneSensors=-, blockedMissingProducer=554
goal G126: currentReachable=False, originalReachable=False, noneSensors=-, missingProducer=383, blockedNoneSensors=-, blockedMissingProducer=383
goal G127: currentReachable=False, originalReachable=False, noneSensors=-, missingProducer=555, blockedNoneSensors=-, blockedMissingProducer=555
goal G128: currentReachable=True, originalReachable=True, noneSensors=-, missingProducer=-, blockedNoneSensors=-, blockedMissingProducer=-
goal G129: currentReachable=True, originalReachable=True, noneSensors=-, missingProducer=-, blockedNoneSensors=-, blockedMissingProducer=-
goal G130: currentReachable=False, originalReachable=False, noneSensors=-, missingProducer=557, blockedNoneSensors=-, blockedMissingProducer=557
goal G131: currentReachable=True, originalReachable=True, noneSensors=-, missingProducer=-, blockedNoneSensors=-, blockedMissingProducer=-
goal G132: currentReachable=False, originalReachable=False, noneSensors=-, missingProducer=559, blockedNoneSensors=-, blockedMissingProducer=559
goal G133: currentReachable=True, originalReachable=True, noneSensors=-, missingProducer=-, blockedNoneSensors=-, blockedMissingProducer=-
goal G134: currentReachable=True, originalReachable=True, noneSensors=-, missingProducer=-, blockedNoneSensors=-, blockedMissingProducer=-
goal G135: currentReachable=True, originalReachable=True, noneSensors=-, missingProducer=-, blockedNoneSensors=-, blockedMissingProducer=-
goal G136: currentReachable=True, originalReachable=True, noneSensors=-, missingProducer=-, blockedNoneSensors=-, blockedMissingProducer=-
goal G137: currentReachable=True, originalReachable=True, noneSensors=-, missingProducer=-, blockedNoneSensors=-, blockedMissingProducer=-
goal G138: currentReachable=True, originalReachable=True, noneSensors=-, missingProducer=-, blockedNoneSensors=-, blockedMissingProducer=-
goal G139: currentReachable=True, originalReachable=True, noneSensors=-, missingProducer=-, blockedNoneSensors=-, blockedMissingProducer=-
goal G140: currentReachable=True, originalReachable=True, noneSensors=-, missingProducer=-, blockedNoneSensors=-, blockedMissingProducer=-
goal G141: currentReachable=True, originalReachable=True, noneSensors=-, missingProducer=-, blockedNoneSensors=-, blockedMissingProducer=-
goal G142: currentReachable=True, originalReachable=True, noneSensors=-, missingProducer=-, blockedNoneSensors=-, blockedMissingProducer=-
goal G143: currentReachable=True, originalReachable=True, noneSensors=-, missingProducer=-, blockedNoneSensors=-, blockedMissingProducer=-
goal G144: currentReachable=True, originalReachable=True, noneSensors=-, missingProducer=-, blockedNoneSensors=-, blockedMissingProducer=-
goal G145: currentReachable=True, originalReachable=True, noneSensors=-, missingProducer=-, blockedNoneSensors=-, blockedMissingProducer=-
goal G146: currentReachable=False, originalReachable=False, noneSensors=-, missingProducer=564, blockedNoneSensors=-, blockedMissingProducer=564
goal G147: currentReachable=False, originalReachable=False, noneSensors=-, missingProducer=565, blockedNoneSensors=-, blockedMissingProducer=565
goal G148: currentReachable=False, originalReachable=False, noneSensors=-, missingProducer=566, blockedNoneSensors=-, blockedMissingProducer=566
goal G149: currentReachable=False, originalReachable=False, noneSensors=-, missingProducer=567, blockedNoneSensors=-, blockedMissingProducer=567
goal G150: currentReachable=False, originalReachable=False, noneSensors=-, missingProducer=568, blockedNoneSensors=-, blockedMissingProducer=568
goal G151: currentReachable=False, originalReachable=False, noneSensors=-, missingProducer=569, blockedNoneSensors=-, blockedMissingProducer=569
goal G152: currentReachable=False, originalReachable=False, noneSensors=-, missingProducer=570, blockedNoneSensors=-, blockedMissingProducer=570
goal G153: currentReachable=False, originalReachable=False, noneSensors=-, missingProducer=571, blockedNoneSensors=-, blockedMissingProducer=571
goal G154: currentReachable=False, originalReachable=False, noneSensors=-, missingProducer=572, blockedNoneSensors=-, blockedMissingProducer=572
goal G155: currentReachable=False, originalReachable=False, noneSensors=-, missingProducer=573, blockedNoneSensors=-, blockedMissingProducer=573
goal G156: currentReachable=False, originalReachable=False, noneSensors=-, missingProducer=574, blockedNoneSensors=-, blockedMissingProducer=574
goal G157: currentReachable=False, originalReachable=False, noneSensors=-, missingProducer=575, blockedNoneSensors=-, blockedMissingProducer=575
goal G158: currentReachable=False, originalReachable=False, noneSensors=-, missingProducer=576, blockedNoneSensors=-, blockedMissingProducer=576
goal G159: currentReachable=True, originalReachable=True, noneSensors=-, missingProducer=-, blockedNoneSensors=-, blockedMissingProducer=-
... truncated detail lines: 143

2026-07-02 04:35:30.7473|INFO|Main|AdaptableLog|[TaiwuRemoveAILimitation]: NPC action reachability diagnostics summary
goals: total=275, currentReachable=163, originalReachable=172, reachableByBypass=0, blockedByNoneSensor=0, blockedByMissingProducer=103
actions: total=384, implemented=183, implementationPathMissing=201, implementationNotLoaded=0, currentReachable=358, originalReachable=359, reachableByBypass=0, blockedByNoneSensor=0, blockedByMissingProducer=25
2026-07-02 04:35:30.7473|INFO|Main|AdaptableLog|[TaiwuRemoveAILimitation]: NPC action reachability diagnostics details
goal G0: currentReachable=True, originalReachable=True, noneSensors=-, missingProducer=-, blockedNoneSensors=-, blockedMissingProducer=-
goal G1: currentReachable=True, originalReachable=True, noneSensors=-, missingProducer=-, blockedNoneSensors=-, blockedMissingProducer=-
goal G2: currentReachable=True, originalReachable=True, noneSensors=-, missingProducer=-, blockedNoneSensors=-, blockedMissingProducer=-
goal G3: currentReachable=True, originalReachable=True, noneSensors=-, missingProducer=-, blockedNoneSensors=-, blockedMissingProducer=-
goal G4: currentReachable=False, originalReachable=False, noneSensors=-, missingProducer=466, blockedNoneSensors=-, blockedMissingProducer=466
goal G5: currentReachable=True, originalReachable=True, noneSensors=-, missingProducer=-, blockedNoneSensors=-, blockedMissingProducer=-
goal G6: currentReachable=True, originalReachable=True, noneSensors=-, missingProducer=-, blockedNoneSensors=-, blockedMissingProducer=-
goal G7: currentReachable=True, originalReachable=True, noneSensors=-, missingProducer=-, blockedNoneSensors=-, blockedMissingProducer=-
goal G8: currentReachable=True, originalReachable=True, noneSensors=-, missingProducer=-, blockedNoneSensors=-, blockedMissingProducer=-
goal G9: currentReachable=True, originalReachable=True, noneSensors=-, missingProducer=-, blockedNoneSensors=-, blockedMissingProducer=-
goal G10: currentReachable=False, originalReachable=False, noneSensors=-, missingProducer=272, blockedNoneSensors=-, blockedMissingProducer=272
goal G11: currentReachable=False, originalReachable=False, noneSensors=-, missingProducer=282, blockedNoneSensors=-, blockedMissingProducer=282
goal G12: currentReachable=False, originalReachable=True, noneSensors=434,435,436,437, missingProducer=-, blockedNoneSensors=-, blockedMissingProducer=-
goal G13: currentReachable=False, originalReachable=True, noneSensors=438,439, missingProducer=-, blockedNoneSensors=-, blockedMissingProducer=-
goal G14: currentReachable=False, originalReachable=False, noneSensors=-, missingProducer=474, blockedNoneSensors=-, blockedMissingProducer=474
goal G15: currentReachable=True, originalReachable=True, noneSensors=-, missingProducer=-, blockedNoneSensors=-, blockedMissingProducer=-
goal G16: currentReachable=False, originalReachable=False, noneSensors=-, missingProducer=107, blockedNoneSensors=-, blockedMissingProducer=107
goal G17: currentReachable=False, originalReachable=False, noneSensors=-, missingProducer=475, blockedNoneSensors=-, blockedMissingProducer=475
goal G18: currentReachable=True, originalReachable=True, noneSensors=-, missingProducer=-, blockedNoneSensors=-, blockedMissingProducer=-
goal G19: currentReachable=False, originalReachable=False, noneSensors=-, missingProducer=493, blockedNoneSensors=-, blockedMissingProducer=493
goal G20: currentReachable=False, originalReachable=False, noneSensors=-, missingProducer=494, blockedNoneSensors=-, blockedMissingProducer=494
goal G21: currentReachable=False, originalReachable=False, noneSensors=-, missingProducer=495, blockedNoneSensors=-, blockedMissingProducer=495
goal G22: currentReachable=False, originalReachable=False, noneSensors=-, missingProducer=496, blockedNoneSensors=-, blockedMissingProducer=496
goal G23: currentReachable=False, originalReachable=False, noneSensors=-, missingProducer=497, blockedNoneSensors=-, blockedMissingProducer=497
goal G24: currentReachable=False, originalReachable=False, noneSensors=-, missingProducer=498, blockedNoneSensors=-, blockedMissingProducer=498
goal G25: currentReachable=False, originalReachable=False, noneSensors=-, missingProducer=499, blockedNoneSensors=-, blockedMissingProducer=499
goal G26: currentReachable=False, originalReachable=False, noneSensors=-, missingProducer=500, blockedNoneSensors=-, blockedMissingProducer=500
goal G27: currentReachable=False, originalReachable=False, noneSensors=-, missingProducer=501, blockedNoneSensors=-, blockedMissingProducer=501
goal G28: currentReachable=False, originalReachable=False, noneSensors=-, missingProducer=502, blockedNoneSensors=-, blockedMissingProducer=502
goal G29: currentReachable=False, originalReachable=False, noneSensors=-, missingProducer=503, blockedNoneSensors=-, blockedMissingProducer=503
goal G30: currentReachable=False, originalReachable=False, noneSensors=-, missingProducer=504, blockedNoneSensors=-, blockedMissingProducer=504
goal G31: currentReachable=False, originalReachable=False, noneSensors=-, missingProducer=505, blockedNoneSensors=-, blockedMissingProducer=505
goal G32: currentReachable=False, originalReachable=False, noneSensors=-, missingProducer=506, blockedNoneSensors=-, blockedMissingProducer=506
goal G33: currentReachable=False, originalReachable=False, noneSensors=-, missingProducer=507, blockedNoneSensors=-, blockedMissingProducer=507
goal G34: currentReachable=False, originalReachable=False, noneSensors=-, missingProducer=454, blockedNoneSensors=-, blockedMissingProducer=454
goal G35: currentReachable=False, originalReachable=False, noneSensors=-, missingProducer=452, blockedNoneSensors=-, blockedMissingProducer=452
goal G36: currentReachable=False, originalReachable=False, noneSensors=-, missingProducer=458, blockedNoneSensors=-, blockedMissingProducer=458
goal G37: currentReachable=False, originalReachable=False, noneSensors=-, missingProducer=455, blockedNoneSensors=-, blockedMissingProducer=455
goal G38: currentReachable=False, originalReachable=False, noneSensors=-, missingProducer=453, blockedNoneSensors=-, blockedMissingProducer=453
goal G39: currentReachable=False, originalReachable=False, noneSensors=-, missingProducer=456, blockedNoneSensors=-, blockedMissingProducer=456
goal G40: currentReachable=False, originalReachable=False, noneSensors=-, missingProducer=457, blockedNoneSensors=-, blockedMissingProducer=457
goal G41: currentReachable=True, originalReachable=True, noneSensors=-, missingProducer=-, blockedNoneSensors=-, blockedMissingProducer=-
goal G42: currentReachable=True, originalReachable=True, noneSensors=-, missingProducer=-, blockedNoneSensors=-, blockedMissingProducer=-
goal G43: currentReachable=False, originalReachable=False, noneSensors=-, missingProducer=517, blockedNoneSensors=-, blockedMissingProducer=517
goal G44: currentReachable=True, originalReachable=True, noneSensors=-, missingProducer=-, blockedNoneSensors=-, blockedMissingProducer=-
goal G45: currentReachable=True, originalReachable=True, noneSensors=-, missingProducer=-, blockedNoneSensors=-, blockedMissingProducer=-
goal G46: currentReachable=True, originalReachable=True, noneSensors=-, missingProducer=-, blockedNoneSensors=-, blockedMissingProducer=-
goal G47: currentReachable=False, originalReachable=False, noneSensors=-, missingProducer=519, blockedNoneSensors=-, blockedMissingProducer=519
goal G48: currentReachable=True, originalReachable=True, noneSensors=-, missingProducer=-, blockedNoneSensors=-, blockedMissingProducer=-
goal G49: currentReachable=True, originalReachable=True, noneSensors=-, missingProducer=-, blockedNoneSensors=-, blockedMissingProducer=-
goal G50: currentReachable=False, originalReachable=False, noneSensors=-, missingProducer=520, blockedNoneSensors=-, blockedMissingProducer=520
goal G51: currentReachable=False, originalReachable=False, noneSensors=-, missingProducer=521, blockedNoneSensors=-, blockedMissingProducer=521
goal G52: currentReachable=True, originalReachable=True, noneSensors=-, missingProducer=-, blockedNoneSensors=-, blockedMissingProducer=-
goal G53: currentReachable=True, originalReachable=True, noneSensors=-, missingProducer=-, blockedNoneSensors=-, blockedMissingProducer=-
goal G54: currentReachable=True, originalReachable=True, noneSensors=-, missingProducer=-, blockedNoneSensors=-, blockedMissingProducer=-
goal G55: currentReachable=True, originalReachable=True, noneSensors=-, missingProducer=-, blockedNoneSensors=-, blockedMissingProducer=-
goal G56: currentReachable=True, originalReachable=True, noneSensors=-, missingProducer=-, blockedNoneSensors=-, blockedMissingProducer=-
goal G57: currentReachable=True, originalReachable=True, noneSensors=-, missingProducer=-, blockedNoneSensors=-, blockedMissingProducer=-
goal G58: currentReachable=True, originalReachable=True, noneSensors=-, missingProducer=-, blockedNoneSensors=-, blockedMissingProducer=-
goal G59: currentReachable=True, originalReachable=True, noneSensors=-, missingProducer=-, blockedNoneSensors=-, blockedMissingProducer=-
goal G60: currentReachable=False, originalReachable=False, noneSensors=-, missingProducer=382, blockedNoneSensors=-, blockedMissingProducer=382
goal G61: currentReachable=True, originalReachable=True, noneSensors=-, missingProducer=-, blockedNoneSensors=-, blockedMissingProducer=-
goal G62: currentReachable=True, originalReachable=True, noneSensors=-, missingProducer=-, blockedNoneSensors=-, blockedMissingProducer=-
goal G63: currentReachable=True, originalReachable=True, noneSensors=-, missingProducer=-, blockedNoneSensors=-, blockedMissingProducer=-
goal G64: currentReachable=True, originalReachable=True, noneSensors=-, missingProducer=-, blockedNoneSensors=-, blockedMissingProducer=-
goal G65: currentReachable=True, originalReachable=True, noneSensors=-, missingProducer=-, blockedNoneSensors=-, blockedMissingProducer=-
goal G66: currentReachable=True, originalReachable=True, noneSensors=-, missingProducer=-, blockedNoneSensors=-, blockedMissingProducer=-
goal G67: currentReachable=True, originalReachable=True, noneSensors=-, missingProducer=-, blockedNoneSensors=-, blockedMissingProducer=-
goal G68: currentReachable=True, originalReachable=True, noneSensors=-, missingProducer=-, blockedNoneSensors=-, blockedMissingProducer=-
goal G69: currentReachable=True, originalReachable=True, noneSensors=-, missingProducer=-, blockedNoneSensors=-, blockedMissingProducer=-
goal G70: currentReachable=True, originalReachable=True, noneSensors=-, missingProducer=-, blockedNoneSensors=-, blockedMissingProducer=-
goal G71: currentReachable=True, originalReachable=True, noneSensors=-, missingProducer=-, blockedNoneSensors=-, blockedMissingProducer=-
goal G72: currentReachable=True, originalReachable=True, noneSensors=-, missingProducer=-, blockedNoneSensors=-, blockedMissingProducer=-
goal G73: currentReachable=True, originalReachable=True, noneSensors=-, missingProducer=-, blockedNoneSensors=-, blockedMissingProducer=-
goal G74: currentReachable=False, originalReachable=False, noneSensors=-, missingProducer=529, blockedNoneSensors=-, blockedMissingProducer=529
goal G75: currentReachable=True, originalReachable=True, noneSensors=-, missingProducer=-, blockedNoneSensors=-, blockedMissingProducer=-
goal G76: currentReachable=True, originalReachable=True, noneSensors=-, missingProducer=-, blockedNoneSensors=-, blockedMissingProducer=-
goal G77: currentReachable=False, originalReachable=False, noneSensors=-, missingProducer=531, blockedNoneSensors=-, blockedMissingProducer=531
goal G78: currentReachable=False, originalReachable=False, noneSensors=-, missingProducer=532, blockedNoneSensors=-, blockedMissingProducer=532
goal G79: currentReachable=False, originalReachable=False, noneSensors=-, missingProducer=533, blockedNoneSensors=-, blockedMissingProducer=533
goal G80: currentReachable=False, originalReachable=False, noneSensors=-, missingProducer=515, blockedNoneSensors=-, blockedMissingProducer=515
goal G81: currentReachable=False, originalReachable=False, noneSensors=-, missingProducer=534, blockedNoneSensors=-, blockedMissingProducer=534
goal G82: currentReachable=True, originalReachable=True, noneSensors=-, missingProducer=-, blockedNoneSensors=-, blockedMissingProducer=-
goal G83: currentReachable=True, originalReachable=True, noneSensors=-, missingProducer=-, blockedNoneSensors=-, blockedMissingProducer=-
goal G84: currentReachable=True, originalReachable=True, noneSensors=-, missingProducer=-, blockedNoneSensors=-, blockedMissingProducer=-
goal G85: currentReachable=True, originalReachable=True, noneSensors=-, missingProducer=-, blockedNoneSensors=-, blockedMissingProducer=-
goal G86: currentReachable=True, originalReachable=True, noneSensors=-, missingProducer=-, blockedNoneSensors=-, blockedMissingProducer=-
goal G87: currentReachable=False, originalReachable=False, noneSensors=-, missingProducer=470, blockedNoneSensors=-, blockedMissingProducer=470
goal G88: currentReachable=False, originalReachable=False, noneSensors=-, missingProducer=468, blockedNoneSensors=-, blockedMissingProducer=468
goal G89: currentReachable=True, originalReachable=True, noneSensors=-, missingProducer=-, blockedNoneSensors=-, blockedMissingProducer=-
goal G90: currentReachable=False, originalReachable=False, noneSensors=-, missingProducer=538, blockedNoneSensors=-, blockedMissingProducer=538
goal G91: currentReachable=True, originalReachable=True, noneSensors=-, missingProducer=-, blockedNoneSensors=-, blockedMissingProducer=-
goal G92: currentReachable=True, originalReachable=True, noneSensors=-, missingProducer=-, blockedNoneSensors=-, blockedMissingProducer=-
goal G93: currentReachable=True, originalReachable=True, noneSensors=-, missingProducer=-, blockedNoneSensors=-, blockedMissingProducer=-
goal G94: currentReachable=True, originalReachable=True, noneSensors=-, missingProducer=-, blockedNoneSensors=-, blockedMissingProducer=-
goal G95: currentReachable=True, originalReachable=True, noneSensors=-, missingProducer=-, blockedNoneSensors=-, blockedMissingProducer=-
goal G96: currentReachable=True, originalReachable=True, noneSensors=-, missingProducer=-, blockedNoneSensors=-, blockedMissingProducer=-
goal G97: currentReachable=True, originalReachable=True, noneSensors=-, missingProducer=-, blockedNoneSensors=-, blockedMissingProducer=-
goal G98: currentReachable=True, originalReachable=True, noneSensors=-, missingProducer=-, blockedNoneSensors=-, blockedMissingProducer=-
goal G99: currentReachable=True, originalReachable=True, noneSensors=-, missingProducer=-, blockedNoneSensors=-, blockedMissingProducer=-
goal G100: currentReachable=True, originalReachable=True, noneSensors=-, missingProducer=-, blockedNoneSensors=-, blockedMissingProducer=-
goal G101: currentReachable=False, originalReachable=False, noneSensors=-, missingProducer=542, blockedNoneSensors=-, blockedMissingProducer=542
goal G102: currentReachable=False, originalReachable=False, noneSensors=-, missingProducer=543, blockedNoneSensors=-, blockedMissingProducer=543
goal G103: currentReachable=False, originalReachable=False, noneSensors=-, missingProducer=544, blockedNoneSensors=-, blockedMissingProducer=544
goal G104: currentReachable=True, originalReachable=True, noneSensors=-, missingProducer=-, blockedNoneSensors=-, blockedMissingProducer=-
goal G105: currentReachable=True, originalReachable=True, noneSensors=-, missingProducer=-, blockedNoneSensors=-, blockedMissingProducer=-
goal G106: currentReachable=False, originalReachable=False, noneSensors=-, missingProducer=545, blockedNoneSensors=-, blockedMissingProducer=545
goal G107: currentReachable=False, originalReachable=False, noneSensors=-, missingProducer=546, blockedNoneSensors=-, blockedMissingProducer=546
goal G108: currentReachable=False, originalReachable=False, noneSensors=-, missingProducer=547, blockedNoneSensors=-, blockedMissingProducer=547
goal G109: currentReachable=False, originalReachable=False, noneSensors=-, missingProducer=548, blockedNoneSensors=-, blockedMissingProducer=548
goal G110: currentReachable=False, originalReachable=False, noneSensors=-, missingProducer=389, blockedNoneSensors=-, blockedMissingProducer=389
goal G111: currentReachable=False, originalReachable=False, noneSensors=-, missingProducer=390, blockedNoneSensors=-, blockedMissingProducer=390
goal G112: currentReachable=True, originalReachable=True, noneSensors=-, missingProducer=-, blockedNoneSensors=-, blockedMissingProducer=-
goal G113: currentReachable=False, originalReachable=False, noneSensors=-, missingProducer=549, blockedNoneSensors=-, blockedMissingProducer=549
goal G114: currentReachable=True, originalReachable=True, noneSensors=-, missingProducer=-, blockedNoneSensors=-, blockedMissingProducer=-
goal G115: currentReachable=True, originalReachable=True, noneSensors=-, missingProducer=-, blockedNoneSensors=-, blockedMissingProducer=-
goal G116: currentReachable=False, originalReachable=False, noneSensors=-, missingProducer=515, blockedNoneSensors=-, blockedMissingProducer=515
goal G117: currentReachable=False, originalReachable=False, noneSensors=-, missingProducer=550, blockedNoneSensors=-, blockedMissingProducer=550
goal G118: currentReachable=True, originalReachable=True, noneSensors=-, missingProducer=-, blockedNoneSensors=-, blockedMissingProducer=-
goal G119: currentReachable=True, originalReachable=True, noneSensors=-, missingProducer=-, blockedNoneSensors=-, blockedMissingProducer=-
goal G120: currentReachable=True, originalReachable=True, noneSensors=-, missingProducer=-, blockedNoneSensors=-, blockedMissingProducer=-
goal G121: currentReachable=True, originalReachable=True, noneSensors=-, missingProducer=-, blockedNoneSensors=-, blockedMissingProducer=-
goal G122: currentReachable=False, originalReachable=False, noneSensors=-, missingProducer=553, blockedNoneSensors=-, blockedMissingProducer=553
goal G123: currentReachable=True, originalReachable=True, noneSensors=-, missingProducer=-, blockedNoneSensors=-, blockedMissingProducer=-
goal G124: currentReachable=True, originalReachable=True, noneSensors=-, missingProducer=-, blockedNoneSensors=-, blockedMissingProducer=-
goal G125: currentReachable=False, originalReachable=False, noneSensors=-, missingProducer=554, blockedNoneSensors=-, blockedMissingProducer=554
goal G126: currentReachable=False, originalReachable=False, noneSensors=-, missingProducer=383, blockedNoneSensors=-, blockedMissingProducer=383
goal G127: currentReachable=False, originalReachable=False, noneSensors=-, missingProducer=555, blockedNoneSensors=-, blockedMissingProducer=555
goal G128: currentReachable=True, originalReachable=True, noneSensors=-, missingProducer=-, blockedNoneSensors=-, blockedMissingProducer=-
goal G129: currentReachable=True, originalReachable=True, noneSensors=-, missingProducer=-, blockedNoneSensors=-, blockedMissingProducer=-
goal G130: currentReachable=False, originalReachable=False, noneSensors=-, missingProducer=557, blockedNoneSensors=-, blockedMissingProducer=557
goal G131: currentReachable=True, originalReachable=True, noneSensors=-, missingProducer=-, blockedNoneSensors=-, blockedMissingProducer=-
goal G132: currentReachable=False, originalReachable=False, noneSensors=-, missingProducer=559, blockedNoneSensors=-, blockedMissingProducer=559
goal G133: currentReachable=True, originalReachable=True, noneSensors=-, missingProducer=-, blockedNoneSensors=-, blockedMissingProducer=-
goal G134: currentReachable=True, originalReachable=True, noneSensors=-, missingProducer=-, blockedNoneSensors=-, blockedMissingProducer=-
goal G135: currentReachable=True, originalReachable=True, noneSensors=-, missingProducer=-, blockedNoneSensors=-, blockedMissingProducer=-
goal G136: currentReachable=True, originalReachable=True, noneSensors=-, missingProducer=-, blockedNoneSensors=-, blockedMissingProducer=-
goal G137: currentReachable=True, originalReachable=True, noneSensors=-, missingProducer=-, blockedNoneSensors=-, blockedMissingProducer=-
goal G138: currentReachable=True, originalReachable=True, noneSensors=-, missingProducer=-, blockedNoneSensors=-, blockedMissingProducer=-
goal G139: currentReachable=True, originalReachable=True, noneSensors=-, missingProducer=-, blockedNoneSensors=-, blockedMissingProducer=-
goal G140: currentReachable=True, originalReachable=True, noneSensors=-, missingProducer=-, blockedNoneSensors=-, blockedMissingProducer=-
goal G141: currentReachable=True, originalReachable=True, noneSensors=-, missingProducer=-, blockedNoneSensors=-, blockedMissingProducer=-
goal G142: currentReachable=True, originalReachable=True, noneSensors=-, missingProducer=-, blockedNoneSensors=-, blockedMissingProducer=-
goal G143: currentReachable=True, originalReachable=True, noneSensors=-, missingProducer=-, blockedNoneSensors=-, blockedMissingProducer=-
goal G144: currentReachable=True, originalReachable=True, noneSensors=-, missingProducer=-, blockedNoneSensors=-, blockedMissingProducer=-
goal G145: currentReachable=True, originalReachable=True, noneSensors=-, missingProducer=-, blockedNoneSensors=-, blockedMissingProducer=-
goal G146: currentReachable=False, originalReachable=False, noneSensors=-, missingProducer=564, blockedNoneSensors=-, blockedMissingProducer=564
goal G147: currentReachable=False, originalReachable=False, noneSensors=-, missingProducer=565, blockedNoneSensors=-, blockedMissingProducer=565
goal G148: currentReachable=False, originalReachable=False, noneSensors=-, missingProducer=566, blockedNoneSensors=-, blockedMissingProducer=566
goal G149: currentReachable=False, originalReachable=False, noneSensors=-, missingProducer=567, blockedNoneSensors=-, blockedMissingProducer=567
goal G150: currentReachable=False, originalReachable=False, noneSensors=-, missingProducer=568, blockedNoneSensors=-, blockedMissingProducer=568
goal G151: currentReachable=False, originalReachable=False, noneSensors=-, missingProducer=569, blockedNoneSensors=-, blockedMissingProducer=569
goal G152: currentReachable=False, originalReachable=False, noneSensors=-, missingProducer=570, blockedNoneSensors=-, blockedMissingProducer=570
goal G153: currentReachable=False, originalReachable=False, noneSensors=-, missingProducer=571, blockedNoneSensors=-, blockedMissingProducer=571
goal G154: currentReachable=False, originalReachable=False, noneSensors=-, missingProducer=572, blockedNoneSensors=-, blockedMissingProducer=572
goal G155: currentReachable=False, originalReachable=False, noneSensors=-, missingProducer=573, blockedNoneSensors=-, blockedMissingProducer=573
goal G156: currentReachable=False, originalReachable=False, noneSensors=-, missingProducer=574, blockedNoneSensors=-, blockedMissingProducer=574
goal G157: currentReachable=False, originalReachable=False, noneSensors=-, missingProducer=575, blockedNoneSensors=-, blockedMissingProducer=575
goal G158: currentReachable=False, originalReachable=False, noneSensors=-, missingProducer=576, blockedNoneSensors=-, blockedMissingProducer=576
goal G159: currentReachable=True, originalReachable=True, noneSensors=-, missingProducer=-, blockedNoneSensors=-, blockedMissingProducer=-
... truncated detail lines: 143

2026-07-02 04:35:30.8833|INFO|Main|AdaptableLog|AiNodeFactory.Register on GameData, Version=1.0.0.0, Culture=neutral, PublicKeyToken=null added 4 types
2026-07-02 04:35:30.8833|INFO|Main|AdaptableLog|AiActionFactory.Register on GameData, Version=1.0.0.0, Culture=neutral, PublicKeyToken=null added 67 types
2026-07-02 04:35:30.8890|INFO|Main|AdaptableLog|AiConditionFactory.Register on GameData, Version=1.0.0.0, Culture=neutral, PublicKeyToken=null added 127 types
2026-07-02 04:35:38.4520|WARN|Main|AdaptableLog|Duplicate event 8327f785-a687-4e1e-9292-bd91f388852f detected.
2026-07-02 04:35:39.0625|INFO|Main|AdaptableLog|ConchShip events init complete,can load mod events now
2026-07-02 04:35:39.0625|INFO|Main|GameData.DLC.DlcManager|Start loading Dlc Events:
2026-07-02 04:35:39.0625|INFO|Main|GameData.DLC.DlcManager|DLC: 3464590_1, Path: D:/SteamLibrary/steamapps/common/The Scroll Of Taiwu/The Scroll of Taiwu_Data/YearOfSnakeCloth\1.0.0.0\Events
2026-07-02 04:35:39.0625|INFO|Main|GameData.DLC.DlcManager|DLC: 4528730_184683593729, Path: D:/SteamLibrary/steamapps/common/The Scroll Of Taiwu/The Scroll of Taiwu_Data/CricketPolymorph\1.0.43\Events
2026-07-02 04:35:39.0802|INFO|Main|GameData.DLC.DlcManager|DLC: 2764960_1, Path: D:/SteamLibrary/steamapps/common/The Scroll Of Taiwu/The Scroll of Taiwu_Data/HappyNewYear2024\1.0.0.0\Events
2026-07-02 04:35:39.0802|INFO|Main|GameData.DLC.DlcManager|DLC: 2764950_133143986177, Path: D:/SteamLibrary/steamapps/common/The Scroll Of Taiwu/The Scroll of Taiwu_Data/FiveLoong\1.0.31\Events
2026-07-02 04:35:39.1910|INFO|Main|GameData.DLC.DlcManager|DLC: 2172690_1, Path: D:/SteamLibrary/steamapps/common/The Scroll Of Taiwu/The Scroll of Taiwu_Data/GiftFromConchShip2\1.0.0.0\Events
2026-07-02 04:35:39.1910|INFO|Main|GameData.DLC.DlcManager|DLC: 2241120_1, Path: D:/SteamLibrary/steamapps/common/The Scroll Of Taiwu/The Scroll of Taiwu_Data/GiftFromConchShip1\1.0.0.0\Events
2026-07-02 04:35:39.2064|INFO|Main|GameData.DLC.DlcManager|DLC: 4395170_1, Path: D:/SteamLibrary/steamapps/common/The Scroll Of Taiwu/The Scroll of Taiwu_Data/HappyNewYear2026\1.0.0.0\Events
2026-07-02 04:35:39.2064|INFO|Main|GameData.DLC.DlcManager|DLC: 4834450_287768313856, Path: D:/SteamLibrary/steamapps/common/The Scroll Of Taiwu/The Scroll of Taiwu_Data/GreenHillsRemain\0.84.67.0\Events
2026-07-02 04:35:39.2202|INFO|Main|GameData.DLC.DlcManager|DLC: 4834440_287768313856, Path: D:/SteamLibrary/steamapps/common/The Scroll Of Taiwu/The Scroll of Taiwu_Data/EightYears\0.84.67.0\Events
2026-07-02 04:35:39.2202|INFO|Main|GameData.Domains.Mod.ModDomain| - Loading events from Taiwu_EventPackage_jutichunxiao.dll
2026-07-02 04:35:39.3206|INFO|Main|GameData.GameDataBridge.GameDataBridge|Transition: 1 -> 2
2026-07-02 04:35:39.3206|INFO|WriteInterProcessMessages|GameData.GameDataBridge.GameDataBridge|Outgoing message: GameModuleInitialized
2026-07-02 04:35:39.3206|INFO|Main|AdaptableLog|CallMethod Load Config
2026-07-02 04:35:39.3206|INFO|WriteInterProcessMessages|GameData.GameDataBridge.GameDataBridge|Transition: 2 -> 3
2026-07-02 04:35:39.3464|INFO|Main|AdaptableLog|CallMethod Load Config
2026-07-02 04:35:39.4528|INFO|Main|GameData.Domains.Global.GlobalDomain|Game Version: 1.0.46, Build Date: 202607012112125378
2026-07-02 04:35:56.0713|INFO|Main|GameData.Domains.World.WorldDomain|WorldCreatingTime: 2026-06-25 [01:38]
2026-07-02 04:35:56.0713|INFO|Main|GameData.Domains.World.WorldDomain|GameVersionCreating: 1.0.24
2026-07-02 04:35:56.0713|INFO|Main|GameData.Domains.World.WorldDomain|GameVersionLastSaving: 1.0.46
2026-07-02 04:35:56.0713|INFO|Main|GameData.Domains.World.WorldDomain|LoadWorld: 4093641615
2026-07-02 04:35:57.0170|INFO|Main|GameData.Domains.World.WorldDomain|Currrent Population / World Standard Population: 6505/5184, Probability Adjustment of Creating Character: 100%
2026-07-02 04:35:57.1733|INFO|Main|AdaptableLog|OnLoadedArchiveData
2026-07-02 04:35:57.1733|INFO|Main|AdaptableLog|OnLoadedArchiveData
2026-07-02 04:35:57.8926|INFO|Main|GameData.Domains.Global.GlobalDomain|LoadWorld: 1,853.2
2026-07-02 04:35:57.9526|WARN|Main|GameData.Domains.Item.ItemDomain|4 unowned Weapon detected.
2026-07-02 04:35:57.9526|WARN|Main|GameData.Domains.Item.ItemDomain|12 unowned Armor detected.
2026-07-02 04:35:57.9526|WARN|Main|GameData.Domains.Item.ItemDomain|9 unowned Accessory detected.
2026-07-02 04:35:57.9526|WARN|Main|GameData.Domains.Item.ItemDomain|9 unowned Carrier detected.
2026-07-02 04:35:57.9526|WARN|Main|GameData.Domains.Item.ItemDomain|8 unowned CraftTool detected.
2026-07-02 04:35:57.9526|WARN|Main|GameData.Domains.Item.ItemDomain|5 unowned TeaWine detected.
2026-07-02 04:35:57.9526|WARN|Main|GameData.Domains.Item.ItemDomain|71 unowned SkillBook detected.
2026-07-02 04:35:57.9526|WARN|Main|GameData.Domains.Item.ItemDomain|2911 unowned Cricket detected.
2026-07-02 04:35:57.9526|WARN|Main|GameData.Domains.Item.ItemDomain|1 unowned Misc detected.
2026-07-02 04:35:57.9526|INFO|Main|GameData.Domains.Item.ItemDomain|Total unowned items: 3030
2026-07-02 04:35:57.9526|INFO|Main|GameData.Domains.Character.CharacterDomain|Clearing obsolete relations: 1167485 => 1167485
2026-07-02 04:35:58.2823|INFO|Main|GameData.Domains.Global.GlobalDomain|FixAbnormalDomainArchiveData: 327.9
2026-07-02 04:36:04.9251|INFO|Main|AdaptableLog|new Event triggered : 1505c7c2-8a55-4794-bd85-1c5aec7ea341, _triggeredEventList.Count = 1
2026-07-02 04:36:04.9251|INFO|Main|AdaptableLog|new Event triggered : 5820ef21-229c-4bf5-a968-9dec8ae6a480, _triggeredEventList.Count = 2
2026-07-02 04:36:05.0938|INFO|Main|AdaptableLog|1505c7c2-8a55-4794-bd85-1c5aec7ea341 to event => 
2026-07-02 04:36:05.0938|INFO|Main|AdaptableLog|5820ef21-229c-4bf5-a968-9dec8ae6a480 to event => 
2026-07-02 04:36:05.0938|INFO|Main|AdaptableLog|new Event triggered : 71299605-65e4-4f30-9c57-83aec3976a76, _triggeredEventList.Count = 1
2026-07-02 04:36:05.0938|INFO|Main|AdaptableLog|new Event triggered : efe7bcff-9473-4642-8fcb-926b515fadfb, _triggeredEventList.Count = 2
2026-07-02 04:36:05.0938|INFO|Main|AdaptableLog|new Event triggered : f6b9c251-40ee-4d2c-b6eb-ed5d773cc280, _triggeredEventList.Count = 3
2026-07-02 04:36:05.0938|INFO|Main|AdaptableLog|new Event triggered : dfbd3ae5-d3cb-41a7-b173-dba659030a53, _triggeredEventList.Count = 4
2026-07-02 04:36:05.0938|INFO|Main|AdaptableLog|new Event triggered : 47b16801-a628-466a-92a3-1340ebd855f3, _triggeredEventList.Count = 5
2026-07-02 04:36:05.0938|INFO|Main|AdaptableLog|new Event triggered : 01f62c25-6b53-4f2d-b8bf-17bc85de1ffe, _triggeredEventList.Count = 6
2026-07-02 04:36:05.0938|INFO|Main|AdaptableLog|new Event triggered : a930d7f8-2aa7-4ba1-9dac-c739e6e0d588, _triggeredEventList.Count = 7
2026-07-02 04:36:05.0938|INFO|Main|AdaptableLog|new Event triggered : ffb3be21-ac9d-4bee-9416-6d9ce36c2bf5, _triggeredEventList.Count = 8
2026-07-02 04:36:05.0938|INFO|Main|AdaptableLog|new Event triggered : 45b767f3-3d09-4502-bc94-6492c69c2e30, _triggeredEventList.Count = 9
2026-07-02 04:36:05.0938|INFO|Main|AdaptableLog|new Event triggered : 48988c0c-1507-405f-bd84-b694ca524728, _triggeredEventList.Count = 10
2026-07-02 04:36:05.0938|INFO|Main|AdaptableLog|new Event triggered : 784bc662-1b0d-4635-974b-795c85a9b6cd, _triggeredEventList.Count = 11
2026-07-02 04:36:05.0938|INFO|Main|AdaptableLog|new Event triggered : 479cab4a-177c-4eab-8ff3-eb355a816a49, _triggeredEventList.Count = 12
2026-07-02 04:36:05.0938|INFO|Main|AdaptableLog|new Event triggered : bfb51350-2d44-4cb5-a962-a9d39f3b7813, _triggeredEventList.Count = 13
2026-07-02 04:36:05.0938|INFO|Main|AdaptableLog|new Event triggered : 5e1562f8-4ce6-44e8-9c64-88250bcf706a, _triggeredEventList.Count = 14
2026-07-02 04:36:05.0938|INFO|Main|AdaptableLog|new Event triggered : 4387ea59-e4b6-4253-a597-0626bc2dbe57, _triggeredEventList.Count = 15
2026-07-02 04:36:05.0938|INFO|Main|AdaptableLog|new Event triggered : cfce0d18-d248-453a-bb0c-c99e35fa7eee, _triggeredEventList.Count = 16
2026-07-02 04:36:05.0938|INFO|Main|AdaptableLog|new Event triggered : 6c74677a-b6a8-4e73-a360-0482714758c2, _triggeredEventList.Count = 17
2026-07-02 04:36:05.0938|INFO|Main|AdaptableLog|new Event triggered : f73b8df1-5006-4369-8646-e55f6b4e6b91, _triggeredEventList.Count = 18
2026-07-02 04:36:05.0938|INFO|Main|AdaptableLog|new Event triggered : d76d1356-5005-40cf-84a3-af4ecc0794be, _triggeredEventList.Count = 19
2026-07-02 04:36:05.0938|INFO|Main|AdaptableLog|new Event triggered : 08021ce5-d120-422e-88ed-e642360438c7, _triggeredEventList.Count = 20
2026-07-02 04:36:05.0938|INFO|Main|AdaptableLog|new Event triggered : 65ce1528-da27-4ae8-a393-b8727970b8ad, _triggeredEventList.Count = 21
2026-07-02 04:36:05.0938|INFO|Main|AdaptableLog|new Event triggered : 27492a80-0dae-40d1-9854-fc2593f01980, _triggeredEventList.Count = 22
2026-07-02 04:36:05.0938|INFO|Main|AdaptableLog|new Event triggered : 768c8640-3845-4f35-bc35-21824189cdbf, _triggeredEventList.Count = 23
2026-07-02 04:36:05.0938|INFO|Main|AdaptableLog|new Event triggered : 97d86bd8-61e1-4fb2-bcfa-8f3674e13b88, _triggeredEventList.Count = 24
2026-07-02 04:36:05.0938|INFO|Main|AdaptableLog|new Event triggered : a48b5771-4629-44fd-b816-8f9ba7707b97, _triggeredEventList.Count = 25
2026-07-02 04:36:05.0938|INFO|Main|AdaptableLog|new Event triggered : 5de04bdc-3947-4db6-b2cb-f990b26ed6f4, _triggeredEventList.Count = 26
2026-07-02 04:36:05.0938|INFO|Main|AdaptableLog|new Event triggered : de53aedc-cb90-4c28-913f-43effff06ac6, _triggeredEventList.Count = 27
2026-07-02 04:36:05.0938|INFO|Main|AdaptableLog|new Event triggered : 1412d1b2-3b80-43f2-ba8a-e4a1eaf6dd99, _triggeredEventList.Count = 28
2026-07-02 04:36:05.0938|INFO|Main|AdaptableLog|new Event triggered : f6c1339f-b90e-4c58-8639-26ff79191e97, _triggeredEventList.Count = 29
2026-07-02 04:36:05.0938|INFO|Main|AdaptableLog|new Event triggered : 4cb982fb-fccd-4564-9267-6f4df8507a76, _triggeredEventList.Count = 30
2026-07-02 04:36:05.0938|INFO|Main|AdaptableLog|new Event triggered : 9fc6207e-dd11-4c40-99df-a8a3e5c59a54, _triggeredEventList.Count = 31
2026-07-02 04:36:05.0938|INFO|Main|AdaptableLog|new Event triggered : 01aff125-4f66-4c38-9fb2-33870cdfe846, _triggeredEventList.Count = 32
2026-07-02 04:36:05.0938|INFO|Main|AdaptableLog|new Event triggered : 3782a2bb-6c5a-4331-bb40-048a8b392c8f, _triggeredEventList.Count = 33
2026-07-02 04:36:05.0938|INFO|Main|AdaptableLog|new Event triggered : 6719c936-74b0-4b70-ba84-a45e64e66e4d, _triggeredEventList.Count = 34
2026-07-02 04:36:05.0938|INFO|Main|AdaptableLog|new Event triggered : ea5b8a77-9015-42f5-9323-72496f35bea7, _triggeredEventList.Count = 35
2026-07-02 04:36:05.0938|INFO|Main|AdaptableLog|new Event triggered : 78f7d7fc-8c19-49f7-a380-c211c49d8cb7, _triggeredEventList.Count = 36
2026-07-02 04:36:05.0938|INFO|Main|AdaptableLog|new Event triggered : f30b9925-12ed-4d62-b21b-e6d8e7ecaae8, _triggeredEventList.Count = 37
2026-07-02 04:36:05.0938|INFO|Main|AdaptableLog|new Event triggered : 50fbbc23-ad40-4de3-882c-d638f24c87f8, _triggeredEventList.Count = 38
2026-07-02 04:36:05.0938|INFO|Main|AdaptableLog|new Event triggered : 8bb5b4b3-c498-4609-a89f-fcd2860c16e3, _triggeredEventList.Count = 39
2026-07-02 04:36:05.0938|INFO|Main|AdaptableLog|new Event triggered : c07d2f7a-c25a-42eb-976e-9a0b43f74e3b, _triggeredEventList.Count = 40
2026-07-02 04:36:05.0938|INFO|Main|AdaptableLog|new Event triggered : 942deff8-49fd-497b-9fbd-8567dede8dc6, _triggeredEventList.Count = 41
2026-07-02 04:36:05.0938|INFO|Main|AdaptableLog|new Event triggered : f02a649c-fdf3-4160-85bc-840f8410d69d, _triggeredEventList.Count = 42
2026-07-02 04:36:05.0938|INFO|Main|AdaptableLog|new Event triggered : e864306a-d431-481a-99fc-8216df16532a, _triggeredEventList.Count = 43
2026-07-02 04:36:05.0938|INFO|Main|AdaptableLog|new Event triggered : 6baee519-6108-4f0f-a44d-bbd4a6d65a02, _triggeredEventList.Count = 44
2026-07-02 04:36:05.0938|INFO|Main|AdaptableLog|new Event triggered : 42b7b9de-2b93-4495-b475-6a8ef66d3fb8, _triggeredEventList.Count = 45
2026-07-02 04:36:05.0938|INFO|Main|AdaptableLog|71299605-65e4-4f30-9c57-83aec3976a76 to event => 
2026-07-02 04:36:05.0938|INFO|Main|AdaptableLog|efe7bcff-9473-4642-8fcb-926b515fadfb to event => 
2026-07-02 04:36:05.0938|INFO|Main|AdaptableLog|f6b9c251-40ee-4d2c-b6eb-ed5d773cc280 to event => 
2026-07-02 04:36:05.0938|INFO|Main|AdaptableLog|dfbd3ae5-d3cb-41a7-b173-dba659030a53 to event => 
2026-07-02 04:36:05.0938|INFO|Main|AdaptableLog|47b16801-a628-466a-92a3-1340ebd855f3 to event => 
2026-07-02 04:36:05.0938|INFO|Main|AdaptableLog|01f62c25-6b53-4f2d-b8bf-17bc85de1ffe to event => 
2026-07-02 04:36:05.0938|INFO|Main|AdaptableLog|a930d7f8-2aa7-4ba1-9dac-c739e6e0d588 to event => 
2026-07-02 04:36:05.0938|INFO|Main|AdaptableLog|ffb3be21-ac9d-4bee-9416-6d9ce36c2bf5 to event => 
2026-07-02 04:36:05.0938|INFO|Main|AdaptableLog|45b767f3-3d09-4502-bc94-6492c69c2e30 to event => 
2026-07-02 04:36:05.0938|INFO|Main|AdaptableLog|48988c0c-1507-405f-bd84-b694ca524728 to event => 
2026-07-02 04:36:05.0938|INFO|Main|AdaptableLog|784bc662-1b0d-4635-974b-795c85a9b6cd to event => 
2026-07-02 04:36:05.0938|INFO|Main|AdaptableLog|479cab4a-177c-4eab-8ff3-eb355a816a49 to event => 
2026-07-02 04:36:05.0938|INFO|Main|AdaptableLog|bfb51350-2d44-4cb5-a962-a9d39f3b7813 to event => 
2026-07-02 04:36:05.0938|INFO|Main|AdaptableLog|5e1562f8-4ce6-44e8-9c64-88250bcf706a to event => 
2026-07-02 04:36:05.0938|INFO|Main|AdaptableLog|4387ea59-e4b6-4253-a597-0626bc2dbe57 to event => 
2026-07-02 04:36:05.1065|INFO|Main|AdaptableLog|cfce0d18-d248-453a-bb0c-c99e35fa7eee to event => 
2026-07-02 04:36:05.1065|INFO|Main|AdaptableLog|6c74677a-b6a8-4e73-a360-0482714758c2 to event => 
2026-07-02 04:36:05.1065|INFO|Main|AdaptableLog|f73b8df1-5006-4369-8646-e55f6b4e6b91 to event => 
2026-07-02 04:36:05.1065|INFO|Main|AdaptableLog|d76d1356-5005-40cf-84a3-af4ecc0794be to event => 
2026-07-02 04:36:05.1065|INFO|Main|AdaptableLog|08021ce5-d120-422e-88ed-e642360438c7 to event => 
2026-07-02 04:36:05.1065|INFO|Main|AdaptableLog|65ce1528-da27-4ae8-a393-b8727970b8ad to event => 
2026-07-02 04:36:05.1065|INFO|Main|AdaptableLog|27492a80-0dae-40d1-9854-fc2593f01980 to event => 
2026-07-02 04:36:05.1065|INFO|Main|AdaptableLog|768c8640-3845-4f35-bc35-21824189cdbf to event => 
2026-07-02 04:36:05.1065|INFO|Main|AdaptableLog|97d86bd8-61e1-4fb2-bcfa-8f3674e13b88 to event => 
2026-07-02 04:36:05.1065|INFO|Main|AdaptableLog|a48b5771-4629-44fd-b816-8f9ba7707b97 to event => 
2026-07-02 04:36:05.1065|INFO|Main|AdaptableLog|5de04bdc-3947-4db6-b2cb-f990b26ed6f4 to event => 
2026-07-02 04:36:05.1065|INFO|Main|AdaptableLog|de53aedc-cb90-4c28-913f-43effff06ac6 to event => 
2026-07-02 04:36:05.1065|INFO|Main|AdaptableLog|1412d1b2-3b80-43f2-ba8a-e4a1eaf6dd99 to event => 
2026-07-02 04:36:05.1065|INFO|Main|AdaptableLog|f6c1339f-b90e-4c58-8639-26ff79191e97 to event => 
2026-07-02 04:36:05.1065|INFO|Main|AdaptableLog|4cb982fb-fccd-4564-9267-6f4df8507a76 to event => 
2026-07-02 04:36:05.1065|INFO|Main|AdaptableLog|9fc6207e-dd11-4c40-99df-a8a3e5c59a54 to event => 
2026-07-02 04:36:05.1065|INFO|Main|AdaptableLog|01aff125-4f66-4c38-9fb2-33870cdfe846 to event => 
2026-07-02 04:36:05.1065|INFO|Main|AdaptableLog|3782a2bb-6c5a-4331-bb40-048a8b392c8f to event => 
2026-07-02 04:36:05.1065|INFO|Main|AdaptableLog|6719c936-74b0-4b70-ba84-a45e64e66e4d to event => 
2026-07-02 04:36:05.1065|INFO|Main|AdaptableLog|ea5b8a77-9015-42f5-9323-72496f35bea7 to event => 
2026-07-02 04:36:05.1065|INFO|Main|AdaptableLog|78f7d7fc-8c19-49f7-a380-c211c49d8cb7 to event => 
2026-07-02 04:36:05.1065|INFO|Main|AdaptableLog|f30b9925-12ed-4d62-b21b-e6d8e7ecaae8 to event => 
2026-07-02 04:36:05.1065|INFO|Main|AdaptableLog|50fbbc23-ad40-4de3-882c-d638f24c87f8 to event => 
2026-07-02 04:36:05.1065|INFO|Main|AdaptableLog|8bb5b4b3-c498-4609-a89f-fcd2860c16e3 to event => 
2026-07-02 04:36:05.1065|INFO|Main|AdaptableLog|c07d2f7a-c25a-42eb-976e-9a0b43f74e3b to event => 
2026-07-02 04:36:05.1065|INFO|Main|AdaptableLog|942deff8-49fd-497b-9fbd-8567dede8dc6 to event => 
2026-07-02 04:36:05.1065|INFO|Main|AdaptableLog|f02a649c-fdf3-4160-85bc-840f8410d69d to event => 
2026-07-02 04:36:05.1065|INFO|Main|AdaptableLog|e864306a-d431-481a-99fc-8216df16532a to event => 
2026-07-02 04:36:05.1065|INFO|Main|AdaptableLog|6baee519-6108-4f0f-a44d-bbd4a6d65a02 to event => 
2026-07-02 04:36:05.1065|INFO|Main|AdaptableLog|42b7b9de-2b93-4495-b475-6a8ef66d3fb8 to event => 
2026-07-02 04:36:06.6956|INFO|Main|GameData.Domains.Global.GlobalDomain|Required Space: 1073741824 bytes.
Available Space: 1402706350080
2026-07-02 04:36:06.7263|INFO|Main|GameData.Domains.World.WorldDomain|AdvanceMonth: begin ------------------------------------------------------------
2026-07-02 04:36:06.7549|INFO|Main|GameData.Domains.Character.CharacterDomain|Removing all temporary enemies with a total count of 34
2026-07-02 04:36:06.7675|INFO|Main|GameData.Domains.Character.CharacterDomain|Clearing temporary characters with a total count of 0
2026-07-02 04:36:06.7675|INFO|Main|GameData.Domains.Global.GlobalDomain|Required Space: 1073741824 bytes.
Available Space: 1402706350080
2026-07-02 04:36:06.7675|INFO|Main|GameData.Domains.World.WorldDomain|New month begin: Year 17, Month 12 (203)
2026-07-02 04:36:07.0815|INFO|Main|GameData.Domains.Global.GlobalDomain|[AdvanceMonth_Execute] PreAdvanceMonth: 305.5
2026-07-02 04:36:07.3367|INFO|Main|GameData.Domains.Character.CharacterDomain|峨眉派内门散徒-席淑涣(612) is dead at age 33.(玄灰绝命:{killer=-1, location={4, 175}, adventure=0})
2026-07-02 04:36:07.3837|INFO|Main|GameData.Domains.Character.CharacterDomain|武当派真武殿弟子-宫慧儿(1375) is dead at age 22.(玄灰绝命:{killer=-1, location={10, 287}, adventure=0})
2026-07-02 04:36:07.3977|INFO|Main|GameData.Domains.Character.CharacterDomain|太原权贵-舒雨(2011) is dead at age 38.(玄灰绝命:{killer=-1, location={12, 310}, adventure=0})
2026-07-02 04:36:07.4269|INFO|Main|GameData.Domains.Character.CharacterDomain|市镇豪富-居琴(2493) is dead at age 50.(寿终正寝:{killer=-1, location={18, 285}, adventure=0})
2026-07-02 04:36:07.4360|INFO|Main|GameData.Domains.Character.CharacterDomain|山寨大夫-钟离琳(2553) is dead at age 41.(玄灰绝命:{killer=-1, location={18, 397}, adventure=0})
2026-07-02 04:36:07.4360|INFO|Main|GameData.Domains.Character.CharacterDomain|村庄权贵-边明镜(4264) is dead at age 52.(寿终正寝:{killer=-1, location={31, 279}, adventure=0})
2026-07-02 04:36:07.4560|INFO|Main|GameData.Domains.Character.CharacterDomain|桂州文人-商敏仪(10649) is dead at age 23.(玄灰绝命:{killer=-1, location={34, 355}, adventure=0})
2026-07-02 04:36:07.4560|INFO|Main|GameData.Domains.Character.CharacterDomain|村庄村长夫人/村长老爷-柴苍楠(5931) is dead at age 49.(寿终正寝:{killer=-1, location={44, 87}, adventure=0})
2026-07-02 04:36:07.4726|INFO|Main|GameData.Domains.Character.CharacterDomain|福州权贵-桂纯阳(8666) is dead at age 14.(健康过低:{killer=-1, location={41, 186}, adventure=0})
2026-07-02 04:36:07.4726|INFO|Main|GameData.Domains.Character.CharacterDomain|伏龙坛岛众-冷胜杀(11250) is dead at age 9.(健康过低:{killer=-1, location={40, 204}, adventure=0})
2026-07-02 04:36:07.4999|INFO|Main|AdaptableLog|逃跑概率：(133 - 100) * (100 - 40[5品朱霞长索]) / 100 + 0 * 20 = 19%，最终取19%
2026-07-02 04:36:07.4999|INFO|Main|AdaptableLog|逃跑概率：(118 - 100) * (100 - 30[7品五彩绳]) / 100 + 0 * 20 = 12%，最终取12%
2026-07-02 04:36:07.5396|INFO|Main|GameData.Domains.Global.GlobalDomain|[AdvanceMonth_Execute] UpdateStatus: 454.6
2026-07-02 04:36:07.6889|INFO|Main|GameData.Domains.Global.GlobalDomain|[AdvanceMonth_Execute] SelfImprovement: 119.1
2026-07-02 04:36:08.2049|INFO|Main|GameData.Domains.Global.GlobalDomain|[AdvanceMonth_Execute] CharacterPreparation: 515.8
2026-07-02 04:36:08.4031|INFO|Main|GameData.Domains.Character.CharacterDomain|[DistantMarriage] PassConditionCount=2233, PassSuccessRateCheckCount=8, FoundTargetCount=2
2026-07-02 04:36:08.4081|INFO|Main|GameData.Domains.Character.CharacterDomain|Adore Relations In Marriage: 1/1
2026-07-02 04:36:08.4081|INFO|Main|GameData.Domains.Global.GlobalDomain|[AdvanceMonth_Execute] CharacterRelationsUpdate: 204.0
2026-07-02 04:36:08.4273|WARN|Worker9|GameData.Domains.Map.MapDomain|Invalid travel route -1 => 14: path not exists.
2026-07-02 04:36:08.4273|WARN|Worker9|GameData.Domains.Map.MapDomain|Invalid travel route -1 => 13: path not exists.
2026-07-02 04:36:08.4273|WARN|Worker9|GameData.Domains.Map.MapDomain|Invalid travel route -1 => 14: path not exists.
2026-07-02 04:36:08.4273|WARN|Worker9|GameData.Domains.Map.MapDomain|Invalid travel route -1 => 14: path not exists.
2026-07-02 04:36:08.4273|WARN|Worker9|GameData.Domains.Map.MapDomain|Invalid travel route -1 => 14: path not exists.
2026-07-02 04:36:08.4273|WARN|Worker9|GameData.Domains.Map.MapDomain|Invalid travel route -1 => 14: path not exists.
2026-07-02 04:36:08.4273|WARN|Worker9|GameData.Domains.Map.MapDomain|Invalid travel route -1 => 9: path not exists.
2026-07-02 04:36:08.4273|WARN|Worker9|GameData.Domains.Map.MapDomain|Invalid travel route -1 => 14: path not exists.
2026-07-02 04:36:08.4273|WARN|Worker9|GameData.Domains.Map.MapDomain|Invalid travel route -1 => 14: path not exists.
2026-07-02 04:36:08.4273|WARN|Worker26|GameData.Domains.Map.MapDomain|Invalid travel route -1 => 43: path not exists.
2026-07-02 04:36:08.9200|INFO|Worker4|AdaptableLog|[TaiwuRemoveAILimitation]: CreateAction succeeded: charId=3924, actionId=21, goalId=192, state=1
2026-07-02 04:36:08.9200|INFO|Worker8|AdaptableLog|[TaiwuRemoveAILimitation]: CreateAction succeeded: charId=872, actionId=21, goalId=273, state=1
2026-07-02 04:36:08.9200|INFO|Worker22|AdaptableLog|[TaiwuRemoveAILimitation]: CreateAction failed: charId=210, actionId=19, goalId=273, state=1
2026-07-02 04:36:08.9476|INFO|Worker6|AdaptableLog|[TaiwuRemoveAILimitation]: CreateAction succeeded: charId=1122, actionId=15, goalId=195, state=1
2026-07-02 04:36:08.9514|INFO|Worker23|AdaptableLog|[TaiwuRemoveAILimitation]: CreateAction failed: charId=2416, actionId=22, goalId=195, state=1
2026-07-02 04:36:08.9514|INFO|Worker11|AdaptableLog|[TaiwuRemoveAILimitation]: CreateAction succeeded: charId=3641, actionId=17, goalId=273, state=1
2026-07-02 04:36:08.9514|INFO|Worker14|AdaptableLog|[TaiwuRemoveAILimitation]: CreateAction succeeded: charId=3311, actionId=16, goalId=273, state=1
2026-07-02 04:36:08.9735|INFO|Worker24|AdaptableLog|[TaiwuRemoveAILimitation]: CreateAction failed: charId=557, actionId=18, goalId=273, state=1
2026-07-02 04:36:08.9852|INFO|Worker31|AdaptableLog|[TaiwuRemoveAILimitation]: CreateAction failed: charId=15293, actionId=15, goalId=273, state=1
2026-07-02 04:36:08.9852|INFO|Worker31|AdaptableLog|[TaiwuRemoveAILimitation]: CreateAction failed: charId=15293, actionId=14, goalId=194, state=1
2026-07-02 04:36:08.9852|INFO|Worker31|AdaptableLog|[TaiwuRemoveAILimitation]: CreateAction failed: charId=15293, actionId=15, goalId=195, state=1
2026-07-02 04:36:08.9852|INFO|Worker10|AdaptableLog|[TaiwuRemoveAILimitation]: CreateAction failed: charId=2753, actionId=14, goalId=273, state=1
2026-07-02 04:36:08.9852|INFO|Worker27|AdaptableLog|[TaiwuRemoveAILimitation]: CreateAction failed: charId=12787, actionId=15, goalId=273, state=1
2026-07-02 04:36:08.9852|INFO|Worker31|AdaptableLog|[TaiwuRemoveAILimitation]: CreateAction failed: charId=15293, actionId=22, goalId=192, state=1
2026-07-02 04:36:08.9983|INFO|Worker4|AdaptableLog|[TaiwuRemoveAILimitation]: CreateAction succeeded: charId=3833, actionId=23, goalId=241, state=1
2026-07-02 04:36:08.9983|INFO|Worker10|AdaptableLog|[TaiwuRemoveAILimitation]: CreateAction failed: charId=2753, actionId=14, goalId=194, state=1
2026-07-02 04:36:08.9983|INFO|Worker24|AdaptableLog|[TaiwuRemoveAILimitation]: CreateAction failed: charId=572, actionId=18, goalId=273, state=1
2026-07-02 04:36:09.0131|INFO|Worker29|AdaptableLog|[TaiwuRemoveAILimitation]: CreateAction succeeded: charId=3437, actionId=17, goalId=273, state=1
2026-07-02 04:36:09.0131|INFO|Worker18|AdaptableLog|[TaiwuRemoveAILimitation]: CreateAction failed: charId=3987, actionId=15, goalId=238, state=1
2026-07-02 04:36:09.0131|INFO|Worker27|AdaptableLog|[TaiwuRemoveAILimitation]: CreateAction failed: charId=10759, actionId=17, goalId=273, state=1
2026-07-02 04:36:09.0131|INFO|Worker10|AdaptableLog|[TaiwuRemoveAILimitation]: CreateAction succeeded: charId=2753, actionId=14, goalId=190, state=1
2026-07-02 04:36:09.0131|INFO|Worker5|AdaptableLog|[TaiwuRemoveAILimitation]: CreateAction succeeded: charId=1387, actionId=15, goalId=5, state=1
2026-07-02 04:36:09.0289|INFO|Worker27|AdaptableLog|[TaiwuRemoveAILimitation]: CreateAction failed: charId=11355, actionId=18, goalId=273, state=1
2026-07-02 04:36:09.0289|INFO|Worker31|AdaptableLog|[TaiwuRemoveAILimitation]: CreateAction failed: charId=16269, actionId=16, goalId=183, state=1
2026-07-02 04:36:09.0289|INFO|Worker28|AdaptableLog|[TaiwuRemoveAILimitation]: CreateAction failed: charId=2116, actionId=14, goalId=273, state=1
2026-07-02 04:36:09.0466|INFO|Worker22|AdaptableLog|[TaiwuRemoveAILimitation]: CreateAction failed: charId=213, actionId=20, goalId=238, state=1
2026-07-02 04:36:09.0613|INFO|Worker27|AdaptableLog|[TaiwuRemoveAILimitation]: CreateAction failed: charId=12248, actionId=18, goalId=273, state=1
2026-07-02 04:36:09.0613|INFO|Worker28|AdaptableLog|[TaiwuRemoveAILimitation]: CreateAction succeeded: charId=2939, actionId=17, goalId=241, state=1
2026-07-02 04:36:09.0804|INFO|Worker18|AdaptableLog|[TaiwuRemoveAILimitation]: CreateAction succeeded: charId=3800, actionId=23, goalId=241, state=1
2026-07-02 04:36:09.0998|INFO|Worker5|AdaptableLog|[TaiwuRemoveAILimitation]: CreateAction succeeded: charId=7003, actionId=15, goalId=238, state=1
2026-07-02 04:36:09.0998|INFO|Worker23|AdaptableLog|[TaiwuRemoveAILimitation]: CreateAction succeeded: charId=2340, actionId=16, goalId=192, state=1
2026-07-02 04:36:09.1092|INFO|Worker28|AdaptableLog|[TaiwuRemoveAILimitation]: CreateAction succeeded: charId=2892, actionId=15, goalId=273, state=1
2026-07-02 04:36:09.1237|INFO|Worker27|AdaptableLog|[TaiwuRemoveAILimitation]: CreateAction failed: charId=12671, actionId=14, goalId=241, state=1
2026-07-02 04:36:09.1237|INFO|Worker13|AdaptableLog|[TaiwuRemoveAILimitation]: CreateAction succeeded: charId=1965, actionId=20, goalId=241, state=1
2026-07-02 04:36:09.1237|INFO|Worker22|AdaptableLog|[TaiwuRemoveAILimitation]: CreateAction succeeded: charId=203, actionId=19, goalId=273, state=1
2026-07-02 04:36:09.1389|INFO|Worker28|AdaptableLog|[TaiwuRemoveAILimitation]: CreateAction succeeded: charId=3052, actionId=14, goalId=194, state=1
2026-07-02 04:36:09.1389|INFO|Worker25|AdaptableLog|[TaiwuRemoveAILimitation]: CreateAction succeeded: charId=11064, actionId=23, goalId=241, state=1
2026-07-02 04:36:09.1550|INFO|Worker15|AdaptableLog|[TaiwuRemoveAILimitation]: CreateAction failed: charId=2335, actionId=19, goalId=273, state=1
2026-07-02 04:36:09.1689|INFO|Worker17|AdaptableLog|[TaiwuRemoveAILimitation]: CreateAction succeeded: charId=3307, actionId=17, goalId=273, state=1
2026-07-02 04:36:09.1689|INFO|Worker22|AdaptableLog|[TaiwuRemoveAILimitation]: CreateAction failed: charId=245, actionId=21, goalId=238, state=1
2026-07-02 04:36:09.2067|INFO|Worker22|AdaptableLog|[TaiwuRemoveAILimitation]: CreateAction succeeded: charId=245, actionId=20, goalId=238, state=1
2026-07-02 04:36:09.2067|INFO|Worker8|AdaptableLog|[TaiwuRemoveAILimitation]: CreateAction failed: charId=9257, actionId=23, goalId=238, state=1
2026-07-02 04:36:09.2067|INFO|Worker18|AdaptableLog|[TaiwuRemoveAILimitation]: CreateAction succeeded: charId=4692, actionId=15, goalId=241, state=1
2026-07-02 04:36:09.1884|INFO|Worker24|AdaptableLog|[TaiwuRemoveAILimitation]: CreateAction succeeded: charId=7527, actionId=18, goalId=273, state=1
2026-07-02 04:36:09.2275|INFO|Worker22|AdaptableLog|[TaiwuRemoveAILimitation]: CreateAction succeeded: charId=211, actionId=20, goalId=238, state=1
2026-07-02 04:36:09.2328|INFO|Worker27|AdaptableLog|[TaiwuRemoveAILimitation]: CreateAction failed: charId=3130, actionId=18, goalId=195, state=1
2026-07-02 04:36:09.2569|INFO|Worker28|AdaptableLog|[TaiwuRemoveAILimitation]: CreateAction succeeded: charId=2425, actionId=14, goalId=273, state=1
2026-07-02 04:36:09.2569|INFO|Worker12|AdaptableLog|[TaiwuRemoveAILimitation]: CreateAction succeeded: charId=365, actionId=20, goalId=191, state=1
2026-07-02 04:36:09.2569|INFO|Worker9|AdaptableLog|[TaiwuRemoveAILimitation]: CreateAction succeeded: charId=4974, actionId=23, goalId=273, state=1
2026-07-02 04:36:09.2569|INFO|Worker27|AdaptableLog|[TaiwuRemoveAILimitation]: CreateAction failed: charId=3130, actionId=18, goalId=196, state=1
2026-07-02 04:36:09.2856|INFO|Worker6|AdaptableLog|[TaiwuRemoveAILimitation]: CreateAction succeeded: charId=920, actionId=19, goalId=273, state=1
2026-07-02 04:36:09.3104|INFO|Worker27|AdaptableLog|[TaiwuRemoveAILimitation]: CreateAction failed: charId=3130, actionId=18, goalId=191, state=1
2026-07-02 04:36:09.3104|INFO|Worker2|AdaptableLog|[TaiwuRemoveAILimitation]: CreateAction succeeded: charId=2515, actionId=15, goalId=273, state=1
2026-07-02 04:36:09.3104|INFO|Worker10|AdaptableLog|[TaiwuRemoveAILimitation]: CreateAction succeeded: charId=8865, actionId=16, goalId=273, state=1
2026-07-02 04:36:09.3263|INFO|Worker27|AdaptableLog|[TaiwuRemoveAILimitation]: CreateAction failed: charId=3130, actionId=18, goalId=192, state=1
2026-07-02 04:36:09.3263|INFO|Worker5|AdaptableLog|[TaiwuRemoveAILimitation]: CreateAction succeeded: charId=1362, actionId=15, goalId=273, state=1
2026-07-02 04:36:09.3263|INFO|Worker27|AdaptableLog|[TaiwuRemoveAILimitation]: CreateAction failed: charId=3130, actionId=18, goalId=193, state=1
2026-07-02 04:36:09.3263|INFO|Worker8|AdaptableLog|[TaiwuRemoveAILimitation]: CreateAction succeeded: charId=1166, actionId=23, goalId=241, state=1
2026-07-02 04:36:09.3431|INFO|Worker22|AdaptableLog|[TaiwuRemoveAILimitation]: CreateAction succeeded: charId=244, actionId=21, goalId=273, state=1
2026-07-02 04:36:09.3431|INFO|Worker13|AdaptableLog|[TaiwuRemoveAILimitation]: CreateAction failed: charId=1966, actionId=22, goalId=238, state=1
2026-07-02 04:36:09.3685|INFO|Worker27|AdaptableLog|[TaiwuRemoveAILimitation]: CreateAction failed: charId=3130, actionId=18, goalId=194, state=1
2026-07-02 04:36:09.3866|INFO|Worker15|AdaptableLog|[TaiwuRemoveAILimitation]: CreateAction failed: charId=7767, actionId=18, goalId=238, state=1
2026-07-02 04:36:09.3904|INFO|Worker16|AdaptableLog|[TaiwuRemoveAILimitation]: CreateAction succeeded: charId=39, actionId=17, goalId=238, state=1
2026-07-02 04:36:09.3904|INFO|Worker5|AdaptableLog|[TaiwuRemoveAILimitation]: CreateAction succeeded: charId=1370, actionId=15, goalId=5, state=1
2026-07-02 04:36:09.3904|INFO|Worker17|AdaptableLog|[TaiwuRemoveAILimitation]: CreateAction failed: charId=4884, actionId=21, goalId=238, state=1
2026-07-02 04:36:09.4030|INFO|Worker17|AdaptableLog|[TaiwuRemoveAILimitation]: CreateAction succeeded: charId=4884, actionId=19, goalId=238, state=1
2026-07-02 04:36:09.4030|INFO|Worker5|AdaptableLog|[TaiwuRemoveAILimitation]: CreateAction succeeded: charId=7825, actionId=15, goalId=190, state=1
2026-07-02 04:36:09.4030|INFO|Worker15|AdaptableLog|[TaiwuRemoveAILimitation]: CreateAction failed: charId=8930, actionId=15, goalId=238, state=1
2026-07-02 04:36:09.4030|INFO|Worker29|AdaptableLog|[TaiwuRemoveAILimitation]: CreateAction failed: charId=3441, actionId=14, goalId=238, state=1
2026-07-02 04:36:09.4030|INFO|Worker29|AdaptableLog|[TaiwuRemoveAILimitation]: CreateAction succeeded: charId=3441, actionId=20, goalId=238, state=1
2026-07-02 04:36:09.4030|INFO|Worker22|AdaptableLog|[TaiwuRemoveAILimitation]: CreateAction succeeded: charId=240, actionId=22, goalId=238, state=1
2026-07-02 04:36:09.4030|INFO|Worker27|AdaptableLog|[TaiwuRemoveAILimitation]: CreateAction failed: charId=10070, actionId=21, goalId=241, state=1
2026-07-02 04:36:09.4194|INFO|Worker15|AdaptableLog|[TaiwuRemoveAILimitation]: CreateAction failed: charId=2204, actionId=18, goalId=238, state=1
2026-07-02 04:36:09.4194|INFO|Worker15|AdaptableLog|[TaiwuRemoveAILimitation]: CreateAction failed: charId=2204, actionId=14, goalId=238, state=1
2026-07-02 04:36:09.4194|INFO|Worker29|AdaptableLog|[TaiwuRemoveAILimitation]: CreateAction succeeded: charId=3413, actionId=14, goalId=238, state=1
2026-07-02 04:36:09.4380|INFO|Worker16|AdaptableLog|[TaiwuRemoveAILimitation]: CreateAction succeeded: charId=40, actionId=14, goalId=273, state=1
2026-07-02 04:36:09.4380|INFO|Worker27|AdaptableLog|[TaiwuRemoveAILimitation]: CreateAction failed: charId=13915, actionId=15, goalId=273, state=1
2026-07-02 04:36:09.4380|INFO|Worker15|AdaptableLog|[TaiwuRemoveAILimitation]: CreateAction failed: charId=2228, actionId=14, goalId=8, state=1
2026-07-02 04:36:09.4563|INFO|Worker5|AdaptableLog|[TaiwuRemoveAILimitation]: CreateAction succeeded: charId=1350, actionId=15, goalId=238, state=1
2026-07-02 04:36:09.4563|INFO|Worker26|AdaptableLog|[TaiwuRemoveAILimitation]: CreateAction failed: charId=988, actionId=22, goalId=273, state=1
2026-07-02 04:36:09.4563|INFO|Worker15|AdaptableLog|[TaiwuRemoveAILimitation]: CreateAction failed: charId=2228, actionId=14, goalId=194, state=1
2026-07-02 04:36:09.4692|INFO|Worker18|AdaptableLog|[TaiwuRemoveAILimitation]: CreateAction failed: charId=4743, actionId=19, goalId=273, state=1
2026-07-02 04:36:09.4692|INFO|Worker28|AdaptableLog|[TaiwuRemoveAILimitation]: CreateAction succeeded: charId=2064, actionId=20, goalId=238, state=1
2026-07-02 04:36:09.4692|INFO|Worker20|AdaptableLog|[TaiwuRemoveAILimitation]: CreateAction succeeded: charId=1750, actionId=17, goalId=238, state=1
2026-07-02 04:36:09.4692|INFO|Worker27|AdaptableLog|[TaiwuRemoveAILimitation]: CreateAction failed: charId=13915, actionId=15, goalId=241, state=1
2026-07-02 04:36:09.4692|INFO|Worker15|AdaptableLog|[TaiwuRemoveAILimitation]: CreateAction succeeded: charId=2228, actionId=15, goalId=238, state=1
2026-07-02 04:36:09.4830|INFO|Worker13|AdaptableLog|[TaiwuRemoveAILimitation]: CreateAction succeeded: charId=4100, actionId=15, goalId=273, state=1
2026-07-02 04:36:09.4830|INFO|Worker27|AdaptableLog|[TaiwuRemoveAILimitation]: CreateAction succeeded: charId=3128, actionId=19, goalId=238, state=1
2026-07-02 04:36:09.4980|INFO|Worker30|AdaptableLog|[TaiwuRemoveAILimitation]: CreateAction failed: charId=415, actionId=22, goalId=196, state=1
2026-07-02 04:36:09.4980|INFO|Worker15|AdaptableLog|[TaiwuRemoveAILimitation]: CreateAction failed: charId=2227, actionId=14, goalId=238, state=1
2026-07-02 04:36:09.4980|INFO|Worker25|AdaptableLog|[TaiwuRemoveAILimitation]: CreateAction succeeded: charId=5308, actionId=16, goalId=273, state=1
2026-07-02 04:36:09.4980|INFO|Worker13|AdaptableLog|[TaiwuRemoveAILimitation]: CreateAction failed: charId=4042, actionId=16, goalId=273, state=1
2026-07-02 04:36:09.5137|INFO|Worker29|AdaptableLog|[TaiwuRemoveAILimitation]: CreateAction succeeded: charId=8413, actionId=20, goalId=273, state=1
2026-07-02 04:36:09.5137|INFO|Worker17|AdaptableLog|[TaiwuRemoveAILimitation]: CreateAction succeeded: charId=4891, actionId=16, goalId=238, state=1
2026-07-02 04:36:09.5137|INFO|Worker5|AdaptableLog|[TaiwuRemoveAILimitation]: CreateAction failed: charId=8271, actionId=15, goalId=238, state=1
2026-07-02 04:36:09.5137|INFO|Worker2|AdaptableLog|[TaiwuRemoveAILimitation]: CreateAction succeeded: charId=2466, actionId=16, goalId=273, state=1
2026-07-02 04:36:09.5137|INFO|Worker30|AdaptableLog|[TaiwuRemoveAILimitation]: CreateAction succeeded: charId=415, actionId=22, goalId=192, state=1
2026-07-02 04:36:09.5137|INFO|Worker23|AdaptableLog|[TaiwuRemoveAILimitation]: CreateAction succeeded: charId=1065, actionId=17, goalId=195, state=1
2026-07-02 04:36:09.5137|INFO|Worker18|AdaptableLog|[TaiwuRemoveAILimitation]: CreateAction failed: charId=4538, actionId=20, goalId=238, state=1
2026-07-02 04:36:09.5137|INFO|Worker27|AdaptableLog|[TaiwuRemoveAILimitation]: CreateAction failed: charId=13552, actionId=15, goalId=241, state=1
2026-07-02 04:36:09.5137|INFO|Worker12|AdaptableLog|[TaiwuRemoveAILimitation]: CreateAction failed: charId=10640, actionId=18, goalId=273, state=1
2026-07-02 04:36:09.5137|INFO|Worker2|AdaptableLog|[TaiwuRemoveAILimitation]: CreateAction succeeded: charId=2564, actionId=16, goalId=273, state=1
2026-07-02 04:36:09.5137|INFO|Worker29|AdaptableLog|[TaiwuRemoveAILimitation]: CreateAction succeeded: charId=3403, actionId=16, goalId=273, state=1
2026-07-02 04:36:09.5137|INFO|Worker5|AdaptableLog|[TaiwuRemoveAILimitation]: CreateAction failed: charId=8271, actionId=15, goalId=192, state=1
2026-07-02 04:36:09.5137|INFO|Worker15|AdaptableLog|[TaiwuRemoveAILimitation]: CreateAction succeeded: charId=8606, actionId=18, goalId=238, state=1
2026-07-02 04:36:09.5137|INFO|Worker4|AdaptableLog|[TaiwuRemoveAILimitation]: CreateAction succeeded: charId=8328, actionId=17, goalId=273, state=1
2026-07-02 04:36:09.5292|INFO|Worker1|AdaptableLog|[TaiwuRemoveAILimitation]: CreateAction failed: charId=1217, actionId=23, goalId=273, state=1
2026-07-02 04:36:09.5726|INFO|Worker4|AdaptableLog|[TaiwuRemoveAILimitation]: CreateAction succeeded: charId=8213, actionId=17, goalId=273, state=1
2026-07-02 04:36:09.5726|INFO|Worker22|AdaptableLog|[TaiwuRemoveAILimitation]: CreateAction succeeded: charId=277, actionId=14, goalId=194, state=1
2026-07-02 04:36:09.5468|INFO|Worker25|AdaptableLog|[TaiwuRemoveAILimitation]: CreateAction succeeded: charId=5207, actionId=19, goalId=273, state=1
2026-07-02 04:36:09.5763|INFO|Worker1|AdaptableLog|[TaiwuRemoveAILimitation]: CreateAction succeeded: charId=1217, actionId=23, goalId=238, state=1
2026-07-02 04:36:09.5763|INFO|Worker11|AdaptableLog|[TaiwuRemoveAILimitation]: CreateAction failed: charId=3746, actionId=22, goalId=273, state=1
2026-07-02 04:36:09.5763|INFO|Worker8|AdaptableLog|[TaiwuRemoveAILimitation]: CreateAction failed: charId=5564, actionId=14, goalId=273, state=1
2026-07-02 04:36:09.5763|INFO|Worker27|AdaptableLog|[TaiwuRemoveAILimitation]: CreateAction failed: charId=14454, actionId=16, goalId=273, state=1
2026-07-02 04:36:09.5908|INFO|Worker29|AdaptableLog|[TaiwuRemoveAILimitation]: CreateAction succeeded: charId=9555, actionId=14, goalId=273, state=1
2026-07-02 04:36:09.5908|INFO|Worker27|AdaptableLog|[TaiwuRemoveAILimitation]: CreateAction failed: charId=14454, actionId=16, goalId=187, state=1
2026-07-02 04:36:09.5908|INFO|Worker23|AdaptableLog|[TaiwuRemoveAILimitation]: CreateAction succeeded: charId=4496, actionId=17, goalId=273, state=1
2026-07-02 04:36:09.5908|INFO|Worker29|AdaptableLog|[TaiwuRemoveAILimitation]: CreateAction succeeded: charId=9808, actionId=15, goalId=273, state=1
2026-07-02 04:36:09.6067|INFO|Worker28|AdaptableLog|[TaiwuRemoveAILimitation]: CreateAction succeeded: charId=2112, actionId=21, goalId=273, state=1
2026-07-02 04:36:09.6067|INFO|Worker30|AdaptableLog|[TaiwuRemoveAILimitation]: CreateAction failed: charId=518, actionId=16, goalId=273, state=1
2026-07-02 04:36:09.6067|INFO|Worker7|AdaptableLog|[TaiwuRemoveAILimitation]: CreateAction succeeded: charId=5214, actionId=15, goalId=273, state=1
2026-07-02 04:36:09.6067|INFO|Worker10|AdaptableLog|[TaiwuRemoveAILimitation]: CreateAction failed: charId=2602, actionId=16, goalId=273, state=1
2026-07-02 04:36:09.6067|INFO|Worker27|AdaptableLog|[TaiwuRemoveAILimitation]: CreateAction failed: charId=14454, actionId=23, goalId=241, state=1
2026-07-02 04:36:09.6067|INFO|Worker4|AdaptableLog|[TaiwuRemoveAILimitation]: CreateAction succeeded: charId=10733, actionId=16, goalId=238, state=1
2026-07-02 04:36:09.6067|INFO|Worker12|AdaptableLog|[TaiwuRemoveAILimitation]: CreateAction succeeded: charId=9790, actionId=14, goalId=191, state=1
2026-07-02 04:36:09.6067|INFO|Worker29|AdaptableLog|[TaiwuRemoveAILimitation]: CreateAction succeeded: charId=3432, actionId=14, goalId=273, state=1
2026-07-02 04:36:09.6067|INFO|Worker5|AdaptableLog|[TaiwuRemoveAILimitation]: CreateAction succeeded: charId=1400, actionId=15, goalId=5, state=1
2026-07-02 04:36:09.6271|INFO|Worker27|AdaptableLog|[TaiwuRemoveAILimitation]: CreateAction failed: charId=11851, actionId=22, goalId=273, state=1
2026-07-02 04:36:09.6652|INFO|Worker5|AdaptableLog|[TaiwuRemoveAILimitation]: CreateAction succeeded: charId=1385, actionId=15, goalId=5, state=1
2026-07-02 04:36:09.6443|INFO|Worker12|AdaptableLog|[TaiwuRemoveAILimitation]: CreateAction failed: charId=8595, actionId=18, goalId=238, state=1
2026-07-02 04:36:09.6704|INFO|Worker12|AdaptableLog|[TaiwuRemoveAILimitation]: CreateAction failed: charId=8595, actionId=18, goalId=238, state=1
2026-07-02 04:36:09.6704|INFO|Worker9|AdaptableLog|[TaiwuRemoveAILimitation]: CreateAction succeeded: charId=4973, actionId=21, goalId=273, state=1
2026-07-02 04:36:09.6704|INFO|Worker28|AdaptableLog|[TaiwuRemoveAILimitation]: CreateAction succeeded: charId=10356, actionId=20, goalId=273, state=1
2026-07-02 04:36:09.6271|INFO|Worker10|AdaptableLog|[TaiwuRemoveAILimitation]: CreateAction succeeded: charId=2602, actionId=16, goalId=192, state=1
2026-07-02 04:36:09.6704|INFO|Worker12|AdaptableLog|[TaiwuRemoveAILimitation]: CreateAction failed: charId=8595, actionId=18, goalId=238, state=1
2026-07-02 04:36:09.6846|INFO|Worker11|AdaptableLog|[TaiwuRemoveAILimitation]: CreateAction succeeded: charId=3743, actionId=23, goalId=273, state=1
2026-07-02 04:36:09.6846|INFO|Worker27|AdaptableLog|[TaiwuRemoveAILimitation]: CreateAction failed: charId=12788, actionId=15, goalId=273, state=1
2026-07-02 04:36:09.6846|INFO|Worker9|AdaptableLog|[TaiwuRemoveAILimitation]: CreateAction succeeded: charId=10446, actionId=22, goalId=238, state=1
2026-07-02 04:36:09.6846|INFO|Worker12|AdaptableLog|[TaiwuRemoveAILimitation]: CreateAction succeeded: charId=8595, actionId=18, goalId=238, state=1
2026-07-02 04:36:09.6846|INFO|Worker28|AdaptableLog|[TaiwuRemoveAILimitation]: CreateAction succeeded: charId=2342, actionId=17, goalId=238, state=1
2026-07-02 04:36:09.7011|INFO|Worker27|AdaptableLog|[TaiwuRemoveAILimitation]: CreateAction failed: charId=12788, actionId=16, goalId=190, state=1
2026-07-02 04:36:09.7011|INFO|Worker31|AdaptableLog|[TaiwuRemoveAILimitation]: CreateAction succeeded: charId=11094, actionId=22, goalId=273, state=1
2026-07-02 04:36:09.7011|INFO|Worker10|AdaptableLog|[TaiwuRemoveAILimitation]: CreateAction succeeded: charId=7483, actionId=16, goalId=273, state=1
2026-07-02 04:36:09.7190|INFO|Worker27|AdaptableLog|[TaiwuRemoveAILimitation]: CreateAction failed: charId=12788, actionId=15, goalId=191, state=1
2026-07-02 04:36:09.7190|INFO|Worker26|AdaptableLog|[TaiwuRemoveAILimitation]: CreateAction failed: charId=985, actionId=20, goalId=273, state=1
2026-07-02 04:36:09.7190|INFO|Worker30|AdaptableLog|[TaiwuRemoveAILimitation]: CreateAction succeeded: charId=520, actionId=14, goalId=273, state=1
2026-07-02 04:36:09.7322|INFO|Worker4|AdaptableLog|[TaiwuRemoveAILimitation]: CreateAction succeeded: charId=3636, actionId=20, goalId=241, state=1
2026-07-02 04:36:09.7322|INFO|Worker27|AdaptableLog|[TaiwuRemoveAILimitation]: CreateAction failed: charId=12788, actionId=15, goalId=192, state=1
2026-07-02 04:36:09.7322|INFO|Worker9|AdaptableLog|[TaiwuRemoveAILimitation]: CreateAction failed: charId=5077, actionId=17, goalId=238, state=1
2026-07-02 04:36:09.7322|INFO|Worker17|AdaptableLog|[TaiwuRemoveAILimitation]: CreateAction failed: charId=4831, actionId=20, goalId=238, state=1
2026-07-02 04:36:09.7473|INFO|Worker13|AdaptableLog|[TaiwuRemoveAILimitation]: CreateAction succeeded: charId=1218, actionId=20, goalId=238, state=1
2026-07-02 04:36:09.7473|INFO|Worker3|AdaptableLog|[TaiwuRemoveAILimitation]: CreateAction failed: charId=4037, actionId=22, goalId=273, state=1
2026-07-02 04:36:09.7634|INFO|Worker21|AdaptableLog|[TaiwuRemoveAILimitation]: CreateAction succeeded: charId=2944, actionId=14, goalId=195, state=1
2026-07-02 04:36:09.7634|INFO|Worker27|AdaptableLog|[TaiwuRemoveAILimitation]: CreateAction failed: charId=11950, actionId=17, goalId=273, state=1
2026-07-02 04:36:09.7634|INFO|Worker23|AdaptableLog|[TaiwuRemoveAILimitation]: CreateAction failed: charId=4492, actionId=16, goalId=273, state=1
2026-07-02 04:36:09.7634|INFO|Worker15|AdaptableLog|[TaiwuRemoveAILimitation]: CreateAction succeeded: charId=2203, actionId=18, goalId=194, state=1
2026-07-02 04:36:09.7634|INFO|Worker23|AdaptableLog|[TaiwuRemoveAILimitation]: CreateAction succeeded: charId=4492, actionId=14, goalId=196, state=1
2026-07-02 04:36:09.7923|INFO|Worker7|AdaptableLog|[TaiwuRemoveAILimitation]: CreateAction succeeded: charId=5708, actionId=14, goalId=273, state=1
2026-07-02 04:36:09.7940|INFO|Worker6|AdaptableLog|[TaiwuRemoveAILimitation]: CreateAction succeeded: charId=922, actionId=23, goalId=273, state=1
2026-07-02 04:36:09.7940|INFO|Worker29|AdaptableLog|[TaiwuRemoveAILimitation]: CreateAction succeeded: charId=3383, actionId=15, goalId=194, state=1
2026-07-02 04:36:09.7940|INFO|Worker22|AdaptableLog|[TaiwuRemoveAILimitation]: CreateAction failed: charId=270, actionId=22, goalId=273, state=1
2026-07-02 04:36:09.7940|INFO|Worker0|AdaptableLog|[TaiwuRemoveAILimitation]: CreateAction succeeded: charId=2997, actionId=18, goalId=273, state=1
2026-07-02 04:36:09.7940|INFO|Worker12|AdaptableLog|[TaiwuRemoveAILimitation]: CreateAction succeeded: charId=8318, actionId=14, goalId=192, state=1
2026-07-02 04:36:09.7940|INFO|Worker27|AdaptableLog|[TaiwuRemoveAILimitation]: CreateAction succeeded: charId=14519, actionId=16, goalId=273, state=1
2026-07-02 04:36:09.7940|INFO|Worker15|AdaptableLog|[TaiwuRemoveAILimitation]: CreateAction failed: charId=2210, actionId=14, goalId=273, state=1
2026-07-02 04:36:09.7940|INFO|Worker26|AdaptableLog|[TaiwuRemoveAILimitation]: CreateAction succeeded: charId=994, actionId=17, goalId=273, state=1
2026-07-02 04:36:09.7940|INFO|Worker20|AdaptableLog|[TaiwuRemoveAILimitation]: CreateAction succeeded: charId=1693, actionId=17, goalId=187, state=1
2026-07-02 04:36:09.7940|INFO|Worker15|AdaptableLog|[TaiwuRemoveAILimitation]: CreateAction succeeded: charId=2210, actionId=18, goalId=238, state=1
2026-07-02 04:36:09.7940|INFO|Worker1|AdaptableLog|[TaiwuRemoveAILimitation]: CreateAction succeeded: charId=3047, actionId=17, goalId=238, state=1
2026-07-02 04:36:09.7940|INFO|Worker0|AdaptableLog|[TaiwuRemoveAILimitation]: CreateAction succeeded: charId=3097, actionId=21, goalId=273, state=1
2026-07-02 04:36:09.7940|INFO|Worker1|AdaptableLog|[TaiwuRemoveAILimitation]: CreateAction succeeded: charId=1276, actionId=15, goalId=273, state=1
2026-07-02 04:36:09.8093|INFO|Worker26|AdaptableLog|[TaiwuRemoveAILimitation]: CreateAction failed: charId=954, actionId=17, goalId=238, state=1
2026-07-02 04:36:09.8093|INFO|Worker12|AdaptableLog|[TaiwuRemoveAILimitation]: CreateAction succeeded: charId=13142, actionId=14, goalId=273, state=1
2026-07-02 04:36:09.8093|INFO|Worker9|AdaptableLog|[TaiwuRemoveAILimitation]: CreateAction succeeded: charId=7855, actionId=20, goalId=241, state=1
2026-07-02 04:36:09.8093|INFO|Worker26|AdaptableLog|[TaiwuRemoveAILimitation]: CreateAction succeeded: charId=954, actionId=18, goalId=238, state=1
2026-07-02 04:36:09.8093|INFO|Worker27|AdaptableLog|[TaiwuRemoveAILimitation]: CreateAction failed: charId=11718, actionId=19, goalId=273, state=1
2026-07-02 04:36:09.8093|INFO|Worker5|AdaptableLog|[TaiwuRemoveAILimitation]: CreateAction failed: charId=472, actionId=15, goalId=273, state=1
2026-07-02 04:36:09.8093|INFO|Worker12|AdaptableLog|[TaiwuRemoveAILimitation]: CreateAction succeeded: charId=10741, actionId=18, goalId=238, state=1
2026-07-02 04:36:09.8093|INFO|Worker26|AdaptableLog|[TaiwuRemoveAILimitation]: CreateAction succeeded: charId=955, actionId=17, goalId=273, state=1
2026-07-02 04:36:09.8093|INFO|Worker5|AdaptableLog|[TaiwuRemoveAILimitation]: CreateAction failed: charId=472, actionId=15, goalId=195, state=1
2026-07-02 04:36:09.8093|INFO|Worker9|AdaptableLog|[TaiwuRemoveAILimitation]: CreateAction succeeded: charId=4969, actionId=19, goalId=241, state=1
2026-07-02 04:36:09.8093|INFO|Worker26|AdaptableLog|[TaiwuRemoveAILimitation]: CreateAction failed: charId=992, actionId=20, goalId=273, state=1
2026-07-02 04:36:09.8093|INFO|Worker19|AdaptableLog|[TaiwuRemoveAILimitation]: CreateAction succeeded: charId=4341, actionId=16, goalId=238, state=1
2026-07-02 04:36:09.8093|INFO|Worker20|AdaptableLog|[TaiwuRemoveAILimitation]: CreateAction failed: charId=1690, actionId=19, goalId=190, state=1
2026-07-02 04:36:09.8093|INFO|Worker27|AdaptableLog|[TaiwuRemoveAILimitation]: CreateAction failed: charId=14387, actionId=15, goalId=273, state=1
2026-07-02 04:36:09.8093|INFO|Worker19|AdaptableLog|[TaiwuRemoveAILimitation]: CreateAction succeeded: charId=1268, actionId=23, goalId=273, state=1
2026-07-02 04:36:09.8093|INFO|Worker10|AdaptableLog|[TaiwuRemoveAILimitation]: CreateAction succeeded: charId=8173, actionId=15, goalId=238, state=1
2026-07-02 04:36:09.8257|INFO|Worker14|AdaptableLog|[TaiwuRemoveAILimitation]: CreateAction succeeded: charId=5153, actionId=22, goalId=273, state=1
2026-07-02 04:36:09.8257|INFO|Worker7|AdaptableLog|[TaiwuRemoveAILimitation]: CreateAction failed: charId=5606, actionId=19, goalId=238, state=1
2026-07-02 04:36:09.8257|INFO|Worker7|AdaptableLog|[TaiwuRemoveAILimitation]: CreateAction failed: charId=5606, actionId=19, goalId=195, state=1
2026-07-02 04:36:09.8257|INFO|Worker7|AdaptableLog|[TaiwuRemoveAILimitation]: CreateAction succeeded: charId=5608, actionId=19, goalId=273, state=1
2026-07-02 04:36:09.8257|INFO|Worker21|AdaptableLog|[TaiwuRemoveAILimitation]: CreateAction succeeded: charId=9694, actionId=18, goalId=273, state=1
2026-07-02 04:36:09.8257|INFO|Worker6|AdaptableLog|[TaiwuRemoveAILimitation]: CreateAction succeeded: charId=875, actionId=19, goalId=238, state=1
2026-07-02 04:36:09.8257|INFO|Worker7|AdaptableLog|[TaiwuRemoveAILimitation]: CreateAction failed: charId=5653, actionId=17, goalId=273, state=1
2026-07-02 04:36:09.8257|INFO|Worker27|AdaptableLog|[TaiwuRemoveAILimitation]: CreateAction failed: charId=10289, actionId=21, goalId=273, state=1
2026-07-02 04:36:09.8257|INFO|Worker26|AdaptableLog|[TaiwuRemoveAILimitation]: CreateAction succeeded: charId=983, actionId=17, goalId=273, state=1
2026-07-02 04:36:09.8257|INFO|Worker7|AdaptableLog|[TaiwuRemoveAILimitation]: CreateAction succeeded: charId=5653, actionId=14, goalId=238, state=1
2026-07-02 04:36:09.8257|INFO|Worker31|AdaptableLog|[TaiwuRemoveAILimitation]: CreateAction succeeded: charId=5789, actionId=23, goalId=241, state=1
2026-07-02 04:36:09.8257|INFO|Worker9|AdaptableLog|[TaiwuRemoveAILimitation]: CreateAction failed: charId=8262, actionId=23, goalId=241, state=1
2026-07-02 04:36:09.8257|INFO|Worker0|AdaptableLog|[TaiwuRemoveAILimitation]: CreateAction succeeded: charId=3045, actionId=19, goalId=273, state=1
2026-07-02 04:36:09.8257|INFO|Worker9|AdaptableLog|[TaiwuRemoveAILimitation]: CreateAction succeeded: charId=8262, actionId=23, goalId=241, state=1
2026-07-02 04:36:09.8257|INFO|Worker31|AdaptableLog|[TaiwuRemoveAILimitation]: CreateAction succeeded: charId=8433, actionId=20, goalId=273, state=1
2026-07-02 04:36:09.8257|INFO|Worker2|AdaptableLog|[TaiwuRemoveAILimitation]: CreateAction failed: charId=2700, actionId=16, goalId=273, state=1
2026-07-02 04:36:09.8445|INFO|Worker22|AdaptableLog|[TaiwuRemoveAILimitation]: CreateAction succeeded: charId=328, actionId=14, goalId=273, state=1
2026-07-02 04:36:09.8445|INFO|Worker31|AdaptableLog|[TaiwuRemoveAILimitation]: CreateAction succeeded: charId=5791, actionId=21, goalId=238, state=1
2026-07-02 04:36:09.8445|INFO|Worker31|AdaptableLog|[TaiwuRemoveAILimitation]: CreateAction failed: charId=5810, actionId=19, goalId=273, state=1
2026-07-02 04:36:09.8445|INFO|Worker12|AdaptableLog|[TaiwuRemoveAILimitation]: CreateAction failed: charId=7838, actionId=18, goalId=238, state=1
2026-07-02 04:36:09.8445|INFO|Worker12|AdaptableLog|[TaiwuRemoveAILimitation]: CreateAction succeeded: charId=7838, actionId=14, goalId=238, state=1
2026-07-02 04:36:09.8445|INFO|Worker31|AdaptableLog|[TaiwuRemoveAILimitation]: CreateAction succeeded: charId=7376, actionId=15, goalId=241, state=1
2026-07-02 04:36:09.8566|INFO|Worker18|AdaptableLog|[TaiwuRemoveAILimitation]: CreateAction succeeded: charId=4611, actionId=23, goalId=273, state=1
2026-07-02 04:36:09.8566|INFO|Worker20|AdaptableLog|[TaiwuRemoveAILimitation]: CreateAction succeeded: charId=1640, actionId=16, goalId=273, state=1
2026-07-02 04:36:09.8566|INFO|Worker10|AdaptableLog|[TaiwuRemoveAILimitation]: CreateAction succeeded: charId=2638, actionId=16, goalId=273, state=1
2026-07-02 04:36:09.8566|INFO|Worker31|AdaptableLog|[TaiwuRemoveAILimitation]: CreateAction succeeded: charId=5720, actionId=21, goalId=241, state=1
2026-07-02 04:36:09.8566|INFO|Worker25|AdaptableLog|[TaiwuRemoveAILimitation]: CreateAction succeeded: charId=3587, actionId=14, goalId=273, state=1
2026-07-02 04:36:09.8566|INFO|Worker18|AdaptableLog|[TaiwuRemoveAILimitation]: CreateAction failed: charId=8295, actionId=20, goalId=273, state=1
2026-07-02 04:36:09.8566|INFO|Worker18|AdaptableLog|[TaiwuRemoveAILimitation]: CreateAction succeeded: charId=8295, actionId=15, goalId=15, state=1
2026-07-02 04:36:09.8566|INFO|Worker31|AdaptableLog|[TaiwuRemoveAILimitation]: CreateAction succeeded: charId=8655, actionId=21, goalId=238, state=1
2026-07-02 04:36:09.8566|INFO|Worker13|AdaptableLog|[TaiwuRemoveAILimitation]: CreateAction succeeded: charId=1797, actionId=19, goalId=192, state=1
2026-07-02 04:36:09.8566|INFO|Worker27|AdaptableLog|[TaiwuRemoveAILimitation]: CreateAction failed: charId=14780, actionId=14, goalId=273, state=1
2026-07-02 04:36:09.8566|INFO|Worker31|AdaptableLog|[TaiwuRemoveAILimitation]: CreateAction succeeded: charId=2842, actionId=16, goalId=241, state=1
2026-07-02 04:36:09.8566|INFO|Worker29|AdaptableLog|[TaiwuRemoveAILimitation]: CreateAction succeeded: charId=3576, actionId=20, goalId=238, state=1
2026-07-02 04:36:09.8566|INFO|Worker18|AdaptableLog|[TaiwuRemoveAILimitation]: CreateAction succeeded: charId=4622, actionId=23, goalId=241, state=1
2026-07-02 04:36:09.8566|INFO|Worker26|AdaptableLog|[TaiwuRemoveAILimitation]: CreateAction succeeded: charId=990, actionId=21, goalId=238, state=1
2026-07-02 04:36:09.8566|INFO|Worker22|AdaptableLog|[TaiwuRemoveAILimitation]: CreateAction succeeded: charId=5655, actionId=15, goalId=228, state=1
2026-07-02 04:36:09.8725|INFO|Worker12|AdaptableLog|[TaiwuRemoveAILimitation]: CreateAction succeeded: charId=5421, actionId=18, goalId=238, state=1
2026-07-02 04:36:09.8725|INFO|Worker11|AdaptableLog|[TaiwuRemoveAILimitation]: CreateAction failed: charId=149, actionId=17, goalId=194, state=1
2026-07-02 04:36:09.8725|INFO|Worker11|AdaptableLog|[TaiwuRemoveAILimitation]: CreateAction failed: charId=149, actionId=17, goalId=196, state=1
2026-07-02 04:36:09.8725|INFO|Worker11|AdaptableLog|[TaiwuRemoveAILimitation]: CreateAction succeeded: charId=149, actionId=17, goalId=192, state=1
2026-07-02 04:36:09.8725|INFO|Worker25|AdaptableLog|[TaiwuRemoveAILimitation]: CreateAction succeeded: charId=5303, actionId=23, goalId=273, state=1
2026-07-02 04:36:09.8725|INFO|Worker27|AdaptableLog|[TaiwuRemoveAILimitation]: CreateAction succeeded: charId=7255, actionId=20, goalId=273, state=1
2026-07-02 04:36:09.8725|INFO|Worker26|AdaptableLog|[TaiwuRemoveAILimitation]: CreateAction succeeded: charId=1128, actionId=16, goalId=273, state=1
2026-07-02 04:36:09.8725|INFO|Worker30|AdaptableLog|[TaiwuRemoveAILimitation]: CreateAction failed: charId=473, actionId=17, goalId=273, state=1
2026-07-02 04:36:09.8725|INFO|Worker15|AdaptableLog|[TaiwuRemoveAILimitation]: CreateAction failed: charId=2369, actionId=15, goalId=238, state=1
2026-07-02 04:36:09.8725|INFO|Worker15|AdaptableLog|[TaiwuRemoveAILimitation]: CreateAction failed: charId=2369, actionId=15, goalId=8, state=1
2026-07-02 04:36:09.8725|INFO|Worker30|AdaptableLog|[TaiwuRemoveAILimitation]: CreateAction failed: charId=473, actionId=17, goalId=192, state=1
2026-07-02 04:36:09.8725|INFO|Worker9|AdaptableLog|[TaiwuRemoveAILimitation]: CreateAction failed: charId=8402, actionId=23, goalId=273, state=1
2026-07-02 04:36:09.8725|INFO|Worker9|AdaptableLog|[TaiwuRemoveAILimitation]: CreateAction failed: charId=7666, actionId=20, goalId=238, state=1
2026-07-02 04:36:09.8725|INFO|Worker9|AdaptableLog|[TaiwuRemoveAILimitation]: CreateAction succeeded: charId=7666, actionId=22, goalId=238, state=1
2026-07-02 04:36:09.8725|INFO|Worker22|AdaptableLog|[TaiwuRemoveAILimitation]: CreateAction succeeded: charId=4940, actionId=15, goalId=273, state=1
2026-07-02 04:36:09.8725|INFO|Worker7|AdaptableLog|[TaiwuRemoveAILimitation]: CreateAction succeeded: charId=5652, actionId=23, goalId=273, state=1
2026-07-02 04:36:09.8725|INFO|Worker30|AdaptableLog|[TaiwuRemoveAILimitation]: CreateAction succeeded: charId=473, actionId=17, goalId=194, state=1
2026-07-02 04:36:09.8725|INFO|Worker31|AdaptableLog|[TaiwuRemoveAILimitation]: CreateAction failed: charId=5156, actionId=17, goalId=273, state=1
2026-07-02 04:36:09.8725|INFO|Worker11|AdaptableLog|[TaiwuRemoveAILimitation]: CreateAction succeeded: charId=3693, actionId=23, goalId=273, state=1
2026-07-02 04:36:09.8725|INFO|Worker31|AdaptableLog|[TaiwuRemoveAILimitation]: CreateAction failed: charId=7835, actionId=20, goalId=273, state=1
2026-07-02 04:36:09.8941|INFO|Worker26|AdaptableLog|[TaiwuRemoveAILimitation]: CreateAction succeeded: charId=941, actionId=15, goalId=194, state=1
2026-07-02 04:36:09.8941|INFO|Worker31|AdaptableLog|[TaiwuRemoveAILimitation]: CreateAction failed: charId=7835, actionId=19, goalId=238, state=1
2026-07-02 04:36:09.8941|INFO|Worker15|AdaptableLog|[TaiwuRemoveAILimitation]: CreateAction succeeded: charId=2207, actionId=14, goalId=273, state=1
2026-07-02 04:36:09.8941|INFO|Worker31|AdaptableLog|[TaiwuRemoveAILimitation]: CreateAction succeeded: charId=7835, actionId=21, goalId=238, state=1
2026-07-02 04:36:09.8941|INFO|Worker10|AdaptableLog|[TaiwuRemoveAILimitation]: CreateAction succeeded: charId=2699, actionId=17, goalId=273, state=1
2026-07-02 04:36:09.8941|INFO|Worker31|AdaptableLog|[TaiwuRemoveAILimitation]: CreateAction failed: charId=8590, actionId=19, goalId=238, state=1
2026-07-02 04:36:09.8941|INFO|Worker10|AdaptableLog|[TaiwuRemoveAILimitation]: CreateAction succeeded: charId=2703, actionId=15, goalId=273, state=1
2026-07-02 04:36:09.8941|INFO|Worker31|AdaptableLog|[TaiwuRemoveAILimitation]: CreateAction failed: charId=8590, actionId=19, goalId=238, state=1
2026-07-02 04:36:09.8941|INFO|Worker15|AdaptableLog|[TaiwuRemoveAILimitation]: CreateAction succeeded: charId=9857, actionId=18, goalId=191, state=1
2026-07-02 04:36:09.8941|INFO|Worker12|AdaptableLog|[TaiwuRemoveAILimitation]: CreateAction succeeded: charId=5386, actionId=14, goalId=273, state=1
2026-07-02 04:36:09.8941|INFO|Worker15|AdaptableLog|[TaiwuRemoveAILimitation]: CreateAction failed: charId=7770, actionId=18, goalId=238, state=1
2026-07-02 04:36:09.8941|INFO|Worker15|AdaptableLog|[TaiwuRemoveAILimitation]: CreateAction failed: charId=7770, actionId=18, goalId=238, state=1
2026-07-02 04:36:09.8941|INFO|Worker27|AdaptableLog|[TaiwuRemoveAILimitation]: CreateAction failed: charId=14123, actionId=15, goalId=273, state=1
2026-07-02 04:36:09.8941|INFO|Worker29|AdaptableLog|[TaiwuRemoveAILimitation]: CreateAction succeeded: charId=3488, actionId=23, goalId=238, state=1
2026-07-02 04:36:09.8941|INFO|Worker31|AdaptableLog|[TaiwuRemoveAILimitation]: CreateAction succeeded: charId=7377, actionId=19, goalId=273, state=1
2026-07-02 04:36:09.8941|INFO|Worker27|AdaptableLog|[TaiwuRemoveAILimitation]: CreateAction failed: charId=14123, actionId=15, goalId=238, state=1
2026-07-02 04:36:09.9060|INFO|Worker13|AdaptableLog|[TaiwuRemoveAILimitation]: CreateAction failed: charId=1796, actionId=18, goalId=238, state=1
2026-07-02 04:36:09.9060|INFO|Worker13|AdaptableLog|[TaiwuRemoveAILimitation]: CreateAction failed: charId=1796, actionId=19, goalId=238, state=1
2026-07-02 04:36:09.9060|INFO|Worker13|AdaptableLog|[TaiwuRemoveAILimitation]: CreateAction succeeded: charId=1796, actionId=22, goalId=238, state=1
2026-07-02 04:36:09.9060|INFO|Worker27|AdaptableLog|[TaiwuRemoveAILimitation]: CreateAction failed: charId=14280, actionId=15, goalId=238, state=1
2026-07-02 04:36:09.9060|INFO|Worker27|AdaptableLog|[TaiwuRemoveAILimitation]: CreateAction succeeded: charId=14280, actionId=22, goalId=238, state=1
2026-07-02 04:36:09.9060|INFO|Worker29|AdaptableLog|[TaiwuRemoveAILimitation]: CreateAction succeeded: charId=3486, actionId=23, goalId=273, state=1
2026-07-02 04:36:09.9060|INFO|Worker18|AdaptableLog|[TaiwuRemoveAILimitation]: CreateAction succeeded: charId=8425, actionId=19, goalId=15, state=1
2026-07-02 04:36:09.9060|INFO|Worker27|AdaptableLog|[TaiwuRemoveAILimitation]: CreateAction failed: charId=13735, actionId=16, goalId=241, state=1
2026-07-02 04:36:09.9060|INFO|Worker26|AdaptableLog|[TaiwuRemoveAILimitation]: CreateAction succeeded: charId=963, actionId=22, goalId=273, state=1
2026-07-02 04:36:09.9060|INFO|Worker26|AdaptableLog|[TaiwuRemoveAILimitation]: CreateAction succeeded: charId=956, actionId=21, goalId=195, state=1
2026-07-02 04:36:09.9191|INFO|Worker12|AdaptableLog|[TaiwuRemoveAILimitation]: CreateAction failed: charId=9789, actionId=14, goalId=273, state=1
2026-07-02 04:36:09.9191|INFO|Worker31|AdaptableLog|[TaiwuRemoveAILimitation]: CreateAction succeeded: charId=5755, actionId=21, goalId=273, state=1
2026-07-02 04:36:09.9191|INFO|Worker13|AdaptableLog|[TaiwuRemoveAILimitation]: CreateAction failed: charId=7745, actionId=21, goalId=191, state=1
2026-07-02 04:36:09.9191|INFO|Worker13|AdaptableLog|[TaiwuRemoveAILimitation]: CreateAction failed: charId=7745, actionId=18, goalId=192, state=1
2026-07-02 04:36:09.9191|INFO|Worker9|AdaptableLog|[TaiwuRemoveAILimitation]: CreateAction succeeded: charId=9903, actionId=23, goalId=273, state=1
2026-07-02 04:36:09.9191|INFO|Worker13|AdaptableLog|[TaiwuRemoveAILimitation]: CreateAction failed: charId=1869, actionId=20, goalId=232, state=1
2026-07-02 04:36:09.9191|INFO|Worker26|AdaptableLog|[TaiwuRemoveAILimitation]: CreateAction failed: charId=7401, actionId=17, goalId=241, state=1
2026-07-02 04:36:09.9191|INFO|Worker26|AdaptableLog|[TaiwuRemoveAILimitation]: CreateAction failed: charId=7401, actionId=19, goalId=241, state=1
2026-07-02 04:36:09.9191|INFO|Worker26|AdaptableLog|[TaiwuRemoveAILimitation]: CreateAction succeeded: charId=7401, actionId=17, goalId=241, state=1
2026-07-02 04:36:09.9191|INFO|Worker27|AdaptableLog|[TaiwuRemoveAILimitation]: CreateAction failed: charId=13842, actionId=16, goalId=273, state=1
2026-07-02 04:36:09.9191|INFO|Worker18|AdaptableLog|[TaiwuRemoveAILimitation]: CreateAction failed: charId=4619, actionId=22, goalId=15, state=1
2026-07-02 04:36:09.9191|INFO|Worker18|AdaptableLog|[TaiwuRemoveAILimitation]: CreateAction succeeded: charId=4619, actionId=22, goalId=241, state=1
2026-07-02 04:36:09.9191|INFO|Worker26|AdaptableLog|[TaiwuRemoveAILimitation]: CreateAction succeeded: charId=7698, actionId=19, goalId=238, state=1
2026-07-02 04:36:09.9191|INFO|Worker26|AdaptableLog|[TaiwuRemoveAILimitation]: CreateAction failed: charId=957, actionId=22, goalId=273, state=1
2026-07-02 04:36:09.9191|INFO|Worker9|AdaptableLog|[TaiwuRemoveAILimitation]: CreateAction succeeded: charId=7664, actionId=22, goalId=273, state=1
2026-07-02 04:36:09.9191|INFO|Worker18|AdaptableLog|[TaiwuRemoveAILimitation]: CreateAction succeeded: charId=16490, actionId=15, goalId=273, state=1
2026-07-02 04:36:09.9191|INFO|Worker26|AdaptableLog|[TaiwuRemoveAILimitation]: CreateAction succeeded: charId=957, actionId=21, goalId=190, state=1
2026-07-02 04:36:09.9191|INFO|Worker18|AdaptableLog|[TaiwuRemoveAILimitation]: CreateAction succeeded: charId=7513, actionId=21, goalId=238, state=1
2026-07-02 04:36:09.9191|INFO|Worker2|AdaptableLog|[TaiwuRemoveAILimitation]: CreateAction failed: charId=2467, actionId=14, goalId=273, state=1
2026-07-02 04:36:09.9191|INFO|Worker13|AdaptableLog|[TaiwuRemoveAILimitation]: CreateAction succeeded: charId=1816, actionId=20, goalId=273, state=1
2026-07-02 04:36:09.9191|INFO|Worker31|AdaptableLog|[TaiwuRemoveAILimitation]: CreateAction failed: charId=9055, actionId=15, goalId=241, state=1
2026-07-02 04:36:09.9191|INFO|Worker26|AdaptableLog|[TaiwuRemoveAILimitation]: CreateAction succeeded: charId=989, actionId=17, goalId=273, state=1
2026-07-02 04:36:09.9191|INFO|Worker31|AdaptableLog|[TaiwuRemoveAILimitation]: CreateAction failed: charId=9055, actionId=23, goalId=241, state=1
2026-07-02 04:36:09.9191|INFO|Worker31|AdaptableLog|[TaiwuRemoveAILimitation]: CreateAction succeeded: charId=9055, actionId=20, goalId=238, state=1
2026-07-02 04:36:09.9191|INFO|Worker12|AdaptableLog|[TaiwuRemoveAILimitation]: CreateAction succeeded: charId=8197, actionId=14, goalId=238, state=1
2026-07-02 04:36:09.9350|INFO|Worker26|AdaptableLog|[TaiwuRemoveAILimitation]: CreateAction succeeded: charId=7883, actionId=23, goalId=238, state=1
2026-07-02 04:36:09.9350|INFO|Worker31|AdaptableLog|[TaiwuRemoveAILimitation]: CreateAction succeeded: charId=6990, actionId=15, goalId=18, state=1
2026-07-02 04:36:09.9350|INFO|Worker26|AdaptableLog|[TaiwuRemoveAILimitation]: CreateAction succeeded: charId=961, actionId=14, goalId=238, state=1
2026-07-02 04:36:09.9350|INFO|Worker31|AdaptableLog|[TaiwuRemoveAILimitation]: CreateAction succeeded: charId=5738, actionId=20, goalId=238, state=1
2026-07-02 04:36:09.9350|INFO|Worker31|AdaptableLog|[TaiwuRemoveAILimitation]: CreateAction succeeded: charId=5794, actionId=19, goalId=273, state=1
2026-07-02 04:36:09.9350|INFO|Worker27|AdaptableLog|[TaiwuRemoveAILimitation]: CreateAction failed: charId=13166, actionId=17, goalId=273, state=1
2026-07-02 04:36:09.9350|INFO|Worker31|AdaptableLog|[TaiwuRemoveAILimitation]: CreateAction succeeded: charId=5760, actionId=15, goalId=273, state=1
2026-07-02 04:36:09.9350|INFO|Worker27|AdaptableLog|[TaiwuRemoveAILimitation]: CreateAction failed: charId=9894, actionId=15, goalId=273, state=1
2026-07-02 04:36:09.9350|INFO|Worker27|AdaptableLog|[TaiwuRemoveAILimitation]: CreateAction failed: charId=13844, actionId=17, goalId=273, state=1
2026-07-02 04:36:09.9350|INFO|Worker27|AdaptableLog|[TaiwuRemoveAILimitation]: CreateAction failed: charId=13844, actionId=17, goalId=187, state=1
2026-07-02 04:36:09.9350|INFO|Worker13|AdaptableLog|[TaiwuRemoveAILimitation]: CreateAction failed: charId=7746, actionId=21, goalId=190, state=1
2026-07-02 04:36:09.9350|INFO|Worker26|AdaptableLog|[TaiwuRemoveAILimitation]: CreateAction failed: charId=982, actionId=17, goalId=190, state=1
2026-07-02 04:36:09.9515|INFO|Worker27|AdaptableLog|[TaiwuRemoveAILimitation]: CreateAction failed: charId=13733, actionId=23, goalId=241, state=1
2026-07-02 04:36:09.9515|INFO|Worker27|AdaptableLog|[TaiwuRemoveAILimitation]: CreateAction failed: charId=12101, actionId=18, goalId=241, state=1
2026-07-02 04:36:09.9515|INFO|Worker31|AdaptableLog|[TaiwuRemoveAILimitation]: CreateAction succeeded: charId=7497, actionId=20, goalId=238, state=1
2026-07-02 04:36:09.9515|INFO|Worker27|AdaptableLog|[TaiwuRemoveAILimitation]: CreateAction failed: charId=11585, actionId=20, goalId=273, state=1
2026-07-02 04:36:09.9515|INFO|Worker15|AdaptableLog|[TaiwuRemoveAILimitation]: CreateAction failed: charId=7774, actionId=14, goalId=238, state=1
2026-07-02 04:36:09.9515|INFO|Worker27|AdaptableLog|[TaiwuRemoveAILimitation]: CreateAction failed: charId=12997, actionId=20, goalId=273, state=1
2026-07-02 04:36:09.9515|INFO|Worker15|AdaptableLog|[TaiwuRemoveAILimitation]: CreateAction failed: charId=7774, actionId=14, goalId=238, state=1
2026-07-02 04:36:09.9515|INFO|Worker15|AdaptableLog|[TaiwuRemoveAILimitation]: CreateAction failed: charId=7774, actionId=18, goalId=192, state=1
2026-07-02 04:36:09.9515|INFO|Worker15|AdaptableLog|[TaiwuRemoveAILimitation]: CreateAction succeeded: charId=7774, actionId=14, goalId=193, state=1
2026-07-02 04:36:09.9515|INFO|Worker31|AdaptableLog|[TaiwuRemoveAILimitation]: CreateAction succeeded: charId=5766, actionId=21, goalId=238, state=1
2026-07-02 04:36:09.9515|INFO|Worker12|AdaptableLog|[TaiwuRemoveAILimitation]: CreateAction succeeded: charId=5515, actionId=20, goalId=238, state=1
2026-07-02 04:36:09.9515|INFO|Worker12|AdaptableLog|[TaiwuRemoveAILimitation]: CreateAction succeeded: charId=5299, actionId=21, goalId=273, state=1
2026-07-02 04:36:09.9662|INFO|Worker31|AdaptableLog|[TaiwuRemoveAILimitation]: CreateAction succeeded: charId=5744, actionId=21, goalId=241, state=1
2026-07-02 04:36:09.9662|INFO|Worker12|AdaptableLog|[TaiwuRemoveAILimitation]: CreateAction succeeded: charId=7576, actionId=14, goalId=191, state=1
2026-07-02 04:36:09.9662|INFO|Worker27|AdaptableLog|[TaiwuRemoveAILimitation]: CreateAction failed: charId=13914, actionId=16, goalId=273, state=1
2026-07-02 04:36:09.9662|INFO|Worker12|AdaptableLog|[TaiwuRemoveAILimitation]: CreateAction failed: charId=5333, actionId=14, goalId=238, state=1
2026-07-02 04:36:09.9662|INFO|Worker26|AdaptableLog|[TaiwuRemoveAILimitation]: CreateAction succeeded: charId=966, actionId=18, goalId=273, state=1
2026-07-02 04:36:09.9662|INFO|Worker12|AdaptableLog|[TaiwuRemoveAILimitation]: CreateAction failed: charId=5333, actionId=14, goalId=238, state=1
2026-07-02 04:36:09.9662|INFO|Worker31|AdaptableLog|[TaiwuRemoveAILimitation]: CreateAction failed: charId=9823, actionId=19, goalId=238, state=1
2026-07-02 04:36:09.9662|INFO|Worker31|AdaptableLog|[TaiwuRemoveAILimitation]: CreateAction succeeded: charId=9823, actionId=21, goalId=241, state=1
2026-07-02 04:36:09.9662|INFO|Worker27|AdaptableLog|[TaiwuRemoveAILimitation]: CreateAction failed: charId=13914, actionId=16, goalId=241, state=1
2026-07-02 04:36:09.9662|INFO|Worker27|AdaptableLog|[TaiwuRemoveAILimitation]: CreateAction failed: charId=13914, actionId=16, goalId=241, state=1
2026-07-02 04:36:09.9662|INFO|Worker31|AdaptableLog|[TaiwuRemoveAILimitation]: CreateAction succeeded: charId=9430, actionId=19, goalId=238, state=1
2026-07-02 04:36:09.9662|INFO|Worker31|AdaptableLog|[TaiwuRemoveAILimitation]: CreateAction succeeded: charId=11283, actionId=21, goalId=238, state=1
2026-07-02 04:36:09.9662|INFO|Worker31|AdaptableLog|[TaiwuRemoveAILimitation]: CreateAction succeeded: charId=7375, actionId=20, goalId=238, state=1
2026-07-02 04:36:09.9662|INFO|Worker27|AdaptableLog|[TaiwuRemoveAILimitation]: CreateAction failed: charId=12626, actionId=17, goalId=273, state=1
2026-07-02 04:36:09.9662|INFO|Worker27|AdaptableLog|[TaiwuRemoveAILimitation]: CreateAction failed: charId=9014, actionId=17, goalId=273, state=1
2026-07-02 04:36:09.9662|INFO|Worker27|AdaptableLog|[TaiwuRemoveAILimitation]: CreateAction succeeded: charId=9014, actionId=17, goalId=238, state=1
2026-07-02 04:36:09.9662|INFO|Worker31|AdaptableLog|[TaiwuRemoveAILimitation]: CreateAction succeeded: charId=5786, actionId=19, goalId=241, state=1
2026-07-02 04:36:09.9823|INFO|Worker15|AdaptableLog|[TaiwuRemoveAILimitation]: CreateAction failed: charId=2232, actionId=14, goalId=234, state=1
2026-07-02 04:36:09.9823|INFO|Worker15|AdaptableLog|[TaiwuRemoveAILimitation]: CreateAction succeeded: charId=2232, actionId=14, goalId=198, state=1
2026-07-02 04:36:09.9823|INFO|Worker27|AdaptableLog|[TaiwuRemoveAILimitation]: CreateAction failed: charId=12053, actionId=14, goalId=273, state=1
2026-07-02 04:36:09.9823|INFO|Worker31|AdaptableLog|[TaiwuRemoveAILimitation]: CreateAction failed: charId=7718, actionId=22, goalId=273, state=1
2026-07-02 04:36:09.9823|INFO|Worker31|AdaptableLog|[TaiwuRemoveAILimitation]: CreateAction succeeded: charId=7718, actionId=23, goalId=241, state=1
2026-07-02 04:36:09.9823|INFO|Worker15|AdaptableLog|[TaiwuRemoveAILimitation]: CreateAction succeeded: charId=8208, actionId=18, goalId=238, state=1
2026-07-02 04:36:09.9823|INFO|Worker15|AdaptableLog|[TaiwuRemoveAILimitation]: CreateAction failed: charId=2198, actionId=14, goalId=273, state=1
2026-07-02 04:36:09.9823|INFO|Worker27|AdaptableLog|[TaiwuRemoveAILimitation]: CreateAction failed: charId=13843, actionId=15, goalId=273, state=1
2026-07-02 04:36:09.9823|INFO|Worker12|AdaptableLog|[TaiwuRemoveAILimitation]: CreateAction succeeded: charId=5516, actionId=22, goalId=273, state=1
2026-07-02 04:36:09.9823|INFO|Worker31|AdaptableLog|[TaiwuRemoveAILimitation]: CreateAction succeeded: charId=8010, actionId=19, goalId=238, state=1
2026-07-02 04:36:09.9823|INFO|Worker13|AdaptableLog|[TaiwuRemoveAILimitation]: CreateAction succeeded: charId=1841, actionId=18, goalId=273, state=1
2026-07-02 04:36:09.9823|INFO|Worker27|AdaptableLog|[TaiwuRemoveAILimitation]: CreateAction failed: charId=10172, actionId=14, goalId=273, state=1
2026-07-02 04:36:09.9823|INFO|Worker31|AdaptableLog|[TaiwuRemoveAILimitation]: CreateAction succeeded: charId=5761, actionId=15, goalId=273, state=1
2026-07-02 04:36:09.9823|INFO|Worker15|AdaptableLog|[TaiwuRemoveAILimitation]: CreateAction succeeded: charId=2220, actionId=14, goalId=273, state=1
2026-07-02 04:36:09.9823|INFO|Worker27|AdaptableLog|[TaiwuRemoveAILimitation]: CreateAction failed: charId=13117, actionId=15, goalId=273, state=1
2026-07-02 04:36:09.9976|INFO|Worker15|AdaptableLog|[TaiwuRemoveAILimitation]: CreateAction succeeded: charId=2265, actionId=15, goalId=273, state=1
2026-07-02 04:36:09.9976|INFO|Worker15|AdaptableLog|[TaiwuRemoveAILimitation]: CreateAction failed: charId=2382, actionId=17, goalId=273, state=1
2026-07-02 04:36:09.9976|INFO|Worker15|AdaptableLog|[TaiwuRemoveAILimitation]: CreateAction failed: charId=2382, actionId=17, goalId=238, state=1
2026-07-02 04:36:09.9976|INFO|Worker15|AdaptableLog|[TaiwuRemoveAILimitation]: CreateAction failed: charId=2382, actionId=17, goalId=238, state=1
2026-07-02 04:36:09.9976|INFO|Worker15|AdaptableLog|[TaiwuRemoveAILimitation]: CreateAction succeeded: charId=2382, actionId=17, goalId=194, state=1
2026-07-02 04:36:09.9976|INFO|Worker27|AdaptableLog|[TaiwuRemoveAILimitation]: CreateAction failed: charId=10889, actionId=18, goalId=273, state=1
2026-07-02 04:36:09.9976|INFO|Worker31|AdaptableLog|[TaiwuRemoveAILimitation]: CreateAction succeeded: charId=8011, actionId=15, goalId=241, state=1
2026-07-02 04:36:09.9976|INFO|Worker31|AdaptableLog|[TaiwuRemoveAILimitation]: CreateAction succeeded: charId=10204, actionId=20, goalId=241, state=1
2026-07-02 04:36:09.9976|INFO|Worker31|AdaptableLog|[TaiwuRemoveAILimitation]: CreateAction failed: charId=9363, actionId=20, goalId=238, state=1
2026-07-02 04:36:09.9976|INFO|Worker27|AdaptableLog|[TaiwuRemoveAILimitation]: CreateAction failed: charId=9399, actionId=16, goalId=273, state=1
2026-07-02 04:36:09.9976|INFO|Worker31|AdaptableLog|[TaiwuRemoveAILimitation]: CreateAction succeeded: charId=9363, actionId=19, goalId=241, state=1
2026-07-02 04:36:09.9976|INFO|Worker15|AdaptableLog|[TaiwuRemoveAILimitation]: CreateAction succeeded: charId=2212, actionId=15, goalId=8, state=1
2026-07-02 04:36:09.9976|INFO|Worker31|AdaptableLog|[TaiwuRemoveAILimitation]: CreateAction succeeded: charId=7495, actionId=20, goalId=238, state=1
2026-07-02 04:36:09.9976|INFO|Worker31|AdaptableLog|[TaiwuRemoveAILimitation]: CreateAction failed: charId=8592, actionId=22, goalId=238, state=1
2026-07-02 04:36:09.9976|INFO|Worker31|AdaptableLog|[TaiwuRemoveAILimitation]: CreateAction failed: charId=8592, actionId=22, goalId=241, state=1
2026-07-02 04:36:09.9976|INFO|Worker31|AdaptableLog|[TaiwuRemoveAILimitation]: CreateAction succeeded: charId=8592, actionId=20, goalId=241, state=1
2026-07-02 04:36:10.0135|INFO|Worker27|AdaptableLog|[TaiwuRemoveAILimitation]: CreateAction failed: charId=11852, actionId=15, goalId=273, state=1
2026-07-02 04:36:10.0135|INFO|Worker27|AdaptableLog|[TaiwuRemoveAILimitation]: CreateAction failed: charId=10577, actionId=17, goalId=179, state=1
2026-07-02 04:36:10.0135|INFO|Worker15|AdaptableLog|[TaiwuRemoveAILimitation]: CreateAction succeeded: charId=7565, actionId=18, goalId=273, state=1
2026-07-02 04:36:10.0135|INFO|Worker31|AdaptableLog|[TaiwuRemoveAILimitation]: CreateAction failed: charId=10645, actionId=20, goalId=273, state=1
2026-07-02 04:36:10.0135|INFO|Worker27|AdaptableLog|[TaiwuRemoveAILimitation]: CreateAction failed: charId=13424, actionId=20, goalId=273, state=1
2026-07-02 04:36:10.0135|INFO|Worker27|AdaptableLog|[TaiwuRemoveAILimitation]: CreateAction failed: charId=11400, actionId=18, goalId=273, state=1
2026-07-02 04:36:10.0135|INFO|Worker27|AdaptableLog|[TaiwuRemoveAILimitation]: CreateAction failed: charId=13113, actionId=17, goalId=273, state=1
2026-07-02 04:36:10.0307|INFO|Worker27|AdaptableLog|[TaiwuRemoveAILimitation]: CreateAction failed: charId=12786, actionId=16, goalId=273, state=1
2026-07-02 04:36:10.0307|INFO|Worker31|AdaptableLog|[TaiwuRemoveAILimitation]: CreateAction succeeded: charId=5739, actionId=14, goalId=199, state=1
2026-07-02 04:36:10.0307|INFO|Worker27|AdaptableLog|[TaiwuRemoveAILimitation]: CreateAction succeeded: charId=13307, actionId=18, goalId=273, state=1
2026-07-02 04:36:10.0307|INFO|Worker27|AdaptableLog|[TaiwuRemoveAILimitation]: CreateAction failed: charId=12249, actionId=16, goalId=273, state=1
2026-07-02 04:36:10.0307|INFO|Worker27|AdaptableLog|[TaiwuRemoveAILimitation]: CreateAction failed: charId=13402, actionId=15, goalId=241, state=1
2026-07-02 04:36:10.0307|INFO|Worker31|AdaptableLog|[TaiwuRemoveAILimitation]: CreateAction succeeded: charId=5919, actionId=17, goalId=273, state=1
2026-07-02 04:36:10.0447|INFO|Worker31|AdaptableLog|[TaiwuRemoveAILimitation]: CreateAction succeeded: charId=5203, actionId=20, goalId=273, state=1
2026-07-02 04:36:10.0447|INFO|Worker27|AdaptableLog|[TaiwuRemoveAILimitation]: CreateAction failed: charId=14012, actionId=19, goalId=273, state=1
2026-07-02 04:36:10.0447|INFO|Worker27|AdaptableLog|[TaiwuRemoveAILimitation]: CreateAction failed: charId=14012, actionId=22, goalId=241, state=1
2026-07-02 04:36:10.0666|INFO|Worker27|AdaptableLog|[TaiwuRemoveAILimitation]: CreateAction failed: charId=13400, actionId=17, goalId=241, state=1
2026-07-02 04:36:10.0666|INFO|Worker27|AdaptableLog|[TaiwuRemoveAILimitation]: CreateAction failed: charId=13400, actionId=15, goalId=238, state=1
2026-07-02 04:36:10.0666|INFO|Worker27|AdaptableLog|[TaiwuRemoveAILimitation]: CreateAction failed: charId=13246, actionId=15, goalId=241, state=1
2026-07-02 04:36:10.0666|INFO|Worker27|AdaptableLog|[TaiwuRemoveAILimitation]: CreateAction failed: charId=13913, actionId=18, goalId=273, state=1
2026-07-02 04:36:10.0666|INFO|Worker27|AdaptableLog|[TaiwuRemoveAILimitation]: CreateAction failed: charId=11161, actionId=16, goalId=241, state=1
2026-07-02 04:36:10.0802|INFO|Worker27|AdaptableLog|[TaiwuRemoveAILimitation]: CreateAction failed: charId=13198, actionId=14, goalId=238, state=1
2026-07-02 04:36:10.0802|INFO|Worker27|AdaptableLog|[TaiwuRemoveAILimitation]: CreateAction failed: charId=3133, actionId=22, goalId=273, state=1
2026-07-02 04:36:10.0946|INFO|Worker27|AdaptableLog|[TaiwuRemoveAILimitation]: CreateAction failed: charId=9258, actionId=18, goalId=273, state=1
2026-07-02 04:36:10.1289|INFO|Main|AdaptableLog|[TaiwuRemoveAILimitation]: ExecuteAction finished: char=市镇手艺人-苏泰芝(2515)(id=2515), action=锻造木材道具(A15), target=<none>, no-next-action
2026-07-02 04:36:10.1478|INFO|Main|AdaptableLog|[TaiwuRemoveAILimitation]: ExecuteAction finished: char=辽阳大夫-韦怜花(3636)(id=3636), action=制作疗伤药(A20), target=<none>, no-next-action
2026-07-02 04:36:10.1631|INFO|Main|AdaptableLog|[TaiwuRemoveAILimitation]: ExecuteAction finished: char=山寨大夫-陈荷(920)(id=920), action=制造健康药(A19), target=<none>, no-next-action
2026-07-02 04:36:10.2039|INFO|Main|AdaptableLog|[TaiwuRemoveAILimitation]: ExecuteAction finished: char=伏龙坛龙头长老-查抒(7838)(id=7838), action=锻造金铁道具(A14), target=<none>, no-next-action
2026-07-02 04:36:10.2039|INFO|Main|AdaptableLog|[TaiwuRemoveAILimitation]: ExecuteAction finished: char=山寨大夫-伯冬美(5516)(id=5516), action=制作调息药(A22), target=<none>, no-next-action
2026-07-02 04:36:10.3045|INFO|Main|AdaptableLog|[TaiwuRemoveAILimitation]: ExecuteAction finished: char=太原手艺人-印妙君(1640)(id=1640), action=锻造玉石道具(A16), target=<none>, no-next-action
2026-07-02 04:36:10.3954|INFO|Main|AdaptableLog|[TaiwuRemoveAILimitation]: ExecuteAction finished: char=村庄豪富-严冬缨(2892)(id=2892), action=锻造木材道具(A15), target=<none>, no-next-action
2026-07-02 04:36:10.3954|INFO|Main|AdaptableLog|[TaiwuRemoveAILimitation]: ExecuteAction finished: char=广州大夫-景灵运(2064)(id=2064), action=制作疗伤药(A20), target=<none>, no-next-action
2026-07-02 04:36:10.4585|INFO|Worker16|AdaptableLog|[TaiwuRemoveAILimitation]: CreateAction failed: charId=3924, actionId=20, goalId=196, state=2
2026-07-02 04:36:10.4585|INFO|Worker29|AdaptableLog|[TaiwuRemoveAILimitation]: CreateAction succeeded: charId=195, actionId=19, goalId=238, state=2
2026-07-02 04:36:10.4585|INFO|Worker16|AdaptableLog|[TaiwuRemoveAILimitation]: CreateAction succeeded: charId=3924, actionId=19, goalId=241, state=2
2026-07-02 04:36:10.4585|INFO|Worker30|AdaptableLog|[TaiwuRemoveAILimitation]: CreateAction failed: charId=12420, actionId=15, goalId=190, state=2
2026-07-02 04:36:10.4585|INFO|Worker12|AdaptableLog|[TaiwuRemoveAILimitation]: CreateAction succeeded: charId=1122, actionId=15, goalId=196, state=2
2026-07-02 04:36:10.4585|INFO|Worker17|AdaptableLog|[TaiwuRemoveAILimitation]: CreateAction succeeded: charId=14759, actionId=16, goalId=238, state=2
2026-07-02 04:36:10.4585|INFO|Worker30|AdaptableLog|[TaiwuRemoveAILimitation]: CreateAction failed: charId=12548, actionId=18, goalId=273, state=2
2026-07-02 04:36:10.4585|INFO|Worker0|AdaptableLog|[TaiwuRemoveAILimitation]: CreateAction succeeded: charId=2634, actionId=15, goalId=273, state=2
2026-07-02 04:36:10.4585|INFO|Worker11|AdaptableLog|[TaiwuRemoveAILimitation]: CreateAction failed: charId=4143, actionId=16, goalId=194, state=2
2026-07-02 04:36:10.4585|INFO|Worker11|AdaptableLog|[TaiwuRemoveAILimitation]: CreateAction failed: charId=4143, actionId=17, goalId=195, state=2
2026-07-02 04:36:10.4585|INFO|Worker22|AdaptableLog|[TaiwuRemoveAILimitation]: CreateAction succeeded: charId=4742, actionId=20, goalId=194, state=2
2026-07-02 04:36:10.4585|INFO|Worker9|AdaptableLog|[TaiwuRemoveAILimitation]: CreateAction succeeded: charId=1926, actionId=17, goalId=192, state=2
2026-07-02 04:36:10.4585|INFO|Worker29|AdaptableLog|[TaiwuRemoveAILimitation]: CreateAction failed: charId=198, actionId=22, goalId=273, state=2
2026-07-02 04:36:10.4585|INFO|Worker27|AdaptableLog|[TaiwuRemoveAILimitation]: CreateAction succeeded: charId=365, actionId=20, goalId=192, state=2
2026-07-02 04:36:10.4585|INFO|Worker24|AdaptableLog|[TaiwuRemoveAILimitation]: CreateAction failed: charId=3987, actionId=15, goalId=193, state=2
2026-07-02 04:36:10.4585|INFO|Worker7|AdaptableLog|[TaiwuRemoveAILimitation]: CreateAction failed: charId=555, actionId=18, goalId=244, state=2
2026-07-02 04:36:10.4585|INFO|Worker30|AdaptableLog|[TaiwuRemoveAILimitation]: CreateAction failed: charId=13116, actionId=15, goalId=273, state=2
2026-07-02 04:36:10.4660|INFO|Worker21|AdaptableLog|[TaiwuRemoveAILimitation]: CreateAction succeeded: charId=2060, actionId=21, goalId=238, state=2
2026-07-02 04:36:10.4660|INFO|Worker28|AdaptableLog|[TaiwuRemoveAILimitation]: CreateAction failed: charId=3307, actionId=16, goalId=238, state=2
2026-07-02 04:36:10.4660|INFO|Worker20|AdaptableLog|[TaiwuRemoveAILimitation]: CreateAction succeeded: charId=3421, actionId=15, goalId=238, state=2
2026-07-02 04:36:10.4660|INFO|Worker10|AdaptableLog|[TaiwuRemoveAILimitation]: CreateAction failed: charId=2425, actionId=14, goalId=238, state=2
2026-07-02 04:36:10.4585|INFO|Worker19|AdaptableLog|[TaiwuRemoveAILimitation]: CreateAction succeeded: charId=415, actionId=22, goalId=193, state=2
2026-07-02 04:36:10.4660|INFO|Worker28|AdaptableLog|[TaiwuRemoveAILimitation]: CreateAction failed: charId=3307, actionId=17, goalId=196, state=2
2026-07-02 04:36:10.4660|INFO|Worker8|AdaptableLog|[TaiwuRemoveAILimitation]: CreateAction succeeded: charId=2565, actionId=16, goalId=193, state=2
2026-07-02 04:36:10.4585|INFO|Worker0|AdaptableLog|[TaiwuRemoveAILimitation]: CreateAction succeeded: charId=8865, actionId=16, goalId=191, state=2
2026-07-02 04:36:10.4660|INFO|Worker29|AdaptableLog|[TaiwuRemoveAILimitation]: CreateAction succeeded: charId=194, actionId=19, goalId=273, state=2
2026-07-02 04:36:10.4660|INFO|Worker30|AdaptableLog|[TaiwuRemoveAILimitation]: CreateAction failed: charId=14679, actionId=14, goalId=273, state=2
2026-07-02 04:36:10.4660|INFO|Worker29|AdaptableLog|[TaiwuRemoveAILimitation]: CreateAction succeeded: charId=205, actionId=21, goalId=273, state=2
2026-07-02 04:36:10.4660|INFO|Worker28|AdaptableLog|[TaiwuRemoveAILimitation]: CreateAction succeeded: charId=3307, actionId=16, goalId=191, state=2
2026-07-02 04:36:10.4660|INFO|Worker26|AdaptableLog|[TaiwuRemoveAILimitation]: CreateAction succeeded: charId=1343, actionId=15, goalId=5, state=2
2026-07-02 04:36:10.4660|INFO|Worker26|AdaptableLog|[TaiwuRemoveAILimitation]: CreateAction succeeded: charId=1387, actionId=15, goalId=238, state=2
2026-07-02 04:36:10.4660|INFO|Worker24|AdaptableLog|[TaiwuRemoveAILimitation]: CreateAction succeeded: charId=3800, actionId=21, goalId=241, state=2
2026-07-02 04:36:10.4660|INFO|Worker8|AdaptableLog|[TaiwuRemoveAILimitation]: CreateAction succeeded: charId=2466, actionId=14, goalId=195, state=2
2026-07-02 04:36:10.4660|INFO|Worker29|AdaptableLog|[TaiwuRemoveAILimitation]: CreateAction succeeded: charId=214, actionId=21, goalId=273, state=2
2026-07-02 04:36:10.4660|INFO|Worker20|AdaptableLog|[TaiwuRemoveAILimitation]: CreateAction failed: charId=3441, actionId=20, goalId=238, state=2
2026-07-02 04:36:10.4660|INFO|Worker30|AdaptableLog|[TaiwuRemoveAILimitation]: CreateAction failed: charId=11720, actionId=16, goalId=273, state=2
2026-07-02 04:36:10.4660|INFO|Worker15|AdaptableLog|[TaiwuRemoveAILimitation]: CreateAction succeeded: charId=3491, actionId=14, goalId=195, state=2
2026-07-02 04:36:10.4660|INFO|Worker7|AdaptableLog|[TaiwuRemoveAILimitation]: CreateAction failed: charId=8064, actionId=18, goalId=238, state=2
2026-07-02 04:36:10.4660|INFO|Worker26|AdaptableLog|[TaiwuRemoveAILimitation]: CreateAction succeeded: charId=7003, actionId=15, goalId=5, state=2
2026-07-02 04:36:10.4660|INFO|Worker20|AdaptableLog|[TaiwuRemoveAILimitation]: CreateAction succeeded: charId=3441, actionId=21, goalId=238, state=2
2026-07-02 04:36:10.4660|INFO|Worker0|AdaptableLog|[TaiwuRemoveAILimitation]: CreateAction succeeded: charId=7483, actionId=16, goalId=238, state=2
2026-07-02 04:36:10.4660|INFO|Worker29|AdaptableLog|[TaiwuRemoveAILimitation]: CreateAction succeeded: charId=224, actionId=21, goalId=238, state=2
2026-07-02 04:36:10.4660|INFO|Worker7|AdaptableLog|[TaiwuRemoveAILimitation]: CreateAction failed: charId=8064, actionId=18, goalId=238, state=2
2026-07-02 04:36:10.4660|INFO|Worker24|AdaptableLog|[TaiwuRemoveAILimitation]: CreateAction succeeded: charId=5308, actionId=17, goalId=196, state=2
2026-07-02 04:36:10.4660|INFO|Worker22|AdaptableLog|[TaiwuRemoveAILimitation]: CreateAction succeeded: charId=4441, actionId=21, goalId=238, state=2
2026-07-02 04:36:10.4660|INFO|Worker24|AdaptableLog|[TaiwuRemoveAILimitation]: CreateAction succeeded: charId=5207, actionId=22, goalId=238, state=2
2026-07-02 04:36:10.4660|INFO|Worker26|AdaptableLog|[TaiwuRemoveAILimitation]: CreateAction succeeded: charId=1379, actionId=15, goalId=238, state=2
2026-07-02 04:36:10.4660|INFO|Worker7|AdaptableLog|[TaiwuRemoveAILimitation]: CreateAction succeeded: charId=8064, actionId=18, goalId=238, state=2
2026-07-02 04:36:10.4832|INFO|Worker28|AdaptableLog|[TaiwuRemoveAILimitation]: CreateAction succeeded: charId=5359, actionId=14, goalId=273, state=2
2026-07-02 04:36:10.4832|INFO|Worker2|AdaptableLog|[TaiwuRemoveAILimitation]: CreateAction succeeded: charId=38, actionId=16, goalId=191, state=2
2026-07-02 04:36:10.4832|INFO|Worker10|AdaptableLog|[TaiwuRemoveAILimitation]: CreateAction succeeded: charId=2174, actionId=16, goalId=192, state=2
2026-07-02 04:36:10.4832|INFO|Worker0|AdaptableLog|[TaiwuRemoveAILimitation]: CreateAction failed: charId=2608, actionId=16, goalId=238, state=2
2026-07-02 04:36:10.4660|INFO|Worker20|AdaptableLog|[TaiwuRemoveAILimitation]: CreateAction failed: charId=3427, actionId=17, goalId=238, state=2
2026-07-02 04:36:10.4832|INFO|Worker3|AdaptableLog|[TaiwuRemoveAILimitation]: CreateAction failed: charId=2340, actionId=17, goalId=193, state=2
2026-07-02 04:36:10.4832|INFO|Worker26|AdaptableLog|[TaiwuRemoveAILimitation]: CreateAction failed: charId=1419, actionId=15, goalId=238, state=2
2026-07-02 04:36:10.4832|INFO|Worker11|AdaptableLog|[TaiwuRemoveAILimitation]: CreateAction succeeded: charId=1693, actionId=17, goalId=238, state=2
2026-07-02 04:36:10.4832|INFO|Worker30|AdaptableLog|[TaiwuRemoveAILimitation]: CreateAction failed: charId=13621, actionId=17, goalId=273, state=2
2026-07-02 04:36:10.4832|INFO|Worker25|AdaptableLog|[TaiwuRemoveAILimitation]: CreateAction succeeded: charId=4341, actionId=14, goalId=238, state=2
2026-07-02 04:36:10.4832|INFO|Worker10|AdaptableLog|[TaiwuRemoveAILimitation]: CreateAction failed: charId=2342, actionId=17, goalId=238, state=2
2026-07-02 04:36:10.4832|INFO|Worker20|AdaptableLog|[TaiwuRemoveAILimitation]: CreateAction failed: charId=3427, actionId=17, goalId=238, state=2
2026-07-02 04:36:10.4832|INFO|Worker3|AdaptableLog|[TaiwuRemoveAILimitation]: CreateAction succeeded: charId=2340, actionId=16, goalId=196, state=2
2026-07-02 04:36:10.4832|INFO|Worker23|AdaptableLog|[TaiwuRemoveAILimitation]: CreateAction succeeded: charId=3294, actionId=23, goalId=196, state=2
2026-07-02 04:36:10.4832|INFO|Worker0|AdaptableLog|[TaiwuRemoveAILimitation]: CreateAction succeeded: charId=2595, actionId=15, goalId=273, state=2
2026-07-02 04:36:10.4832|INFO|Worker30|AdaptableLog|[TaiwuRemoveAILimitation]: CreateAction failed: charId=13621, actionId=17, goalId=241, state=2
2026-07-02 04:36:10.4832|INFO|Worker25|AdaptableLog|[TaiwuRemoveAILimitation]: CreateAction succeeded: charId=1268, actionId=23, goalId=195, state=2
2026-07-02 04:36:10.4832|INFO|Worker29|AdaptableLog|[TaiwuRemoveAILimitation]: CreateAction succeeded: charId=243, actionId=21, goalId=238, state=2
2026-07-02 04:36:10.4832|INFO|Worker20|AdaptableLog|[TaiwuRemoveAILimitation]: CreateAction failed: charId=3423, actionId=17, goalId=273, state=2
2026-07-02 04:36:10.4832|INFO|Worker29|AdaptableLog|[TaiwuRemoveAILimitation]: CreateAction succeeded: charId=219, actionId=19, goalId=273, state=2
2026-07-02 04:36:10.4832|INFO|Worker11|AdaptableLog|[TaiwuRemoveAILimitation]: CreateAction succeeded: charId=1690, actionId=21, goalId=194, state=2
2026-07-02 04:36:10.4832|INFO|Worker10|AdaptableLog|[TaiwuRemoveAILimitation]: CreateAction failed: charId=2342, actionId=17, goalId=241, state=2
2026-07-02 04:36:10.4832|INFO|Worker26|AdaptableLog|[TaiwuRemoveAILimitation]: CreateAction succeeded: charId=1347, actionId=15, goalId=273, state=2
2026-07-02 04:36:10.4832|INFO|Worker29|AdaptableLog|[TaiwuRemoveAILimitation]: CreateAction succeeded: charId=172, actionId=22, goalId=273, state=2
2026-07-02 04:36:10.4832|INFO|Worker28|AdaptableLog|[TaiwuRemoveAILimitation]: CreateAction succeeded: charId=5390, actionId=14, goalId=191, state=2
2026-07-02 04:36:10.4832|INFO|Worker22|AdaptableLog|[TaiwuRemoveAILimitation]: CreateAction succeeded: charId=4492, actionId=14, goalId=193, state=2
2026-07-02 04:36:10.4832|INFO|Worker16|AdaptableLog|[TaiwuRemoveAILimitation]: CreateAction failed: charId=3799, actionId=22, goalId=273, state=2
2026-07-02 04:36:10.4832|INFO|Worker13|AdaptableLog|[TaiwuRemoveAILimitation]: CreateAction succeeded: charId=5214, actionId=15, goalId=196, state=2
2026-07-02 04:36:10.4832|INFO|Worker3|AdaptableLog|[TaiwuRemoveAILimitation]: CreateAction succeeded: charId=878, actionId=16, goalId=192, state=2
2026-07-02 04:36:10.4832|INFO|Worker20|AdaptableLog|[TaiwuRemoveAILimitation]: CreateAction succeeded: charId=8413, actionId=16, goalId=190, state=2
2026-07-02 04:36:10.4832|INFO|Worker18|AdaptableLog|[TaiwuRemoveAILimitation]: CreateAction succeeded: charId=4973, actionId=20, goalId=241, state=2
2026-07-02 04:36:10.4832|INFO|Worker11|AdaptableLog|[TaiwuRemoveAILimitation]: CreateAction succeeded: charId=33, actionId=22, goalId=238, state=2
2026-07-02 04:36:10.4832|INFO|Worker12|AdaptableLog|[TaiwuRemoveAILimitation]: CreateAction succeeded: charId=922, actionId=23, goalId=195, state=2
2026-07-02 04:36:10.4832|INFO|Worker16|AdaptableLog|[TaiwuRemoveAILimitation]: CreateAction failed: charId=3799, actionId=17, goalId=238, state=2
2026-07-02 04:36:10.4832|INFO|Worker5|AdaptableLog|[TaiwuRemoveAILimitation]: CreateAction succeeded: charId=3047, actionId=16, goalId=238, state=2
2026-07-02 04:36:10.4832|INFO|Worker29|AdaptableLog|[TaiwuRemoveAILimitation]: CreateAction failed: charId=216, actionId=21, goalId=273, state=2
2026-07-02 04:36:10.4832|INFO|Worker16|AdaptableLog|[TaiwuRemoveAILimitation]: CreateAction failed: charId=3799, actionId=23, goalId=238, state=2
2026-07-02 04:36:10.4832|INFO|Worker26|AdaptableLog|[TaiwuRemoveAILimitation]: CreateAction succeeded: charId=1404, actionId=15, goalId=238, state=2
2026-07-02 04:36:10.4974|INFO|Worker18|AdaptableLog|[TaiwuRemoveAILimitation]: CreateAction succeeded: charId=7855, actionId=22, goalId=241, state=2
2026-07-02 04:36:10.4974|INFO|Worker16|AdaptableLog|[TaiwuRemoveAILimitation]: CreateAction failed: charId=3799, actionId=17, goalId=238, state=2
2026-07-02 04:36:10.4974|INFO|Worker28|AdaptableLog|[TaiwuRemoveAILimitation]: CreateAction failed: charId=10640, actionId=18, goalId=238, state=2
2026-07-02 04:36:10.4974|INFO|Worker26|AdaptableLog|[TaiwuRemoveAILimitation]: CreateAction succeeded: charId=1401, actionId=15, goalId=196, state=2
2026-07-02 04:36:10.4974|INFO|Worker21|AdaptableLog|[TaiwuRemoveAILimitation]: CreateAction succeeded: charId=2247, actionId=14, goalId=238, state=2
2026-07-02 04:36:10.4974|INFO|Worker16|AdaptableLog|[TaiwuRemoveAILimitation]: CreateAction succeeded: charId=3799, actionId=22, goalId=238, state=2
2026-07-02 04:36:10.4974|INFO|Worker18|AdaptableLog|[TaiwuRemoveAILimitation]: CreateAction failed: charId=4957, actionId=21, goalId=238, state=2
2026-07-02 04:36:10.4974|INFO|Worker8|AdaptableLog|[TaiwuRemoveAILimitation]: CreateAction succeeded: charId=2474, actionId=17, goalId=183, state=2
2026-07-02 04:36:10.4974|INFO|Worker7|AdaptableLog|[TaiwuRemoveAILimitation]: CreateAction failed: charId=572, actionId=18, goalId=238, state=2
2026-07-02 04:36:10.4974|INFO|Worker9|AdaptableLog|[TaiwuRemoveAILimitation]: CreateAction succeeded: charId=4042, actionId=16, goalId=187, state=2
2026-07-02 04:36:10.4974|INFO|Worker7|AdaptableLog|[TaiwuRemoveAILimitation]: CreateAction succeeded: charId=572, actionId=18, goalId=238, state=2
2026-07-02 04:36:10.4974|INFO|Worker4|AdaptableLog|[TaiwuRemoveAILimitation]: CreateAction succeeded: charId=2974, actionId=18, goalId=238, state=2
2026-07-02 04:36:10.4974|INFO|Worker30|AdaptableLog|[TaiwuRemoveAILimitation]: CreateAction failed: charId=13882, actionId=14, goalId=241, state=2
2026-07-02 04:36:10.4974|INFO|Worker28|AdaptableLog|[TaiwuRemoveAILimitation]: CreateAction succeeded: charId=9789, actionId=14, goalId=191, state=2
2026-07-02 04:36:10.4974|INFO|Worker26|AdaptableLog|[TaiwuRemoveAILimitation]: CreateAction succeeded: charId=1365, actionId=15, goalId=238, state=2
2026-07-02 04:36:10.4974|INFO|Worker16|AdaptableLog|[TaiwuRemoveAILimitation]: CreateAction succeeded: charId=3816, actionId=21, goalId=273, state=2
2026-07-02 04:36:10.4974|INFO|Worker18|AdaptableLog|[TaiwuRemoveAILimitation]: CreateAction failed: charId=4957, actionId=23, goalId=238, state=2
2026-07-02 04:36:10.4974|INFO|Worker24|AdaptableLog|[TaiwuRemoveAILimitation]: CreateAction succeeded: charId=3587, actionId=14, goalId=238, state=2
2026-07-02 04:36:10.4974|INFO|Worker20|AdaptableLog|[TaiwuRemoveAILimitation]: CreateAction failed: charId=7318, actionId=22, goalId=238, state=2
2026-07-02 04:36:10.4974|INFO|Worker14|AdaptableLog|[TaiwuRemoveAILimitation]: CreateAction succeeded: charId=149, actionId=17, goalId=193, state=2
2026-07-02 04:36:10.4974|INFO|Worker0|AdaptableLog|[TaiwuRemoveAILimitation]: CreateAction succeeded: charId=2618, actionId=18, goalId=273, state=2
2026-07-02 04:36:10.4974|INFO|Worker26|AdaptableLog|[TaiwuRemoveAILimitation]: CreateAction succeeded: charId=1405, actionId=15, goalId=5, state=2
2026-07-02 04:36:10.4974|INFO|Worker18|AdaptableLog|[TaiwuRemoveAILimitation]: CreateAction succeeded: charId=4969, actionId=20, goalId=238, state=2
2026-07-02 04:36:10.4974|INFO|Worker21|AdaptableLog|[TaiwuRemoveAILimitation]: CreateAction failed: charId=8606, actionId=14, goalId=8, state=2
2026-07-02 04:36:10.4974|INFO|Worker20|AdaptableLog|[TaiwuRemoveAILimitation]: CreateAction succeeded: charId=7318, actionId=23, goalId=238, state=2
2026-07-02 04:36:10.4974|INFO|Worker12|AdaptableLog|[TaiwuRemoveAILimitation]: CreateAction failed: charId=875, actionId=20, goalId=238, state=2
2026-07-02 04:36:10.4974|INFO|Worker17|AdaptableLog|[TaiwuRemoveAILimitation]: CreateAction succeeded: charId=274, actionId=16, goalId=192, state=2
2026-07-02 04:36:10.4974|INFO|Worker18|AdaptableLog|[TaiwuRemoveAILimitation]: CreateAction succeeded: charId=5002, actionId=21, goalId=273, state=2
2026-07-02 04:36:10.4974|INFO|Worker8|AdaptableLog|[TaiwuRemoveAILimitation]: CreateAction succeeded: charId=2467, actionId=16, goalId=238, state=2
2026-07-02 04:36:10.4974|INFO|Worker14|AdaptableLog|[TaiwuRemoveAILimitation]: CreateAction succeeded: charId=3693, actionId=21, goalId=238, state=2
2026-07-02 04:36:10.4974|INFO|Worker12|AdaptableLog|[TaiwuRemoveAILimitation]: CreateAction failed: charId=875, actionId=19, goalId=238, state=2
2026-07-02 04:36:10.4974|INFO|Worker16|AdaptableLog|[TaiwuRemoveAILimitation]: CreateAction succeeded: charId=3826, actionId=16, goalId=273, state=2
2026-07-02 04:36:10.4974|INFO|Worker30|AdaptableLog|[TaiwuRemoveAILimitation]: CreateAction failed: charId=3133, actionId=20, goalId=190, state=2
2026-07-02 04:36:10.4974|INFO|Worker12|AdaptableLog|[TaiwuRemoveAILimitation]: CreateAction failed: charId=875, actionId=21, goalId=193, state=2
2026-07-02 04:36:10.4974|INFO|Worker13|AdaptableLog|[TaiwuRemoveAILimitation]: CreateAction succeeded: charId=5608, actionId=22, goalId=195, state=2
2026-07-02 04:36:10.4974|INFO|Worker18|AdaptableLog|[TaiwuRemoveAILimitation]: CreateAction succeeded: charId=4952, actionId=22, goalId=238, state=2
2026-07-02 04:36:10.4974|INFO|Worker20|AdaptableLog|[TaiwuRemoveAILimitation]: CreateAction succeeded: charId=3385, actionId=14, goalId=238, state=2
2026-07-02 04:36:10.4974|INFO|Worker16|AdaptableLog|[TaiwuRemoveAILimitation]: CreateAction succeeded: charId=3929, actionId=20, goalId=273, state=2
2026-07-02 04:36:10.4974|INFO|Worker2|AdaptableLog|[TaiwuRemoveAILimitation]: CreateAction succeeded: charId=5747, actionId=23, goalId=238, state=2
2026-07-02 04:36:10.4974|INFO|Worker13|AdaptableLog|[TaiwuRemoveAILimitation]: CreateAction failed: charId=5653, actionId=14, goalId=238, state=2
2026-07-02 04:36:10.4974|INFO|Worker12|AdaptableLog|[TaiwuRemoveAILimitation]: CreateAction succeeded: charId=875, actionId=21, goalId=196, state=2
2026-07-02 04:36:10.4974|INFO|Worker28|AdaptableLog|[TaiwuRemoveAILimitation]: CreateAction failed: charId=9790, actionId=14, goalId=192, state=2
2026-07-02 04:36:10.4974|INFO|Worker26|AdaptableLog|[TaiwuRemoveAILimitation]: CreateAction succeeded: charId=1360, actionId=15, goalId=238, state=2
2026-07-02 04:36:10.4974|INFO|Worker18|AdaptableLog|[TaiwuRemoveAILimitation]: CreateAction failed: charId=4948, actionId=21, goalId=238, state=2
2026-07-02 04:36:10.4974|INFO|Worker2|AdaptableLog|[TaiwuRemoveAILimitation]: CreateAction succeeded: charId=11094, actionId=22, goalId=238, state=2
2026-07-02 04:36:10.4974|INFO|Worker13|AdaptableLog|[TaiwuRemoveAILimitation]: CreateAction failed: charId=5653, actionId=15, goalId=238, state=2
2026-07-02 04:36:10.4974|INFO|Worker30|AdaptableLog|[TaiwuRemoveAILimitation]: CreateAction failed: charId=3133, actionId=22, goalId=191, state=2
2026-07-02 04:36:10.4974|INFO|Worker21|AdaptableLog|[TaiwuRemoveAILimitation]: CreateAction succeeded: charId=10041, actionId=14, goalId=8, state=2
2026-07-02 04:36:10.4974|INFO|Worker28|AdaptableLog|[TaiwuRemoveAILimitation]: CreateAction succeeded: charId=9790, actionId=14, goalId=193, state=2
2026-07-02 04:36:10.4974|INFO|Worker20|AdaptableLog|[TaiwuRemoveAILimitation]: CreateAction succeeded: charId=3415, actionId=14, goalId=273, state=2
2026-07-02 04:36:10.4974|INFO|Worker26|AdaptableLog|[TaiwuRemoveAILimitation]: CreateAction succeeded: charId=1388, actionId=15, goalId=5, state=2
2026-07-02 04:36:10.4974|INFO|Worker16|AdaptableLog|[TaiwuRemoveAILimitation]: CreateAction succeeded: charId=3801, actionId=16, goalId=273, state=2
2026-07-02 04:36:10.4974|INFO|Worker13|AdaptableLog|[TaiwuRemoveAILimitation]: CreateAction failed: charId=5653, actionId=17, goalId=194, state=2
2026-07-02 04:36:10.4974|INFO|Worker28|AdaptableLog|[TaiwuRemoveAILimitation]: CreateAction succeeded: charId=8595, actionId=18, goalId=238, state=2
2026-07-02 04:36:10.4974|INFO|Worker29|AdaptableLog|[TaiwuRemoveAILimitation]: CreateAction succeeded: charId=171, actionId=22, goalId=238, state=2
2026-07-02 04:36:10.4974|INFO|Worker30|AdaptableLog|[TaiwuRemoveAILimitation]: CreateAction failed: charId=12549, actionId=16, goalId=273, state=2
2026-07-02 04:36:10.4974|INFO|Worker16|AdaptableLog|[TaiwuRemoveAILimitation]: CreateAction failed: charId=3811, actionId=22, goalId=273, state=2
2026-07-02 04:36:10.4974|INFO|Worker29|AdaptableLog|[TaiwuRemoveAILimitation]: CreateAction failed: charId=231, actionId=19, goalId=273, state=2
2026-07-02 04:36:10.4974|INFO|Worker2|AdaptableLog|[TaiwuRemoveAILimitation]: CreateAction failed: charId=9053, actionId=20, goalId=238, state=2
2026-07-02 04:36:10.4974|INFO|Worker1|AdaptableLog|[TaiwuRemoveAILimitation]: CreateAction succeeded: charId=2831, actionId=22, goalId=273, state=2
2026-07-02 04:36:10.4974|INFO|Worker2|AdaptableLog|[TaiwuRemoveAILimitation]: CreateAction succeeded: charId=9053, actionId=20, goalId=238, state=2
2026-07-02 04:36:10.4974|INFO|Worker18|AdaptableLog|[TaiwuRemoveAILimitation]: CreateAction succeeded: charId=4990, actionId=23, goalId=241, state=2
2026-07-02 04:36:10.4974|INFO|Worker26|AdaptableLog|[TaiwuRemoveAILimitation]: CreateAction succeeded: charId=1361, actionId=15, goalId=238, state=2
2026-07-02 04:36:10.4974|INFO|Worker1|AdaptableLog|[TaiwuRemoveAILimitation]: CreateAction succeeded: charId=2944, actionId=14, goalId=196, state=2
2026-07-02 04:36:10.4974|INFO|Worker0|AdaptableLog|[TaiwuRemoveAILimitation]: CreateAction succeeded: charId=2639, actionId=16, goalId=238, state=2
2026-07-02 04:36:10.4974|INFO|Worker15|AdaptableLog|[TaiwuRemoveAILimitation]: CreateAction succeeded: charId=4693, actionId=15, goalId=195, state=2
2026-07-02 04:36:10.4974|INFO|Worker13|AdaptableLog|[TaiwuRemoveAILimitation]: CreateAction succeeded: charId=2511, actionId=21, goalId=273, state=2
2026-07-02 04:36:10.4974|INFO|Worker26|AdaptableLog|[TaiwuRemoveAILimitation]: CreateAction succeeded: charId=1362, actionId=15, goalId=238, state=2
2026-07-02 04:36:10.5166|INFO|Worker30|AdaptableLog|[TaiwuRemoveAILimitation]: CreateAction failed: charId=12379, actionId=17, goalId=273, state=2
2026-07-02 04:36:10.5166|INFO|Worker29|AdaptableLog|[TaiwuRemoveAILimitation]: CreateAction failed: charId=220, actionId=19, goalId=273, state=2
2026-07-02 04:36:10.5166|INFO|Worker0|AdaptableLog|[TaiwuRemoveAILimitation]: CreateAction succeeded: charId=2631, actionId=14, goalId=273, state=2
2026-07-02 04:36:10.5166|INFO|Worker20|AdaptableLog|[TaiwuRemoveAILimitation]: CreateAction succeeded: charId=3451, actionId=15, goalId=238, state=2
2026-07-02 04:36:10.5166|INFO|Worker28|AdaptableLog|[TaiwuRemoveAILimitation]: CreateAction succeeded: charId=7575, actionId=18, goalId=238, state=2
2026-07-02 04:36:10.5166|INFO|Worker16|AdaptableLog|[TaiwuRemoveAILimitation]: CreateAction succeeded: charId=3811, actionId=17, goalId=238, state=2
2026-07-02 04:36:10.5166|INFO|Worker2|AdaptableLog|[TaiwuRemoveAILimitation]: CreateAction succeeded: charId=9741, actionId=14, goalId=241, state=2
2026-07-02 04:36:10.5166|INFO|Worker30|AdaptableLog|[TaiwuRemoveAILimitation]: CreateAction failed: charId=12379, actionId=17, goalId=194, state=2
2026-07-02 04:36:10.5166|INFO|Worker26|AdaptableLog|[TaiwuRemoveAILimitation]: CreateAction succeeded: charId=1370, actionId=15, goalId=195, state=2
2026-07-02 04:36:10.5166|INFO|Worker0|AdaptableLog|[TaiwuRemoveAILimitation]: CreateAction succeeded: charId=2628, actionId=18, goalId=273, state=2
2026-07-02 04:36:10.5166|INFO|Worker26|AdaptableLog|[TaiwuRemoveAILimitation]: CreateAction succeeded: charId=7825, actionId=15, goalId=191, state=2
2026-07-02 04:36:10.5166|INFO|Worker0|AdaptableLog|[TaiwuRemoveAILimitation]: CreateAction succeeded: charId=2626, actionId=14, goalId=238, state=2
2026-07-02 04:36:10.5166|INFO|Worker30|AdaptableLog|[TaiwuRemoveAILimitation]: CreateAction failed: charId=12379, actionId=17, goalId=192, state=2
2026-07-02 04:36:10.5166|INFO|Worker21|AdaptableLog|[TaiwuRemoveAILimitation]: CreateAction succeeded: charId=8930, actionId=15, goalId=8, state=2
2026-07-02 04:36:10.5166|INFO|Worker16|AdaptableLog|[TaiwuRemoveAILimitation]: CreateAction succeeded: charId=3831, actionId=16, goalId=273, state=2
2026-07-02 04:36:10.5166|INFO|Worker0|AdaptableLog|[TaiwuRemoveAILimitation]: CreateAction succeeded: charId=8173, actionId=15, goalId=238, state=2
2026-07-02 04:36:10.5166|INFO|Worker20|AdaptableLog|[TaiwuRemoveAILimitation]: CreateAction succeeded: charId=3453, actionId=17, goalId=238, state=2
2026-07-02 04:36:10.5166|INFO|Worker28|AdaptableLog|[TaiwuRemoveAILimitation]: CreateAction succeeded: charId=6904, actionId=14, goalId=192, state=2
2026-07-02 04:36:10.5166|INFO|Worker26|AdaptableLog|[TaiwuRemoveAILimitation]: CreateAction succeeded: charId=1350, actionId=15, goalId=238, state=2
2026-07-02 04:36:10.5166|INFO|Worker21|AdaptableLog|[TaiwuRemoveAILimitation]: CreateAction failed: charId=8325, actionId=18, goalId=238, state=2
2026-07-02 04:36:10.5166|INFO|Worker0|AdaptableLog|[TaiwuRemoveAILimitation]: CreateAction succeeded: charId=6999, actionId=16, goalId=238, state=2
2026-07-02 04:36:10.5166|INFO|Worker21|AdaptableLog|[TaiwuRemoveAILimitation]: CreateAction failed: charId=8325, actionId=18, goalId=198, state=2
2026-07-02 04:36:10.5166|INFO|Worker20|AdaptableLog|[TaiwuRemoveAILimitation]: CreateAction succeeded: charId=7317, actionId=15, goalId=238, state=2
2026-07-02 04:36:10.5166|INFO|Worker29|AdaptableLog|[TaiwuRemoveAILimitation]: CreateAction succeeded: charId=232, actionId=22, goalId=238, state=2
2026-07-02 04:36:10.5166|INFO|Worker28|AdaptableLog|[TaiwuRemoveAILimitation]: CreateAction failed: charId=5391, actionId=18, goalId=238, state=2
2026-07-02 04:36:10.5166|INFO|Worker2|AdaptableLog|[TaiwuRemoveAILimitation]: CreateAction succeeded: charId=5784, actionId=21, goalId=241, state=2
2026-07-02 04:36:10.5166|INFO|Worker1|AdaptableLog|[TaiwuRemoveAILimitation]: CreateAction failed: charId=9694, actionId=18, goalId=192, state=2
2026-07-02 04:36:10.5166|INFO|Worker30|AdaptableLog|[TaiwuRemoveAILimitation]: CreateAction failed: charId=13362, actionId=23, goalId=241, state=2
2026-07-02 04:36:10.5166|INFO|Worker28|AdaptableLog|[TaiwuRemoveAILimitation]: CreateAction failed: charId=5354, actionId=14, goalId=273, state=2
2026-07-02 04:36:10.5166|INFO|Worker1|AdaptableLog|[TaiwuRemoveAILimitation]: CreateAction failed: charId=9694, actionId=18, goalId=193, state=2
2026-07-02 04:36:10.5166|INFO|Worker28|AdaptableLog|[TaiwuRemoveAILimitation]: CreateAction failed: charId=5354, actionId=18, goalId=191, state=2
2026-07-02 04:36:10.5166|INFO|Worker30|AdaptableLog|[TaiwuRemoveAILimitation]: CreateAction failed: charId=13033, actionId=17, goalId=273, state=2
2026-07-02 04:36:10.5166|INFO|Worker26|AdaptableLog|[TaiwuRemoveAILimitation]: CreateAction succeeded: charId=1432, actionId=15, goalId=199, state=2
2026-07-02 04:36:10.5166|INFO|Worker29|AdaptableLog|[TaiwuRemoveAILimitation]: CreateAction succeeded: charId=215, actionId=21, goalId=238, state=2
2026-07-02 04:36:10.5166|INFO|Worker18|AdaptableLog|[TaiwuRemoveAILimitation]: CreateAction succeeded: charId=4998, actionId=23, goalId=273, state=2
2026-07-02 04:36:10.5166|INFO|Worker1|AdaptableLog|[TaiwuRemoveAILimitation]: CreateAction succeeded: charId=9694, actionId=18, goalId=194, state=2
2026-07-02 04:36:10.5166|INFO|Worker7|AdaptableLog|[TaiwuRemoveAILimitation]: CreateAction failed: charId=9233, actionId=18, goalId=238, state=2
2026-07-02 04:36:10.5166|INFO|Worker28|AdaptableLog|[TaiwuRemoveAILimitation]: CreateAction succeeded: charId=5354, actionId=14, goalId=192, state=2
2026-07-02 04:36:10.5166|INFO|Worker21|AdaptableLog|[TaiwuRemoveAILimitation]: CreateAction failed: charId=8325, actionId=18, goalId=193, state=2
2026-07-02 04:36:10.5166|INFO|Worker26|AdaptableLog|[TaiwuRemoveAILimitation]: CreateAction succeeded: charId=1364, actionId=15, goalId=5, state=2
2026-07-02 04:36:10.5166|INFO|Worker29|AdaptableLog|[TaiwuRemoveAILimitation]: CreateAction failed: charId=211, actionId=21, goalId=196, state=2
2026-07-02 04:36:10.5166|INFO|Worker28|AdaptableLog|[TaiwuRemoveAILimitation]: CreateAction failed: charId=10741, actionId=18, goalId=238, state=2
2026-07-02 04:36:10.5166|INFO|Worker21|AdaptableLog|[TaiwuRemoveAILimitation]: CreateAction failed: charId=2203, actionId=18, goalId=238, state=2
2026-07-02 04:36:10.5166|INFO|Worker2|AdaptableLog|[TaiwuRemoveAILimitation]: CreateAction succeeded: charId=5789, actionId=21, goalId=241, state=2
2026-07-02 04:36:10.5166|INFO|Worker28|AdaptableLog|[TaiwuRemoveAILimitation]: CreateAction succeeded: charId=10741, actionId=18, goalId=238, state=2
2026-07-02 04:36:10.5166|INFO|Worker30|AdaptableLog|[TaiwuRemoveAILimitation]: CreateAction failed: charId=10343, actionId=17, goalId=196, state=2
2026-07-02 04:36:10.5166|INFO|Worker28|AdaptableLog|[TaiwuRemoveAILimitation]: CreateAction succeeded: charId=5387, actionId=14, goalId=193, state=2
2026-07-02 04:36:10.5166|INFO|Worker15|AdaptableLog|[TaiwuRemoveAILimitation]: CreateAction succeeded: charId=4611, actionId=23, goalId=194, state=2
2026-07-02 04:36:10.5166|INFO|Worker18|AdaptableLog|[TaiwuRemoveAILimitation]: CreateAction succeeded: charId=9908, actionId=23, goalId=238, state=2
2026-07-02 04:36:10.5166|INFO|Worker28|AdaptableLog|[TaiwuRemoveAILimitation]: CreateAction succeeded: charId=5351, actionId=14, goalId=238, state=2
2026-07-02 04:36:10.5166|INFO|Worker21|AdaptableLog|[TaiwuRemoveAILimitation]: CreateAction succeeded: charId=2210, actionId=14, goalId=192, state=2
2026-07-02 04:36:10.5166|INFO|Worker28|AdaptableLog|[TaiwuRemoveAILimitation]: CreateAction failed: charId=5370, actionId=14, goalId=273, state=2
2026-07-02 04:36:10.5166|INFO|Worker13|AdaptableLog|[TaiwuRemoveAILimitation]: CreateAction succeeded: charId=94, actionId=17, goalId=192, state=2
2026-07-02 04:36:10.5166|INFO|Worker16|AdaptableLog|[TaiwuRemoveAILimitation]: CreateAction failed: charId=3843, actionId=16, goalId=238, state=2
2026-07-02 04:36:10.5166|INFO|Worker2|AdaptableLog|[TaiwuRemoveAILimitation]: CreateAction succeeded: charId=8433, actionId=23, goalId=241, state=2
2026-07-02 04:36:10.5166|INFO|Worker30|AdaptableLog|[TaiwuRemoveAILimitation]: CreateAction failed: charId=10343, actionId=18, goalId=241, state=2
2026-07-02 04:36:10.5166|INFO|Worker16|AdaptableLog|[TaiwuRemoveAILimitation]: CreateAction failed: charId=3843, actionId=19, goalId=238, state=2
2026-07-02 04:36:10.5292|INFO|Worker28|AdaptableLog|[TaiwuRemoveAILimitation]: CreateAction succeeded: charId=5370, actionId=14, goalId=192, state=2
2026-07-02 04:36:10.5292|INFO|Worker7|AdaptableLog|[TaiwuRemoveAILimitation]: CreateAction succeeded: charId=535, actionId=18, goalId=273, state=2
2026-07-02 04:36:10.5292|INFO|Worker16|AdaptableLog|[TaiwuRemoveAILimitation]: CreateAction failed: charId=3843, actionId=16, goalId=238, state=2
2026-07-02 04:36:10.5292|INFO|Worker16|AdaptableLog|[TaiwuRemoveAILimitation]: CreateAction failed: charId=3843, actionId=19, goalId=238, state=2
2026-07-02 04:36:10.5292|INFO|Worker30|AdaptableLog|[TaiwuRemoveAILimitation]: CreateAction failed: charId=10343, actionId=16, goalId=241, state=2
2026-07-02 04:36:10.5292|INFO|Worker16|AdaptableLog|[TaiwuRemoveAILimitation]: CreateAction failed: charId=3843, actionId=19, goalId=238, state=2
2026-07-02 04:36:10.5292|INFO|Worker16|AdaptableLog|[TaiwuRemoveAILimitation]: CreateAction failed: charId=3843, actionId=16, goalId=238, state=2
2026-07-02 04:36:10.5292|INFO|Worker28|AdaptableLog|[TaiwuRemoveAILimitation]: CreateAction succeeded: charId=5350, actionId=14, goalId=273, state=2
2026-07-02 04:36:10.5292|INFO|Worker30|AdaptableLog|[TaiwuRemoveAILimitation]: CreateAction failed: charId=10343, actionId=19, goalId=191, state=2
2026-07-02 04:36:10.5292|INFO|Worker7|AdaptableLog|[TaiwuRemoveAILimitation]: CreateAction succeeded: charId=547, actionId=18, goalId=273, state=2
2026-07-02 04:36:10.5292|INFO|Worker9|AdaptableLog|[TaiwuRemoveAILimitation]: CreateAction failed: charId=2014, actionId=21, goalId=195, state=2
2026-07-02 04:36:10.5292|INFO|Worker2|AdaptableLog|[TaiwuRemoveAILimitation]: CreateAction failed: charId=10383, actionId=23, goalId=241, state=2
2026-07-02 04:36:10.5292|INFO|Worker28|AdaptableLog|[TaiwuRemoveAILimitation]: CreateAction succeeded: charId=7838, actionId=18, goalId=238, state=2
2026-07-02 04:36:10.5292|INFO|Worker30|AdaptableLog|[TaiwuRemoveAILimitation]: CreateAction failed: charId=10343, actionId=16, goalId=193, state=2
2026-07-02 04:36:10.5292|INFO|Worker26|AdaptableLog|[TaiwuRemoveAILimitation]: CreateAction succeeded: charId=1420, actionId=15, goalId=238, state=2
2026-07-02 04:36:10.5292|INFO|Worker9|AdaptableLog|[TaiwuRemoveAILimitation]: CreateAction succeeded: charId=2014, actionId=19, goalId=196, state=2
2026-07-02 04:36:10.5292|INFO|Worker2|AdaptableLog|[TaiwuRemoveAILimitation]: CreateAction failed: charId=10383, actionId=23, goalId=241, state=2
2026-07-02 04:36:10.5292|INFO|Worker7|AdaptableLog|[TaiwuRemoveAILimitation]: CreateAction succeeded: charId=8732, actionId=18, goalId=238, state=2
2026-07-02 04:36:10.5292|INFO|Worker31|AdaptableLog|[TaiwuRemoveAILimitation]: CreateAction succeeded: charId=988, actionId=21, goalId=196, state=2
2026-07-02 04:36:10.5292|INFO|Worker16|AdaptableLog|[TaiwuRemoveAILimitation]: CreateAction succeeded: charId=8328, actionId=17, goalId=238, state=2
2026-07-02 04:36:10.5292|INFO|Worker29|AdaptableLog|[TaiwuRemoveAILimitation]: CreateAction succeeded: charId=187, actionId=21, goalId=238, state=2
2026-07-02 04:36:10.5292|INFO|Worker2|AdaptableLog|[TaiwuRemoveAILimitation]: CreateAction succeeded: charId=10383, actionId=23, goalId=244, state=2
2026-07-02 04:36:10.5292|INFO|Worker30|AdaptableLog|[TaiwuRemoveAILimitation]: CreateAction failed: charId=8481, actionId=18, goalId=273, state=2
2026-07-02 04:36:10.5292|INFO|Worker16|AdaptableLog|[TaiwuRemoveAILimitation]: CreateAction failed: charId=3830, actionId=16, goalId=238, state=2
2026-07-02 04:36:10.5292|INFO|Worker2|AdaptableLog|[TaiwuRemoveAILimitation]: CreateAction failed: charId=5810, actionId=22, goalId=238, state=2
2026-07-02 04:36:10.5292|INFO|Worker16|AdaptableLog|[TaiwuRemoveAILimitation]: CreateAction failed: charId=3830, actionId=20, goalId=238, state=2
2026-07-02 04:36:10.5292|INFO|Worker2|AdaptableLog|[TaiwuRemoveAILimitation]: CreateAction failed: charId=5810, actionId=22, goalId=238, state=2
2026-07-02 04:36:10.5292|INFO|Worker16|AdaptableLog|[TaiwuRemoveAILimitation]: CreateAction succeeded: charId=3830, actionId=21, goalId=238, state=2
2026-07-02 04:36:10.5292|INFO|Worker2|AdaptableLog|[TaiwuRemoveAILimitation]: CreateAction succeeded: charId=5810, actionId=19, goalId=238, state=2
2026-07-02 04:36:10.5292|INFO|Worker16|AdaptableLog|[TaiwuRemoveAILimitation]: CreateAction succeeded: charId=3815, actionId=23, goalId=273, state=2
2026-07-02 04:36:10.5292|INFO|Worker2|AdaptableLog|[TaiwuRemoveAILimitation]: CreateAction succeeded: charId=5720, actionId=21, goalId=241, state=2
2026-07-02 04:36:10.5292|INFO|Worker0|AdaptableLog|[TaiwuRemoveAILimitation]: CreateAction succeeded: charId=2630, actionId=16, goalId=238, state=2
2026-07-02 04:36:10.5292|INFO|Worker2|AdaptableLog|[TaiwuRemoveAILimitation]: CreateAction succeeded: charId=8655, actionId=19, goalId=238, state=2
2026-07-02 04:36:10.5292|INFO|Worker28|AdaptableLog|[TaiwuRemoveAILimitation]: CreateAction succeeded: charId=5421, actionId=14, goalId=238, state=2
2026-07-02 04:36:10.5292|INFO|Worker16|AdaptableLog|[TaiwuRemoveAILimitation]: CreateAction succeeded: charId=3813, actionId=20, goalId=238, state=2
2026-07-02 04:36:10.5292|INFO|Worker26|AdaptableLog|[TaiwuRemoveAILimitation]: CreateAction succeeded: charId=1400, actionId=15, goalId=238, state=2
2026-07-02 04:36:10.5292|INFO|Worker30|AdaptableLog|[TaiwuRemoveAILimitation]: CreateAction failed: charId=12247, actionId=17, goalId=241, state=2
2026-07-02 04:36:10.5292|INFO|Worker28|AdaptableLog|[TaiwuRemoveAILimitation]: CreateAction succeeded: charId=10137, actionId=14, goalId=238, state=2
2026-07-02 04:36:10.5292|INFO|Worker16|AdaptableLog|[TaiwuRemoveAILimitation]: CreateAction succeeded: charId=3803, actionId=21, goalId=238, state=2
2026-07-02 04:36:10.5292|INFO|Worker26|AdaptableLog|[TaiwuRemoveAILimitation]: CreateAction succeeded: charId=1422, actionId=15, goalId=273, state=2
2026-07-02 04:36:10.5292|INFO|Worker0|AdaptableLog|[TaiwuRemoveAILimitation]: CreateAction failed: charId=2599, actionId=14, goalId=238, state=2
2026-07-02 04:36:10.5292|INFO|Worker21|AdaptableLog|[TaiwuRemoveAILimitation]: CreateAction succeeded: charId=7773, actionId=18, goalId=191, state=2
2026-07-02 04:36:10.5292|INFO|Worker0|AdaptableLog|[TaiwuRemoveAILimitation]: CreateAction succeeded: charId=2599, actionId=18, goalId=238, state=2
2026-07-02 04:36:10.5292|INFO|Worker26|AdaptableLog|[TaiwuRemoveAILimitation]: CreateAction failed: charId=1423, actionId=15, goalId=273, state=2
2026-07-02 04:36:10.5292|INFO|Worker30|AdaptableLog|[TaiwuRemoveAILimitation]: CreateAction failed: charId=11354, actionId=15, goalId=273, state=2
2026-07-02 04:36:10.5292|INFO|Worker15|AdaptableLog|[TaiwuRemoveAILimitation]: CreateAction failed: charId=4606, actionId=15, goalId=273, state=2
2026-07-02 04:36:10.5292|INFO|Worker26|AdaptableLog|[TaiwuRemoveAILimitation]: CreateAction succeeded: charId=1423, actionId=15, goalId=5, state=2
2026-07-02 04:36:10.5292|INFO|Worker18|AdaptableLog|[TaiwuRemoveAILimitation]: CreateAction failed: charId=7666, actionId=20, goalId=238, state=2
2026-07-02 04:36:10.5292|INFO|Worker15|AdaptableLog|[TaiwuRemoveAILimitation]: CreateAction succeeded: charId=4606, actionId=15, goalId=15, state=2
2026-07-02 04:36:10.5292|INFO|Worker0|AdaptableLog|[TaiwuRemoveAILimitation]: CreateAction succeeded: charId=2601, actionId=16, goalId=238, state=2
2026-07-02 04:36:10.5292|INFO|Worker15|AdaptableLog|[TaiwuRemoveAILimitation]: CreateAction succeeded: charId=4622, actionId=23, goalId=241, state=2
2026-07-02 04:36:10.5292|INFO|Worker7|AdaptableLog|[TaiwuRemoveAILimitation]: CreateAction succeeded: charId=546, actionId=18, goalId=273, state=2
2026-07-02 04:36:10.5292|INFO|Worker16|AdaptableLog|[TaiwuRemoveAILimitation]: CreateAction succeeded: charId=10733, actionId=17, goalId=238, state=2
2026-07-02 04:36:10.5292|INFO|Worker9|AdaptableLog|[TaiwuRemoveAILimitation]: CreateAction succeeded: charId=7747, actionId=18, goalId=238, state=2
2026-07-02 04:36:10.5292|INFO|Worker29|AdaptableLog|[TaiwuRemoveAILimitation]: CreateAction failed: charId=235, actionId=19, goalId=192, state=2
2026-07-02 04:36:10.5292|INFO|Worker7|AdaptableLog|[TaiwuRemoveAILimitation]: CreateAction failed: charId=588, actionId=18, goalId=238, state=2
2026-07-02 04:36:10.5292|INFO|Worker29|AdaptableLog|[TaiwuRemoveAILimitation]: CreateAction succeeded: charId=235, actionId=19, goalId=193, state=2
2026-07-02 04:36:10.5292|INFO|Worker0|AdaptableLog|[TaiwuRemoveAILimitation]: CreateAction succeeded: charId=2629, actionId=15, goalId=273, state=2
2026-07-02 04:36:10.5292|INFO|Worker28|AdaptableLog|[TaiwuRemoveAILimitation]: CreateAction succeeded: charId=5382, actionId=14, goalId=193, state=2
2026-07-02 04:36:10.5292|INFO|Worker0|AdaptableLog|[TaiwuRemoveAILimitation]: CreateAction succeeded: charId=8172, actionId=16, goalId=238, state=2
2026-07-02 04:36:10.5292|INFO|Worker18|AdaptableLog|[TaiwuRemoveAILimitation]: CreateAction succeeded: charId=4950, actionId=19, goalId=238, state=2
2026-07-02 04:36:10.5292|INFO|Worker26|AdaptableLog|[TaiwuRemoveAILimitation]: CreateAction succeeded: charId=472, actionId=16, goalId=192, state=2
2026-07-02 04:36:10.5292|INFO|Worker28|AdaptableLog|[TaiwuRemoveAILimitation]: CreateAction succeeded: charId=5384, actionId=18, goalId=238, state=2
2026-07-02 04:36:10.5292|INFO|Worker30|AdaptableLog|[TaiwuRemoveAILimitation]: CreateAction succeeded: charId=14519, actionId=16, goalId=238, state=2
2026-07-02 04:36:10.5292|INFO|Worker28|AdaptableLog|[TaiwuRemoveAILimitation]: CreateAction succeeded: charId=5386, actionId=14, goalId=192, state=2
2026-07-02 04:36:10.5292|INFO|Worker4|AdaptableLog|[TaiwuRemoveAILimitation]: CreateAction succeeded: charId=2965, actionId=14, goalId=238, state=2
2026-07-02 04:36:10.5292|INFO|Worker18|AdaptableLog|[TaiwuRemoveAILimitation]: CreateAction succeeded: charId=4975, actionId=21, goalId=244, state=2
2026-07-02 04:36:10.5292|INFO|Worker31|AdaptableLog|[TaiwuRemoveAILimitation]: CreateAction failed: charId=978, actionId=23, goalId=273, state=2
2026-07-02 04:36:10.5292|INFO|Worker2|AdaptableLog|[TaiwuRemoveAILimitation]: CreateAction succeeded: charId=5802, actionId=20, goalId=241, state=2
2026-07-02 04:36:10.5292|INFO|Worker29|AdaptableLog|[TaiwuRemoveAILimitation]: CreateAction succeeded: charId=221, actionId=21, goalId=238, state=2
2026-07-02 04:36:10.5292|INFO|Worker28|AdaptableLog|[TaiwuRemoveAILimitation]: CreateAction succeeded: charId=5441, actionId=18, goalId=191, state=2
2026-07-02 04:36:10.5440|INFO|Worker0|AdaptableLog|[TaiwuRemoveAILimitation]: CreateAction succeeded: charId=2623, actionId=16, goalId=273, state=2
2026-07-02 04:36:10.5440|INFO|Worker2|AdaptableLog|[TaiwuRemoveAILimitation]: CreateAction succeeded: charId=7835, actionId=21, goalId=238, state=2
2026-07-02 04:36:10.5440|INFO|Worker31|AdaptableLog|[TaiwuRemoveAILimitation]: CreateAction succeeded: charId=978, actionId=23, goalId=241, state=2
2026-07-02 04:36:10.5440|INFO|Worker29|AdaptableLog|[TaiwuRemoveAILimitation]: CreateAction succeeded: charId=200, actionId=21, goalId=273, state=2
2026-07-02 04:36:10.5440|INFO|Worker7|AdaptableLog|[TaiwuRemoveAILimitation]: CreateAction succeeded: charId=7527, actionId=18, goalId=238, state=2
2026-07-02 04:36:10.5440|INFO|Worker18|AdaptableLog|[TaiwuRemoveAILimitation]: CreateAction succeeded: charId=4971, actionId=20, goalId=241, state=2
2026-07-02 04:36:10.5440|INFO|Worker9|AdaptableLog|[TaiwuRemoveAILimitation]: CreateAction succeeded: charId=1797, actionId=20, goalId=193, state=2
2026-07-02 04:36:10.5440|INFO|Worker21|AdaptableLog|[TaiwuRemoveAILimitation]: CreateAction succeeded: charId=2207, actionId=15, goalId=195, state=2
2026-07-02 04:36:10.5440|INFO|Worker30|AdaptableLog|[TaiwuRemoveAILimitation]: CreateAction failed: charId=11718, actionId=14, goalId=238, state=2
2026-07-02 04:36:10.5440|INFO|Worker29|AdaptableLog|[TaiwuRemoveAILimitation]: CreateAction succeeded: charId=240, actionId=21, goalId=238, state=2
2026-07-02 04:36:10.5440|INFO|Worker0|AdaptableLog|[TaiwuRemoveAILimitation]: CreateAction succeeded: charId=2606, actionId=18, goalId=273, state=2
2026-07-02 04:36:10.5440|INFO|Worker21|AdaptableLog|[TaiwuRemoveAILimitation]: CreateAction succeeded: charId=9857, actionId=18, goalId=192, state=2
2026-07-02 04:36:10.5440|INFO|Worker18|AdaptableLog|[TaiwuRemoveAILimitation]: CreateAction failed: charId=4965, actionId=23, goalId=238, state=2
2026-07-02 04:36:10.5440|INFO|Worker21|AdaptableLog|[TaiwuRemoveAILimitation]: CreateAction succeeded: charId=7770, actionId=18, goalId=190, state=2
2026-07-02 04:36:10.5440|INFO|Worker31|AdaptableLog|[TaiwuRemoveAILimitation]: CreateAction succeeded: charId=985, actionId=17, goalId=193, state=2
2026-07-02 04:36:10.5440|INFO|Worker2|AdaptableLog|[TaiwuRemoveAILimitation]: CreateAction succeeded: charId=7377, actionId=20, goalId=238, state=2
2026-07-02 04:36:10.5440|INFO|Worker28|AdaptableLog|[TaiwuRemoveAILimitation]: CreateAction failed: charId=7654, actionId=18, goalId=197, state=2
2026-07-02 04:36:10.5440|INFO|Worker29|AdaptableLog|[TaiwuRemoveAILimitation]: CreateAction failed: charId=280, actionId=14, goalId=193, state=2
2026-07-02 04:36:10.5440|INFO|Worker29|AdaptableLog|[TaiwuRemoveAILimitation]: CreateAction succeeded: charId=280, actionId=15, goalId=195, state=2
2026-07-02 04:36:10.5440|INFO|Worker18|AdaptableLog|[TaiwuRemoveAILimitation]: CreateAction succeeded: charId=4994, actionId=20, goalId=238, state=2
2026-07-02 04:36:10.5440|INFO|Worker28|AdaptableLog|[TaiwuRemoveAILimitation]: CreateAction failed: charId=5403, actionId=18, goalId=273, state=2
2026-07-02 04:36:10.5440|INFO|Worker18|AdaptableLog|[TaiwuRemoveAILimitation]: CreateAction succeeded: charId=7661, actionId=23, goalId=241, state=2
2026-07-02 04:36:10.5440|INFO|Worker18|AdaptableLog|[TaiwuRemoveAILimitation]: CreateAction failed: charId=8527, actionId=23, goalId=238, state=2
2026-07-02 04:36:10.5440|INFO|Worker2|AdaptableLog|[TaiwuRemoveAILimitation]: CreateAction succeeded: charId=5721, actionId=19, goalId=238, state=2
2026-07-02 04:36:10.5440|INFO|Worker21|AdaptableLog|[TaiwuRemoveAILimitation]: CreateAction succeeded: charId=2186, actionId=14, goalId=273, state=2
2026-07-02 04:36:10.5440|INFO|Worker2|AdaptableLog|[TaiwuRemoveAILimitation]: CreateAction failed: charId=5756, actionId=15, goalId=273, state=2
2026-07-02 04:36:10.5440|INFO|Worker28|AdaptableLog|[TaiwuRemoveAILimitation]: CreateAction succeeded: charId=8197, actionId=18, goalId=238, state=2
2026-07-02 04:36:10.5440|INFO|Worker21|AdaptableLog|[TaiwuRemoveAILimitation]: CreateAction succeeded: charId=2218, actionId=14, goalId=273, state=2
2026-07-02 04:36:10.5440|INFO|Worker29|AdaptableLog|[TaiwuRemoveAILimitation]: CreateAction succeeded: charId=277, actionId=17, goalId=192, state=2
2026-07-02 04:36:10.5440|INFO|Worker2|AdaptableLog|[TaiwuRemoveAILimitation]: CreateAction succeeded: charId=5756, actionId=14, goalId=195, state=2
2026-07-02 04:36:10.5440|INFO|Worker21|AdaptableLog|[TaiwuRemoveAILimitation]: CreateAction succeeded: charId=2196, actionId=15, goalId=8, state=2
2026-07-02 04:36:10.5440|INFO|Worker31|AdaptableLog|[TaiwuRemoveAILimitation]: CreateAction succeeded: charId=994, actionId=17, goalId=196, state=2
2026-07-02 04:36:10.5440|INFO|Worker7|AdaptableLog|[TaiwuRemoveAILimitation]: CreateAction failed: charId=11293, actionId=18, goalId=238, state=2
2026-07-02 04:36:10.5440|INFO|Worker16|AdaptableLog|[TaiwuRemoveAILimitation]: CreateAction succeeded: charId=3643, actionId=14, goalId=241, state=2
2026-07-02 04:36:10.5440|INFO|Worker2|AdaptableLog|[TaiwuRemoveAILimitation]: CreateAction succeeded: charId=5727, actionId=21, goalId=238, state=2
2026-07-02 04:36:10.5440|INFO|Worker4|AdaptableLog|[TaiwuRemoveAILimitation]: CreateAction succeeded: charId=4038, actionId=21, goalId=238, state=2
2026-07-02 04:36:10.5440|INFO|Worker18|AdaptableLog|[TaiwuRemoveAILimitation]: CreateAction succeeded: charId=7664, actionId=22, goalId=238, state=2
2026-07-02 04:36:10.5440|INFO|Worker7|AdaptableLog|[TaiwuRemoveAILimitation]: CreateAction succeeded: charId=540, actionId=18, goalId=238, state=2
2026-07-02 04:36:10.5440|INFO|Worker21|AdaptableLog|[TaiwuRemoveAILimitation]: CreateAction failed: charId=2322, actionId=15, goalId=8, state=2
2026-07-02 04:36:10.5440|INFO|Worker7|AdaptableLog|[TaiwuRemoveAILimitation]: CreateAction failed: charId=529, actionId=18, goalId=238, state=2
2026-07-02 04:36:10.5440|INFO|Worker2|AdaptableLog|[TaiwuRemoveAILimitation]: CreateAction succeeded: charId=5755, actionId=20, goalId=241, state=2
2026-07-02 04:36:10.5440|INFO|Worker18|AdaptableLog|[TaiwuRemoveAILimitation]: CreateAction succeeded: charId=4958, actionId=23, goalId=241, state=2
2026-07-02 04:36:10.5593|INFO|Worker16|AdaptableLog|[TaiwuRemoveAILimitation]: CreateAction succeeded: charId=3887, actionId=19, goalId=238, state=2
2026-07-02 04:36:10.5593|INFO|Worker2|AdaptableLog|[TaiwuRemoveAILimitation]: CreateAction succeeded: charId=5733, actionId=15, goalId=273, state=2
2026-07-02 04:36:10.5593|INFO|Worker31|AdaptableLog|[TaiwuRemoveAILimitation]: CreateAction failed: charId=986, actionId=17, goalId=193, state=2
2026-07-02 04:36:10.5593|INFO|Worker31|AdaptableLog|[TaiwuRemoveAILimitation]: CreateAction succeeded: charId=986, actionId=17, goalId=197, state=2
2026-07-02 04:36:10.5593|INFO|Worker21|AdaptableLog|[TaiwuRemoveAILimitation]: CreateAction succeeded: charId=2252, actionId=15, goalId=238, state=2
2026-07-02 04:36:10.5593|INFO|Worker15|AdaptableLog|[TaiwuRemoveAILimitation]: CreateAction failed: charId=4580, actionId=23, goalId=238, state=2
2026-07-02 04:36:10.5593|INFO|Worker15|AdaptableLog|[TaiwuRemoveAILimitation]: CreateAction succeeded: charId=4580, actionId=21, goalId=238, state=2
2026-07-02 04:36:10.5593|INFO|Worker2|AdaptableLog|[TaiwuRemoveAILimitation]: CreateAction failed: charId=5745, actionId=23, goalId=238, state=2
2026-07-02 04:36:10.5593|INFO|Worker21|AdaptableLog|[TaiwuRemoveAILimitation]: CreateAction succeeded: charId=2256, actionId=14, goalId=8, state=2
2026-07-02 04:36:10.5593|INFO|Worker2|AdaptableLog|[TaiwuRemoveAILimitation]: CreateAction succeeded: charId=5745, actionId=15, goalId=238, state=2
2026-07-02 04:36:10.5593|INFO|Worker2|AdaptableLog|[TaiwuRemoveAILimitation]: CreateAction succeeded: charId=5731, actionId=22, goalId=273, state=2
2026-07-02 04:36:10.5593|INFO|Worker21|AdaptableLog|[TaiwuRemoveAILimitation]: CreateAction failed: charId=2226, actionId=14, goalId=273, state=2
2026-07-02 04:36:10.5593|INFO|Worker15|AdaptableLog|[TaiwuRemoveAILimitation]: CreateAction succeeded: charId=4556, actionId=15, goalId=273, state=2
2026-07-02 04:36:10.5593|INFO|Worker29|AdaptableLog|[TaiwuRemoveAILimitation]: CreateAction failed: charId=270, actionId=22, goalId=238, state=2
2026-07-02 04:36:10.5593|INFO|Worker15|AdaptableLog|[TaiwuRemoveAILimitation]: CreateAction succeeded: charId=4601, actionId=21, goalId=273, state=2
2026-07-02 04:36:10.5593|INFO|Worker31|AdaptableLog|[TaiwuRemoveAILimitation]: CreateAction succeeded: charId=992, actionId=17, goalId=192, state=2
2026-07-02 04:36:10.5593|INFO|Worker15|AdaptableLog|[TaiwuRemoveAILimitation]: CreateAction succeeded: charId=4588, actionId=21, goalId=15, state=2
2026-07-02 04:36:10.5593|INFO|Worker2|AdaptableLog|[TaiwuRemoveAILimitation]: CreateAction succeeded: charId=5732, actionId=22, goalId=241, state=2
2026-07-02 04:36:10.5593|INFO|Worker4|AdaptableLog|[TaiwuRemoveAILimitation]: CreateAction failed: charId=2975, actionId=15, goalId=238, state=2
2026-07-02 04:36:10.5593|INFO|Worker4|AdaptableLog|[TaiwuRemoveAILimitation]: CreateAction succeeded: charId=2975, actionId=15, goalId=238, state=2
2026-07-02 04:36:10.5593|INFO|Worker4|AdaptableLog|[TaiwuRemoveAILimitation]: CreateAction succeeded: charId=2976, actionId=16, goalId=238, state=2
2026-07-02 04:36:10.5593|INFO|Worker9|AdaptableLog|[TaiwuRemoveAILimitation]: CreateAction failed: charId=1796, actionId=20, goalId=195, state=2
2026-07-02 04:36:10.5593|INFO|Worker2|AdaptableLog|[TaiwuRemoveAILimitation]: CreateAction failed: charId=5798, actionId=14, goalId=241, state=2
2026-07-02 04:36:10.5593|INFO|Worker4|AdaptableLog|[TaiwuRemoveAILimitation]: CreateAction succeeded: charId=2970, actionId=18, goalId=238, state=2
2026-07-02 04:36:10.5593|INFO|Worker9|AdaptableLog|[TaiwuRemoveAILimitation]: CreateAction failed: charId=1796, actionId=23, goalId=196, state=2
2026-07-02 04:36:10.5593|INFO|Worker31|AdaptableLog|[TaiwuRemoveAILimitation]: CreateAction succeeded: charId=991, actionId=17, goalId=273, state=2
2026-07-02 04:36:10.5593|INFO|Worker2|AdaptableLog|[TaiwuRemoveAILimitation]: CreateAction failed: charId=5798, actionId=14, goalId=241, state=2
2026-07-02 04:36:10.5593|INFO|Worker2|AdaptableLog|[TaiwuRemoveAILimitation]: CreateAction succeeded: charId=5722, actionId=20, goalId=241, state=2
2026-07-02 04:36:10.5593|INFO|Worker2|AdaptableLog|[TaiwuRemoveAILimitation]: CreateAction succeeded: charId=9055, actionId=15, goalId=238, state=2
2026-07-02 04:36:10.5593|INFO|Worker28|AdaptableLog|[TaiwuRemoveAILimitation]: CreateAction succeeded: charId=5299, actionId=19, goalId=238, state=2
2026-07-02 04:36:10.5593|INFO|Worker9|AdaptableLog|[TaiwuRemoveAILimitation]: CreateAction failed: charId=1796, actionId=22, goalId=192, state=2
2026-07-02 04:36:10.5593|INFO|Worker4|AdaptableLog|[TaiwuRemoveAILimitation]: CreateAction succeeded: charId=2963, actionId=14, goalId=273, state=2
2026-07-02 04:36:10.5593|INFO|Worker21|AdaptableLog|[TaiwuRemoveAILimitation]: CreateAction succeeded: charId=2261, actionId=14, goalId=8, state=2
2026-07-02 04:36:10.5593|INFO|Worker4|AdaptableLog|[TaiwuRemoveAILimitation]: CreateAction succeeded: charId=2955, actionId=14, goalId=238, state=2
2026-07-02 04:36:10.5593|INFO|Worker2|AdaptableLog|[TaiwuRemoveAILimitation]: CreateAction succeeded: charId=5738, actionId=19, goalId=241, state=2
2026-07-02 04:36:10.5593|INFO|Worker2|AdaptableLog|[TaiwuRemoveAILimitation]: CreateAction succeeded: charId=5794, actionId=19, goalId=238, state=2
2026-07-02 04:36:10.5593|INFO|Worker28|AdaptableLog|[TaiwuRemoveAILimitation]: CreateAction succeeded: charId=7576, actionId=18, goalId=192, state=2
2026-07-02 04:36:10.5593|INFO|Worker2|AdaptableLog|[TaiwuRemoveAILimitation]: CreateAction succeeded: charId=5760, actionId=19, goalId=241, state=2
2026-07-02 04:36:10.5593|INFO|Worker4|AdaptableLog|[TaiwuRemoveAILimitation]: CreateAction failed: charId=2982, actionId=15, goalId=273, state=2
2026-07-02 04:36:10.5593|INFO|Worker31|AdaptableLog|[TaiwuRemoveAILimitation]: CreateAction succeeded: charId=1000, actionId=19, goalId=273, state=2
2026-07-02 04:36:10.5593|INFO|Worker29|AdaptableLog|[TaiwuRemoveAILimitation]: CreateAction succeeded: charId=328, actionId=14, goalId=196, state=2
2026-07-02 04:36:10.5593|INFO|Worker9|AdaptableLog|[TaiwuRemoveAILimitation]: CreateAction succeeded: charId=7745, actionId=20, goalId=238, state=2
2026-07-02 04:36:10.5593|INFO|Worker2|AdaptableLog|[TaiwuRemoveAILimitation]: CreateAction succeeded: charId=5796, actionId=23, goalId=241, state=2
2026-07-02 04:36:10.5593|INFO|Worker31|AdaptableLog|[TaiwuRemoveAILimitation]: CreateAction failed: charId=968, actionId=21, goalId=195, state=2
2026-07-02 04:36:10.5593|INFO|Worker29|AdaptableLog|[TaiwuRemoveAILimitation]: CreateAction succeeded: charId=5655, actionId=15, goalId=273, state=2
2026-07-02 04:36:10.5593|INFO|Worker29|AdaptableLog|[TaiwuRemoveAILimitation]: CreateAction failed: charId=1925, actionId=17, goalId=194, state=2
2026-07-02 04:36:10.5593|INFO|Worker15|AdaptableLog|[TaiwuRemoveAILimitation]: CreateAction succeeded: charId=4558, actionId=15, goalId=15, state=2
2026-07-02 04:36:10.5593|INFO|Worker29|AdaptableLog|[TaiwuRemoveAILimitation]: CreateAction failed: charId=1925, actionId=17, goalId=193, state=2
2026-07-02 04:36:10.5593|INFO|Worker31|AdaptableLog|[TaiwuRemoveAILimitation]: CreateAction succeeded: charId=968, actionId=19, goalId=191, state=2
2026-07-02 04:36:10.5593|INFO|Worker28|AdaptableLog|[TaiwuRemoveAILimitation]: CreateAction succeeded: charId=5334, actionId=14, goalId=238, state=2
2026-07-02 04:36:10.5593|INFO|Worker31|AdaptableLog|[TaiwuRemoveAILimitation]: CreateAction succeeded: charId=971, actionId=22, goalId=273, state=2
2026-07-02 04:36:10.5593|INFO|Worker4|AdaptableLog|[TaiwuRemoveAILimitation]: CreateAction succeeded: charId=2980, actionId=16, goalId=238, state=2
2026-07-02 04:36:10.5749|INFO|Worker30|AdaptableLog|[TaiwuRemoveAILimitation]: CreateAction failed: charId=10579, actionId=15, goalId=273, state=2
2026-07-02 04:36:10.5749|INFO|Worker4|AdaptableLog|[TaiwuRemoveAILimitation]: CreateAction failed: charId=7150, actionId=15, goalId=273, state=2
2026-07-02 04:36:10.5749|INFO|Worker2|AdaptableLog|[TaiwuRemoveAILimitation]: CreateAction succeeded: charId=8009, actionId=15, goalId=238, state=2
2026-07-02 04:36:10.5749|INFO|Worker4|AdaptableLog|[TaiwuRemoveAILimitation]: CreateAction failed: charId=7150, actionId=14, goalId=238, state=2
2026-07-02 04:36:10.5749|INFO|Worker31|AdaptableLog|[TaiwuRemoveAILimitation]: CreateAction succeeded: charId=983, actionId=22, goalId=241, state=2
2026-07-02 04:36:10.5749|INFO|Worker28|AdaptableLog|[TaiwuRemoveAILimitation]: CreateAction failed: charId=5326, actionId=18, goalId=238, state=2
2026-07-02 04:36:10.5749|INFO|Worker30|AdaptableLog|[TaiwuRemoveAILimitation]: CreateAction failed: charId=13035, actionId=16, goalId=273, state=2
2026-07-02 04:36:10.5749|INFO|Worker28|AdaptableLog|[TaiwuRemoveAILimitation]: CreateAction succeeded: charId=5326, actionId=18, goalId=238, state=2
2026-07-02 04:36:10.5749|INFO|Worker30|AdaptableLog|[TaiwuRemoveAILimitation]: CreateAction failed: charId=13036, actionId=14, goalId=273, state=2
2026-07-02 04:36:10.5749|INFO|Worker28|AdaptableLog|[TaiwuRemoveAILimitation]: CreateAction failed: charId=5516, actionId=20, goalId=238, state=2
2026-07-02 04:36:10.5749|INFO|Worker15|AdaptableLog|[TaiwuRemoveAILimitation]: CreateAction succeeded: charId=4608, actionId=23, goalId=15, state=2
2026-07-02 04:36:10.5749|INFO|Worker28|AdaptableLog|[TaiwuRemoveAILimitation]: CreateAction succeeded: charId=5516, actionId=23, goalId=238, state=2
2026-07-02 04:36:10.5749|INFO|Worker9|AdaptableLog|[TaiwuRemoveAILimitation]: CreateAction succeeded: charId=9222, actionId=22, goalId=238, state=2
2026-07-02 04:36:10.5749|INFO|Worker15|AdaptableLog|[TaiwuRemoveAILimitation]: CreateAction succeeded: charId=4581, actionId=21, goalId=241, state=2
2026-07-02 04:36:10.5749|INFO|Worker9|AdaptableLog|[TaiwuRemoveAILimitation]: CreateAction failed: charId=1816, actionId=20, goalId=238, state=2
2026-07-02 04:36:10.5749|INFO|Worker21|AdaptableLog|[TaiwuRemoveAILimitation]: CreateAction succeeded: charId=2211, actionId=18, goalId=238, state=2
2026-07-02 04:36:10.5749|INFO|Worker9|AdaptableLog|[TaiwuRemoveAILimitation]: CreateAction succeeded: charId=1816, actionId=19, goalId=238, state=2
2026-07-02 04:36:10.5749|INFO|Worker15|AdaptableLog|[TaiwuRemoveAILimitation]: CreateAction succeeded: charId=4600, actionId=15, goalId=15, state=2
2026-07-02 04:36:10.5749|INFO|Worker15|AdaptableLog|[TaiwuRemoveAILimitation]: CreateAction succeeded: charId=4591, actionId=21, goalId=15, state=2
2026-07-02 04:36:10.5749|INFO|Worker7|AdaptableLog|[TaiwuRemoveAILimitation]: CreateAction succeeded: charId=713, actionId=16, goalId=194, state=2
2026-07-02 04:36:10.5749|INFO|Worker30|AdaptableLog|[TaiwuRemoveAILimitation]: CreateAction failed: charId=10663, actionId=18, goalId=273, state=2
2026-07-02 04:36:10.5749|INFO|Worker21|AdaptableLog|[TaiwuRemoveAILimitation]: CreateAction failed: charId=2250, actionId=18, goalId=273, state=2
2026-07-02 04:36:10.5749|INFO|Worker30|AdaptableLog|[TaiwuRemoveAILimitation]: CreateAction failed: charId=10663, actionId=18, goalId=196, state=2
2026-07-02 04:36:10.5749|INFO|Worker15|AdaptableLog|[TaiwuRemoveAILimitation]: CreateAction succeeded: charId=12404, actionId=23, goalId=15, state=2
2026-07-02 04:36:10.5749|INFO|Worker28|AdaptableLog|[TaiwuRemoveAILimitation]: CreateAction succeeded: charId=5517, actionId=17, goalId=194, state=2
2026-07-02 04:36:10.5749|INFO|Worker30|AdaptableLog|[TaiwuRemoveAILimitation]: CreateAction failed: charId=10663, actionId=18, goalId=192, state=2
2026-07-02 04:36:10.5749|INFO|Worker15|AdaptableLog|[TaiwuRemoveAILimitation]: CreateAction succeeded: charId=4607, actionId=15, goalId=273, state=2
2026-07-02 04:36:10.5749|INFO|Worker2|AdaptableLog|[TaiwuRemoveAILimitation]: CreateAction succeeded: charId=7497, actionId=14, goalId=238, state=2
2026-07-02 04:36:10.5749|INFO|Worker21|AdaptableLog|[TaiwuRemoveAILimitation]: CreateAction failed: charId=2250, actionId=18, goalId=238, state=2
2026-07-02 04:36:10.5749|INFO|Worker2|AdaptableLog|[TaiwuRemoveAILimitation]: CreateAction succeeded: charId=5766, actionId=23, goalId=241, state=2
2026-07-02 04:36:10.5749|INFO|Worker28|AdaptableLog|[TaiwuRemoveAILimitation]: CreateAction succeeded: charId=5472, actionId=17, goalId=273, state=2
2026-07-02 04:36:10.5749|INFO|Worker15|AdaptableLog|[TaiwuRemoveAILimitation]: CreateAction succeeded: charId=4595, actionId=22, goalId=238, state=2
2026-07-02 04:36:10.5749|INFO|Worker2|AdaptableLog|[TaiwuRemoveAILimitation]: CreateAction succeeded: charId=5744, actionId=20, goalId=241, state=2
2026-07-02 04:36:10.5749|INFO|Worker9|AdaptableLog|[TaiwuRemoveAILimitation]: CreateAction succeeded: charId=9968, actionId=18, goalId=238, state=2
2026-07-02 04:36:10.5749|INFO|Worker21|AdaptableLog|[TaiwuRemoveAILimitation]: CreateAction failed: charId=2297, actionId=15, goalId=8, state=2
2026-07-02 04:36:10.5749|INFO|Worker31|AdaptableLog|[TaiwuRemoveAILimitation]: CreateAction succeeded: charId=996, actionId=22, goalId=273, state=2
2026-07-02 04:36:10.5749|INFO|Worker9|AdaptableLog|[TaiwuRemoveAILimitation]: CreateAction succeeded: charId=1772, actionId=23, goalId=273, state=2
2026-07-02 04:36:10.5749|INFO|Worker30|AdaptableLog|[TaiwuRemoveAILimitation]: CreateAction failed: charId=12017, actionId=20, goalId=241, state=2
2026-07-02 04:36:10.5749|INFO|Worker21|AdaptableLog|[TaiwuRemoveAILimitation]: CreateAction failed: charId=2190, actionId=15, goalId=238, state=2
2026-07-02 04:36:10.5749|INFO|Worker31|AdaptableLog|[TaiwuRemoveAILimitation]: CreateAction succeeded: charId=1014, actionId=17, goalId=238, state=2
2026-07-02 04:36:10.5749|INFO|Worker9|AdaptableLog|[TaiwuRemoveAILimitation]: CreateAction succeeded: charId=1860, actionId=19, goalId=238, state=2
2026-07-02 04:36:10.5749|INFO|Worker30|AdaptableLog|[TaiwuRemoveAILimitation]: CreateAction failed: charId=9099, actionId=21, goalId=273, state=2
2026-07-02 04:36:10.5749|INFO|Worker21|AdaptableLog|[TaiwuRemoveAILimitation]: CreateAction succeeded: charId=2190, actionId=15, goalId=238, state=2
2026-07-02 04:36:10.5749|INFO|Worker31|AdaptableLog|[TaiwuRemoveAILimitation]: CreateAction succeeded: charId=987, actionId=19, goalId=197, state=2
2026-07-02 04:36:10.5749|INFO|Worker2|AdaptableLog|[TaiwuRemoveAILimitation]: CreateAction succeeded: charId=9739, actionId=22, goalId=238, state=2
2026-07-02 04:36:10.5749|INFO|Worker31|AdaptableLog|[TaiwuRemoveAILimitation]: CreateAction succeeded: charId=1128, actionId=16, goalId=238, state=2
2026-07-02 04:36:10.5749|INFO|Worker15|AdaptableLog|[TaiwuRemoveAILimitation]: CreateAction succeeded: charId=4589, actionId=19, goalId=241, state=2
2026-07-02 04:36:10.5749|INFO|Worker2|AdaptableLog|[TaiwuRemoveAILimitation]: CreateAction failed: charId=9823, actionId=15, goalId=238, state=2
2026-07-02 04:36:10.5749|INFO|Worker2|AdaptableLog|[TaiwuRemoveAILimitation]: CreateAction succeeded: charId=9823, actionId=21, goalId=238, state=2
2026-07-02 04:36:10.5749|INFO|Worker2|AdaptableLog|[TaiwuRemoveAILimitation]: CreateAction succeeded: charId=9430, actionId=20, goalId=238, state=2
2026-07-02 04:36:10.5749|INFO|Worker31|AdaptableLog|[TaiwuRemoveAILimitation]: CreateAction succeeded: charId=941, actionId=19, goalId=238, state=2
2026-07-02 04:36:10.5749|INFO|Worker31|AdaptableLog|[TaiwuRemoveAILimitation]: CreateAction succeeded: charId=948, actionId=21, goalId=273, state=2
2026-07-02 04:36:10.5749|INFO|Worker2|AdaptableLog|[TaiwuRemoveAILimitation]: CreateAction succeeded: charId=7375, actionId=19, goalId=238, state=2
2026-07-02 04:36:10.5749|INFO|Worker9|AdaptableLog|[TaiwuRemoveAILimitation]: CreateAction failed: charId=1812, actionId=20, goalId=273, state=2
2026-07-02 04:36:10.5749|INFO|Worker2|AdaptableLog|[TaiwuRemoveAILimitation]: CreateAction succeeded: charId=5786, actionId=21, goalId=241, state=2
2026-07-02 04:36:10.5749|INFO|Worker15|AdaptableLog|[TaiwuRemoveAILimitation]: CreateAction succeeded: charId=4605, actionId=23, goalId=238, state=2
2026-07-02 04:36:10.5749|INFO|Worker15|AdaptableLog|[TaiwuRemoveAILimitation]: CreateAction succeeded: charId=4619, actionId=20, goalId=241, state=2
2026-07-02 04:36:10.5916|INFO|Worker7|AdaptableLog|[TaiwuRemoveAILimitation]: CreateAction succeeded: charId=661, actionId=23, goalId=193, state=2
2026-07-02 04:36:10.5916|INFO|Worker15|AdaptableLog|[TaiwuRemoveAILimitation]: CreateAction succeeded: charId=16490, actionId=15, goalId=238, state=2
2026-07-02 04:36:10.5916|INFO|Worker2|AdaptableLog|[TaiwuRemoveAILimitation]: CreateAction succeeded: charId=8308, actionId=21, goalId=241, state=2
2026-07-02 04:36:10.5916|INFO|Worker9|AdaptableLog|[TaiwuRemoveAILimitation]: CreateAction failed: charId=1779, actionId=22, goalId=273, state=2
2026-07-02 04:36:10.5916|INFO|Worker15|AdaptableLog|[TaiwuRemoveAILimitation]: CreateAction succeeded: charId=7513, actionId=19, goalId=238, state=2
2026-07-02 04:36:10.5916|INFO|Worker2|AdaptableLog|[TaiwuRemoveAILimitation]: CreateAction succeeded: charId=7718, actionId=22, goalId=238, state=2
2026-07-02 04:36:10.5916|INFO|Worker2|AdaptableLog|[TaiwuRemoveAILimitation]: CreateAction succeeded: charId=8010, actionId=14, goalId=241, state=2
2026-07-02 04:36:10.5916|INFO|Worker9|AdaptableLog|[TaiwuRemoveAILimitation]: CreateAction succeeded: charId=1815, actionId=23, goalId=273, state=2
2026-07-02 04:36:10.5916|INFO|Worker21|AdaptableLog|[TaiwuRemoveAILimitation]: CreateAction failed: charId=2220, actionId=18, goalId=244, state=2
2026-07-02 04:36:10.5916|INFO|Worker9|AdaptableLog|[TaiwuRemoveAILimitation]: CreateAction succeeded: charId=8587, actionId=19, goalId=238, state=2
2026-07-02 04:36:10.5916|INFO|Worker21|AdaptableLog|[TaiwuRemoveAILimitation]: CreateAction failed: charId=2220, actionId=14, goalId=245, state=2
2026-07-02 04:36:10.5916|INFO|Worker30|AdaptableLog|[TaiwuRemoveAILimitation]: CreateAction failed: charId=13516, actionId=19, goalId=241, state=2
2026-07-02 04:36:10.5916|INFO|Worker15|AdaptableLog|[TaiwuRemoveAILimitation]: CreateAction failed: charId=8092, actionId=23, goalId=241, state=2
2026-07-02 04:36:10.5916|INFO|Worker30|AdaptableLog|[TaiwuRemoveAILimitation]: CreateAction succeeded: charId=14280, actionId=21, goalId=241, state=2
2026-07-02 04:36:10.5916|INFO|Worker21|AdaptableLog|[TaiwuRemoveAILimitation]: CreateAction failed: charId=2382, actionId=17, goalId=193, state=2
2026-07-02 04:36:10.5916|INFO|Worker30|AdaptableLog|[TaiwuRemoveAILimitation]: CreateAction failed: charId=13114, actionId=17, goalId=273, state=2
2026-07-02 04:36:10.5916|INFO|Worker30|AdaptableLog|[TaiwuRemoveAILimitation]: CreateAction failed: charId=13730, actionId=14, goalId=241, state=2
2026-07-02 04:36:10.5916|INFO|Worker21|AdaptableLog|[TaiwuRemoveAILimitation]: CreateAction succeeded: charId=2212, actionId=15, goalId=190, state=2
2026-07-02 04:36:10.5916|INFO|Worker30|AdaptableLog|[TaiwuRemoveAILimitation]: CreateAction failed: charId=10069, actionId=22, goalId=241, state=2
2026-07-02 04:36:10.5916|INFO|Worker31|AdaptableLog|[TaiwuRemoveAILimitation]: CreateAction failed: charId=956, actionId=21, goalId=196, state=2
2026-07-02 04:36:10.5916|INFO|Worker21|AdaptableLog|[TaiwuRemoveAILimitation]: CreateAction succeeded: charId=2257, actionId=14, goalId=8, state=2
2026-07-02 04:36:10.5916|INFO|Worker2|AdaptableLog|[TaiwuRemoveAILimitation]: CreateAction succeeded: charId=8720, actionId=21, goalId=241, state=2
2026-07-02 04:36:10.5916|INFO|Worker31|AdaptableLog|[TaiwuRemoveAILimitation]: CreateAction failed: charId=956, actionId=17, goalId=191, state=2
2026-07-02 04:36:10.5916|INFO|Worker31|AdaptableLog|[TaiwuRemoveAILimitation]: CreateAction succeeded: charId=998, actionId=17, goalId=273, state=2
2026-07-02 04:36:10.5916|INFO|Worker31|AdaptableLog|[TaiwuRemoveAILimitation]: CreateAction succeeded: charId=999, actionId=14, goalId=273, state=2
2026-07-02 04:36:10.5916|INFO|Worker30|AdaptableLog|[TaiwuRemoveAILimitation]: CreateAction failed: charId=13513, actionId=14, goalId=241, state=2
2026-07-02 04:36:10.5916|INFO|Worker31|AdaptableLog|[TaiwuRemoveAILimitation]: CreateAction succeeded: charId=964, actionId=19, goalId=195, state=2
2026-07-02 04:36:10.5916|INFO|Worker30|AdaptableLog|[TaiwuRemoveAILimitation]: CreateAction failed: charId=13839, actionId=23, goalId=273, state=2
2026-07-02 04:36:10.5916|INFO|Worker31|AdaptableLog|[TaiwuRemoveAILimitation]: CreateAction succeeded: charId=7401, actionId=22, goalId=241, state=2
2026-07-02 04:36:10.5916|INFO|Worker31|AdaptableLog|[TaiwuRemoveAILimitation]: CreateAction failed: charId=970, actionId=17, goalId=273, state=2
2026-07-02 04:36:10.5916|INFO|Worker9|AdaptableLog|[TaiwuRemoveAILimitation]: CreateAction succeeded: charId=1852, actionId=19, goalId=193, state=2
2026-07-02 04:36:10.5916|INFO|Worker2|AdaptableLog|[TaiwuRemoveAILimitation]: CreateAction succeeded: charId=5761, actionId=14, goalId=241, state=2
2026-07-02 04:36:10.6085|INFO|Worker2|AdaptableLog|[TaiwuRemoveAILimitation]: CreateAction failed: charId=12175, actionId=21, goalId=241, state=2
2026-07-02 04:36:10.6085|INFO|Worker2|AdaptableLog|[TaiwuRemoveAILimitation]: CreateAction succeeded: charId=12175, actionId=22, goalId=238, state=2
2026-07-02 04:36:10.6085|INFO|Worker31|AdaptableLog|[TaiwuRemoveAILimitation]: CreateAction failed: charId=7698, actionId=20, goalId=238, state=2
2026-07-02 04:36:10.6085|INFO|Worker31|AdaptableLog|[TaiwuRemoveAILimitation]: CreateAction failed: charId=7698, actionId=17, goalId=238, state=2
2026-07-02 04:36:10.6085|INFO|Worker31|AdaptableLog|[TaiwuRemoveAILimitation]: CreateAction succeeded: charId=7698, actionId=20, goalId=238, state=2
2026-07-02 04:36:10.6085|INFO|Worker30|AdaptableLog|[TaiwuRemoveAILimitation]: CreateAction failed: charId=7924, actionId=20, goalId=273, state=2
2026-07-02 04:36:10.6085|INFO|Worker31|AdaptableLog|[TaiwuRemoveAILimitation]: CreateAction succeeded: charId=957, actionId=20, goalId=191, state=2
2026-07-02 04:36:10.6085|INFO|Worker21|AdaptableLog|[TaiwuRemoveAILimitation]: CreateAction failed: charId=2335, actionId=20, goalId=238, state=2
2026-07-02 04:36:10.6085|INFO|Worker2|AdaptableLog|[TaiwuRemoveAILimitation]: CreateAction succeeded: charId=6989, actionId=19, goalId=238, state=2
2026-07-02 04:36:10.6085|INFO|Worker21|AdaptableLog|[TaiwuRemoveAILimitation]: CreateAction succeeded: charId=2335, actionId=23, goalId=191, state=2
2026-07-02 04:36:10.6085|INFO|Worker30|AdaptableLog|[TaiwuRemoveAILimitation]: CreateAction failed: charId=10575, actionId=17, goalId=273, state=2
2026-07-02 04:36:10.6085|INFO|Worker2|AdaptableLog|[TaiwuRemoveAILimitation]: CreateAction succeeded: charId=8011, actionId=15, goalId=241, state=2
2026-07-02 04:36:10.6085|INFO|Worker2|AdaptableLog|[TaiwuRemoveAILimitation]: CreateAction failed: charId=10204, actionId=21, goalId=238, state=2
2026-07-02 04:36:10.6085|INFO|Worker31|AdaptableLog|[TaiwuRemoveAILimitation]: CreateAction succeeded: charId=944, actionId=18, goalId=238, state=2
2026-07-02 04:36:10.6085|INFO|Worker2|AdaptableLog|[TaiwuRemoveAILimitation]: CreateAction succeeded: charId=10204, actionId=19, goalId=238, state=2
2026-07-02 04:36:10.6085|INFO|Worker2|AdaptableLog|[TaiwuRemoveAILimitation]: CreateAction succeeded: charId=9363, actionId=19, goalId=241, state=2
2026-07-02 04:36:10.6085|INFO|Worker9|AdaptableLog|[TaiwuRemoveAILimitation]: CreateAction succeeded: charId=1878, actionId=18, goalId=273, state=2
2026-07-02 04:36:10.6085|INFO|Worker15|AdaptableLog|[TaiwuRemoveAILimitation]: CreateAction failed: charId=4625, actionId=15, goalId=15, state=2
2026-07-02 04:36:10.6085|INFO|Worker31|AdaptableLog|[TaiwuRemoveAILimitation]: CreateAction succeeded: charId=7883, actionId=23, goalId=238, state=2
2026-07-02 04:36:10.6085|INFO|Worker2|AdaptableLog|[TaiwuRemoveAILimitation]: CreateAction succeeded: charId=5804, actionId=23, goalId=238, state=2
2026-07-02 04:36:10.6085|INFO|Worker30|AdaptableLog|[TaiwuRemoveAILimitation]: CreateAction failed: charId=13553, actionId=20, goalId=273, state=2
2026-07-02 04:36:10.6085|INFO|Worker9|AdaptableLog|[TaiwuRemoveAILimitation]: CreateAction failed: charId=1793, actionId=22, goalId=191, state=2
2026-07-02 04:36:10.6085|INFO|Worker2|AdaptableLog|[TaiwuRemoveAILimitation]: CreateAction failed: charId=8592, actionId=20, goalId=238, state=2
2026-07-02 04:36:10.6085|INFO|Worker31|AdaptableLog|[TaiwuRemoveAILimitation]: CreateAction succeeded: charId=1005, actionId=17, goalId=194, state=2
2026-07-02 04:36:10.6085|INFO|Worker30|AdaptableLog|[TaiwuRemoveAILimitation]: CreateAction failed: charId=13553, actionId=21, goalId=241, state=2
2026-07-02 04:36:10.6085|INFO|Worker2|AdaptableLog|[TaiwuRemoveAILimitation]: CreateAction succeeded: charId=8592, actionId=21, goalId=241, state=2
2026-07-02 04:36:10.6085|INFO|Worker31|AdaptableLog|[TaiwuRemoveAILimitation]: CreateAction failed: charId=982, actionId=17, goalId=193, state=2
2026-07-02 04:36:10.6085|INFO|Worker31|AdaptableLog|[TaiwuRemoveAILimitation]: CreateAction failed: charId=982, actionId=17, goalId=197, state=2
2026-07-02 04:36:10.6085|INFO|Worker9|AdaptableLog|[TaiwuRemoveAILimitation]: CreateAction failed: charId=1793, actionId=18, goalId=196, state=2
2026-07-02 04:36:10.6085|INFO|Worker31|AdaptableLog|[TaiwuRemoveAILimitation]: CreateAction succeeded: charId=982, actionId=17, goalId=194, state=2
2026-07-02 04:36:10.6085|INFO|Worker9|AdaptableLog|[TaiwuRemoveAILimitation]: CreateAction succeeded: charId=1793, actionId=21, goalId=238, state=2
2026-07-02 04:36:10.6085|INFO|Worker31|AdaptableLog|[TaiwuRemoveAILimitation]: CreateAction succeeded: charId=8729, actionId=21, goalId=241, state=2
2026-07-02 04:36:10.6085|INFO|Worker9|AdaptableLog|[TaiwuRemoveAILimitation]: CreateAction succeeded: charId=1861, actionId=20, goalId=192, state=2
2026-07-02 04:36:10.6085|INFO|Worker9|AdaptableLog|[TaiwuRemoveAILimitation]: CreateAction succeeded: charId=1807, actionId=23, goalId=273, state=2
2026-07-02 04:36:10.6085|INFO|Worker15|AdaptableLog|[TaiwuRemoveAILimitation]: CreateAction succeeded: charId=4587, actionId=15, goalId=193, state=2
2026-07-02 04:36:10.6085|INFO|Worker9|AdaptableLog|[TaiwuRemoveAILimitation]: CreateAction succeeded: charId=1798, actionId=21, goalId=238, state=2
2026-07-02 04:36:10.6085|INFO|Worker30|AdaptableLog|[TaiwuRemoveAILimitation]: CreateAction failed: charId=13392, actionId=23, goalId=241, state=2
2026-07-02 04:36:10.6224|INFO|Worker30|AdaptableLog|[TaiwuRemoveAILimitation]: CreateAction failed: charId=12996, actionId=15, goalId=273, state=2
2026-07-02 04:36:10.6224|INFO|Worker15|AdaptableLog|[TaiwuRemoveAILimitation]: CreateAction failed: charId=4590, actionId=23, goalId=238, state=2
2026-07-02 04:36:10.6224|INFO|Worker15|AdaptableLog|[TaiwuRemoveAILimitation]: CreateAction succeeded: charId=4590, actionId=19, goalId=238, state=2
2026-07-02 04:36:10.6224|INFO|Worker30|AdaptableLog|[TaiwuRemoveAILimitation]: CreateAction failed: charId=14388, actionId=14, goalId=273, state=2
2026-07-02 04:36:10.6224|INFO|Worker2|AdaptableLog|[TaiwuRemoveAILimitation]: CreateAction succeeded: charId=10645, actionId=19, goalId=238, state=2
2026-07-02 04:36:10.6224|INFO|Worker30|AdaptableLog|[TaiwuRemoveAILimitation]: CreateAction failed: charId=14388, actionId=14, goalId=241, state=2
2026-07-02 04:36:10.6224|INFO|Worker31|AdaptableLog|[TaiwuRemoveAILimitation]: CreateAction succeeded: charId=940, actionId=15, goalId=241, state=2
2026-07-02 04:36:10.6224|INFO|Worker31|AdaptableLog|[TaiwuRemoveAILimitation]: CreateAction succeeded: charId=953, actionId=18, goalId=273, state=2
2026-07-02 04:36:10.6224|INFO|Worker2|AdaptableLog|[TaiwuRemoveAILimitation]: CreateAction failed: charId=5739, actionId=19, goalId=241, state=2
2026-07-02 04:36:10.6224|INFO|Worker31|AdaptableLog|[TaiwuRemoveAILimitation]: CreateAction failed: charId=962, actionId=19, goalId=238, state=2
2026-07-02 04:36:10.6224|INFO|Worker2|AdaptableLog|[TaiwuRemoveAILimitation]: CreateAction failed: charId=5739, actionId=19, goalId=241, state=2
2026-07-02 04:36:10.6224|INFO|Worker31|AdaptableLog|[TaiwuRemoveAILimitation]: CreateAction succeeded: charId=962, actionId=21, goalId=238, state=2
2026-07-02 04:36:10.6224|INFO|Worker2|AdaptableLog|[TaiwuRemoveAILimitation]: CreateAction succeeded: charId=5739, actionId=14, goalId=241, state=2
2026-07-02 04:36:10.6224|INFO|Worker30|AdaptableLog|[TaiwuRemoveAILimitation]: CreateAction failed: charId=12932, actionId=16, goalId=273, state=2
2026-07-02 04:36:10.6224|INFO|Worker2|AdaptableLog|[TaiwuRemoveAILimitation]: CreateAction succeeded: charId=5803, actionId=19, goalId=238, state=2
2026-07-02 04:36:10.6224|INFO|Worker2|AdaptableLog|[TaiwuRemoveAILimitation]: CreateAction failed: charId=5203, actionId=20, goalId=238, state=2
2026-07-02 04:36:10.6224|INFO|Worker9|AdaptableLog|[TaiwuRemoveAILimitation]: CreateAction failed: charId=7746, actionId=22, goalId=197, state=2
2026-07-02 04:36:10.6224|INFO|Worker9|AdaptableLog|[TaiwuRemoveAILimitation]: CreateAction failed: charId=7746, actionId=20, goalId=238, state=2
2026-07-02 04:36:10.6224|INFO|Worker30|AdaptableLog|[TaiwuRemoveAILimitation]: CreateAction failed: charId=10890, actionId=20, goalId=273, state=2
2026-07-02 04:36:10.6413|INFO|Worker30|AdaptableLog|[TaiwuRemoveAILimitation]: CreateAction failed: charId=10890, actionId=17, goalId=179, state=2
2026-07-02 04:36:10.6413|INFO|Worker30|AdaptableLog|[TaiwuRemoveAILimitation]: CreateAction failed: charId=13551, actionId=15, goalId=273, state=2
2026-07-02 04:36:10.6413|INFO|Worker30|AdaptableLog|[TaiwuRemoveAILimitation]: CreateAction failed: charId=12933, actionId=14, goalId=273, state=2
2026-07-02 04:36:10.6413|INFO|Worker9|AdaptableLog|[TaiwuRemoveAILimitation]: CreateAction failed: charId=1841, actionId=18, goalId=193, state=2
2026-07-02 04:36:10.6413|INFO|Worker30|AdaptableLog|[TaiwuRemoveAILimitation]: CreateAction failed: charId=12933, actionId=15, goalId=241, state=2
2026-07-02 04:36:10.6413|INFO|Worker9|AdaptableLog|[TaiwuRemoveAILimitation]: CreateAction succeeded: charId=1841, actionId=18, goalId=238, state=2
2026-07-02 04:36:10.6413|INFO|Worker30|AdaptableLog|[TaiwuRemoveAILimitation]: CreateAction failed: charId=12625, actionId=17, goalId=273, state=2
2026-07-02 04:36:10.6413|INFO|Worker9|AdaptableLog|[TaiwuRemoveAILimitation]: CreateAction succeeded: charId=8381, actionId=20, goalId=238, state=2
2026-07-02 04:36:10.6413|INFO|Worker30|AdaptableLog|[TaiwuRemoveAILimitation]: CreateAction failed: charId=13366, actionId=15, goalId=241, state=2
2026-07-02 04:36:10.6413|INFO|Worker30|AdaptableLog|[TaiwuRemoveAILimitation]: CreateAction failed: charId=13732, actionId=14, goalId=241, state=2
2026-07-02 04:36:10.6413|INFO|Worker30|AdaptableLog|[TaiwuRemoveAILimitation]: CreateAction failed: charId=10578, actionId=18, goalId=273, state=2
2026-07-02 04:36:10.6534|INFO|Worker30|AdaptableLog|[TaiwuRemoveAILimitation]: CreateAction failed: charId=14014, actionId=15, goalId=190, state=2
2026-07-02 04:36:10.6534|INFO|Worker30|AdaptableLog|[TaiwuRemoveAILimitation]: CreateAction failed: charId=14014, actionId=15, goalId=193, state=2
2026-07-02 04:36:10.6534|INFO|Worker30|AdaptableLog|[TaiwuRemoveAILimitation]: CreateAction failed: charId=3124, actionId=18, goalId=273, state=2
2026-07-02 04:36:10.6534|INFO|Worker30|AdaptableLog|[TaiwuRemoveAILimitation]: CreateAction failed: charId=9896, actionId=16, goalId=241, state=2
2026-07-02 04:36:10.6534|INFO|Worker30|AdaptableLog|[TaiwuRemoveAILimitation]: CreateAction failed: charId=14499, actionId=15, goalId=273, state=2
2026-07-02 04:36:10.6704|INFO|Worker30|AdaptableLog|[TaiwuRemoveAILimitation]: CreateAction failed: charId=13403, actionId=17, goalId=273, state=2
2026-07-02 04:36:10.6704|INFO|Worker30|AdaptableLog|[TaiwuRemoveAILimitation]: CreateAction failed: charId=13520, actionId=17, goalId=191, state=2
2026-07-02 04:36:10.6704|INFO|Worker30|AdaptableLog|[TaiwuRemoveAILimitation]: CreateAction failed: charId=13225, actionId=15, goalId=238, state=2
2026-07-02 04:36:10.6704|INFO|Worker30|AdaptableLog|[TaiwuRemoveAILimitation]: CreateAction succeeded: charId=14281, actionId=22, goalId=241, state=2
2026-07-02 04:36:10.6704|INFO|Worker30|AdaptableLog|[TaiwuRemoveAILimitation]: CreateAction failed: charId=10759, actionId=14, goalId=241, state=2
2026-07-02 04:36:10.6872|INFO|Worker30|AdaptableLog|[TaiwuRemoveAILimitation]: CreateAction failed: charId=10287, actionId=20, goalId=273, state=2
2026-07-02 04:36:10.6872|INFO|Worker30|AdaptableLog|[TaiwuRemoveAILimitation]: CreateAction failed: charId=13841, actionId=18, goalId=273, state=2
2026-07-02 04:36:10.6872|INFO|Worker30|AdaptableLog|[TaiwuRemoveAILimitation]: CreateAction failed: charId=12930, actionId=15, goalId=241, state=2
2026-07-02 04:36:10.6872|INFO|Worker30|AdaptableLog|[TaiwuRemoveAILimitation]: CreateAction failed: charId=13371, actionId=17, goalId=241, state=2
2026-07-02 04:36:10.6872|INFO|Worker30|AdaptableLog|[TaiwuRemoveAILimitation]: CreateAction failed: charId=14268, actionId=22, goalId=241, state=2
2026-07-02 04:36:10.6872|INFO|Worker30|AdaptableLog|[TaiwuRemoveAILimitation]: CreateAction failed: charId=12422, actionId=18, goalId=273, state=2
2026-07-02 04:36:10.6872|INFO|Worker30|AdaptableLog|[TaiwuRemoveAILimitation]: CreateAction failed: charId=14455, actionId=14, goalId=273, state=2
2026-07-02 04:36:10.6872|INFO|Worker30|AdaptableLog|[TaiwuRemoveAILimitation]: CreateAction failed: charId=14012, actionId=19, goalId=241, state=2
2026-07-02 04:36:10.7062|INFO|Worker30|AdaptableLog|[TaiwuRemoveAILimitation]: CreateAction failed: charId=13368, actionId=18, goalId=238, state=2
2026-07-02 04:36:10.7062|INFO|Worker30|AdaptableLog|[TaiwuRemoveAILimitation]: CreateAction failed: charId=13916, actionId=23, goalId=273, state=2
2026-07-02 04:36:10.7062|INFO|Worker30|AdaptableLog|[TaiwuRemoveAILimitation]: CreateAction failed: charId=9294, actionId=16, goalId=273, state=2
2026-07-02 04:36:10.7062|INFO|Worker30|AdaptableLog|[TaiwuRemoveAILimitation]: CreateAction failed: charId=12419, actionId=21, goalId=273, state=2
2026-07-02 04:36:10.7062|INFO|Worker30|AdaptableLog|[TaiwuRemoveAILimitation]: CreateAction failed: charId=13196, actionId=14, goalId=238, state=2
2026-07-02 04:36:10.7062|INFO|Worker30|AdaptableLog|[TaiwuRemoveAILimitation]: CreateAction failed: charId=8804, actionId=23, goalId=273, state=2
2026-07-02 04:36:10.7062|INFO|Worker30|AdaptableLog|[TaiwuRemoveAILimitation]: CreateAction failed: charId=13625, actionId=14, goalId=273, state=2
2026-07-02 04:36:10.7062|INFO|Worker30|AdaptableLog|[TaiwuRemoveAILimitation]: CreateAction failed: charId=13625, actionId=15, goalId=187, state=2
2026-07-02 04:36:10.7062|INFO|Worker30|AdaptableLog|[TaiwuRemoveAILimitation]: CreateAction failed: charId=8805, actionId=18, goalId=273, state=2
2026-07-02 04:36:10.7172|INFO|Worker30|AdaptableLog|[TaiwuRemoveAILimitation]: CreateAction succeeded: charId=3185, actionId=14, goalId=241, state=2
2026-07-02 04:36:10.7172|INFO|Worker30|AdaptableLog|[TaiwuRemoveAILimitation]: CreateAction succeeded: charId=2183, actionId=18, goalId=238, state=2
2026-07-02 04:36:10.7172|INFO|Worker30|AdaptableLog|[TaiwuRemoveAILimitation]: CreateAction failed: charId=2952, actionId=14, goalId=273, state=2
2026-07-02 04:36:10.7172|INFO|Worker30|AdaptableLog|[TaiwuRemoveAILimitation]: CreateAction succeeded: charId=2952, actionId=17, goalId=197, state=2
2026-07-02 04:36:10.7459|INFO|Main|AdaptableLog|[TaiwuRemoveAILimitation]: ExecuteAction finished: char=市镇大夫-管雅厚(2014)(id=2014), action=制造健康药(A19), target=<none>, no-next-action
2026-07-02 04:36:10.7510|INFO|Main|AdaptableLog|[TaiwuRemoveAILimitation]: ExecuteAction finished: char=太原文人-孙智锐(33)(id=33), action=制作调息药(A22), target=<none>, no-next-action
2026-07-02 04:36:10.7510|INFO|Main|AdaptableLog|[TaiwuRemoveAILimitation]: ExecuteAction finished: char=空桑派玄炉院弟子-詹允植(3929)(id=3929), action=制作疗伤药(A20), target=<none>, no-next-action
2026-07-02 04:36:10.7510|INFO|Main|AdaptableLog|[TaiwuRemoveAILimitation]: ExecuteAction finished: char=空桑派药王-曾晗渊(3801)(id=3801), action=锻造玉石道具(A16), target=<none>, no-next-action
2026-07-02 04:36:10.7510|INFO|Main|AdaptableLog|[TaiwuRemoveAILimitation]: ExecuteAction finished: char=空桑派药王-钟典纲(3815)(id=3815), action=制造毒药(A23), target=<none>, no-next-action
2026-07-02 04:36:10.7510|INFO|Main|AdaptableLog|[TaiwuRemoveAILimitation]: ExecuteAction finished: char=空桑派长老-令狐普(3813)(id=3813), action=制作疗伤药(A20), target=<none>, no-next-action
2026-07-02 04:36:10.7510|INFO|Main|AdaptableLog|[TaiwuRemoveAILimitation]: ExecuteAction finished: char=空桑派长老-蓝无端(3803)(id=3803), action=制造解毒药(A21), target=<none>, no-next-action
2026-07-02 04:36:10.7703|INFO|Main|AdaptableLog|[TaiwuRemoveAILimitation]: ExecuteAction finished: char=市镇文人-聂蕊尘(2060)(id=2060), action=制造解毒药(A21), target=<none>, no-next-action
2026-07-02 04:36:10.7850|INFO|Main|AdaptableLog|[TaiwuRemoveAILimitation]: ExecuteAction finished: char=伏龙坛龙头长老-查抒(7838)(id=7838), action=制造菜肴(A18), target=<none>, no-next-action
2026-07-02 04:36:10.7850|INFO|Main|AdaptableLog|[TaiwuRemoveAILimitation]: ExecuteAction finished: char=伏龙坛岛主-喻翠箫(5441)(id=5441), action=制造菜肴(A18), target=<none>, no-next-action
2026-07-02 04:36:10.7850|INFO|Main|AdaptableLog|[TaiwuRemoveAILimitation]: ExecuteAction finished: char=伏龙坛祭龙主-公冶华(5326)(id=5326), action=制造菜肴(A18), target=<none>, no-next-action
2026-07-02 04:36:10.8019|INFO|Main|AdaptableLog|[TaiwuRemoveAILimitation]: ExecuteAction finished: char=百花谷玉匣弟子-左斯昌(1000)(id=1000), action=制造健康药(A19), target=<none>, no-next-action
2026-07-02 04:36:10.8019|INFO|Main|AdaptableLog|[TaiwuRemoveAILimitation]: ExecuteAction finished: char=百花谷鹿裳使-狄育敏(968)(id=968), action=制造健康药(A19), target=<none>, next=乐善好施道具(A32)
2026-07-02 04:36:10.8019|INFO|Main|AdaptableLog|[TaiwuRemoveAILimitation]: ExecuteAction finished: char=百花谷玉匣弟子-包珠(996)(id=996), action=制作调息药(A22), target=<none>, no-next-action
2026-07-02 04:36:10.8019|INFO|Main|AdaptableLog|[TaiwuRemoveAILimitation]: ExecuteAction finished: char=百花谷朱匣弟子-艾少文(987)(id=987), action=制造健康药(A19), target=<none>, next=售出道具(A35)
2026-07-02 04:36:10.8019|INFO|Main|AdaptableLog|[TaiwuRemoveAILimitation]: ExecuteAction finished: char=百花谷掌匣人-谷圭(944)(id=944), action=制造菜肴(A18), target=<none>, no-next-action
2026-07-02 04:36:10.8019|INFO|Main|GameData.Domains.Global.GlobalDomain|[AdvanceMonth_Execute] CharacterActionPlanning: 2,395.8
2026-07-02 04:36:10.8732|INFO|Main|GameData.Domains.Global.GlobalDomain|[AdvanceMonth_Execute] CharacterFixedAction: 67.9
2026-07-02 04:36:11.0060|INFO|Main|GameData.Domains.Global.GlobalDomain|[AdvanceMonth_Execute] UpdateInformation: 130.2
2026-07-02 04:36:11.0824|INFO|Main|GameData.Domains.Global.GlobalDomain|[AdvanceMonth_Execute] UpdateInfectedCharacters: 0.2
2026-07-02 04:36:11.1103|INFO|Main|GameData.Domains.Global.GlobalDomain|[AdvanceMonth_Execute] UpdateCharacterMovements: 27.6
2026-07-02 04:36:11.6112|INFO|Main|GameData.Domains.Global.GlobalDomain|[AdvanceMonth_Execute] UpdateOrganizationMembers: 439.0
2026-07-02 04:36:11.6239|INFO|Main|AdaptableLog|
2026-07-02 04:36:11.6239|INFO|Main|AdaptableLog|璇女派关押璇女派璇仙使-农诗贤(2957)，初始值：立场1 * (罪行2 * 5 - 身份7) = 3，精纯影响：精纯上限18 + 囚犯精纯16 - 守卫平均精纯16 = 18，时长影响：总时长6 - 2 * 已关押时长4 = -2，共计：19
2026-07-02 04:36:11.6239|INFO|Main|AdaptableLog|逃跑概率：(19 - 100) * (100 - 20[9品长绳]) / 100 + 0 * 20 = -64%，最终取0%
2026-07-02 04:36:11.6239|INFO|Main|AdaptableLog|逃跑×失败
2026-07-02 04:36:11.6239|INFO|Main|AdaptableLog|
2026-07-02 04:36:11.6463|WARN|Main|AdaptableLog|[Adventure]: AutoGenerateByConfig cost 16ms
2026-07-02 04:36:11.6995|INFO|Main|GameData.Domains.TaiwuEvent.EventScriptRuntime|做一个保底机制确保不会变成捕快窝
2026-07-02 04:36:11.6995|INFO|Main|GameData.Domains.TaiwuEvent.EventScriptRuntime|刷新各类捕快数量
2026-07-02 04:36:11.7001|INFO|Main|GameData.Domains.TaiwuEvent.EventScriptRuntime|现在是修习外出状态，清空捕快中
2026-07-02 04:36:11.7200|INFO|Main|GameData.Domains.TaiwuEvent.EventScriptRuntime|获得司仪
2026-07-02 04:36:11.7200|INFO|Main|GameData.Domains.TaiwuEvent.EventScriptRuntime|获得左考官
2026-07-02 04:36:11.7200|INFO|Main|GameData.Domains.TaiwuEvent.EventScriptRuntime|获得上考官
2026-07-02 04:36:11.7200|INFO|Main|GameData.Domains.TaiwuEvent.EventScriptRuntime|获得右考官
2026-07-02 04:36:11.9568|INFO|Main|GameData.Domains.TaiwuEvent.EventScriptRuntime|获得司仪
2026-07-02 04:36:11.9568|INFO|Main|GameData.Domains.TaiwuEvent.EventScriptRuntime|获得左考官
2026-07-02 04:36:11.9568|INFO|Main|GameData.Domains.TaiwuEvent.EventScriptRuntime|获得上考官
2026-07-02 04:36:11.9568|INFO|Main|GameData.Domains.TaiwuEvent.EventScriptRuntime|获得右考官
2026-07-02 04:36:11.9568|INFO|Main|GameData.Domains.TaiwuEvent.EventScriptRuntime|获得左俘虏
2026-07-02 04:36:11.9568|INFO|Main|GameData.Domains.TaiwuEvent.EventScriptRuntime|获得上俘虏
2026-07-02 04:36:11.9568|INFO|Main|GameData.Domains.TaiwuEvent.EventScriptRuntime|获得右俘虏
2026-07-02 04:36:11.9568|INFO|Main|GameData.Domains.TaiwuEvent.EventScriptRuntime|获得司仪
2026-07-02 04:36:11.9568|INFO|Main|GameData.Domains.TaiwuEvent.EventScriptRuntime|获得左考官
2026-07-02 04:36:11.9568|INFO|Main|GameData.Domains.TaiwuEvent.EventScriptRuntime|获得上考官
2026-07-02 04:36:11.9568|INFO|Main|GameData.Domains.TaiwuEvent.EventScriptRuntime|获得右考官
2026-07-02 04:36:11.9568|INFO|Main|GameData.Domains.TaiwuEvent.EventScriptRuntime|获得司仪
2026-07-02 04:36:11.9568|INFO|Main|GameData.Domains.TaiwuEvent.EventScriptRuntime|获得左考官
2026-07-02 04:36:11.9568|INFO|Main|GameData.Domains.TaiwuEvent.EventScriptRuntime|获得上考官
2026-07-02 04:36:11.9568|INFO|Main|GameData.Domains.TaiwuEvent.EventScriptRuntime|获得右考官
2026-07-02 04:36:11.9568|INFO|Main|GameData.Domains.TaiwuEvent.EventScriptRuntime|获得司仪
2026-07-02 04:36:11.9568|INFO|Main|GameData.Domains.TaiwuEvent.EventScriptRuntime|获得左考官
2026-07-02 04:36:11.9568|INFO|Main|GameData.Domains.TaiwuEvent.EventScriptRuntime|获得上考官
2026-07-02 04:36:11.9568|INFO|Main|GameData.Domains.TaiwuEvent.EventScriptRuntime|获得右考官
2026-07-02 04:36:11.9568|INFO|Main|GameData.Domains.TaiwuEvent.EventScriptRuntime|获得司仪
2026-07-02 04:36:11.9568|INFO|Main|GameData.Domains.TaiwuEvent.EventScriptRuntime|获得左考官
2026-07-02 04:36:11.9568|INFO|Main|GameData.Domains.TaiwuEvent.EventScriptRuntime|获得上考官
2026-07-02 04:36:11.9568|INFO|Main|GameData.Domains.TaiwuEvent.EventScriptRuntime|获得右考官
2026-07-02 04:36:12.0839|INFO|Main|GameData.Domains.TaiwuEvent.EventScriptRuntime|获得司仪
2026-07-02 04:36:12.0839|INFO|Main|GameData.Domains.TaiwuEvent.EventScriptRuntime|获得左考官
2026-07-02 04:36:12.0839|INFO|Main|GameData.Domains.TaiwuEvent.EventScriptRuntime|获得上考官
2026-07-02 04:36:12.0839|INFO|Main|GameData.Domains.TaiwuEvent.EventScriptRuntime|获得右考官
2026-07-02 04:36:12.0839|INFO|Main|GameData.Domains.TaiwuEvent.EventScriptRuntime|获得司仪
2026-07-02 04:36:12.0839|INFO|Main|GameData.Domains.TaiwuEvent.EventScriptRuntime|获得左考官
2026-07-02 04:36:12.0839|INFO|Main|GameData.Domains.TaiwuEvent.EventScriptRuntime|获得上考官
2026-07-02 04:36:12.0839|INFO|Main|GameData.Domains.TaiwuEvent.EventScriptRuntime|获得右考官
2026-07-02 04:36:12.0839|INFO|Main|GameData.Domains.TaiwuEvent.EventScriptRuntime|获得司仪
2026-07-02 04:36:12.0839|INFO|Main|GameData.Domains.TaiwuEvent.EventScriptRuntime|获得左考官
2026-07-02 04:36:12.0839|INFO|Main|GameData.Domains.TaiwuEvent.EventScriptRuntime|获得上考官
2026-07-02 04:36:12.0839|INFO|Main|GameData.Domains.TaiwuEvent.EventScriptRuntime|获得右考官
2026-07-02 04:36:12.0839|INFO|Main|GameData.Domains.TaiwuEvent.EventScriptRuntime|获得司仪
2026-07-02 04:36:12.0839|INFO|Main|GameData.Domains.TaiwuEvent.EventScriptRuntime|获得左考官
2026-07-02 04:36:12.0839|INFO|Main|GameData.Domains.TaiwuEvent.EventScriptRuntime|获得上考官
2026-07-02 04:36:12.0839|INFO|Main|GameData.Domains.TaiwuEvent.EventScriptRuntime|获得右考官
2026-07-02 04:36:12.0839|INFO|Main|GameData.Domains.TaiwuEvent.EventScriptRuntime|获得司仪
2026-07-02 04:36:12.0839|INFO|Main|GameData.Domains.TaiwuEvent.EventScriptRuntime|获得左考官
2026-07-02 04:36:12.0839|INFO|Main|GameData.Domains.TaiwuEvent.EventScriptRuntime|获得上考官
2026-07-02 04:36:12.0839|INFO|Main|GameData.Domains.TaiwuEvent.EventScriptRuntime|获得右考官
2026-07-02 04:36:12.0839|INFO|Main|GameData.Domains.TaiwuEvent.EventScriptRuntime|获得司仪
2026-07-02 04:36:12.0839|INFO|Main|GameData.Domains.TaiwuEvent.EventScriptRuntime|获得左考官
2026-07-02 04:36:12.0839|INFO|Main|GameData.Domains.TaiwuEvent.EventScriptRuntime|获得上考官
2026-07-02 04:36:12.0839|INFO|Main|GameData.Domains.TaiwuEvent.EventScriptRuntime|获得右考官
2026-07-02 04:36:12.0839|INFO|Main|GameData.Domains.TaiwuEvent.EventScriptRuntime|获得司仪
2026-07-02 04:36:12.0839|INFO|Main|GameData.Domains.TaiwuEvent.EventScriptRuntime|获得左考官
2026-07-02 04:36:12.0839|INFO|Main|GameData.Domains.TaiwuEvent.EventScriptRuntime|获得上考官
2026-07-02 04:36:12.0839|INFO|Main|GameData.Domains.TaiwuEvent.EventScriptRuntime|获得右考官
2026-07-02 04:36:12.0839|INFO|Main|GameData.Domains.TaiwuEvent.EventScriptRuntime|获得左俘虏
2026-07-02 04:36:12.0839|INFO|Main|GameData.Domains.TaiwuEvent.EventScriptRuntime|获得上俘虏
2026-07-02 04:36:12.0839|INFO|Main|GameData.Domains.TaiwuEvent.EventScriptRuntime|获得右俘虏
2026-07-02 04:36:12.1004|WARN|Main|AdaptableLog|get invalid vital data by type Heaven
2026-07-02 04:36:12.1004|WARN|Main|AdaptableLog|get invalid vital data by type Earth
2026-07-02 04:36:12.1004|WARN|Main|AdaptableLog|get invalid vital data by type Human
2026-07-02 04:36:12.7114|INFO|Main|TaiwuOptimization.Bugfix.CharacterDomainRecentDeadCharactersCleanupPatch|TaiwuOptimization: batch removed recent dead characters life records 94/192, uniqueChars=94, affectedRows=29483, cost=448ms
2026-07-02 04:36:12.7114|INFO|Main|GameData.Domains.Character.CharacterDomain|Removing dead characters: 0/4313
2026-07-02 04:36:12.7221|INFO|Main|GameData.Domains.World.WorldDomain|Removing monthly event Config.MonthlyEventItem(274) at 286 of size 3 from a collection of size 289 and count 15
2026-07-02 04:36:12.7221|INFO|Main|GameData.Domains.World.WorldDomain|CheckMonthlyEvents: 14 events detected.
2026-07-02 04:36:12.7333|INFO|Main|GameData.Domains.World.WorldDomain|AdvanceMonth: end --------------------------------------------------------------
2026-07-02 04:36:12.7333|INFO|Main|GameData.Domains.World.WorldDomain|Advance Month Time Cost: 6006ms
2026-07-02 04:36:13.0730|INFO|Main|GameData.Domains.Global.GlobalDomain|Required Space: 1073741824 bytes.
Available Space: 1402706169856
2026-07-02 04:36:15.9523|INFO|Main|GameData.Domains.World.WorldDomain|Exit advancing month state and start saving world.
2026-07-02 04:36:15.9523|INFO|Main|GameData.Domains.World.WorldDomain|Currrent Population / World Standard Population: 6502/5184, Probability Adjustment of Creating Character: 100%
2026-07-02 04:36:15.9523|INFO|Main|GameData.Domains.Character.CharacterDomain|[[204]] Alive characters: 7307, dead characters: 4313
2026-07-02 04:36:15.9523|INFO|Main|GameData.Domains.Character.CharacterDomain|Non-intelligent characters: 119
  16594: 370-百邪
  16586: 1119-古兵残魂
  16585: 1124-古将残魂
  16593: 370-百邪
  16584: 1119-古兵残魂
  16578: 370-百邪
  16182: 480-金刚院弟子
  8225: 377-年轻侠士
  7427: 377-年轻侠士
  16601: 379-成名镖师
  16186: 480-金刚院弟子
  16582: 370-百邪
  16596: 370-百邪
  16577: 370-百邪
  7428: 377-年轻侠士
  16580: 370-百邪
  16587: 1124-古将残魂
  8345: 377-年轻侠士
  16583: 370-百邪
  16588: 1119-古兵残魂
  16576: 370-百邪
  7426: 377-年轻侠士
  16581: 370-百邪
  16575: 370-百邪
  16574: 370-百邪
  7425: 377-年轻侠士
  16595: 370-百邪
  16592: 370-百邪
  8224: 377-年轻侠士
  8223: 377-年轻侠士
  16579: 370-百邪
  16591: 370-百邪
  7203: 377-年轻侠士
  16185: 480-金刚院弟子
  16589: 1124-古将残魂
  16590: 370-百邪
  16602: 379-成名镖师
  7219: 377-年轻侠士
  7424: 377-年轻侠士
  16600: 377-年轻侠士

2026-07-02 04:36:15.9523|INFO|Main|AdaptableLog|EventArgBox newly created: 152 instances, 2051 object collections.
2026-07-02 04:36:15.9523|WARN|Main|GameData.Domains.Item.ItemDomain|4 unowned Weapon detected.
2026-07-02 04:36:15.9652|WARN|Main|GameData.Domains.Item.ItemDomain|12 unowned Armor detected.
2026-07-02 04:36:15.9652|WARN|Main|GameData.Domains.Item.ItemDomain|9 unowned Accessory detected.
2026-07-02 04:36:15.9652|WARN|Main|GameData.Domains.Item.ItemDomain|9 unowned Carrier detected.
2026-07-02 04:36:15.9652|WARN|Main|GameData.Domains.Item.ItemDomain|8 unowned CraftTool detected.
2026-07-02 04:36:15.9652|WARN|Main|GameData.Domains.Item.ItemDomain|5 unowned TeaWine detected.
2026-07-02 04:36:15.9652|WARN|Main|GameData.Domains.Item.ItemDomain|71 unowned SkillBook detected.
2026-07-02 04:36:15.9652|WARN|Main|GameData.Domains.Item.ItemDomain|2911 unowned Cricket detected.
2026-07-02 04:36:15.9652|WARN|Main|GameData.Domains.Item.ItemDomain|1 unowned Misc detected.
2026-07-02 04:36:15.9652|INFO|Main|GameData.Domains.Item.ItemDomain|Total unowned items: 3030
2026-07-02 04:36:16.3856|INFO|Main|GameData.Domains.Global.GlobalDomain|Total managed memory usage: 635.0MB
2026-07-02 04:36:16.4040|INFO|Main|GameData.Domains.Global.GlobalDomain|Required Space: 1073741824 bytes.
Available Space: 1402706169856
2026-07-02 04:36:17.2226|INFO|Main|GameData.Domains.Global.GlobalDomain|SaveWorld: 818.0
2026-07-02 04:36:17.7603|INFO|Main|AdaptableLog|new Event triggered : 1505c7c2-8a55-4794-bd85-1c5aec7ea341, _triggeredEventList.Count = 1
2026-07-02 04:36:17.7603|INFO|Main|AdaptableLog|new Event triggered : 5820ef21-229c-4bf5-a968-9dec8ae6a480, _triggeredEventList.Count = 2
2026-07-02 04:36:17.7603|INFO|Main|AdaptableLog|1505c7c2-8a55-4794-bd85-1c5aec7ea341 to event => 
2026-07-02 04:36:17.7638|INFO|Main|AdaptableLog|5820ef21-229c-4bf5-a968-9dec8ae6a480 to event => 
2026-07-02 04:36:19.0794|INFO|Main|GameData.Domains.Global.GlobalDomain|Required Space: 1073741824 bytes.
Available Space: 1402694189056
2026-07-02 04:36:19.1111|INFO|Main|GameData.Domains.World.WorldDomain|AdvanceMonth: begin ------------------------------------------------------------
2026-07-02 04:36:19.1222|INFO|Main|GameData.Domains.Character.CharacterDomain|Removing all temporary enemies with a total count of 36
2026-07-02 04:36:19.1222|INFO|Main|GameData.Domains.Character.CharacterDomain|Clearing temporary characters with a total count of 0
2026-07-02 04:36:19.1222|INFO|Main|GameData.Domains.Global.GlobalDomain|Required Space: 1073741824 bytes.
Available Space: 1402694189056
2026-07-02 04:36:19.1222|INFO|Main|GameData.Domains.World.WorldDomain|New month begin: Year 18, Month 1 (204)
2026-07-02 04:36:19.3567|INFO|Main|GameData.Domains.Global.GlobalDomain|[AdvanceMonth_Execute] PreAdvanceMonth: 225.7
2026-07-02 04:36:19.5246|INFO|Main|AdaptableLog|太吾村村民-璧吾安(16611) changed generic skill slot allocation.
2026-07-02 04:36:19.5246|INFO|Main|AdaptableLog|太吾村村民-璧吾安(16611) changed equipped skills.
2026-07-02 04:36:19.5740|INFO|Main|GameData.Domains.Character.CharacterDomain|山寨豪富-寇洁(353) is dead at age 42.(玄灰绝命:{killer=-1, location={18, 307}, adventure=0})
2026-07-02 04:36:19.5861|INFO|Main|GameData.Domains.Character.CharacterDomain|青州城主-巩不凡(2432) is dead at age 59.(寿终正寝:{killer=-1, location={18, 532}, adventure=0})
2026-07-02 04:36:19.5941|INFO|Main|GameData.Domains.Character.CharacterDomain|山寨下九流-关晶儿(2571) is dead at age 34.(玄灰绝命:{killer=-1, location={49, 10}, adventure=0})
2026-07-02 04:36:19.5941|INFO|Main|GameData.Domains.Character.CharacterDomain|村庄权贵-安威信(3158) is dead at age 45.(寿终正寝:{killer=-1, location={114, 12}, adventure=0})
2026-07-02 04:36:19.6080|INFO|Main|GameData.Domains.Character.CharacterDomain|村庄商人-蒙夕星(4492) is dead at age 40.(玄灰绝命:{killer=-1, location={33, 469}, adventure=0})
2026-07-02 04:36:19.6234|INFO|Main|AdaptableLog|逃跑概率：(144 - 100) * (100 - 40[5品朱霞长索]) / 100 + 0 * 20 = 26%，最终取26%
2026-07-02 04:36:19.6234|INFO|Main|GameData.Domains.Character.CharacterDomain|血犼教血犼圣使-吴婵(12175)'s kidnapped character escaped: 村庄手艺人-管素屏(5880).
2026-07-02 04:36:19.6234|INFO|Main|AdaptableLog|逃跑概率：(118 - 100) * (100 - 30[7品五彩绳]) / 100 + 0 * 20 = 12%，最终取12%
2026-07-02 04:36:19.6234|INFO|Main|GameData.Domains.Global.GlobalDomain|[AdvanceMonth_Execute] UpdateStatus: 272.7
2026-07-02 04:36:19.6944|INFO|Main|GameData.Domains.Global.GlobalDomain|[AdvanceMonth_Execute] SelfImprovement: 56.6
2026-07-02 04:36:20.1018|INFO|Main|GameData.Domains.Global.GlobalDomain|[AdvanceMonth_Execute] CharacterPreparation: 407.2
2026-07-02 04:36:20.2819|INFO|Main|GameData.Domains.Character.CharacterDomain|[DistantMarriage] PassConditionCount=2239, PassSuccessRateCheckCount=8, FoundTargetCount=0
2026-07-02 04:36:20.2819|INFO|Main|GameData.Domains.Character.CharacterDomain|Adore Relations In Marriage: 3/3
2026-07-02 04:36:20.2819|INFO|Main|GameData.Domains.Global.GlobalDomain|[AdvanceMonth_Execute] CharacterRelationsUpdate: 183.2
2026-07-02 04:36:20.2819|WARN|Worker13|GameData.Domains.Map.MapDomain|Invalid travel route -1 => 14: path not exists.
2026-07-02 04:36:20.2819|WARN|Worker13|GameData.Domains.Map.MapDomain|Invalid travel route -1 => 13: path not exists.
2026-07-02 04:36:20.2819|WARN|Worker13|GameData.Domains.Map.MapDomain|Invalid travel route -1 => 14: path not exists.
2026-07-02 04:36:20.2819|WARN|Worker13|GameData.Domains.Map.MapDomain|Invalid travel route -1 => 14: path not exists.
2026-07-02 04:36:20.2819|WARN|Worker13|GameData.Domains.Map.MapDomain|Invalid travel route -1 => 14: path not exists.
2026-07-02 04:36:20.2819|WARN|Worker13|GameData.Domains.Map.MapDomain|Invalid travel route -1 => 14: path not exists.
2026-07-02 04:36:20.2819|WARN|Worker13|GameData.Domains.Map.MapDomain|Invalid travel route -1 => 9: path not exists.
2026-07-02 04:36:20.2938|WARN|Worker13|GameData.Domains.Map.MapDomain|Invalid travel route -1 => 14: path not exists.
2026-07-02 04:36:20.2938|WARN|Worker13|GameData.Domains.Map.MapDomain|Invalid travel route -1 => 14: path not exists.
2026-07-02 04:36:20.7414|INFO|Worker25|AdaptableLog|[TaiwuRemoveAILimitation]: CreateAction succeeded: charId=2415, actionId=22, goalId=273, state=1
2026-07-02 04:36:20.7414|INFO|Worker28|AdaptableLog|[TaiwuRemoveAILimitation]: CreateAction succeeded: charId=1752, actionId=16, goalId=273, state=1
2026-07-02 04:36:20.7414|INFO|Worker13|AdaptableLog|[TaiwuRemoveAILimitation]: CreateAction succeeded: charId=1387, actionId=15, goalId=238, state=1
2026-07-02 04:36:20.7414|INFO|Worker9|AdaptableLog|[TaiwuRemoveAILimitation]: CreateAction failed: charId=2518, actionId=17, goalId=273, state=1
2026-07-02 04:36:20.7414|INFO|Worker17|AdaptableLog|[TaiwuRemoveAILimitation]: CreateAction succeeded: charId=3294, actionId=23, goalId=196, state=1
2026-07-02 04:36:20.7414|INFO|Worker30|AdaptableLog|[TaiwuRemoveAILimitation]: CreateAction failed: charId=12133, actionId=16, goalId=273, state=1
2026-07-02 04:36:20.7414|INFO|Worker9|AdaptableLog|[TaiwuRemoveAILimitation]: CreateAction succeeded: charId=2518, actionId=17, goalId=195, state=1
2026-07-02 04:36:20.7414|INFO|Worker27|AdaptableLog|[TaiwuRemoveAILimitation]: CreateAction succeeded: charId=1122, actionId=15, goalId=273, state=1
2026-07-02 04:36:20.7414|INFO|Worker15|AdaptableLog|[TaiwuRemoveAILimitation]: CreateAction succeeded: charId=872, actionId=20, goalId=241, state=1
2026-07-02 04:36:20.7414|INFO|Worker26|AdaptableLog|[TaiwuRemoveAILimitation]: CreateAction failed: charId=3833, actionId=17, goalId=273, state=1
2026-07-02 04:36:20.7414|INFO|Worker0|AdaptableLog|[TaiwuRemoveAILimitation]: CreateAction succeeded: charId=469, actionId=15, goalId=238, state=1
2026-07-02 04:36:20.7582|INFO|Worker28|AdaptableLog|[TaiwuRemoveAILimitation]: CreateAction succeeded: charId=4340, actionId=16, goalId=273, state=1
2026-07-02 04:36:20.7582|INFO|Worker26|AdaptableLog|[TaiwuRemoveAILimitation]: CreateAction failed: charId=3833, actionId=17, goalId=241, state=1
2026-07-02 04:36:20.7582|INFO|Worker23|AdaptableLog|[TaiwuRemoveAILimitation]: CreateAction failed: charId=3987, actionId=17, goalId=273, state=1
2026-07-02 04:36:20.7582|INFO|Worker10|AdaptableLog|[TaiwuRemoveAILimitation]: CreateAction succeeded: charId=472, actionId=15, goalId=273, state=1
2026-07-02 04:36:20.7582|INFO|Worker1|AdaptableLog|[TaiwuRemoveAILimitation]: CreateAction failed: charId=223, actionId=20, goalId=273, state=1
2026-07-02 04:36:20.7582|INFO|Worker5|AdaptableLog|[TaiwuRemoveAILimitation]: CreateAction failed: charId=2116, actionId=14, goalId=273, state=1
2026-07-02 04:36:20.7582|INFO|Worker24|AdaptableLog|[TaiwuRemoveAILimitation]: CreateAction succeeded: charId=8064, actionId=18, goalId=273, state=1
2026-07-02 04:36:20.7636|INFO|Worker26|AdaptableLog|[TaiwuRemoveAILimitation]: CreateAction failed: charId=3924, actionId=21, goalId=238, state=1
2026-07-02 04:36:20.7636|INFO|Worker5|AdaptableLog|[TaiwuRemoveAILimitation]: CreateAction succeeded: charId=2074, actionId=16, goalId=194, state=1
2026-07-02 04:36:20.7636|INFO|Worker4|AdaptableLog|[TaiwuRemoveAILimitation]: CreateAction succeeded: charId=2340, actionId=17, goalId=273, state=1
2026-07-02 04:36:20.7636|INFO|Worker14|AdaptableLog|[TaiwuRemoveAILimitation]: CreateAction succeeded: charId=1319, actionId=23, goalId=273, state=1
2026-07-02 04:36:20.7636|INFO|Worker1|AdaptableLog|[TaiwuRemoveAILimitation]: CreateAction failed: charId=197, actionId=20, goalId=238, state=1
2026-07-02 04:36:20.7636|INFO|Worker1|AdaptableLog|[TaiwuRemoveAILimitation]: CreateAction succeeded: charId=197, actionId=19, goalId=238, state=1
2026-07-02 04:36:20.7636|INFO|Worker9|AdaptableLog|[TaiwuRemoveAILimitation]: CreateAction succeeded: charId=3751, actionId=16, goalId=273, state=1
2026-07-02 04:36:20.7636|INFO|Worker15|AdaptableLog|[TaiwuRemoveAILimitation]: CreateAction succeeded: charId=1166, actionId=23, goalId=241, state=1
2026-07-02 04:36:20.7636|INFO|Worker2|AdaptableLog|[TaiwuRemoveAILimitation]: CreateAction failed: charId=11355, actionId=18, goalId=273, state=1
2026-07-02 04:36:20.7636|INFO|Worker22|AdaptableLog|[TaiwuRemoveAILimitation]: CreateAction succeeded: charId=8413, actionId=14, goalId=191, state=1
2026-07-02 04:36:20.7636|INFO|Worker19|AdaptableLog|[TaiwuRemoveAILimitation]: CreateAction succeeded: charId=2788, actionId=17, goalId=194, state=1
2026-07-02 04:36:20.7636|INFO|Worker30|AdaptableLog|[TaiwuRemoveAILimitation]: CreateAction succeeded: charId=2887, actionId=15, goalId=273, state=1
2026-07-02 04:36:20.7636|INFO|Worker8|AdaptableLog|[TaiwuRemoveAILimitation]: CreateAction succeeded: charId=4084, actionId=22, goalId=238, state=1
2026-07-02 04:36:20.7636|INFO|Worker20|AdaptableLog|[TaiwuRemoveAILimitation]: CreateAction succeeded: charId=5648, actionId=23, goalId=273, state=1
2026-07-02 04:36:20.7636|INFO|Worker23|AdaptableLog|[TaiwuRemoveAILimitation]: CreateAction succeeded: charId=3983, actionId=15, goalId=194, state=1
2026-07-02 04:36:20.7636|INFO|Worker27|AdaptableLog|[TaiwuRemoveAILimitation]: CreateAction failed: charId=2062, actionId=22, goalId=194, state=1
2026-07-02 04:36:20.7636|INFO|Worker22|AdaptableLog|[TaiwuRemoveAILimitation]: CreateAction failed: charId=9808, actionId=20, goalId=238, state=1
2026-07-02 04:36:20.7636|INFO|Worker22|AdaptableLog|[TaiwuRemoveAILimitation]: CreateAction succeeded: charId=9808, actionId=16, goalId=238, state=1
2026-07-02 04:36:20.7785|INFO|Worker19|AdaptableLog|[TaiwuRemoveAILimitation]: CreateAction failed: charId=4391, actionId=16, goalId=273, state=1
2026-07-02 04:36:20.7785|INFO|Worker4|AdaptableLog|[TaiwuRemoveAILimitation]: CreateAction failed: charId=4496, actionId=16, goalId=195, state=1
2026-07-02 04:36:20.7785|INFO|Worker1|AdaptableLog|[TaiwuRemoveAILimitation]: CreateAction failed: charId=235, actionId=22, goalId=273, state=1
2026-07-02 04:36:20.7785|INFO|Worker4|AdaptableLog|[TaiwuRemoveAILimitation]: CreateAction succeeded: charId=4496, actionId=16, goalId=196, state=1
2026-07-02 04:36:20.7785|INFO|Worker3|AdaptableLog|[TaiwuRemoveAILimitation]: CreateAction succeeded: charId=2753, actionId=14, goalId=238, state=1
2026-07-02 04:36:20.7785|INFO|Worker1|AdaptableLog|[TaiwuRemoveAILimitation]: CreateAction succeeded: charId=163, actionId=19, goalId=273, state=1
2026-07-02 04:36:20.7785|INFO|Worker1|AdaptableLog|[TaiwuRemoveAILimitation]: CreateAction failed: charId=240, actionId=22, goalId=273, state=1
2026-07-02 04:36:20.7785|INFO|Worker25|AdaptableLog|[TaiwuRemoveAILimitation]: CreateAction succeeded: charId=3307, actionId=16, goalId=238, state=1
2026-07-02 04:36:20.7785|INFO|Worker1|AdaptableLog|[TaiwuRemoveAILimitation]: CreateAction succeeded: charId=240, actionId=20, goalId=238, state=1
2026-07-02 04:36:20.7785|INFO|Worker16|AdaptableLog|[TaiwuRemoveAILimitation]: CreateAction succeeded: charId=365, actionId=19, goalId=194, state=1
2026-07-02 04:36:20.7785|INFO|Worker4|AdaptableLog|[TaiwuRemoveAILimitation]: CreateAction succeeded: charId=4742, actionId=19, goalId=238, state=1
2026-07-02 04:36:20.7785|INFO|Worker5|AdaptableLog|[TaiwuRemoveAILimitation]: CreateAction succeeded: charId=2119, actionId=17, goalId=273, state=1
2026-07-02 04:36:20.7785|INFO|Worker18|AdaptableLog|[TaiwuRemoveAILimitation]: CreateAction succeeded: charId=15970, actionId=16, goalId=273, state=1
2026-07-02 04:36:20.7785|INFO|Worker4|AdaptableLog|[TaiwuRemoveAILimitation]: CreateAction failed: charId=4690, actionId=20, goalId=238, state=1
2026-07-02 04:36:20.7785|INFO|Worker0|AdaptableLog|[TaiwuRemoveAILimitation]: CreateAction succeeded: charId=465, actionId=19, goalId=273, state=1
2026-07-02 04:36:20.7785|INFO|Worker4|AdaptableLog|[TaiwuRemoveAILimitation]: CreateAction succeeded: charId=4690, actionId=21, goalId=238, state=1
2026-07-02 04:36:20.7785|INFO|Worker24|AdaptableLog|[TaiwuRemoveAILimitation]: CreateAction succeeded: charId=8264, actionId=18, goalId=273, state=1
2026-07-02 04:36:20.7942|INFO|Worker22|AdaptableLog|[TaiwuRemoveAILimitation]: CreateAction succeeded: charId=10436, actionId=14, goalId=273, state=1
2026-07-02 04:36:20.7942|INFO|Worker22|AdaptableLog|[TaiwuRemoveAILimitation]: CreateAction succeeded: charId=3384, actionId=16, goalId=273, state=1
2026-07-02 04:36:20.7942|INFO|Worker28|AdaptableLog|[TaiwuRemoveAILimitation]: CreateAction succeeded: charId=33, actionId=19, goalId=273, state=1
2026-07-02 04:36:20.7942|INFO|Worker26|AdaptableLog|[TaiwuRemoveAILimitation]: CreateAction succeeded: charId=3846, actionId=21, goalId=241, state=1
2026-07-02 04:36:20.7942|INFO|Worker24|AdaptableLog|[TaiwuRemoveAILimitation]: CreateAction failed: charId=9233, actionId=18, goalId=273, state=1
2026-07-02 04:36:20.7942|INFO|Worker23|AdaptableLog|[TaiwuRemoveAILimitation]: CreateAction failed: charId=4832, actionId=20, goalId=273, state=1
2026-07-02 04:36:20.7942|INFO|Worker2|AdaptableLog|[TaiwuRemoveAILimitation]: CreateAction failed: charId=13518, actionId=15, goalId=273, state=1
2026-07-02 04:36:20.7942|INFO|Worker14|AdaptableLog|[TaiwuRemoveAILimitation]: CreateAction failed: charId=4341, actionId=16, goalId=238, state=1
2026-07-02 04:36:20.7942|INFO|Worker23|AdaptableLog|[TaiwuRemoveAILimitation]: CreateAction succeeded: charId=4832, actionId=20, goalId=238, state=1
2026-07-02 04:36:20.7942|INFO|Worker21|AdaptableLog|[TaiwuRemoveAILimitation]: CreateAction succeeded: charId=14759, actionId=17, goalId=238, state=1
2026-07-02 04:36:20.7942|INFO|Worker14|AdaptableLog|[TaiwuRemoveAILimitation]: CreateAction failed: charId=4341, actionId=16, goalId=238, state=1
2026-07-02 04:36:20.7942|INFO|Worker25|AdaptableLog|[TaiwuRemoveAILimitation]: CreateAction succeeded: charId=4692, actionId=15, goalId=273, state=1
2026-07-02 04:36:20.7942|INFO|Worker20|AdaptableLog|[TaiwuRemoveAILimitation]: CreateAction succeeded: charId=2466, actionId=16, goalId=190, state=1
2026-07-02 04:36:20.7942|INFO|Worker17|AdaptableLog|[TaiwuRemoveAILimitation]: CreateAction succeeded: charId=3237, actionId=14, goalId=273, state=1
2026-07-02 04:36:20.7942|INFO|Worker14|AdaptableLog|[TaiwuRemoveAILimitation]: CreateAction succeeded: charId=4341, actionId=16, goalId=238, state=1
2026-07-02 04:36:20.7942|INFO|Worker28|AdaptableLog|[TaiwuRemoveAILimitation]: CreateAction succeeded: charId=1634, actionId=20, goalId=273, state=1
2026-07-02 04:36:20.7942|INFO|Worker5|AdaptableLog|[TaiwuRemoveAILimitation]: CreateAction succeeded: charId=2073, actionId=16, goalId=273, state=1
2026-07-02 04:36:20.7942|INFO|Worker17|AdaptableLog|[TaiwuRemoveAILimitation]: CreateAction failed: charId=3238, actionId=14, goalId=273, state=1
2026-07-02 04:36:20.7942|INFO|Worker18|AdaptableLog|[TaiwuRemoveAILimitation]: CreateAction failed: charId=15293, actionId=14, goalId=273, state=1
2026-07-02 04:36:20.7942|INFO|Worker18|AdaptableLog|[TaiwuRemoveAILimitation]: CreateAction failed: charId=15293, actionId=18, goalId=194, state=1
2026-07-02 04:36:20.7942|INFO|Worker24|AdaptableLog|[TaiwuRemoveAILimitation]: CreateAction succeeded: charId=8266, actionId=18, goalId=273, state=1
2026-07-02 04:36:20.8109|INFO|Worker18|AdaptableLog|[TaiwuRemoveAILimitation]: CreateAction failed: charId=16322, actionId=17, goalId=273, state=1
2026-07-02 04:36:20.8109|INFO|Worker13|AdaptableLog|[TaiwuRemoveAILimitation]: CreateAction succeeded: charId=1432, actionId=15, goalId=5, state=1
2026-07-02 04:36:20.8109|INFO|Worker20|AdaptableLog|[TaiwuRemoveAILimitation]: CreateAction succeeded: charId=2559, actionId=23, goalId=273, state=1
2026-07-02 04:36:20.8109|INFO|Worker13|AdaptableLog|[TaiwuRemoveAILimitation]: CreateAction succeeded: charId=7825, actionId=15, goalId=273, state=1
2026-07-02 04:36:20.8109|INFO|Worker12|AdaptableLog|[TaiwuRemoveAILimitation]: CreateAction succeeded: charId=5308, actionId=17, goalId=195, state=1
2026-07-02 04:36:20.8109|INFO|Worker9|AdaptableLog|[TaiwuRemoveAILimitation]: CreateAction succeeded: charId=3746, actionId=21, goalId=273, state=1
2026-07-02 04:36:20.8109|INFO|Worker23|AdaptableLog|[TaiwuRemoveAILimitation]: CreateAction succeeded: charId=4884, actionId=23, goalId=238, state=1
2026-07-02 04:36:20.8109|INFO|Worker28|AdaptableLog|[TaiwuRemoveAILimitation]: CreateAction succeeded: charId=1750, actionId=17, goalId=273, state=1
2026-07-02 04:36:20.8109|INFO|Worker1|AdaptableLog|[TaiwuRemoveAILimitation]: CreateAction succeeded: charId=277, actionId=17, goalId=273, state=1
2026-07-02 04:36:20.8109|INFO|Worker30|AdaptableLog|[TaiwuRemoveAILimitation]: CreateAction succeeded: charId=3100, actionId=14, goalId=273, state=1
2026-07-02 04:36:20.8109|INFO|Worker22|AdaptableLog|[TaiwuRemoveAILimitation]: CreateAction succeeded: charId=7317, actionId=23, goalId=273, state=1
2026-07-02 04:36:20.8109|INFO|Worker13|AdaptableLog|[TaiwuRemoveAILimitation]: CreateAction succeeded: charId=1351, actionId=15, goalId=273, state=1
2026-07-02 04:36:20.8109|INFO|Worker16|AdaptableLog|[TaiwuRemoveAILimitation]: CreateAction failed: charId=10446, actionId=22, goalId=241, state=1
2026-07-02 04:36:20.8109|INFO|Worker13|AdaptableLog|[TaiwuRemoveAILimitation]: CreateAction succeeded: charId=8271, actionId=15, goalId=5, state=1
2026-07-02 04:36:20.8109|INFO|Worker23|AdaptableLog|[TaiwuRemoveAILimitation]: CreateAction succeeded: charId=4894, actionId=17, goalId=241, state=1
2026-07-02 04:36:20.8109|INFO|Worker2|AdaptableLog|[TaiwuRemoveAILimitation]: CreateAction failed: charId=12997, actionId=15, goalId=273, state=1
2026-07-02 04:36:20.8109|INFO|Worker16|AdaptableLog|[TaiwuRemoveAILimitation]: CreateAction succeeded: charId=10446, actionId=19, goalId=238, state=1
2026-07-02 04:36:20.8264|INFO|Worker14|AdaptableLog|[TaiwuRemoveAILimitation]: CreateAction succeeded: charId=767, actionId=17, goalId=273, state=1
2026-07-02 04:36:20.8264|INFO|Worker10|AdaptableLog|[TaiwuRemoveAILimitation]: CreateAction failed: charId=39, actionId=17, goalId=238, state=1
2026-07-02 04:36:20.8264|INFO|Worker2|AdaptableLog|[TaiwuRemoveAILimitation]: CreateAction failed: charId=3130, actionId=18, goalId=273, state=1
2026-07-02 04:36:20.8264|INFO|Worker2|AdaptableLog|[TaiwuRemoveAILimitation]: CreateAction failed: charId=3130, actionId=18, goalId=190, state=1
2026-07-02 04:36:20.8264|INFO|Worker2|AdaptableLog|[TaiwuRemoveAILimitation]: CreateAction failed: charId=3130, actionId=18, goalId=191, state=1
2026-07-02 04:36:20.8264|INFO|Worker2|AdaptableLog|[TaiwuRemoveAILimitation]: CreateAction failed: charId=3130, actionId=18, goalId=192, state=1
2026-07-02 04:36:20.8264|INFO|Worker3|AdaptableLog|[TaiwuRemoveAILimitation]: CreateAction succeeded: charId=2602, actionId=16, goalId=238, state=1
2026-07-02 04:36:20.8264|INFO|Worker28|AdaptableLog|[TaiwuRemoveAILimitation]: CreateAction succeeded: charId=1693, actionId=17, goalId=273, state=1
2026-07-02 04:36:20.8264|INFO|Worker21|AdaptableLog|[TaiwuRemoveAILimitation]: CreateAction failed: charId=7117, actionId=18, goalId=238, state=1
2026-07-02 04:36:20.8264|INFO|Worker22|AdaptableLog|[TaiwuRemoveAILimitation]: CreateAction succeeded: charId=9555, actionId=14, goalId=238, state=1
2026-07-02 04:36:20.8264|INFO|Worker20|AdaptableLog|[TaiwuRemoveAILimitation]: CreateAction succeeded: charId=2700, actionId=16, goalId=238, state=1
2026-07-02 04:36:20.8264|INFO|Worker27|AdaptableLog|[TaiwuRemoveAILimitation]: CreateAction succeeded: charId=415, actionId=19, goalId=196, state=1
2026-07-02 04:36:20.8264|INFO|Worker1|AdaptableLog|[TaiwuRemoveAILimitation]: CreateAction succeeded: charId=270, actionId=19, goalId=238, state=1
2026-07-02 04:36:20.8264|INFO|Worker7|AdaptableLog|[TaiwuRemoveAILimitation]: CreateAction succeeded: charId=4037, actionId=22, goalId=273, state=1
2026-07-02 04:36:20.8264|INFO|Worker21|AdaptableLog|[TaiwuRemoveAILimitation]: CreateAction succeeded: charId=7117, actionId=18, goalId=238, state=1
2026-07-02 04:36:20.8264|INFO|Worker28|AdaptableLog|[TaiwuRemoveAILimitation]: CreateAction succeeded: charId=4140, actionId=15, goalId=273, state=1
2026-07-02 04:36:20.8264|INFO|Worker29|AdaptableLog|[TaiwuRemoveAILimitation]: CreateAction succeeded: charId=4785, actionId=23, goalId=273, state=1
2026-07-02 04:36:20.8264|INFO|Worker2|AdaptableLog|[TaiwuRemoveAILimitation]: CreateAction failed: charId=10070, actionId=23, goalId=241, state=1
2026-07-02 04:36:20.8264|INFO|Worker30|AdaptableLog|[TaiwuRemoveAILimitation]: CreateAction succeeded: charId=2944, actionId=14, goalId=273, state=1
2026-07-02 04:36:20.8412|INFO|Worker20|AdaptableLog|[TaiwuRemoveAILimitation]: CreateAction failed: charId=2565, actionId=17, goalId=238, state=1
2026-07-02 04:36:20.8412|INFO|Worker17|AdaptableLog|[TaiwuRemoveAILimitation]: CreateAction succeeded: charId=3349, actionId=23, goalId=273, state=1
2026-07-02 04:36:20.8412|INFO|Worker5|AdaptableLog|[TaiwuRemoveAILimitation]: CreateAction succeeded: charId=2174, actionId=16, goalId=273, state=1
2026-07-02 04:36:20.8412|INFO|Worker15|AdaptableLog|[TaiwuRemoveAILimitation]: CreateAction succeeded: charId=5564, actionId=14, goalId=273, state=1
2026-07-02 04:36:20.8412|INFO|Worker21|AdaptableLog|[TaiwuRemoveAILimitation]: CreateAction succeeded: charId=10640, actionId=18, goalId=238, state=1
2026-07-02 04:36:20.8412|INFO|Worker7|AdaptableLog|[TaiwuRemoveAILimitation]: CreateAction failed: charId=4134, actionId=20, goalId=196, state=1
2026-07-02 04:36:20.8412|INFO|Worker7|AdaptableLog|[TaiwuRemoveAILimitation]: CreateAction succeeded: charId=4134, actionId=19, goalId=192, state=1
2026-07-02 04:36:20.8412|INFO|Worker5|AdaptableLog|[TaiwuRemoveAILimitation]: CreateAction succeeded: charId=2342, actionId=17, goalId=238, state=1
2026-07-02 04:36:20.8412|INFO|Worker22|AdaptableLog|[TaiwuRemoveAILimitation]: CreateAction failed: charId=7093, actionId=17, goalId=273, state=1
2026-07-02 04:36:20.8412|INFO|Worker4|AdaptableLog|[TaiwuRemoveAILimitation]: CreateAction succeeded: charId=1065, actionId=17, goalId=273, state=1
2026-07-02 04:36:20.8412|INFO|Worker23|AdaptableLog|[TaiwuRemoveAILimitation]: CreateAction failed: charId=4831, actionId=21, goalId=238, state=1
2026-07-02 04:36:20.8412|INFO|Worker6|AdaptableLog|[TaiwuRemoveAILimitation]: CreateAction succeeded: charId=1218, actionId=20, goalId=273, state=1
2026-07-02 04:36:20.8412|INFO|Worker2|AdaptableLog|[TaiwuRemoveAILimitation]: CreateAction failed: charId=11509, actionId=16, goalId=273, state=1
2026-07-02 04:36:20.8412|INFO|Worker31|AdaptableLog|[TaiwuRemoveAILimitation]: CreateAction succeeded: charId=2060, actionId=20, goalId=238, state=1
2026-07-02 04:36:20.8412|INFO|Worker28|AdaptableLog|[TaiwuRemoveAILimitation]: CreateAction succeeded: charId=26, actionId=21, goalId=273, state=1
2026-07-02 04:36:20.8412|INFO|Worker25|AdaptableLog|[TaiwuRemoveAILimitation]: CreateAction succeeded: charId=4538, actionId=22, goalId=273, state=1
2026-07-02 04:36:20.8412|INFO|Worker2|AdaptableLog|[TaiwuRemoveAILimitation]: CreateAction failed: charId=3133, actionId=21, goalId=273, state=1
2026-07-02 04:36:20.8571|INFO|Worker28|AdaptableLog|[TaiwuRemoveAILimitation]: CreateAction failed: charId=1690, actionId=20, goalId=273, state=1
2026-07-02 04:36:20.8571|INFO|Worker11|AdaptableLog|[TaiwuRemoveAILimitation]: CreateAction succeeded: charId=3102, actionId=14, goalId=273, state=1
2026-07-02 04:36:20.8571|INFO|Worker11|AdaptableLog|[TaiwuRemoveAILimitation]: CreateAction succeeded: charId=4038, actionId=22, goalId=273, state=1
2026-07-02 04:36:20.8571|INFO|Worker31|AdaptableLog|[TaiwuRemoveAILimitation]: CreateAction succeeded: charId=10041, actionId=14, goalId=273, state=1
2026-07-02 04:36:20.8571|INFO|Worker15|AdaptableLog|[TaiwuRemoveAILimitation]: CreateAction failed: charId=878, actionId=16, goalId=273, state=1
2026-07-02 04:36:20.8571|INFO|Worker15|AdaptableLog|[TaiwuRemoveAILimitation]: CreateAction failed: charId=878, actionId=16, goalId=195, state=1
2026-07-02 04:36:20.8571|INFO|Worker29|AdaptableLog|[TaiwuRemoveAILimitation]: CreateAction succeeded: charId=983, actionId=20, goalId=238, state=1
2026-07-02 04:36:20.8571|INFO|Worker15|AdaptableLog|[TaiwuRemoveAILimitation]: CreateAction succeeded: charId=2065, actionId=22, goalId=273, state=1
2026-07-02 04:36:20.8571|INFO|Worker2|AdaptableLog|[TaiwuRemoveAILimitation]: CreateAction failed: charId=14454, actionId=16, goalId=187, state=1
2026-07-02 04:36:20.8571|INFO|Worker3|AdaptableLog|[TaiwuRemoveAILimitation]: CreateAction succeeded: charId=8173, actionId=16, goalId=238, state=1
2026-07-02 04:36:20.8571|INFO|Worker24|AdaptableLog|[TaiwuRemoveAILimitation]: CreateAction failed: charId=560, actionId=18, goalId=273, state=1
2026-07-02 04:36:20.8571|INFO|Worker21|AdaptableLog|[TaiwuRemoveAILimitation]: CreateAction failed: charId=9790, actionId=14, goalId=238, state=1
2026-07-02 04:36:20.8571|INFO|Worker16|AdaptableLog|[TaiwuRemoveAILimitation]: CreateAction succeeded: charId=5025, actionId=23, goalId=273, state=1
2026-07-02 04:36:20.8571|INFO|Worker21|AdaptableLog|[TaiwuRemoveAILimitation]: CreateAction succeeded: charId=9790, actionId=14, goalId=238, state=1
2026-07-02 04:36:20.8571|INFO|Worker11|AdaptableLog|[TaiwuRemoveAILimitation]: CreateAction succeeded: charId=2997, actionId=18, goalId=238, state=1
2026-07-02 04:36:20.8571|INFO|Worker3|AdaptableLog|[TaiwuRemoveAILimitation]: CreateAction failed: charId=6999, actionId=16, goalId=273, state=1
2026-07-02 04:36:20.8571|INFO|Worker2|AdaptableLog|[TaiwuRemoveAILimitation]: CreateAction failed: charId=14454, actionId=16, goalId=241, state=1
2026-07-02 04:36:20.8571|INFO|Worker3|AdaptableLog|[TaiwuRemoveAILimitation]: CreateAction succeeded: charId=6999, actionId=16, goalId=190, state=1
2026-07-02 04:36:20.8571|INFO|Worker16|AdaptableLog|[TaiwuRemoveAILimitation]: CreateAction succeeded: charId=5077, actionId=15, goalId=238, state=1
2026-07-02 04:36:20.8571|INFO|Worker21|AdaptableLog|[TaiwuRemoveAILimitation]: CreateAction failed: charId=8595, actionId=18, goalId=238, state=1
2026-07-02 04:36:20.8719|INFO|Worker21|AdaptableLog|[TaiwuRemoveAILimitation]: CreateAction failed: charId=8595, actionId=18, goalId=238, state=1
2026-07-02 04:36:20.8719|INFO|Worker20|AdaptableLog|[TaiwuRemoveAILimitation]: CreateAction succeeded: charId=2474, actionId=17, goalId=273, state=1
2026-07-02 04:36:20.8719|INFO|Worker21|AdaptableLog|[TaiwuRemoveAILimitation]: CreateAction succeeded: charId=8595, actionId=18, goalId=238, state=1
2026-07-02 04:36:20.8719|INFO|Worker31|AdaptableLog|[TaiwuRemoveAILimitation]: CreateAction succeeded: charId=8933, actionId=14, goalId=273, state=1
2026-07-02 04:36:20.8719|INFO|Worker19|AdaptableLog|[TaiwuRemoveAILimitation]: CreateAction failed: charId=9053, actionId=15, goalId=238, state=1
2026-07-02 04:36:20.8719|INFO|Worker2|AdaptableLog|[TaiwuRemoveAILimitation]: CreateAction failed: charId=12788, actionId=15, goalId=192, state=1
2026-07-02 04:36:20.8719|INFO|Worker3|AdaptableLog|[TaiwuRemoveAILimitation]: CreateAction failed: charId=7000, actionId=16, goalId=238, state=1
2026-07-02 04:36:20.8719|INFO|Worker19|AdaptableLog|[TaiwuRemoveAILimitation]: CreateAction succeeded: charId=9053, actionId=22, goalId=238, state=1
2026-07-02 04:36:20.8719|INFO|Worker2|AdaptableLog|[TaiwuRemoveAILimitation]: CreateAction failed: charId=12788, actionId=16, goalId=193, state=1
2026-07-02 04:36:20.8719|INFO|Worker2|AdaptableLog|[TaiwuRemoveAILimitation]: CreateAction failed: charId=12787, actionId=18, goalId=273, state=1
2026-07-02 04:36:20.8719|INFO|Worker9|AdaptableLog|[TaiwuRemoveAILimitation]: CreateAction failed: charId=149, actionId=17, goalId=273, state=1
2026-07-02 04:36:20.8719|INFO|Worker9|AdaptableLog|[TaiwuRemoveAILimitation]: CreateAction succeeded: charId=149, actionId=17, goalId=194, state=1
2026-07-02 04:36:20.8719|INFO|Worker31|AdaptableLog|[TaiwuRemoveAILimitation]: CreateAction succeeded: charId=8930, actionId=15, goalId=190, state=1
2026-07-02 04:36:20.8719|INFO|Worker19|AdaptableLog|[TaiwuRemoveAILimitation]: CreateAction succeeded: charId=9741, actionId=15, goalId=273, state=1
2026-07-02 04:36:20.8719|INFO|Worker25|AdaptableLog|[TaiwuRemoveAILimitation]: CreateAction succeeded: charId=4743, actionId=21, goalId=196, state=1
2026-07-02 04:36:20.8719|INFO|Worker9|AdaptableLog|[TaiwuRemoveAILimitation]: CreateAction succeeded: charId=3693, actionId=19, goalId=238, state=1
2026-07-02 04:36:20.8719|INFO|Worker0|AdaptableLog|[TaiwuRemoveAILimitation]: CreateAction succeeded: charId=518, actionId=16, goalId=241, state=1
2026-07-02 04:36:20.8719|INFO|Worker27|AdaptableLog|[TaiwuRemoveAILimitation]: CreateAction failed: charId=875, actionId=20, goalId=273, state=1
2026-07-02 04:36:20.8719|INFO|Worker1|AdaptableLog|[TaiwuRemoveAILimitation]: CreateAction failed: charId=1925, actionId=17, goalId=196, state=1
2026-07-02 04:36:20.8719|INFO|Worker29|AdaptableLog|[TaiwuRemoveAILimitation]: CreateAction failed: charId=988, actionId=21, goalId=238, state=1
2026-07-02 04:36:20.8719|INFO|Worker27|AdaptableLog|[TaiwuRemoveAILimitation]: CreateAction succeeded: charId=875, actionId=20, goalId=238, state=1
2026-07-02 04:36:20.8719|INFO|Worker29|AdaptableLog|[TaiwuRemoveAILimitation]: CreateAction failed: charId=988, actionId=21, goalId=190, state=1
2026-07-02 04:36:20.8883|INFO|Worker27|AdaptableLog|[TaiwuRemoveAILimitation]: CreateAction failed: charId=879, actionId=14, goalId=273, state=1
2026-07-02 04:36:20.8883|INFO|Worker31|AdaptableLog|[TaiwuRemoveAILimitation]: CreateAction succeeded: charId=2210, actionId=18, goalId=238, state=1
2026-07-02 04:36:20.8883|INFO|Worker12|AdaptableLog|[TaiwuRemoveAILimitation]: CreateAction succeeded: charId=3587, actionId=14, goalId=238, state=1
2026-07-02 04:36:20.8883|INFO|Worker26|AdaptableLog|[TaiwuRemoveAILimitation]: CreateAction failed: charId=8328, actionId=19, goalId=238, state=1
2026-07-02 04:36:20.8883|INFO|Worker2|AdaptableLog|[TaiwuRemoveAILimitation]: CreateAction failed: charId=11950, actionId=17, goalId=273, state=1
2026-07-02 04:36:20.8883|INFO|Worker18|AdaptableLog|[TaiwuRemoveAILimitation]: CreateAction failed: charId=5606, actionId=20, goalId=238, state=1
2026-07-02 04:36:20.8883|INFO|Worker24|AdaptableLog|[TaiwuRemoveAILimitation]: CreateAction failed: charId=661, actionId=23, goalId=196, state=1
2026-07-02 04:36:20.8883|INFO|Worker18|AdaptableLog|[TaiwuRemoveAILimitation]: CreateAction failed: charId=5606, actionId=22, goalId=195, state=1
2026-07-02 04:36:20.8883|INFO|Worker26|AdaptableLog|[TaiwuRemoveAILimitation]: CreateAction succeeded: charId=8328, actionId=21, goalId=241, state=1
2026-07-02 04:36:20.8883|INFO|Worker18|AdaptableLog|[TaiwuRemoveAILimitation]: CreateAction failed: charId=5608, actionId=22, goalId=195, state=1
2026-07-02 04:36:20.8883|INFO|Worker18|AdaptableLog|[TaiwuRemoveAILimitation]: CreateAction succeeded: charId=5608, actionId=22, goalId=196, state=1
2026-07-02 04:36:20.8883|INFO|Worker18|AdaptableLog|[TaiwuRemoveAILimitation]: CreateAction succeeded: charId=5653, actionId=17, goalId=273, state=1
2026-07-02 04:36:20.8883|INFO|Worker22|AdaptableLog|[TaiwuRemoveAILimitation]: CreateAction succeeded: charId=3536, actionId=16, goalId=273, state=1
2026-07-02 04:36:20.8883|INFO|Worker0|AdaptableLog|[TaiwuRemoveAILimitation]: CreateAction failed: charId=473, actionId=17, goalId=238, state=1
2026-07-02 04:36:20.8883|INFO|Worker26|AdaptableLog|[TaiwuRemoveAILimitation]: CreateAction failed: charId=10733, actionId=22, goalId=273, state=1
2026-07-02 04:36:20.8883|INFO|Worker26|AdaptableLog|[TaiwuRemoveAILimitation]: CreateAction succeeded: charId=10733, actionId=23, goalId=238, state=1
2026-07-02 04:36:20.8883|INFO|Worker2|AdaptableLog|[TaiwuRemoveAILimitation]: CreateAction failed: charId=11718, actionId=17, goalId=273, state=1
2026-07-02 04:36:20.8883|INFO|Worker16|AdaptableLog|[TaiwuRemoveAILimitation]: CreateAction failed: charId=7666, actionId=21, goalId=273, state=1
2026-07-02 04:36:20.8883|INFO|Worker2|AdaptableLog|[TaiwuRemoveAILimitation]: CreateAction failed: charId=11718, actionId=22, goalId=238, state=1
2026-07-02 04:36:20.8883|INFO|Worker2|AdaptableLog|[TaiwuRemoveAILimitation]: CreateAction failed: charId=11718, actionId=22, goalId=238, state=1
2026-07-02 04:36:20.9038|INFO|Worker16|AdaptableLog|[TaiwuRemoveAILimitation]: CreateAction succeeded: charId=4969, actionId=20, goalId=273, state=1
2026-07-02 04:36:20.9038|INFO|Worker19|AdaptableLog|[TaiwuRemoveAILimitation]: CreateAction succeeded: charId=9823, actionId=15, goalId=238, state=1
2026-07-02 04:36:20.9038|INFO|Worker19|AdaptableLog|[TaiwuRemoveAILimitation]: CreateAction succeeded: charId=7375, actionId=19, goalId=238, state=1
2026-07-02 04:36:20.9038|INFO|Worker18|AdaptableLog|[TaiwuRemoveAILimitation]: CreateAction succeeded: charId=5615, actionId=15, goalId=273, state=1
2026-07-02 04:36:20.9038|INFO|Worker19|AdaptableLog|[TaiwuRemoveAILimitation]: CreateAction succeeded: charId=9430, actionId=22, goalId=238, state=1
2026-07-02 04:36:20.9038|INFO|Worker3|AdaptableLog|[TaiwuRemoveAILimitation]: CreateAction succeeded: charId=2621, actionId=16, goalId=273, state=1
2026-07-02 04:36:20.9038|INFO|Worker16|AdaptableLog|[TaiwuRemoveAILimitation]: CreateAction failed: charId=9908, actionId=23, goalId=273, state=1
2026-07-02 04:36:20.9038|INFO|Worker29|AdaptableLog|[TaiwuRemoveAILimitation]: CreateAction failed: charId=7401, actionId=17, goalId=273, state=1
2026-07-02 04:36:20.9038|INFO|Worker16|AdaptableLog|[TaiwuRemoveAILimitation]: CreateAction succeeded: charId=9908, actionId=23, goalId=245, state=1
2026-07-02 04:36:20.9038|INFO|Worker18|AdaptableLog|[TaiwuRemoveAILimitation]: CreateAction succeeded: charId=94, actionId=17, goalId=273, state=1
2026-07-02 04:36:20.9038|INFO|Worker21|AdaptableLog|[TaiwuRemoveAILimitation]: CreateAction succeeded: charId=7576, actionId=14, goalId=238, state=1
2026-07-02 04:36:20.9038|INFO|Worker25|AdaptableLog|[TaiwuRemoveAILimitation]: CreateAction failed: charId=4693, actionId=15, goalId=273, state=1
2026-07-02 04:36:20.9038|INFO|Worker25|AdaptableLog|[TaiwuRemoveAILimitation]: CreateAction succeeded: charId=4693, actionId=15, goalId=238, state=1
2026-07-02 04:36:20.9038|INFO|Worker26|AdaptableLog|[TaiwuRemoveAILimitation]: CreateAction succeeded: charId=3643, actionId=14, goalId=273, state=1
2026-07-02 04:36:20.9038|INFO|Worker21|AdaptableLog|[TaiwuRemoveAILimitation]: CreateAction succeeded: charId=5333, actionId=18, goalId=238, state=1
2026-07-02 04:36:20.9038|INFO|Worker6|AdaptableLog|[TaiwuRemoveAILimitation]: CreateAction failed: charId=8587, actionId=19, goalId=238, state=1
2026-07-02 04:36:20.9038|INFO|Worker6|AdaptableLog|[TaiwuRemoveAILimitation]: CreateAction succeeded: charId=8587, actionId=20, goalId=238, state=1
2026-07-02 04:36:20.9038|INFO|Worker2|AdaptableLog|[TaiwuRemoveAILimitation]: CreateAction failed: charId=13737, actionId=14, goalId=273, state=1
2026-07-02 04:36:20.9038|INFO|Worker29|AdaptableLog|[TaiwuRemoveAILimitation]: CreateAction succeeded: charId=7698, actionId=17, goalId=190, state=1
2026-07-02 04:36:20.9192|INFO|Worker29|AdaptableLog|[TaiwuRemoveAILimitation]: CreateAction succeeded: charId=957, actionId=22, goalId=192, state=1
2026-07-02 04:36:20.9192|INFO|Worker6|AdaptableLog|[TaiwuRemoveAILimitation]: CreateAction succeeded: charId=7745, actionId=20, goalId=273, state=1
2026-07-02 04:36:20.9192|INFO|Worker29|AdaptableLog|[TaiwuRemoveAILimitation]: CreateAction succeeded: charId=7883, actionId=23, goalId=238, state=1
2026-07-02 04:36:20.9192|INFO|Worker16|AdaptableLog|[TaiwuRemoveAILimitation]: CreateAction succeeded: charId=5117, actionId=17, goalId=179, state=1
2026-07-02 04:36:20.9192|INFO|Worker26|AdaptableLog|[TaiwuRemoveAILimitation]: CreateAction failed: charId=3887, actionId=22, goalId=193, state=1
2026-07-02 04:36:20.9192|INFO|Worker26|AdaptableLog|[TaiwuRemoveAILimitation]: CreateAction succeeded: charId=3887, actionId=20, goalId=196, state=1
2026-07-02 04:36:20.9192|INFO|Worker31|AdaptableLog|[TaiwuRemoveAILimitation]: CreateAction succeeded: charId=9857, actionId=18, goalId=191, state=1
2026-07-02 04:36:20.9192|INFO|Worker16|AdaptableLog|[TaiwuRemoveAILimitation]: CreateAction succeeded: charId=5150, actionId=19, goalId=273, state=1
2026-07-02 04:36:20.9192|INFO|Worker31|AdaptableLog|[TaiwuRemoveAILimitation]: CreateAction succeeded: charId=7770, actionId=18, goalId=192, state=1
2026-07-02 04:36:20.9192|INFO|Worker19|AdaptableLog|[TaiwuRemoveAILimitation]: CreateAction succeeded: charId=7835, actionId=23, goalId=238, state=1
2026-07-02 04:36:20.9192|INFO|Worker6|AdaptableLog|[TaiwuRemoveAILimitation]: CreateAction succeeded: charId=9968, actionId=18, goalId=273, state=1
2026-07-02 04:36:20.9192|INFO|Worker19|AdaptableLog|[TaiwuRemoveAILimitation]: CreateAction succeeded: charId=8590, actionId=21, goalId=241, state=1
2026-07-02 04:36:20.9192|INFO|Worker31|AdaptableLog|[TaiwuRemoveAILimitation]: CreateAction succeeded: charId=2286, actionId=14, goalId=273, state=1
2026-07-02 04:36:20.9192|INFO|Worker29|AdaptableLog|[TaiwuRemoveAILimitation]: CreateAction failed: charId=1005, actionId=17, goalId=273, state=1
2026-07-02 04:36:20.9350|INFO|Worker29|AdaptableLog|[TaiwuRemoveAILimitation]: CreateAction failed: charId=1005, actionId=17, goalId=241, state=1
2026-07-02 04:36:20.9350|INFO|Worker19|AdaptableLog|[TaiwuRemoveAILimitation]: CreateAction succeeded: charId=7377, actionId=20, goalId=238, state=1
2026-07-02 04:36:20.9350|INFO|Worker29|AdaptableLog|[TaiwuRemoveAILimitation]: CreateAction failed: charId=11047, actionId=14, goalId=238, state=1
2026-07-02 04:36:20.9350|INFO|Worker29|AdaptableLog|[TaiwuRemoveAILimitation]: CreateAction succeeded: charId=11047, actionId=14, goalId=238, state=1
2026-07-02 04:36:20.9350|INFO|Worker19|AdaptableLog|[TaiwuRemoveAILimitation]: CreateAction succeeded: charId=5953, actionId=19, goalId=238, state=1
2026-07-02 04:36:20.9350|INFO|Worker21|AdaptableLog|[TaiwuRemoveAILimitation]: CreateAction succeeded: charId=5421, actionId=18, goalId=238, state=1
2026-07-02 04:36:20.9350|INFO|Worker29|AdaptableLog|[TaiwuRemoveAILimitation]: CreateAction succeeded: charId=8729, actionId=17, goalId=273, state=1
2026-07-02 04:36:20.9350|INFO|Worker19|AdaptableLog|[TaiwuRemoveAILimitation]: CreateAction succeeded: charId=5761, actionId=23, goalId=238, state=1
2026-07-02 04:36:20.9350|INFO|Worker31|AdaptableLog|[TaiwuRemoveAILimitation]: CreateAction succeeded: charId=2198, actionId=18, goalId=273, state=1
2026-07-02 04:36:20.9350|INFO|Worker31|AdaptableLog|[TaiwuRemoveAILimitation]: CreateAction succeeded: charId=8208, actionId=18, goalId=238, state=1
2026-07-02 04:36:20.9350|INFO|Worker25|AdaptableLog|[TaiwuRemoveAILimitation]: CreateAction succeeded: charId=8425, actionId=20, goalId=15, state=1
2026-07-02 04:36:20.9350|INFO|Worker21|AdaptableLog|[TaiwuRemoveAILimitation]: CreateAction failed: charId=5441, actionId=14, goalId=273, state=1
2026-07-02 04:36:20.9350|INFO|Worker16|AdaptableLog|[TaiwuRemoveAILimitation]: CreateAction succeeded: charId=4965, actionId=20, goalId=273, state=1
2026-07-02 04:36:20.9501|INFO|Worker19|AdaptableLog|[TaiwuRemoveAILimitation]: CreateAction succeeded: charId=8655, actionId=20, goalId=238, state=1
2026-07-02 04:36:20.9501|INFO|Worker16|AdaptableLog|[TaiwuRemoveAILimitation]: CreateAction succeeded: charId=7661, actionId=23, goalId=273, state=1
2026-07-02 04:36:20.9501|INFO|Worker19|AdaptableLog|[TaiwuRemoveAILimitation]: CreateAction failed: charId=9055, actionId=14, goalId=273, state=1
2026-07-02 04:36:20.9501|INFO|Worker19|AdaptableLog|[TaiwuRemoveAILimitation]: CreateAction failed: charId=9055, actionId=19, goalId=241, state=1
2026-07-02 04:36:20.9501|INFO|Worker19|AdaptableLog|[TaiwuRemoveAILimitation]: CreateAction failed: charId=9055, actionId=21, goalId=238, state=1
2026-07-02 04:36:20.9501|INFO|Worker19|AdaptableLog|[TaiwuRemoveAILimitation]: CreateAction succeeded: charId=9055, actionId=15, goalId=241, state=1
2026-07-02 04:36:20.9501|INFO|Worker19|AdaptableLog|[TaiwuRemoveAILimitation]: CreateAction succeeded: charId=5738, actionId=23, goalId=273, state=1
2026-07-02 04:36:20.9501|INFO|Worker21|AdaptableLog|[TaiwuRemoveAILimitation]: CreateAction succeeded: charId=8197, actionId=18, goalId=238, state=1
2026-07-02 04:36:20.9501|INFO|Worker31|AdaptableLog|[TaiwuRemoveAILimitation]: CreateAction succeeded: charId=2203, actionId=15, goalId=238, state=1
2026-07-02 04:36:20.9501|INFO|Worker31|AdaptableLog|[TaiwuRemoveAILimitation]: CreateAction succeeded: charId=8094, actionId=18, goalId=273, state=1
2026-07-02 04:36:20.9501|INFO|Worker6|AdaptableLog|[TaiwuRemoveAILimitation]: CreateAction succeeded: charId=7746, actionId=23, goalId=273, state=1
2026-07-02 04:36:20.9501|INFO|Worker25|AdaptableLog|[TaiwuRemoveAILimitation]: CreateAction failed: charId=8295, actionId=15, goalId=15, state=1
2026-07-02 04:36:20.9501|INFO|Worker25|AdaptableLog|[TaiwuRemoveAILimitation]: CreateAction succeeded: charId=8295, actionId=20, goalId=241, state=1
2026-07-02 04:36:20.9501|INFO|Worker25|AdaptableLog|[TaiwuRemoveAILimitation]: CreateAction failed: charId=16490, actionId=21, goalId=238, state=1
2026-07-02 04:36:20.9501|INFO|Worker25|AdaptableLog|[TaiwuRemoveAILimitation]: CreateAction succeeded: charId=16490, actionId=20, goalId=238, state=1
2026-07-02 04:36:20.9501|INFO|Worker2|AdaptableLog|[TaiwuRemoveAILimitation]: CreateAction failed: charId=14123, actionId=15, goalId=273, state=1
2026-07-02 04:36:20.9501|INFO|Worker21|AdaptableLog|[TaiwuRemoveAILimitation]: CreateAction succeeded: charId=5515, actionId=21, goalId=238, state=1
2026-07-02 04:36:20.9501|INFO|Worker25|AdaptableLog|[TaiwuRemoveAILimitation]: CreateAction succeeded: charId=4619, actionId=15, goalId=15, state=1
2026-07-02 04:36:20.9501|INFO|Worker2|AdaptableLog|[TaiwuRemoveAILimitation]: CreateAction failed: charId=14123, actionId=15, goalId=179, state=1
2026-07-02 04:36:20.9501|INFO|Worker25|AdaptableLog|[TaiwuRemoveAILimitation]: CreateAction succeeded: charId=7513, actionId=15, goalId=238, state=1
2026-07-02 04:36:20.9501|INFO|Worker19|AdaptableLog|[TaiwuRemoveAILimitation]: CreateAction succeeded: charId=10645, actionId=23, goalId=238, state=1
2026-07-02 04:36:20.9501|INFO|Worker2|AdaptableLog|[TaiwuRemoveAILimitation]: CreateAction failed: charId=14123, actionId=15, goalId=238, state=1
2026-07-02 04:36:20.9501|INFO|Worker19|AdaptableLog|[TaiwuRemoveAILimitation]: CreateAction succeeded: charId=5810, actionId=22, goalId=238, state=1
2026-07-02 04:36:20.9661|INFO|Worker25|AdaptableLog|[TaiwuRemoveAILimitation]: CreateAction succeeded: charId=8092, actionId=15, goalId=273, state=1
2026-07-02 04:36:20.9661|INFO|Worker16|AdaptableLog|[TaiwuRemoveAILimitation]: CreateAction succeeded: charId=4958, actionId=23, goalId=238, state=1
2026-07-02 04:36:20.9661|INFO|Worker2|AdaptableLog|[TaiwuRemoveAILimitation]: CreateAction failed: charId=14280, actionId=20, goalId=238, state=1
2026-07-02 04:36:20.9661|INFO|Worker2|AdaptableLog|[TaiwuRemoveAILimitation]: CreateAction succeeded: charId=14280, actionId=22, goalId=241, state=1
2026-07-02 04:36:20.9661|INFO|Worker19|AdaptableLog|[TaiwuRemoveAILimitation]: CreateAction failed: charId=8009, actionId=22, goalId=273, state=1
2026-07-02 04:36:20.9661|INFO|Worker2|AdaptableLog|[TaiwuRemoveAILimitation]: CreateAction failed: charId=13735, actionId=16, goalId=273, state=1
2026-07-02 04:36:20.9661|INFO|Worker2|AdaptableLog|[TaiwuRemoveAILimitation]: CreateAction failed: charId=13735, actionId=16, goalId=241, state=1
2026-07-02 04:36:20.9661|INFO|Worker21|AdaptableLog|[TaiwuRemoveAILimitation]: CreateAction failed: charId=5386, actionId=14, goalId=193, state=1
2026-07-02 04:36:20.9661|INFO|Worker21|AdaptableLog|[TaiwuRemoveAILimitation]: CreateAction failed: charId=5386, actionId=18, goalId=196, state=1
2026-07-02 04:36:20.9661|INFO|Worker21|AdaptableLog|[TaiwuRemoveAILimitation]: CreateAction succeeded: charId=5386, actionId=14, goalId=238, state=1
2026-07-02 04:36:20.9661|INFO|Worker6|AdaptableLog|[TaiwuRemoveAILimitation]: CreateAction failed: charId=8381, actionId=22, goalId=233, state=1
2026-07-02 04:36:20.9661|INFO|Worker21|AdaptableLog|[TaiwuRemoveAILimitation]: CreateAction succeeded: charId=5334, actionId=14, goalId=273, state=1
2026-07-02 04:36:20.9661|INFO|Worker6|AdaptableLog|[TaiwuRemoveAILimitation]: CreateAction failed: charId=8381, actionId=19, goalId=238, state=1
2026-07-02 04:36:20.9661|INFO|Worker6|AdaptableLog|[TaiwuRemoveAILimitation]: CreateAction succeeded: charId=8381, actionId=20, goalId=238, state=1
2026-07-02 04:36:20.9661|INFO|Worker19|AdaptableLog|[TaiwuRemoveAILimitation]: CreateAction succeeded: charId=7497, actionId=19, goalId=238, state=1
2026-07-02 04:36:20.9815|INFO|Worker6|AdaptableLog|[TaiwuRemoveAILimitation]: CreateAction failed: charId=1884, actionId=19, goalId=273, state=1
2026-07-02 04:36:20.9815|INFO|Worker21|AdaptableLog|[TaiwuRemoveAILimitation]: CreateAction failed: charId=7654, actionId=18, goalId=238, state=1
2026-07-02 04:36:20.9815|INFO|Worker21|AdaptableLog|[TaiwuRemoveAILimitation]: CreateAction failed: charId=7654, actionId=18, goalId=238, state=1
2026-07-02 04:36:20.9815|INFO|Worker2|AdaptableLog|[TaiwuRemoveAILimitation]: CreateAction failed: charId=13166, actionId=17, goalId=273, state=1
2026-07-02 04:36:20.9815|INFO|Worker19|AdaptableLog|[TaiwuRemoveAILimitation]: CreateAction succeeded: charId=8011, actionId=15, goalId=238, state=1
2026-07-02 04:36:20.9815|INFO|Worker19|AdaptableLog|[TaiwuRemoveAILimitation]: CreateAction failed: charId=5766, actionId=14, goalId=273, state=1
2026-07-02 04:36:20.9815|INFO|Worker31|AdaptableLog|[TaiwuRemoveAILimitation]: CreateAction succeeded: charId=7774, actionId=18, goalId=192, state=1
2026-07-02 04:36:20.9815|INFO|Worker2|AdaptableLog|[TaiwuRemoveAILimitation]: CreateAction failed: charId=9894, actionId=15, goalId=273, state=1
2026-07-02 04:36:20.9815|INFO|Worker19|AdaptableLog|[TaiwuRemoveAILimitation]: CreateAction failed: charId=5766, actionId=14, goalId=238, state=1
2026-07-02 04:36:20.9815|INFO|Worker19|AdaptableLog|[TaiwuRemoveAILimitation]: CreateAction succeeded: charId=5766, actionId=20, goalId=238, state=1
2026-07-02 04:36:20.9815|INFO|Worker19|AdaptableLog|[TaiwuRemoveAILimitation]: CreateAction succeeded: charId=5744, actionId=19, goalId=238, state=1
2026-07-02 04:36:20.9815|INFO|Worker2|AdaptableLog|[TaiwuRemoveAILimitation]: CreateAction failed: charId=13844, actionId=17, goalId=241, state=1
2026-07-02 04:36:20.9815|INFO|Worker19|AdaptableLog|[TaiwuRemoveAILimitation]: CreateAction succeeded: charId=9739, actionId=22, goalId=273, state=1
2026-07-02 04:36:20.9815|INFO|Worker19|AdaptableLog|[TaiwuRemoveAILimitation]: CreateAction succeeded: charId=7376, actionId=23, goalId=273, state=1
2026-07-02 04:36:20.9815|INFO|Worker31|AdaptableLog|[TaiwuRemoveAILimitation]: CreateAction succeeded: charId=2220, actionId=14, goalId=8, state=1
2026-07-02 04:36:20.9815|INFO|Worker19|AdaptableLog|[TaiwuRemoveAILimitation]: CreateAction failed: charId=11283, actionId=19, goalId=238, state=1
2026-07-02 04:36:20.9815|INFO|Worker19|AdaptableLog|[TaiwuRemoveAILimitation]: CreateAction succeeded: charId=11283, actionId=19, goalId=238, state=1
2026-07-02 04:36:20.9972|INFO|Worker2|AdaptableLog|[TaiwuRemoveAILimitation]: CreateAction failed: charId=9399, actionId=16, goalId=273, state=1
2026-07-02 04:36:20.9972|INFO|Worker2|AdaptableLog|[TaiwuRemoveAILimitation]: CreateAction failed: charId=9399, actionId=16, goalId=241, state=1
2026-07-02 04:36:20.9972|INFO|Worker31|AdaptableLog|[TaiwuRemoveAILimitation]: CreateAction succeeded: charId=2265, actionId=18, goalId=238, state=1
2026-07-02 04:36:20.9972|INFO|Worker2|AdaptableLog|[TaiwuRemoveAILimitation]: CreateAction failed: charId=11585, actionId=14, goalId=273, state=1
2026-07-02 04:36:20.9972|INFO|Worker19|AdaptableLog|[TaiwuRemoveAILimitation]: CreateAction failed: charId=7718, actionId=19, goalId=273, state=1
2026-07-02 04:36:20.9972|INFO|Worker2|AdaptableLog|[TaiwuRemoveAILimitation]: CreateAction failed: charId=13392, actionId=21, goalId=241, state=1
2026-07-02 04:36:20.9972|INFO|Worker19|AdaptableLog|[TaiwuRemoveAILimitation]: CreateAction succeeded: charId=8010, actionId=22, goalId=238, state=1
2026-07-02 04:36:20.9972|INFO|Worker2|AdaptableLog|[TaiwuRemoveAILimitation]: CreateAction failed: charId=13392, actionId=21, goalId=241, state=1
2026-07-02 04:36:20.9972|INFO|Worker31|AdaptableLog|[TaiwuRemoveAILimitation]: CreateAction succeeded: charId=2382, actionId=17, goalId=273, state=1
2026-07-02 04:36:20.9972|INFO|Worker19|AdaptableLog|[TaiwuRemoveAILimitation]: CreateAction succeeded: charId=8720, actionId=15, goalId=273, state=1
2026-07-02 04:36:20.9972|INFO|Worker19|AdaptableLog|[TaiwuRemoveAILimitation]: CreateAction succeeded: charId=7496, actionId=23, goalId=238, state=1
2026-07-02 04:36:20.9972|INFO|Worker2|AdaptableLog|[TaiwuRemoveAILimitation]: CreateAction failed: charId=10574, actionId=22, goalId=241, state=1
2026-07-02 04:36:20.9972|INFO|Worker2|AdaptableLog|[TaiwuRemoveAILimitation]: CreateAction failed: charId=13057, actionId=15, goalId=273, state=1
2026-07-02 04:36:21.0137|INFO|Worker19|AdaptableLog|[TaiwuRemoveAILimitation]: CreateAction succeeded: charId=12175, actionId=22, goalId=241, state=1
2026-07-02 04:36:21.0137|INFO|Worker19|AdaptableLog|[TaiwuRemoveAILimitation]: CreateAction succeeded: charId=6989, actionId=14, goalId=273, state=1
2026-07-02 04:36:21.0137|INFO|Worker19|AdaptableLog|[TaiwuRemoveAILimitation]: CreateAction failed: charId=10204, actionId=20, goalId=273, state=1
2026-07-02 04:36:21.0137|INFO|Worker19|AdaptableLog|[TaiwuRemoveAILimitation]: CreateAction failed: charId=8592, actionId=19, goalId=273, state=1
2026-07-02 04:36:21.0137|INFO|Worker19|AdaptableLog|[TaiwuRemoveAILimitation]: CreateAction succeeded: charId=8592, actionId=20, goalId=238, state=1
2026-07-02 04:36:21.0137|INFO|Worker2|AdaptableLog|[TaiwuRemoveAILimitation]: CreateAction failed: charId=13843, actionId=15, goalId=273, state=1
2026-07-02 04:36:21.0137|INFO|Worker19|AdaptableLog|[TaiwuRemoveAILimitation]: CreateAction succeeded: charId=7495, actionId=22, goalId=238, state=1
2026-07-02 04:36:21.0137|INFO|Worker2|AdaptableLog|[TaiwuRemoveAILimitation]: CreateAction failed: charId=12579, actionId=14, goalId=273, state=1
2026-07-02 04:36:21.0137|INFO|Worker2|AdaptableLog|[TaiwuRemoveAILimitation]: CreateAction failed: charId=12671, actionId=14, goalId=273, state=1
2026-07-02 04:36:21.0327|INFO|Worker19|AdaptableLog|[TaiwuRemoveAILimitation]: CreateAction succeeded: charId=5739, actionId=14, goalId=273, state=1
2026-07-02 04:36:21.0524|INFO|Worker2|AdaptableLog|[TaiwuRemoveAILimitation]: CreateAction failed: charId=13883, actionId=23, goalId=273, state=1
2026-07-02 04:36:21.0524|INFO|Worker19|AdaptableLog|[TaiwuRemoveAILimitation]: CreateAction succeeded: charId=5875, actionId=23, goalId=238, state=1
2026-07-02 04:36:21.0524|INFO|Worker2|AdaptableLog|[TaiwuRemoveAILimitation]: CreateAction failed: charId=10577, actionId=17, goalId=179, state=1
2026-07-02 04:36:21.0701|INFO|Worker2|AdaptableLog|[TaiwuRemoveAILimitation]: CreateAction failed: charId=13113, actionId=17, goalId=273, state=1
2026-07-02 04:36:21.0776|INFO|Worker2|AdaptableLog|[TaiwuRemoveAILimitation]: CreateAction failed: charId=10759, actionId=14, goalId=273, state=1
2026-07-02 04:36:21.0776|INFO|Worker2|AdaptableLog|[TaiwuRemoveAILimitation]: CreateAction failed: charId=10759, actionId=14, goalId=241, state=1
2026-07-02 04:36:21.0776|INFO|Worker2|AdaptableLog|[TaiwuRemoveAILimitation]: CreateAction failed: charId=10759, actionId=17, goalId=241, state=1
2026-07-02 04:36:21.0776|INFO|Worker2|AdaptableLog|[TaiwuRemoveAILimitation]: CreateAction failed: charId=13731, actionId=18, goalId=273, state=1
2026-07-02 04:36:21.0776|INFO|Worker2|AdaptableLog|[TaiwuRemoveAILimitation]: CreateAction failed: charId=13731, actionId=18, goalId=241, state=1
2026-07-02 04:36:21.0776|INFO|Worker2|AdaptableLog|[TaiwuRemoveAILimitation]: CreateAction failed: charId=12790, actionId=17, goalId=273, state=1
2026-07-02 04:36:21.0776|INFO|Worker2|AdaptableLog|[TaiwuRemoveAILimitation]: CreateAction failed: charId=12790, actionId=17, goalId=241, state=1
2026-07-02 04:36:21.0776|INFO|Worker2|AdaptableLog|[TaiwuRemoveAILimitation]: CreateAction succeeded: charId=13320, actionId=18, goalId=241, state=1
2026-07-02 04:36:21.0776|INFO|Worker2|AdaptableLog|[TaiwuRemoveAILimitation]: CreateAction failed: charId=12786, actionId=17, goalId=238, state=1
2026-07-02 04:36:21.0928|INFO|Worker2|AdaptableLog|[TaiwuRemoveAILimitation]: CreateAction failed: charId=14012, actionId=15, goalId=241, state=1
2026-07-02 04:36:21.0928|INFO|Worker2|AdaptableLog|[TaiwuRemoveAILimitation]: CreateAction failed: charId=13364, actionId=15, goalId=273, state=1
2026-07-02 04:36:21.0928|INFO|Worker2|AdaptableLog|[TaiwuRemoveAILimitation]: CreateAction failed: charId=13200, actionId=14, goalId=273, state=1
2026-07-02 04:36:21.0928|INFO|Worker2|AdaptableLog|[TaiwuRemoveAILimitation]: CreateAction failed: charId=13400, actionId=16, goalId=238, state=1
2026-07-02 04:36:21.0928|INFO|Worker2|AdaptableLog|[TaiwuRemoveAILimitation]: CreateAction failed: charId=13198, actionId=14, goalId=273, state=1
2026-07-02 04:36:21.1078|INFO|Worker2|AdaptableLog|[TaiwuRemoveAILimitation]: CreateAction failed: charId=13245, actionId=17, goalId=273, state=1
2026-07-02 04:36:21.1078|INFO|Worker2|AdaptableLog|[TaiwuRemoveAILimitation]: CreateAction failed: charId=13624, actionId=14, goalId=183, state=1
2026-07-02 04:36:21.1078|INFO|Worker2|AdaptableLog|[TaiwuRemoveAILimitation]: CreateAction succeeded: charId=1269, actionId=21, goalId=238, state=1
2026-07-02 04:36:21.1078|INFO|Worker2|AdaptableLog|[TaiwuRemoveAILimitation]: CreateAction succeeded: charId=3185, actionId=14, goalId=273, state=1
2026-07-02 04:36:21.1078|INFO|Worker2|AdaptableLog|[TaiwuRemoveAILimitation]: CreateAction succeeded: charId=3178, actionId=21, goalId=273, state=1
2026-07-02 04:36:21.1691|INFO|Main|AdaptableLog|[TaiwuRemoveAILimitation]: ExecuteAction finished: char=山寨豪富-艾恺然(1269)(id=1269), action=制造解毒药(A21), target=<none>, no-next-action
2026-07-02 04:36:21.2028|INFO|Main|AdaptableLog|[TaiwuRemoveAILimitation]: ExecuteAction finished: char=市镇商人-王品聪(4084)(id=4084), action=制作调息药(A22), target=<none>, next=售出道具(A35)
2026-07-02 04:36:21.2028|INFO|Main|AdaptableLog|[TaiwuRemoveAILimitation]: ExecuteAction finished: char=山寨大夫-缪千宿(3746)(id=3746), action=制造解毒药(A21), target=<none>, no-next-action
2026-07-02 04:36:21.2708|INFO|Main|AdaptableLog|[TaiwuRemoveAILimitation]: ExecuteAction finished: char=扬州手艺人-索神知(5615)(id=5615), action=锻造木材道具(A15), target=<none>, no-next-action
2026-07-02 04:36:21.2708|INFO|Main|AdaptableLog|[TaiwuRemoveAILimitation]: ExecuteAction finished: char=村庄手艺人-姬烟凝(2788)(id=2788), action=锻造织物道具(A17), target=<none>, no-next-action
2026-07-02 04:36:21.3061|INFO|Main|AdaptableLog|[TaiwuRemoveAILimitation]: ExecuteAction finished: char=伏龙坛龙头长老-梅剑婵(7117)(id=7117), action=制造菜肴(A18), target=<none>, no-next-action
2026-07-02 04:36:21.3480|INFO|Main|AdaptableLog|[TaiwuRemoveAILimitation]: ExecuteAction finished: char=太原文人-孙智锐(33)(id=33), action=制造健康药(A19), target=<none>, no-next-action
2026-07-02 04:36:21.3480|INFO|Main|AdaptableLog|[TaiwuRemoveAILimitation]: ExecuteAction finished: char=京城大夫-欧恺声(26)(id=26), action=制造解毒药(A21), target=<none>, next=售出道具(A35)
2026-07-02 04:36:21.3804|INFO|Main|AdaptableLog|[TaiwuRemoveAILimitation]: ExecuteAction finished: char=市镇文人-聂蕊尘(2060)(id=2060), action=制作疗伤药(A20), target=<none>, no-next-action
2026-07-02 04:36:21.3926|INFO|Worker29|AdaptableLog|[TaiwuRemoveAILimitation]: CreateAction succeeded: charId=198, actionId=22, goalId=273, state=2
2026-07-02 04:36:21.3926|INFO|Worker13|AdaptableLog|[TaiwuRemoveAILimitation]: CreateAction succeeded: charId=1387, actionId=15, goalId=238, state=2
2026-07-02 04:36:21.3926|INFO|Worker2|AdaptableLog|[TaiwuRemoveAILimitation]: CreateAction succeeded: charId=469, actionId=15, goalId=238, state=2
2026-07-02 04:36:21.3926|INFO|Worker19|AdaptableLog|[TaiwuRemoveAILimitation]: CreateAction failed: charId=472, actionId=15, goalId=195, state=2
2026-07-02 04:36:21.3926|INFO|Worker26|AdaptableLog|[TaiwuRemoveAILimitation]: CreateAction succeeded: charId=1752, actionId=16, goalId=195, state=2
2026-07-02 04:36:21.3926|INFO|Worker14|AdaptableLog|[TaiwuRemoveAILimitation]: CreateAction succeeded: charId=3294, actionId=23, goalId=191, state=2
2026-07-02 04:36:21.3926|INFO|Worker8|AdaptableLog|[TaiwuRemoveAILimitation]: CreateAction succeeded: charId=1122, actionId=15, goalId=195, state=2
2026-07-02 04:36:21.3926|INFO|Worker15|AdaptableLog|[TaiwuRemoveAILimitation]: CreateAction succeeded: charId=3928, actionId=22, goalId=238, state=2
2026-07-02 04:36:21.3926|INFO|Worker5|AdaptableLog|[TaiwuRemoveAILimitation]: CreateAction failed: charId=3987, actionId=16, goalId=238, state=2
2026-07-02 04:36:21.3926|INFO|Worker29|AdaptableLog|[TaiwuRemoveAILimitation]: CreateAction failed: charId=225, actionId=19, goalId=273, state=2
2026-07-02 04:36:21.3926|INFO|Worker13|AdaptableLog|[TaiwuRemoveAILimitation]: CreateAction succeeded: charId=1362, actionId=15, goalId=5, state=2
2026-07-02 04:36:21.3926|INFO|Worker19|AdaptableLog|[TaiwuRemoveAILimitation]: CreateAction succeeded: charId=472, actionId=15, goalId=196, state=2
2026-07-02 04:36:21.3926|INFO|Worker17|AdaptableLog|[TaiwuRemoveAILimitation]: CreateAction failed: charId=2340, actionId=14, goalId=193, state=2
2026-07-02 04:36:21.3926|INFO|Worker0|AdaptableLog|[TaiwuRemoveAILimitation]: CreateAction succeeded: charId=2518, actionId=17, goalId=194, state=2
2026-07-02 04:36:21.3926|INFO|Worker3|AdaptableLog|[TaiwuRemoveAILimitation]: CreateAction succeeded: charId=2425, actionId=14, goalId=238, state=2
2026-07-02 04:36:21.3926|INFO|Worker22|AdaptableLog|[TaiwuRemoveAILimitation]: CreateAction succeeded: charId=4496, actionId=15, goalId=193, state=2
2026-07-02 04:36:21.3926|INFO|Worker30|AdaptableLog|[TaiwuRemoveAILimitation]: CreateAction failed: charId=13732, actionId=14, goalId=241, state=2
2026-07-02 04:36:21.3926|INFO|Worker5|AdaptableLog|[TaiwuRemoveAILimitation]: CreateAction succeeded: charId=3987, actionId=17, goalId=194, state=2
2026-07-02 04:36:21.3926|INFO|Worker29|AdaptableLog|[TaiwuRemoveAILimitation]: CreateAction failed: charId=225, actionId=19, goalId=238, state=2
2026-07-02 04:36:21.3926|INFO|Worker16|AdaptableLog|[TaiwuRemoveAILimitation]: CreateAction failed: charId=8064, actionId=18, goalId=238, state=2
2026-07-02 04:36:21.3926|INFO|Worker4|AdaptableLog|[TaiwuRemoveAILimitation]: CreateAction succeeded: charId=8865, actionId=16, goalId=193, state=2
2026-07-02 04:36:21.3926|INFO|Worker17|AdaptableLog|[TaiwuRemoveAILimitation]: CreateAction failed: charId=2340, actionId=16, goalId=196, state=2
2026-07-02 04:36:21.3926|INFO|Worker18|AdaptableLog|[TaiwuRemoveAILimitation]: CreateAction succeeded: charId=1965, actionId=22, goalId=238, state=2
2026-07-02 04:36:21.3926|INFO|Worker6|AdaptableLog|[TaiwuRemoveAILimitation]: CreateAction succeeded: charId=1005, actionId=17, goalId=197, state=2
2026-07-02 04:36:21.3926|INFO|Worker29|AdaptableLog|[TaiwuRemoveAILimitation]: CreateAction failed: charId=225, actionId=21, goalId=238, state=2
2026-07-02 04:36:21.3926|INFO|Worker16|AdaptableLog|[TaiwuRemoveAILimitation]: CreateAction succeeded: charId=8064, actionId=18, goalId=238, state=2
2026-07-02 04:36:21.3926|INFO|Worker30|AdaptableLog|[TaiwuRemoveAILimitation]: CreateAction failed: charId=12674, actionId=15, goalId=273, state=2
2026-07-02 04:36:21.4112|INFO|Worker26|AdaptableLog|[TaiwuRemoveAILimitation]: CreateAction succeeded: charId=33, actionId=20, goalId=238, state=2
2026-07-02 04:36:21.4112|INFO|Worker22|AdaptableLog|[TaiwuRemoveAILimitation]: CreateAction failed: charId=4742, actionId=22, goalId=238, state=2
2026-07-02 04:36:21.4112|INFO|Worker17|AdaptableLog|[TaiwuRemoveAILimitation]: CreateAction failed: charId=2340, actionId=14, goalId=195, state=2
2026-07-02 04:36:21.4112|INFO|Worker5|AdaptableLog|[TaiwuRemoveAILimitation]: CreateAction succeeded: charId=3983, actionId=15, goalId=192, state=2
2026-07-02 04:36:21.4112|INFO|Worker28|AdaptableLog|[TaiwuRemoveAILimitation]: CreateAction failed: charId=2788, actionId=16, goalId=196, state=2
2026-07-02 04:36:21.4112|INFO|Worker31|AdaptableLog|[TaiwuRemoveAILimitation]: CreateAction succeeded: charId=365, actionId=19, goalId=196, state=2
2026-07-02 04:36:21.4112|INFO|Worker28|AdaptableLog|[TaiwuRemoveAILimitation]: CreateAction succeeded: charId=2788, actionId=16, goalId=191, state=2
2026-07-02 04:36:21.4112|INFO|Worker11|AdaptableLog|[TaiwuRemoveAILimitation]: CreateAction succeeded: charId=2831, actionId=22, goalId=238, state=2
2026-07-02 04:36:21.4112|INFO|Worker18|AdaptableLog|[TaiwuRemoveAILimitation]: CreateAction succeeded: charId=1926, actionId=17, goalId=192, state=2
2026-07-02 04:36:21.4112|INFO|Worker12|AdaptableLog|[TaiwuRemoveAILimitation]: CreateAction succeeded: charId=14759, actionId=17, goalId=238, state=2
2026-07-02 04:36:21.4112|INFO|Worker13|AdaptableLog|[TaiwuRemoveAILimitation]: CreateAction failed: charId=1345, actionId=15, goalId=5, state=2
2026-07-02 04:36:21.4112|INFO|Worker3|AdaptableLog|[TaiwuRemoveAILimitation]: CreateAction failed: charId=2174, actionId=16, goalId=194, state=2
2026-07-02 04:36:21.4112|INFO|Worker14|AdaptableLog|[TaiwuRemoveAILimitation]: CreateAction succeeded: charId=3237, actionId=14, goalId=194, state=2
2026-07-02 04:36:21.4112|INFO|Worker1|AdaptableLog|[TaiwuRemoveAILimitation]: CreateAction succeeded: charId=8611, actionId=18, goalId=190, state=2
2026-07-02 04:36:21.4112|INFO|Worker24|AdaptableLog|[TaiwuRemoveAILimitation]: CreateAction succeeded: charId=4037, actionId=21, goalId=238, state=2
2026-07-02 04:36:21.4112|INFO|Worker28|AdaptableLog|[TaiwuRemoveAILimitation]: CreateAction succeeded: charId=5158, actionId=14, goalId=273, state=2
2026-07-02 04:36:21.4112|INFO|Worker21|AdaptableLog|[TaiwuRemoveAILimitation]: CreateAction failed: charId=767, actionId=17, goalId=236, state=2
2026-07-02 04:36:21.4112|INFO|Worker21|AdaptableLog|[TaiwuRemoveAILimitation]: CreateAction succeeded: charId=767, actionId=17, goalId=190, state=2
2026-07-02 04:36:21.4112|INFO|Worker29|AdaptableLog|[TaiwuRemoveAILimitation]: CreateAction succeeded: charId=188, actionId=20, goalId=273, state=2
2026-07-02 04:36:21.4112|INFO|Worker3|AdaptableLog|[TaiwuRemoveAILimitation]: CreateAction failed: charId=2174, actionId=14, goalId=238, state=2
2026-07-02 04:36:21.4112|INFO|Worker22|AdaptableLog|[TaiwuRemoveAILimitation]: CreateAction succeeded: charId=1065, actionId=17, goalId=196, state=2
2026-07-02 04:36:21.4112|INFO|Worker8|AdaptableLog|[TaiwuRemoveAILimitation]: CreateAction succeeded: charId=415, actionId=22, goalId=194, state=2
2026-07-02 04:36:21.4112|INFO|Worker9|AdaptableLog|[TaiwuRemoveAILimitation]: CreateAction failed: charId=8413, actionId=20, goalId=192, state=2
2026-07-02 04:36:21.4112|INFO|Worker26|AdaptableLog|[TaiwuRemoveAILimitation]: CreateAction succeeded: charId=4140, actionId=14, goalId=238, state=2
2026-07-02 04:36:21.4215|INFO|Worker9|AdaptableLog|[TaiwuRemoveAILimitation]: CreateAction succeeded: charId=8413, actionId=21, goalId=238, state=2
2026-07-02 04:36:21.4112|INFO|Worker29|AdaptableLog|[TaiwuRemoveAILimitation]: CreateAction succeeded: charId=171, actionId=23, goalId=238, state=2
2026-07-02 04:36:21.4112|INFO|Worker3|AdaptableLog|[TaiwuRemoveAILimitation]: CreateAction succeeded: charId=2174, actionId=14, goalId=238, state=2
2026-07-02 04:36:21.4215|INFO|Worker29|AdaptableLog|[TaiwuRemoveAILimitation]: CreateAction succeeded: charId=220, actionId=20, goalId=273, state=2
2026-07-02 04:36:21.4215|INFO|Worker4|AdaptableLog|[TaiwuRemoveAILimitation]: CreateAction succeeded: charId=2753, actionId=14, goalId=196, state=2
2026-07-02 04:36:21.4112|INFO|Worker1|AdaptableLog|[TaiwuRemoveAILimitation]: CreateAction succeeded: charId=7565, actionId=18, goalId=190, state=2
2026-07-02 04:36:21.4112|INFO|Worker11|AdaptableLog|[TaiwuRemoveAILimitation]: CreateAction succeeded: charId=3100, actionId=17, goalId=238, state=2
2026-07-02 04:36:21.4112|INFO|Worker13|AdaptableLog|[TaiwuRemoveAILimitation]: CreateAction succeeded: charId=1396, actionId=15, goalId=5, state=2
2026-07-02 04:36:21.4215|INFO|Worker17|AdaptableLog|[TaiwuRemoveAILimitation]: CreateAction succeeded: charId=10640, actionId=18, goalId=238, state=2
2026-07-02 04:36:21.4215|INFO|Worker30|AdaptableLog|[TaiwuRemoveAILimitation]: CreateAction failed: charId=13196, actionId=14, goalId=273, state=2
2026-07-02 04:36:21.4215|INFO|Worker24|AdaptableLog|[TaiwuRemoveAILimitation]: CreateAction failed: charId=4134, actionId=19, goalId=193, state=2
2026-07-02 04:36:21.4215|INFO|Worker6|AdaptableLog|[TaiwuRemoveAILimitation]: CreateAction succeeded: charId=1121, actionId=15, goalId=273, state=2
2026-07-02 04:36:21.4215|INFO|Worker14|AdaptableLog|[TaiwuRemoveAILimitation]: CreateAction succeeded: charId=5153, actionId=19, goalId=196, state=2
2026-07-02 04:36:21.4215|INFO|Worker28|AdaptableLog|[TaiwuRemoveAILimitation]: CreateAction succeeded: charId=5214, actionId=15, goalId=238, state=2
2026-07-02 04:36:21.4215|INFO|Worker8|AdaptableLog|[TaiwuRemoveAILimitation]: CreateAction succeeded: charId=875, actionId=20, goalId=238, state=2
2026-07-02 04:36:21.4215|INFO|Worker23|AdaptableLog|[TaiwuRemoveAILimitation]: CreateAction failed: charId=4688, actionId=22, goalId=192, state=2
2026-07-02 04:36:21.4215|INFO|Worker17|AdaptableLog|[TaiwuRemoveAILimitation]: CreateAction failed: charId=9789, actionId=14, goalId=238, state=2
2026-07-02 04:36:21.4215|INFO|Worker3|AdaptableLog|[TaiwuRemoveAILimitation]: CreateAction succeeded: charId=878, actionId=16, goalId=193, state=2
2026-07-02 04:36:21.4215|INFO|Worker24|AdaptableLog|[TaiwuRemoveAILimitation]: CreateAction failed: charId=4134, actionId=21, goalId=238, state=2
2026-07-02 04:36:21.4215|INFO|Worker26|AdaptableLog|[TaiwuRemoveAILimitation]: CreateAction failed: charId=1690, actionId=19, goalId=190, state=2
2026-07-02 04:36:21.4215|INFO|Worker18|AdaptableLog|[TaiwuRemoveAILimitation]: CreateAction failed: charId=4042, actionId=16, goalId=187, state=2
2026-07-02 04:36:21.4215|INFO|Worker1|AdaptableLog|[TaiwuRemoveAILimitation]: CreateAction failed: charId=2060, actionId=22, goalId=238, state=2
2026-07-02 04:36:21.4215|INFO|Worker9|AdaptableLog|[TaiwuRemoveAILimitation]: CreateAction succeeded: charId=9808, actionId=15, goalId=238, state=2
2026-07-02 04:36:21.4215|INFO|Worker30|AdaptableLog|[TaiwuRemoveAILimitation]: CreateAction failed: charId=12419, actionId=20, goalId=273, state=2
2026-07-02 04:36:21.4215|INFO|Worker23|AdaptableLog|[TaiwuRemoveAILimitation]: CreateAction failed: charId=4540, actionId=14, goalId=273, state=2
2026-07-02 04:36:21.4215|INFO|Worker17|AdaptableLog|[TaiwuRemoveAILimitation]: CreateAction succeeded: charId=9789, actionId=14, goalId=238, state=2
2026-07-02 04:36:21.4215|INFO|Worker28|AdaptableLog|[TaiwuRemoveAILimitation]: CreateAction succeeded: charId=5708, actionId=16, goalId=238, state=2
2026-07-02 04:36:21.4215|INFO|Worker13|AdaptableLog|[TaiwuRemoveAILimitation]: CreateAction succeeded: charId=7003, actionId=15, goalId=190, state=2
2026-07-02 04:36:21.4215|INFO|Worker29|AdaptableLog|[TaiwuRemoveAILimitation]: CreateAction succeeded: charId=215, actionId=22, goalId=238, state=2
2026-07-02 04:36:21.4215|INFO|Worker24|AdaptableLog|[TaiwuRemoveAILimitation]: CreateAction failed: charId=4134, actionId=22, goalId=194, state=2
2026-07-02 04:36:21.4215|INFO|Worker26|AdaptableLog|[TaiwuRemoveAILimitation]: CreateAction failed: charId=1690, actionId=20, goalId=192, state=2
2026-07-02 04:36:21.4215|INFO|Worker30|AdaptableLog|[TaiwuRemoveAILimitation]: CreateAction failed: charId=13165, actionId=15, goalId=273, state=2
2026-07-02 04:36:21.4215|INFO|Worker1|AdaptableLog|[TaiwuRemoveAILimitation]: CreateAction failed: charId=10041, actionId=14, goalId=190, state=2
2026-07-02 04:36:21.4215|INFO|Worker15|AdaptableLog|[TaiwuRemoveAILimitation]: CreateAction succeeded: charId=3799, actionId=17, goalId=238, state=2
2026-07-02 04:36:21.4215|INFO|Worker1|AdaptableLog|[TaiwuRemoveAILimitation]: CreateAction succeeded: charId=10041, actionId=14, goalId=191, state=2
2026-07-02 04:36:21.4215|INFO|Worker8|AdaptableLog|[TaiwuRemoveAILimitation]: CreateAction succeeded: charId=922, actionId=23, goalId=195, state=2
2026-07-02 04:36:21.4215|INFO|Worker26|AdaptableLog|[TaiwuRemoveAILimitation]: CreateAction failed: charId=1690, actionId=19, goalId=193, state=2
2026-07-02 04:36:21.4215|INFO|Worker30|AdaptableLog|[TaiwuRemoveAILimitation]: CreateAction failed: charId=12420, actionId=15, goalId=273, state=2
2026-07-02 04:36:21.4215|INFO|Worker12|AdaptableLog|[TaiwuRemoveAILimitation]: CreateAction failed: charId=3587, actionId=14, goalId=191, state=2
2026-07-02 04:36:21.4215|INFO|Worker6|AdaptableLog|[TaiwuRemoveAILimitation]: CreateAction failed: charId=1125, actionId=17, goalId=273, state=2
2026-07-02 04:36:21.4215|INFO|Worker13|AdaptableLog|[TaiwuRemoveAILimitation]: CreateAction succeeded: charId=1347, actionId=15, goalId=5, state=2
2026-07-02 04:36:21.4215|INFO|Worker27|AdaptableLog|[TaiwuRemoveAILimitation]: CreateAction succeeded: charId=2466, actionId=16, goalId=192, state=2
2026-07-02 04:36:21.4215|INFO|Worker17|AdaptableLog|[TaiwuRemoveAILimitation]: CreateAction failed: charId=5441, actionId=14, goalId=191, state=2
2026-07-02 04:36:21.4215|INFO|Worker16|AdaptableLog|[TaiwuRemoveAILimitation]: CreateAction failed: charId=8264, actionId=18, goalId=191, state=2
2026-07-02 04:36:21.4215|INFO|Worker11|AdaptableLog|[TaiwuRemoveAILimitation]: CreateAction succeeded: charId=2944, actionId=14, goalId=193, state=2
2026-07-02 04:36:21.4215|INFO|Worker25|AdaptableLog|[TaiwuRemoveAILimitation]: CreateAction failed: charId=5077, actionId=17, goalId=238, state=2
2026-07-02 04:36:21.4215|INFO|Worker30|AdaptableLog|[TaiwuRemoveAILimitation]: CreateAction failed: charId=12420, actionId=15, goalId=191, state=2
2026-07-02 04:36:21.4215|INFO|Worker9|AdaptableLog|[TaiwuRemoveAILimitation]: CreateAction failed: charId=3385, actionId=14, goalId=194, state=2
2026-07-02 04:36:21.4215|INFO|Worker0|AdaptableLog|[TaiwuRemoveAILimitation]: CreateAction succeeded: charId=149, actionId=17, goalId=195, state=2
2026-07-02 04:36:21.4215|INFO|Worker12|AdaptableLog|[TaiwuRemoveAILimitation]: CreateAction succeeded: charId=3587, actionId=14, goalId=193, state=2
2026-07-02 04:36:21.4215|INFO|Worker6|AdaptableLog|[TaiwuRemoveAILimitation]: CreateAction succeeded: charId=1125, actionId=15, goalId=238, state=2
2026-07-02 04:36:21.4215|INFO|Worker7|AdaptableLog|[TaiwuRemoveAILimitation]: CreateAction succeeded: charId=4891, actionId=16, goalId=238, state=2
2026-07-02 04:36:21.4215|INFO|Worker23|AdaptableLog|[TaiwuRemoveAILimitation]: CreateAction succeeded: charId=4538, actionId=21, goalId=238, state=2
2026-07-02 04:36:21.4215|INFO|Worker17|AdaptableLog|[TaiwuRemoveAILimitation]: CreateAction succeeded: charId=5410, actionId=18, goalId=238, state=2
2026-07-02 04:36:21.4351|INFO|Worker28|AdaptableLog|[TaiwuRemoveAILimitation]: CreateAction succeeded: charId=5608, actionId=21, goalId=193, state=2
2026-07-02 04:36:21.4351|INFO|Worker30|AdaptableLog|[TaiwuRemoveAILimitation]: CreateAction failed: charId=12420, actionId=15, goalId=192, state=2
2026-07-02 04:36:21.4351|INFO|Worker1|AdaptableLog|[TaiwuRemoveAILimitation]: CreateAction succeeded: charId=7767, actionId=18, goalId=238, state=2
2026-07-02 04:36:21.4351|INFO|Worker9|AdaptableLog|[TaiwuRemoveAILimitation]: CreateAction succeeded: charId=3385, actionId=19, goalId=238, state=2
2026-07-02 04:36:21.4351|INFO|Worker25|AdaptableLog|[TaiwuRemoveAILimitation]: CreateAction succeeded: charId=5002, actionId=22, goalId=238, state=2
2026-07-02 04:36:21.4351|INFO|Worker13|AdaptableLog|[TaiwuRemoveAILimitation]: CreateAction succeeded: charId=1404, actionId=15, goalId=238, state=2
2026-07-02 04:36:21.4351|INFO|Worker0|AdaptableLog|[TaiwuRemoveAILimitation]: CreateAction succeeded: charId=3693, actionId=20, goalId=238, state=2
2026-07-02 04:36:21.4351|INFO|Worker12|AdaptableLog|[TaiwuRemoveAILimitation]: CreateAction succeeded: charId=5207, actionId=22, goalId=238, state=2
2026-07-02 04:36:21.4351|INFO|Worker18|AdaptableLog|[TaiwuRemoveAILimitation]: CreateAction failed: charId=1218, actionId=20, goalId=238, state=2
2026-07-02 04:36:21.4351|INFO|Worker28|AdaptableLog|[TaiwuRemoveAILimitation]: CreateAction succeeded: charId=5653, actionId=14, goalId=196, state=2
2026-07-02 04:36:21.4351|INFO|Worker27|AdaptableLog|[TaiwuRemoveAILimitation]: CreateAction succeeded: charId=2474, actionId=17, goalId=238, state=2
2026-07-02 04:36:21.4351|INFO|Worker15|AdaptableLog|[TaiwuRemoveAILimitation]: CreateAction succeeded: charId=3816, actionId=17, goalId=192, state=2
2026-07-02 04:36:21.4351|INFO|Worker30|AdaptableLog|[TaiwuRemoveAILimitation]: CreateAction failed: charId=12420, actionId=15, goalId=193, state=2
2026-07-02 04:36:21.4351|INFO|Worker25|AdaptableLog|[TaiwuRemoveAILimitation]: CreateAction succeeded: charId=7664, actionId=20, goalId=238, state=2
2026-07-02 04:36:21.4351|INFO|Worker13|AdaptableLog|[TaiwuRemoveAILimitation]: CreateAction succeeded: charId=1365, actionId=15, goalId=273, state=2
2026-07-02 04:36:21.4351|INFO|Worker17|AdaptableLog|[TaiwuRemoveAILimitation]: CreateAction failed: charId=8595, actionId=18, goalId=238, state=2
2026-07-02 04:36:21.4351|INFO|Worker18|AdaptableLog|[TaiwuRemoveAILimitation]: CreateAction succeeded: charId=1218, actionId=21, goalId=238, state=2
2026-07-02 04:36:21.4351|INFO|Worker23|AdaptableLog|[TaiwuRemoveAILimitation]: CreateAction failed: charId=4743, actionId=19, goalId=193, state=2
2026-07-02 04:36:21.4351|INFO|Worker13|AdaptableLog|[TaiwuRemoveAILimitation]: CreateAction succeeded: charId=1405, actionId=15, goalId=5, state=2
2026-07-02 04:36:21.4351|INFO|Worker30|AdaptableLog|[TaiwuRemoveAILimitation]: CreateAction failed: charId=13116, actionId=15, goalId=241, state=2
2026-07-02 04:36:21.4351|INFO|Worker17|AdaptableLog|[TaiwuRemoveAILimitation]: CreateAction succeeded: charId=8595, actionId=18, goalId=238, state=2
2026-07-02 04:36:21.4351|INFO|Worker27|AdaptableLog|[TaiwuRemoveAILimitation]: CreateAction succeeded: charId=2467, actionId=14, goalId=238, state=2
2026-07-02 04:36:21.4351|INFO|Worker1|AdaptableLog|[TaiwuRemoveAILimitation]: CreateAction failed: charId=8933, actionId=14, goalId=198, state=2
2026-07-02 04:36:21.4351|INFO|Worker7|AdaptableLog|[TaiwuRemoveAILimitation]: CreateAction succeeded: charId=4932, actionId=20, goalId=238, state=2
2026-07-02 04:36:21.4351|INFO|Worker15|AdaptableLog|[TaiwuRemoveAILimitation]: CreateAction succeeded: charId=3929, actionId=19, goalId=238, state=2
2026-07-02 04:36:21.4351|INFO|Worker4|AdaptableLog|[TaiwuRemoveAILimitation]: CreateAction succeeded: charId=2585, actionId=14, goalId=273, state=2
2026-07-02 04:36:21.4351|INFO|Worker13|AdaptableLog|[TaiwuRemoveAILimitation]: CreateAction succeeded: charId=1418, actionId=15, goalId=5, state=2
2026-07-02 04:36:21.4351|INFO|Worker4|AdaptableLog|[TaiwuRemoveAILimitation]: CreateAction failed: charId=2618, actionId=18, goalId=238, state=2
2026-07-02 04:36:21.4351|INFO|Worker9|AdaptableLog|[TaiwuRemoveAILimitation]: CreateAction succeeded: charId=3424, actionId=15, goalId=238, state=2
2026-07-02 04:36:21.4351|INFO|Worker30|AdaptableLog|[TaiwuRemoveAILimitation]: CreateAction failed: charId=14679, actionId=14, goalId=273, state=2
2026-07-02 04:36:21.4351|INFO|Worker16|AdaptableLog|[TaiwuRemoveAILimitation]: CreateAction succeeded: charId=535, actionId=18, goalId=238, state=2
2026-07-02 04:36:21.4351|INFO|Worker21|AdaptableLog|[TaiwuRemoveAILimitation]: CreateAction succeeded: charId=5756, actionId=15, goalId=192, state=2
2026-07-02 04:36:21.4351|INFO|Worker25|AdaptableLog|[TaiwuRemoveAILimitation]: CreateAction succeeded: charId=4952, actionId=21, goalId=238, state=2
2026-07-02 04:36:21.4351|INFO|Worker15|AdaptableLog|[TaiwuRemoveAILimitation]: CreateAction succeeded: charId=3801, actionId=23, goalId=273, state=2
2026-07-02 04:36:21.4351|INFO|Worker1|AdaptableLog|[TaiwuRemoveAILimitation]: CreateAction succeeded: charId=8930, actionId=15, goalId=191, state=2
2026-07-02 04:36:21.4351|INFO|Worker15|AdaptableLog|[TaiwuRemoveAILimitation]: CreateAction succeeded: charId=3842, actionId=21, goalId=273, state=2
2026-07-02 04:36:21.4351|INFO|Worker16|AdaptableLog|[TaiwuRemoveAILimitation]: CreateAction succeeded: charId=8732, actionId=18, goalId=238, state=2
2026-07-02 04:36:21.4351|INFO|Worker25|AdaptableLog|[TaiwuRemoveAILimitation]: CreateAction succeeded: charId=5012, actionId=23, goalId=273, state=2
2026-07-02 04:36:21.4351|INFO|Worker13|AdaptableLog|[TaiwuRemoveAILimitation]: CreateAction succeeded: charId=1360, actionId=15, goalId=273, state=2
2026-07-02 04:36:21.4351|INFO|Worker9|AdaptableLog|[TaiwuRemoveAILimitation]: CreateAction succeeded: charId=3409, actionId=15, goalId=273, state=2
2026-07-02 04:36:21.4351|INFO|Worker7|AdaptableLog|[TaiwuRemoveAILimitation]: CreateAction succeeded: charId=274, actionId=16, goalId=192, state=2
2026-07-02 04:36:21.4351|INFO|Worker21|AdaptableLog|[TaiwuRemoveAILimitation]: CreateAction succeeded: charId=5747, actionId=21, goalId=238, state=2
2026-07-02 04:36:21.4351|INFO|Worker1|AdaptableLog|[TaiwuRemoveAILimitation]: CreateAction succeeded: charId=8325, actionId=18, goalId=190, state=2
2026-07-02 04:36:21.4351|INFO|Worker6|AdaptableLog|[TaiwuRemoveAILimitation]: CreateAction failed: charId=956, actionId=17, goalId=273, state=2
2026-07-02 04:36:21.4351|INFO|Worker17|AdaptableLog|[TaiwuRemoveAILimitation]: CreateAction succeeded: charId=8318, actionId=18, goalId=192, state=2
2026-07-02 04:36:21.4351|INFO|Worker28|AdaptableLog|[TaiwuRemoveAILimitation]: CreateAction succeeded: charId=94, actionId=17, goalId=196, state=2
2026-07-02 04:36:21.4351|INFO|Worker13|AdaptableLog|[TaiwuRemoveAILimitation]: CreateAction succeeded: charId=1388, actionId=15, goalId=238, state=2
2026-07-02 04:36:21.4351|INFO|Worker15|AdaptableLog|[TaiwuRemoveAILimitation]: CreateAction succeeded: charId=3788, actionId=22, goalId=238, state=2
2026-07-02 04:36:21.4351|INFO|Worker30|AdaptableLog|[TaiwuRemoveAILimitation]: CreateAction failed: charId=13626, actionId=17, goalId=179, state=2
2026-07-02 04:36:21.4351|INFO|Worker17|AdaptableLog|[TaiwuRemoveAILimitation]: CreateAction succeeded: charId=7575, actionId=18, goalId=238, state=2
2026-07-02 04:36:21.4351|INFO|Worker6|AdaptableLog|[TaiwuRemoveAILimitation]: CreateAction failed: charId=956, actionId=17, goalId=196, state=2
2026-07-02 04:36:21.4351|INFO|Worker29|AdaptableLog|[TaiwuRemoveAILimitation]: CreateAction failed: charId=201, actionId=21, goalId=273, state=2
2026-07-02 04:36:21.4351|INFO|Worker6|AdaptableLog|[TaiwuRemoveAILimitation]: CreateAction failed: charId=956, actionId=17, goalId=190, state=2
2026-07-02 04:36:21.4351|INFO|Worker21|AdaptableLog|[TaiwuRemoveAILimitation]: CreateAction succeeded: charId=5733, actionId=22, goalId=241, state=2
2026-07-02 04:36:21.4351|INFO|Worker30|AdaptableLog|[TaiwuRemoveAILimitation]: CreateAction failed: charId=13626, actionId=17, goalId=241, state=2
2026-07-02 04:36:21.4351|INFO|Worker6|AdaptableLog|[TaiwuRemoveAILimitation]: CreateAction succeeded: charId=956, actionId=17, goalId=191, state=2
2026-07-02 04:36:21.4351|INFO|Worker9|AdaptableLog|[TaiwuRemoveAILimitation]: CreateAction succeeded: charId=3425, actionId=16, goalId=273, state=2
2026-07-02 04:36:21.4351|INFO|Worker29|AdaptableLog|[TaiwuRemoveAILimitation]: CreateAction succeeded: charId=234, actionId=19, goalId=273, state=2
2026-07-02 04:36:21.4351|INFO|Worker21|AdaptableLog|[TaiwuRemoveAILimitation]: CreateAction succeeded: charId=5745, actionId=14, goalId=241, state=2
2026-07-02 04:36:21.4351|INFO|Worker25|AdaptableLog|[TaiwuRemoveAILimitation]: CreateAction succeeded: charId=4989, actionId=19, goalId=273, state=2
2026-07-02 04:36:21.4351|INFO|Worker9|AdaptableLog|[TaiwuRemoveAILimitation]: CreateAction succeeded: charId=10436, actionId=20, goalId=238, state=2
2026-07-02 04:36:21.4351|INFO|Worker17|AdaptableLog|[TaiwuRemoveAILimitation]: CreateAction succeeded: charId=6904, actionId=18, goalId=192, state=2
2026-07-02 04:36:21.4351|INFO|Worker9|AdaptableLog|[TaiwuRemoveAILimitation]: CreateAction succeeded: charId=3423, actionId=17, goalId=273, state=2
2026-07-02 04:36:21.4351|INFO|Worker30|AdaptableLog|[TaiwuRemoveAILimitation]: CreateAction succeeded: charId=11219, actionId=16, goalId=273, state=2
2026-07-02 04:36:21.4351|INFO|Worker15|AdaptableLog|[TaiwuRemoveAILimitation]: CreateAction failed: charId=3822, actionId=22, goalId=238, state=2
2026-07-02 04:36:21.4351|INFO|Worker13|AdaptableLog|[TaiwuRemoveAILimitation]: CreateAction succeeded: charId=1364, actionId=15, goalId=273, state=2
2026-07-02 04:36:21.4351|INFO|Worker20|AdaptableLog|[TaiwuRemoveAILimitation]: CreateAction succeeded: charId=3102, actionId=15, goalId=241, state=2
2026-07-02 04:36:21.4351|INFO|Worker4|AdaptableLog|[TaiwuRemoveAILimitation]: CreateAction succeeded: charId=2626, actionId=16, goalId=273, state=2
2026-07-02 04:36:21.4351|INFO|Worker17|AdaptableLog|[TaiwuRemoveAILimitation]: CreateAction succeeded: charId=5329, actionId=18, goalId=238, state=2
2026-07-02 04:36:21.4351|INFO|Worker6|AdaptableLog|[TaiwuRemoveAILimitation]: CreateAction succeeded: charId=954, actionId=22, goalId=238, state=2
2026-07-02 04:36:21.4351|INFO|Worker15|AdaptableLog|[TaiwuRemoveAILimitation]: CreateAction succeeded: charId=3822, actionId=21, goalId=238, state=2
2026-07-02 04:36:21.4351|INFO|Worker13|AdaptableLog|[TaiwuRemoveAILimitation]: CreateAction succeeded: charId=1342, actionId=15, goalId=273, state=2
2026-07-02 04:36:21.4351|INFO|Worker25|AdaptableLog|[TaiwuRemoveAILimitation]: CreateAction succeeded: charId=5010, actionId=19, goalId=273, state=2
2026-07-02 04:36:21.4351|INFO|Worker30|AdaptableLog|[TaiwuRemoveAILimitation]: CreateAction failed: charId=13845, actionId=14, goalId=241, state=2
2026-07-02 04:36:21.4351|INFO|Worker4|AdaptableLog|[TaiwuRemoveAILimitation]: CreateAction failed: charId=6999, actionId=16, goalId=193, state=2
2026-07-02 04:36:21.4351|INFO|Worker17|AdaptableLog|[TaiwuRemoveAILimitation]: CreateAction failed: charId=5391, actionId=14, goalId=195, state=2
2026-07-02 04:36:21.4351|INFO|Worker9|AdaptableLog|[TaiwuRemoveAILimitation]: CreateAction succeeded: charId=3453, actionId=16, goalId=273, state=2
2026-07-02 04:36:21.4351|INFO|Worker16|AdaptableLog|[TaiwuRemoveAILimitation]: CreateAction succeeded: charId=8266, actionId=18, goalId=190, state=2
2026-07-02 04:36:21.4515|INFO|Worker30|AdaptableLog|[TaiwuRemoveAILimitation]: CreateAction failed: charId=9457, actionId=22, goalId=273, state=2
2026-07-02 04:36:21.4515|INFO|Worker29|AdaptableLog|[TaiwuRemoveAILimitation]: CreateAction failed: charId=223, actionId=19, goalId=238, state=2
2026-07-02 04:36:21.4515|INFO|Worker4|AdaptableLog|[TaiwuRemoveAILimitation]: CreateAction succeeded: charId=6999, actionId=16, goalId=197, state=2
2026-07-02 04:36:21.4515|INFO|Worker6|AdaptableLog|[TaiwuRemoveAILimitation]: CreateAction succeeded: charId=946, actionId=17, goalId=273, state=2
2026-07-02 04:36:21.4515|INFO|Worker16|AdaptableLog|[TaiwuRemoveAILimitation]: CreateAction failed: charId=537, actionId=18, goalId=273, state=2
2026-07-02 04:36:21.4515|INFO|Worker29|AdaptableLog|[TaiwuRemoveAILimitation]: CreateAction succeeded: charId=223, actionId=20, goalId=238, state=2
2026-07-02 04:36:21.4515|INFO|Worker4|AdaptableLog|[TaiwuRemoveAILimitation]: CreateAction succeeded: charId=2606, actionId=15, goalId=238, state=2
2026-07-02 04:36:21.4515|INFO|Worker21|AdaptableLog|[TaiwuRemoveAILimitation]: CreateAction succeeded: charId=9363, actionId=22, goalId=238, state=2
2026-07-02 04:36:21.4515|INFO|Worker18|AdaptableLog|[TaiwuRemoveAILimitation]: CreateAction succeeded: charId=7747, actionId=18, goalId=190, state=2
2026-07-02 04:36:21.4515|INFO|Worker20|AdaptableLog|[TaiwuRemoveAILimitation]: CreateAction succeeded: charId=2975, actionId=18, goalId=273, state=2
2026-07-02 04:36:21.4515|INFO|Worker17|AdaptableLog|[TaiwuRemoveAILimitation]: CreateAction succeeded: charId=5391, actionId=14, goalId=196, state=2
2026-07-02 04:36:21.4515|INFO|Worker20|AdaptableLog|[TaiwuRemoveAILimitation]: CreateAction succeeded: charId=2970, actionId=16, goalId=238, state=2
2026-07-02 04:36:21.4515|INFO|Worker30|AdaptableLog|[TaiwuRemoveAILimitation]: CreateAction failed: charId=9457, actionId=21, goalId=241, state=2
2026-07-02 04:36:21.4515|INFO|Worker6|AdaptableLog|[TaiwuRemoveAILimitation]: CreateAction succeeded: charId=945, actionId=19, goalId=273, state=2
2026-07-02 04:36:21.4515|INFO|Worker4|AdaptableLog|[TaiwuRemoveAILimitation]: CreateAction succeeded: charId=2638, actionId=16, goalId=238, state=2
2026-07-02 04:36:21.4515|INFO|Worker15|AdaptableLog|[TaiwuRemoveAILimitation]: CreateAction succeeded: charId=8328, actionId=22, goalId=241, state=2
2026-07-02 04:36:21.4515|INFO|Worker25|AdaptableLog|[TaiwuRemoveAILimitation]: CreateAction succeeded: charId=5005, actionId=20, goalId=241, state=2
2026-07-02 04:36:21.4515|INFO|Worker13|AdaptableLog|[TaiwuRemoveAILimitation]: CreateAction succeeded: charId=1400, actionId=15, goalId=192, state=2
2026-07-02 04:36:21.4515|INFO|Worker21|AdaptableLog|[TaiwuRemoveAILimitation]: CreateAction succeeded: charId=11094, actionId=22, goalId=238, state=2
2026-07-02 04:36:21.4515|INFO|Worker20|AdaptableLog|[TaiwuRemoveAILimitation]: CreateAction succeeded: charId=2955, actionId=14, goalId=238, state=2
2026-07-02 04:36:21.4515|INFO|Worker15|AdaptableLog|[TaiwuRemoveAILimitation]: CreateAction failed: charId=3830, actionId=22, goalId=238, state=2
2026-07-02 04:36:21.4515|INFO|Worker16|AdaptableLog|[TaiwuRemoveAILimitation]: CreateAction succeeded: charId=11293, actionId=18, goalId=245, state=2
2026-07-02 04:36:21.4515|INFO|Worker17|AdaptableLog|[TaiwuRemoveAILimitation]: CreateAction succeeded: charId=5354, actionId=14, goalId=273, state=2
2026-07-02 04:36:21.4515|INFO|Worker9|AdaptableLog|[TaiwuRemoveAILimitation]: CreateAction failed: charId=3437, actionId=17, goalId=238, state=2
2026-07-02 04:36:21.4515|INFO|Worker30|AdaptableLog|[TaiwuRemoveAILimitation]: CreateAction failed: charId=13621, actionId=17, goalId=241, state=2
2026-07-02 04:36:21.4515|INFO|Worker21|AdaptableLog|[TaiwuRemoveAILimitation]: CreateAction succeeded: charId=9053, actionId=20, goalId=238, state=2
2026-07-02 04:36:21.4515|INFO|Worker25|AdaptableLog|[TaiwuRemoveAILimitation]: CreateAction succeeded: charId=4995, actionId=21, goalId=273, state=2
2026-07-02 04:36:21.4515|INFO|Worker6|AdaptableLog|[TaiwuRemoveAILimitation]: CreateAction succeeded: charId=991, actionId=17, goalId=190, state=2
2026-07-02 04:36:21.4515|INFO|Worker15|AdaptableLog|[TaiwuRemoveAILimitation]: CreateAction succeeded: charId=3830, actionId=21, goalId=238, state=2
2026-07-02 04:36:21.4515|INFO|Worker25|AdaptableLog|[TaiwuRemoveAILimitation]: CreateAction succeeded: charId=4969, actionId=19, goalId=241, state=2
2026-07-02 04:36:21.4515|INFO|Worker29|AdaptableLog|[TaiwuRemoveAILimitation]: CreateAction succeeded: charId=235, actionId=19, goalId=196, state=2
2026-07-02 04:36:21.4515|INFO|Worker9|AdaptableLog|[TaiwuRemoveAILimitation]: CreateAction failed: charId=3437, actionId=17, goalId=238, state=2
2026-07-02 04:36:21.4515|INFO|Worker4|AdaptableLog|[TaiwuRemoveAILimitation]: CreateAction succeeded: charId=2630, actionId=15, goalId=238, state=2
2026-07-02 04:36:21.4515|INFO|Worker21|AdaptableLog|[TaiwuRemoveAILimitation]: CreateAction succeeded: charId=9741, actionId=14, goalId=18, state=2
2026-07-02 04:36:21.4515|INFO|Worker17|AdaptableLog|[TaiwuRemoveAILimitation]: CreateAction succeeded: charId=10741, actionId=18, goalId=238, state=2
2026-07-02 04:36:21.4515|INFO|Worker20|AdaptableLog|[TaiwuRemoveAILimitation]: CreateAction failed: charId=2982, actionId=15, goalId=238, state=2
2026-07-02 04:36:21.4515|INFO|Worker15|AdaptableLog|[TaiwuRemoveAILimitation]: CreateAction succeeded: charId=3813, actionId=19, goalId=238, state=2
2026-07-02 04:36:21.4515|INFO|Worker29|AdaptableLog|[TaiwuRemoveAILimitation]: CreateAction failed: charId=208, actionId=22, goalId=273, state=2
2026-07-02 04:36:21.4515|INFO|Worker23|AdaptableLog|[TaiwuRemoveAILimitation]: CreateAction succeeded: charId=4611, actionId=23, goalId=15, state=2
2026-07-02 04:36:21.4515|INFO|Worker9|AdaptableLog|[TaiwuRemoveAILimitation]: CreateAction succeeded: charId=3437, actionId=17, goalId=238, state=2
2026-07-02 04:36:21.4515|INFO|Worker6|AdaptableLog|[TaiwuRemoveAILimitation]: CreateAction succeeded: charId=1004, actionId=23, goalId=192, state=2
2026-07-02 04:36:21.4515|INFO|Worker25|AdaptableLog|[TaiwuRemoveAILimitation]: CreateAction failed: charId=9908, actionId=23, goalId=238, state=2
2026-07-02 04:36:21.4515|INFO|Worker17|AdaptableLog|[TaiwuRemoveAILimitation]: CreateAction succeeded: charId=5351, actionId=14, goalId=238, state=2
2026-07-02 04:36:21.4515|INFO|Worker20|AdaptableLog|[TaiwuRemoveAILimitation]: CreateAction failed: charId=2980, actionId=15, goalId=238, state=2
2026-07-02 04:36:21.4515|INFO|Worker29|AdaptableLog|[TaiwuRemoveAILimitation]: CreateAction failed: charId=216, actionId=23, goalId=273, state=2
2026-07-02 04:36:21.4515|INFO|Worker4|AdaptableLog|[TaiwuRemoveAILimitation]: CreateAction succeeded: charId=2601, actionId=16, goalId=273, state=2
2026-07-02 04:36:21.4515|INFO|Worker15|AdaptableLog|[TaiwuRemoveAILimitation]: CreateAction succeeded: charId=3803, actionId=23, goalId=238, state=2
2026-07-02 04:36:21.4515|INFO|Worker6|AdaptableLog|[TaiwuRemoveAILimitation]: CreateAction succeeded: charId=949, actionId=20, goalId=195, state=2
2026-07-02 04:36:21.4515|INFO|Worker17|AdaptableLog|[TaiwuRemoveAILimitation]: CreateAction failed: charId=5370, actionId=18, goalId=273, state=2
2026-07-02 04:36:21.4515|INFO|Worker21|AdaptableLog|[TaiwuRemoveAILimitation]: CreateAction succeeded: charId=8433, actionId=20, goalId=238, state=2
2026-07-02 04:36:21.4515|INFO|Worker20|AdaptableLog|[TaiwuRemoveAILimitation]: CreateAction failed: charId=2980, actionId=18, goalId=238, state=2
2026-07-02 04:36:21.4515|INFO|Worker13|AdaptableLog|[TaiwuRemoveAILimitation]: CreateAction succeeded: charId=1351, actionId=15, goalId=5, state=2
2026-07-02 04:36:21.4515|INFO|Worker6|AdaptableLog|[TaiwuRemoveAILimitation]: CreateAction failed: charId=1002, actionId=19, goalId=273, state=2
2026-07-02 04:36:21.4515|INFO|Worker13|AdaptableLog|[TaiwuRemoveAILimitation]: CreateAction succeeded: charId=1348, actionId=15, goalId=5, state=2
2026-07-02 04:36:21.4515|INFO|Worker21|AdaptableLog|[TaiwuRemoveAILimitation]: CreateAction failed: charId=10383, actionId=23, goalId=238, state=2
2026-07-02 04:36:21.4515|INFO|Worker4|AdaptableLog|[TaiwuRemoveAILimitation]: CreateAction failed: charId=7000, actionId=16, goalId=193, state=2
2026-07-02 04:36:21.4515|INFO|Worker29|AdaptableLog|[TaiwuRemoveAILimitation]: CreateAction succeeded: charId=216, actionId=21, goalId=238, state=2
2026-07-02 04:36:21.4515|INFO|Worker13|AdaptableLog|[TaiwuRemoveAILimitation]: CreateAction failed: charId=8271, actionId=15, goalId=198, state=2
2026-07-02 04:36:21.4515|INFO|Worker21|AdaptableLog|[TaiwuRemoveAILimitation]: CreateAction failed: charId=10383, actionId=23, goalId=241, state=2
2026-07-02 04:36:21.4515|INFO|Worker9|AdaptableLog|[TaiwuRemoveAILimitation]: CreateAction succeeded: charId=3418, actionId=17, goalId=238, state=2
2026-07-02 04:36:21.4515|INFO|Worker4|AdaptableLog|[TaiwuRemoveAILimitation]: CreateAction succeeded: charId=2628, actionId=15, goalId=238, state=2
2026-07-02 04:36:21.4515|INFO|Worker13|AdaptableLog|[TaiwuRemoveAILimitation]: CreateAction failed: charId=8271, actionId=15, goalId=190, state=2
2026-07-02 04:36:21.4515|INFO|Worker21|AdaptableLog|[TaiwuRemoveAILimitation]: CreateAction failed: charId=10383, actionId=23, goalId=238, state=2
2026-07-02 04:36:21.4515|INFO|Worker17|AdaptableLog|[TaiwuRemoveAILimitation]: CreateAction failed: charId=5402, actionId=18, goalId=238, state=2
2026-07-02 04:36:21.4515|INFO|Worker9|AdaptableLog|[TaiwuRemoveAILimitation]: CreateAction succeeded: charId=3383, actionId=21, goalId=238, state=2
2026-07-02 04:36:21.4515|INFO|Worker20|AdaptableLog|[TaiwuRemoveAILimitation]: CreateAction succeeded: charId=2985, actionId=15, goalId=273, state=2
2026-07-02 04:36:21.4515|INFO|Worker30|AdaptableLog|[TaiwuRemoveAILimitation]: CreateAction failed: charId=3133, actionId=21, goalId=196, state=2
2026-07-02 04:36:21.4515|INFO|Worker17|AdaptableLog|[TaiwuRemoveAILimitation]: CreateAction succeeded: charId=7576, actionId=18, goalId=238, state=2
2026-07-02 04:36:21.4515|INFO|Worker21|AdaptableLog|[TaiwuRemoveAILimitation]: CreateAction failed: charId=10383, actionId=23, goalId=241, state=2
2026-07-02 04:36:21.4515|INFO|Worker6|AdaptableLog|[TaiwuRemoveAILimitation]: CreateAction succeeded: charId=983, actionId=22, goalId=238, state=2
2026-07-02 04:36:21.4515|INFO|Worker15|AdaptableLog|[TaiwuRemoveAILimitation]: CreateAction succeeded: charId=10733, actionId=16, goalId=238, state=2
2026-07-02 04:36:21.4515|INFO|Worker30|AdaptableLog|[TaiwuRemoveAILimitation]: CreateAction failed: charId=3133, actionId=20, goalId=190, state=2
2026-07-02 04:36:21.4515|INFO|Worker17|AdaptableLog|[TaiwuRemoveAILimitation]: CreateAction succeeded: charId=5333, actionId=14, goalId=238, state=2
2026-07-02 04:36:21.4515|INFO|Worker13|AdaptableLog|[TaiwuRemoveAILimitation]: CreateAction failed: charId=8271, actionId=15, goalId=191, state=2
2026-07-02 04:36:21.4515|INFO|Worker4|AdaptableLog|[TaiwuRemoveAILimitation]: CreateAction succeeded: charId=2629, actionId=18, goalId=238, state=2
2026-07-02 04:36:21.4515|INFO|Worker21|AdaptableLog|[TaiwuRemoveAILimitation]: CreateAction succeeded: charId=10383, actionId=23, goalId=241, state=2
2026-07-02 04:36:21.4515|INFO|Worker29|AdaptableLog|[TaiwuRemoveAILimitation]: CreateAction failed: charId=221, actionId=22, goalId=238, state=2
2026-07-02 04:36:21.4515|INFO|Worker30|AdaptableLog|[TaiwuRemoveAILimitation]: CreateAction failed: charId=3133, actionId=19, goalId=191, state=2
2026-07-02 04:36:21.4515|INFO|Worker16|AdaptableLog|[TaiwuRemoveAILimitation]: CreateAction succeeded: charId=595, actionId=18, goalId=273, state=2
2026-07-02 04:36:21.4515|INFO|Worker20|AdaptableLog|[TaiwuRemoveAILimitation]: CreateAction failed: charId=7150, actionId=14, goalId=273, state=2
2026-07-02 04:36:21.4515|INFO|Worker1|AdaptableLog|[TaiwuRemoveAILimitation]: CreateAction succeeded: charId=9857, actionId=18, goalId=193, state=2
2026-07-02 04:36:21.4515|INFO|Worker17|AdaptableLog|[TaiwuRemoveAILimitation]: CreateAction failed: charId=5421, actionId=18, goalId=238, state=2
2026-07-02 04:36:21.4515|INFO|Worker29|AdaptableLog|[TaiwuRemoveAILimitation]: CreateAction failed: charId=221, actionId=19, goalId=238, state=2
2026-07-02 04:36:21.4515|INFO|Worker9|AdaptableLog|[TaiwuRemoveAILimitation]: CreateAction succeeded: charId=9555, actionId=15, goalId=238, state=2
2026-07-02 04:36:21.4659|INFO|Worker17|AdaptableLog|[TaiwuRemoveAILimitation]: CreateAction succeeded: charId=10137, actionId=14, goalId=238, state=2
2026-07-02 04:36:21.4515|INFO|Worker25|AdaptableLog|[TaiwuRemoveAILimitation]: CreateAction failed: charId=4975, actionId=19, goalId=238, state=2
2026-07-02 04:36:21.4515|INFO|Worker30|AdaptableLog|[TaiwuRemoveAILimitation]: CreateAction failed: charId=3133, actionId=22, goalId=192, state=2
2026-07-02 04:36:21.4515|INFO|Worker1|AdaptableLog|[TaiwuRemoveAILimitation]: CreateAction succeeded: charId=7770, actionId=18, goalId=193, state=2
2026-07-02 04:36:21.4515|INFO|Worker21|AdaptableLog|[TaiwuRemoveAILimitation]: CreateAction succeeded: charId=9823, actionId=20, goalId=238, state=2
2026-07-02 04:36:21.4659|INFO|Worker18|AdaptableLog|[TaiwuRemoveAILimitation]: CreateAction failed: charId=8587, actionId=19, goalId=238, state=2
2026-07-02 04:36:21.4659|INFO|Worker30|AdaptableLog|[TaiwuRemoveAILimitation]: CreateAction failed: charId=3133, actionId=20, goalId=193, state=2
2026-07-02 04:36:21.4659|INFO|Worker21|AdaptableLog|[TaiwuRemoveAILimitation]: CreateAction succeeded: charId=7375, actionId=21, goalId=238, state=2
2026-07-02 04:36:21.4659|INFO|Worker23|AdaptableLog|[TaiwuRemoveAILimitation]: CreateAction failed: charId=4558, actionId=23, goalId=238, state=2
2026-07-02 04:36:21.4659|INFO|Worker18|AdaptableLog|[TaiwuRemoveAILimitation]: CreateAction succeeded: charId=8587, actionId=23, goalId=238, state=2
2026-07-02 04:36:21.4659|INFO|Worker30|AdaptableLog|[TaiwuRemoveAILimitation]: CreateAction failed: charId=3133, actionId=20, goalId=194, state=2
2026-07-02 04:36:21.4659|INFO|Worker21|AdaptableLog|[TaiwuRemoveAILimitation]: CreateAction succeeded: charId=9430, actionId=23, goalId=238, state=2
2026-07-02 04:36:21.4659|INFO|Worker29|AdaptableLog|[TaiwuRemoveAILimitation]: CreateAction failed: charId=240, actionId=20, goalId=238, state=2
2026-07-02 04:36:21.4659|INFO|Worker1|AdaptableLog|[TaiwuRemoveAILimitation]: CreateAction succeeded: charId=2212, actionId=18, goalId=238, state=2
2026-07-02 04:36:21.4659|INFO|Worker25|AdaptableLog|[TaiwuRemoveAILimitation]: CreateAction failed: charId=4957, actionId=20, goalId=238, state=2
2026-07-02 04:36:21.4659|INFO|Worker18|AdaptableLog|[TaiwuRemoveAILimitation]: CreateAction succeeded: charId=7745, actionId=23, goalId=191, state=2
2026-07-02 04:36:21.4659|INFO|Worker30|AdaptableLog|[TaiwuRemoveAILimitation]: CreateAction failed: charId=8480, actionId=22, goalId=273, state=2
2026-07-02 04:36:21.4659|INFO|Worker23|AdaptableLog|[TaiwuRemoveAILimitation]: CreateAction succeeded: charId=8425, actionId=23, goalId=241, state=2
2026-07-02 04:36:21.4659|INFO|Worker13|AdaptableLog|[TaiwuRemoveAILimitation]: CreateAction failed: charId=1379, actionId=15, goalId=238, state=2
2026-07-02 04:36:21.4659|INFO|Worker29|AdaptableLog|[TaiwuRemoveAILimitation]: CreateAction failed: charId=240, actionId=21, goalId=238, state=2
2026-07-02 04:36:21.4659|INFO|Worker25|AdaptableLog|[TaiwuRemoveAILimitation]: CreateAction succeeded: charId=4957, actionId=20, goalId=238, state=2
2026-07-02 04:36:21.4659|INFO|Worker4|AdaptableLog|[TaiwuRemoveAILimitation]: CreateAction succeeded: charId=2621, actionId=16, goalId=238, state=2
2026-07-02 04:36:21.4659|INFO|Worker15|AdaptableLog|[TaiwuRemoveAILimitation]: CreateAction succeeded: charId=3643, actionId=14, goalId=195, state=2
2026-07-02 04:36:21.4659|INFO|Worker13|AdaptableLog|[TaiwuRemoveAILimitation]: CreateAction succeeded: charId=1379, actionId=15, goalId=5, state=2
2026-07-02 04:36:21.4659|INFO|Worker23|AdaptableLog|[TaiwuRemoveAILimitation]: CreateAction succeeded: charId=4608, actionId=23, goalId=273, state=2
2026-07-02 04:36:21.4659|INFO|Worker17|AdaptableLog|[TaiwuRemoveAILimitation]: CreateAction succeeded: charId=5518, actionId=14, goalId=238, state=2
2026-07-02 04:36:21.4659|INFO|Worker29|AdaptableLog|[TaiwuRemoveAILimitation]: CreateAction failed: charId=240, actionId=21, goalId=192, state=2
2026-07-02 04:36:21.4659|INFO|Worker16|AdaptableLog|[TaiwuRemoveAILimitation]: CreateAction failed: charId=560, actionId=18, goalId=192, state=2
2026-07-02 04:36:21.4659|INFO|Worker29|AdaptableLog|[TaiwuRemoveAILimitation]: CreateAction succeeded: charId=240, actionId=20, goalId=197, state=2
2026-07-02 04:36:21.4659|INFO|Worker1|AdaptableLog|[TaiwuRemoveAILimitation]: CreateAction succeeded: charId=2186, actionId=14, goalId=8, state=2
2026-07-02 04:36:21.4659|INFO|Worker9|AdaptableLog|[TaiwuRemoveAILimitation]: CreateAction succeeded: charId=7318, actionId=15, goalId=238, state=2
2026-07-02 04:36:21.4659|INFO|Worker30|AdaptableLog|[TaiwuRemoveAILimitation]: CreateAction failed: charId=11429, actionId=22, goalId=273, state=2
2026-07-02 04:36:21.4659|INFO|Worker23|AdaptableLog|[TaiwuRemoveAILimitation]: CreateAction succeeded: charId=4581, actionId=15, goalId=15, state=2
2026-07-02 04:36:21.4659|INFO|Worker21|AdaptableLog|[TaiwuRemoveAILimitation]: CreateAction succeeded: charId=7835, actionId=21, goalId=238, state=2
2026-07-02 04:36:21.4659|INFO|Worker6|AdaptableLog|[TaiwuRemoveAILimitation]: CreateAction failed: charId=962, actionId=22, goalId=238, state=2
2026-07-02 04:36:21.4659|INFO|Worker21|AdaptableLog|[TaiwuRemoveAILimitation]: CreateAction succeeded: charId=8590, actionId=23, goalId=241, state=2
2026-07-02 04:36:21.4659|INFO|Worker16|AdaptableLog|[TaiwuRemoveAILimitation]: CreateAction succeeded: charId=669, actionId=16, goalId=193, state=2
2026-07-02 04:36:21.4659|INFO|Worker6|AdaptableLog|[TaiwuRemoveAILimitation]: CreateAction succeeded: charId=962, actionId=17, goalId=238, state=2
2026-07-02 04:36:21.4659|INFO|Worker30|AdaptableLog|[TaiwuRemoveAILimitation]: CreateAction failed: charId=14125, actionId=14, goalId=273, state=2
2026-07-02 04:36:21.4659|INFO|Worker1|AdaptableLog|[TaiwuRemoveAILimitation]: CreateAction succeeded: charId=2218, actionId=18, goalId=195, state=2
2026-07-02 04:36:21.4659|INFO|Worker21|AdaptableLog|[TaiwuRemoveAILimitation]: CreateAction failed: charId=7377, actionId=22, goalId=241, state=2
2026-07-02 04:36:21.4659|INFO|Worker23|AdaptableLog|[TaiwuRemoveAILimitation]: CreateAction failed: charId=4600, actionId=22, goalId=238, state=2
2026-07-02 04:36:21.4659|INFO|Worker29|AdaptableLog|[TaiwuRemoveAILimitation]: CreateAction failed: charId=280, actionId=17, goalId=193, state=2
2026-07-02 04:36:21.4659|INFO|Worker21|AdaptableLog|[TaiwuRemoveAILimitation]: CreateAction succeeded: charId=7377, actionId=14, goalId=238, state=2
2026-07-02 04:36:21.4659|INFO|Worker23|AdaptableLog|[TaiwuRemoveAILimitation]: CreateAction failed: charId=4600, actionId=23, goalId=238, state=2
2026-07-02 04:36:21.4659|INFO|Worker29|AdaptableLog|[TaiwuRemoveAILimitation]: CreateAction succeeded: charId=280, actionId=17, goalId=195, state=2
2026-07-02 04:36:21.4659|INFO|Worker30|AdaptableLog|[TaiwuRemoveAILimitation]: CreateAction failed: charId=12549, actionId=16, goalId=273, state=2
2026-07-02 04:36:21.4659|INFO|Worker21|AdaptableLog|[TaiwuRemoveAILimitation]: CreateAction succeeded: charId=5953, actionId=22, goalId=191, state=2
2026-07-02 04:36:21.4659|INFO|Worker1|AdaptableLog|[TaiwuRemoveAILimitation]: CreateAction succeeded: charId=2196, actionId=14, goalId=8, state=2
2026-07-02 04:36:21.4659|INFO|Worker29|AdaptableLog|[TaiwuRemoveAILimitation]: CreateAction succeeded: charId=277, actionId=14, goalId=194, state=2
2026-07-02 04:36:21.4659|INFO|Worker30|AdaptableLog|[TaiwuRemoveAILimitation]: CreateAction failed: charId=9355, actionId=14, goalId=273, state=2
2026-07-02 04:36:21.4659|INFO|Worker6|AdaptableLog|[TaiwuRemoveAILimitation]: CreateAction succeeded: charId=950, actionId=22, goalId=238, state=2
2026-07-02 04:36:21.4659|INFO|Worker25|AdaptableLog|[TaiwuRemoveAILimitation]: CreateAction failed: charId=8527, actionId=23, goalId=238, state=2
2026-07-02 04:36:21.4659|INFO|Worker25|AdaptableLog|[TaiwuRemoveAILimitation]: CreateAction succeeded: charId=8527, actionId=23, goalId=238, state=2
2026-07-02 04:36:21.4659|INFO|Worker25|AdaptableLog|[TaiwuRemoveAILimitation]: CreateAction succeeded: charId=4965, actionId=19, goalId=238, state=2
2026-07-02 04:36:21.4659|INFO|Worker1|AdaptableLog|[TaiwuRemoveAILimitation]: CreateAction succeeded: charId=2286, actionId=14, goalId=238, state=2
2026-07-02 04:36:21.4659|INFO|Worker21|AdaptableLog|[TaiwuRemoveAILimitation]: CreateAction failed: charId=5721, actionId=23, goalId=238, state=2
2026-07-02 04:36:21.4659|INFO|Worker25|AdaptableLog|[TaiwuRemoveAILimitation]: CreateAction succeeded: charId=4994, actionId=19, goalId=238, state=2
2026-07-02 04:36:21.4659|INFO|Worker23|AdaptableLog|[TaiwuRemoveAILimitation]: CreateAction failed: charId=12404, actionId=23, goalId=238, state=2
2026-07-02 04:36:21.4659|INFO|Worker21|AdaptableLog|[TaiwuRemoveAILimitation]: CreateAction failed: charId=5721, actionId=20, goalId=238, state=2
2026-07-02 04:36:21.4659|INFO|Worker23|AdaptableLog|[TaiwuRemoveAILimitation]: CreateAction failed: charId=12404, actionId=22, goalId=238, state=2
2026-07-02 04:36:21.4659|INFO|Worker21|AdaptableLog|[TaiwuRemoveAILimitation]: CreateAction succeeded: charId=5721, actionId=19, goalId=238, state=2
2026-07-02 04:36:21.4659|INFO|Worker23|AdaptableLog|[TaiwuRemoveAILimitation]: CreateAction succeeded: charId=12404, actionId=22, goalId=238, state=2
2026-07-02 04:36:21.4659|INFO|Worker25|AdaptableLog|[TaiwuRemoveAILimitation]: CreateAction failed: charId=7661, actionId=23, goalId=241, state=2
2026-07-02 04:36:21.4659|INFO|Worker23|AdaptableLog|[TaiwuRemoveAILimitation]: CreateAction succeeded: charId=4557, actionId=23, goalId=273, state=2
2026-07-02 04:36:21.4659|INFO|Worker9|AdaptableLog|[TaiwuRemoveAILimitation]: CreateAction succeeded: charId=3576, actionId=20, goalId=238, state=2
2026-07-02 04:36:21.4659|INFO|Worker30|AdaptableLog|[TaiwuRemoveAILimitation]: CreateAction succeeded: charId=13118, actionId=17, goalId=273, state=2
2026-07-02 04:36:21.4659|INFO|Worker25|AdaptableLog|[TaiwuRemoveAILimitation]: CreateAction failed: charId=7661, actionId=23, goalId=191, state=2
2026-07-02 04:36:21.4659|INFO|Worker9|AdaptableLog|[TaiwuRemoveAILimitation]: CreateAction succeeded: charId=3488, actionId=23, goalId=194, state=2
2026-07-02 04:36:21.4659|INFO|Worker25|AdaptableLog|[TaiwuRemoveAILimitation]: CreateAction failed: charId=7661, actionId=23, goalId=193, state=2
2026-07-02 04:36:21.4659|INFO|Worker30|AdaptableLog|[TaiwuRemoveAILimitation]: CreateAction failed: charId=13033, actionId=17, goalId=273, state=2
2026-07-02 04:36:21.4819|INFO|Worker16|AdaptableLog|[TaiwuRemoveAILimitation]: CreateAction succeeded: charId=713, actionId=16, goalId=194, state=2
2026-07-02 04:36:21.4819|INFO|Worker17|AdaptableLog|[TaiwuRemoveAILimitation]: CreateAction succeeded: charId=8197, actionId=14, goalId=238, state=2
2026-07-02 04:36:21.4819|INFO|Worker1|AdaptableLog|[TaiwuRemoveAILimitation]: CreateAction succeeded: charId=2252, actionId=18, goalId=238, state=2
2026-07-02 04:36:21.4819|INFO|Worker25|AdaptableLog|[TaiwuRemoveAILimitation]: CreateAction failed: charId=7666, actionId=21, goalId=238, state=2
2026-07-02 04:36:21.4819|INFO|Worker29|AdaptableLog|[TaiwuRemoveAILimitation]: CreateAction succeeded: charId=328, actionId=14, goalId=195, state=2
2026-07-02 04:36:21.4819|INFO|Worker23|AdaptableLog|[TaiwuRemoveAILimitation]: CreateAction succeeded: charId=4605, actionId=20, goalId=238, state=2
2026-07-02 04:36:21.4819|INFO|Worker25|AdaptableLog|[TaiwuRemoveAILimitation]: CreateAction succeeded: charId=7666, actionId=22, goalId=238, state=2
2026-07-02 04:36:21.4819|INFO|Worker6|AdaptableLog|[TaiwuRemoveAILimitation]: CreateAction failed: charId=7401, actionId=22, goalId=241, state=2
2026-07-02 04:36:21.4819|INFO|Worker21|AdaptableLog|[TaiwuRemoveAILimitation]: CreateAction succeeded: charId=5727, actionId=22, goalId=238, state=2
2026-07-02 04:36:21.4819|INFO|Worker17|AdaptableLog|[TaiwuRemoveAILimitation]: CreateAction succeeded: charId=5299, actionId=20, goalId=238, state=2
2026-07-02 04:36:21.4819|INFO|Worker18|AdaptableLog|[TaiwuRemoveAILimitation]: CreateAction failed: charId=9968, actionId=18, goalId=238, state=2
2026-07-02 04:36:21.4819|INFO|Worker6|AdaptableLog|[TaiwuRemoveAILimitation]: CreateAction succeeded: charId=7401, actionId=19, goalId=241, state=2
2026-07-02 04:36:21.4819|INFO|Worker25|AdaptableLog|[TaiwuRemoveAILimitation]: CreateAction failed: charId=7855, actionId=19, goalId=238, state=2
2026-07-02 04:36:21.4819|INFO|Worker21|AdaptableLog|[TaiwuRemoveAILimitation]: CreateAction succeeded: charId=5784, actionId=22, goalId=273, state=2
2026-07-02 04:36:21.4819|INFO|Worker25|AdaptableLog|[TaiwuRemoveAILimitation]: CreateAction succeeded: charId=7855, actionId=22, goalId=238, state=2
2026-07-02 04:36:21.4819|INFO|Worker18|AdaptableLog|[TaiwuRemoveAILimitation]: CreateAction succeeded: charId=9968, actionId=18, goalId=193, state=2
2026-07-02 04:36:21.4819|INFO|Worker30|AdaptableLog|[TaiwuRemoveAILimitation]: CreateAction failed: charId=10343, actionId=16, goalId=273, state=2
2026-07-02 04:36:21.4819|INFO|Worker6|AdaptableLog|[TaiwuRemoveAILimitation]: CreateAction failed: charId=7698, actionId=19, goalId=191, state=2
2026-07-02 04:36:21.4819|INFO|Worker6|AdaptableLog|[TaiwuRemoveAILimitation]: CreateAction failed: charId=7698, actionId=17, goalId=193, state=2
2026-07-02 04:36:21.4819|INFO|Worker17|AdaptableLog|[TaiwuRemoveAILimitation]: CreateAction failed: charId=5350, actionId=18, goalId=192, state=2
2026-07-02 04:36:21.4819|INFO|Worker30|AdaptableLog|[TaiwuRemoveAILimitation]: CreateAction failed: charId=10343, actionId=17, goalId=241, state=2
2026-07-02 04:36:21.4819|INFO|Worker17|AdaptableLog|[TaiwuRemoveAILimitation]: CreateAction failed: charId=5350, actionId=14, goalId=197, state=2
2026-07-02 04:36:21.4819|INFO|Worker6|AdaptableLog|[TaiwuRemoveAILimitation]: CreateAction succeeded: charId=7698, actionId=22, goalId=197, state=2
2026-07-02 04:36:21.4819|INFO|Worker23|AdaptableLog|[TaiwuRemoveAILimitation]: CreateAction failed: charId=4625, actionId=15, goalId=15, state=2
2026-07-02 04:36:21.4819|INFO|Worker18|AdaptableLog|[TaiwuRemoveAILimitation]: CreateAction failed: charId=1860, actionId=18, goalId=273, state=2
2026-07-02 04:36:21.4819|INFO|Worker30|AdaptableLog|[TaiwuRemoveAILimitation]: CreateAction failed: charId=10343, actionId=19, goalId=241, state=2
2026-07-02 04:36:21.4819|INFO|Worker17|AdaptableLog|[TaiwuRemoveAILimitation]: CreateAction succeeded: charId=5350, actionId=18, goalId=238, state=2
2026-07-02 04:36:21.4819|INFO|Worker6|AdaptableLog|[TaiwuRemoveAILimitation]: CreateAction failed: charId=957, actionId=21, goalId=193, state=2
2026-07-02 04:36:21.4819|INFO|Worker18|AdaptableLog|[TaiwuRemoveAILimitation]: CreateAction succeeded: charId=1860, actionId=22, goalId=238, state=2
2026-07-02 04:36:21.4819|INFO|Worker6|AdaptableLog|[TaiwuRemoveAILimitation]: CreateAction succeeded: charId=957, actionId=20, goalId=238, state=2
2026-07-02 04:36:21.4819|INFO|Worker25|AdaptableLog|[TaiwuRemoveAILimitation]: CreateAction failed: charId=7329, actionId=20, goalId=238, state=2
2026-07-02 04:36:21.4819|INFO|Worker30|AdaptableLog|[TaiwuRemoveAILimitation]: CreateAction failed: charId=10343, actionId=16, goalId=190, state=2
2026-07-02 04:36:21.4819|INFO|Worker23|AdaptableLog|[TaiwuRemoveAILimitation]: CreateAction succeeded: charId=4619, actionId=15, goalId=241, state=2
2026-07-02 04:36:21.4819|INFO|Worker29|AdaptableLog|[TaiwuRemoveAILimitation]: CreateAction succeeded: charId=5655, actionId=15, goalId=238, state=2
2026-07-02 04:36:21.4819|INFO|Worker6|AdaptableLog|[TaiwuRemoveAILimitation]: CreateAction failed: charId=944, actionId=17, goalId=192, state=2
2026-07-02 04:36:21.4819|INFO|Worker17|AdaptableLog|[TaiwuRemoveAILimitation]: CreateAction succeeded: charId=5386, actionId=18, goalId=238, state=2
2026-07-02 04:36:21.4819|INFO|Worker30|AdaptableLog|[TaiwuRemoveAILimitation]: CreateAction failed: charId=10343, actionId=20, goalId=191, state=2
2026-07-02 04:36:21.4819|INFO|Worker23|AdaptableLog|[TaiwuRemoveAILimitation]: CreateAction succeeded: charId=7513, actionId=19, goalId=238, state=2
2026-07-02 04:36:21.4819|INFO|Worker25|AdaptableLog|[TaiwuRemoveAILimitation]: CreateAction failed: charId=4958, actionId=23, goalId=238, state=2
2026-07-02 04:36:21.4819|INFO|Worker23|AdaptableLog|[TaiwuRemoveAILimitation]: CreateAction succeeded: charId=4607, actionId=19, goalId=15, state=2
2026-07-02 04:36:21.4819|INFO|Worker6|AdaptableLog|[TaiwuRemoveAILimitation]: CreateAction succeeded: charId=944, actionId=15, goalId=193, state=2
2026-07-02 04:36:21.4819|INFO|Worker1|AdaptableLog|[TaiwuRemoveAILimitation]: CreateAction succeeded: charId=2198, actionId=15, goalId=8, state=2
2026-07-02 04:36:21.4819|INFO|Worker30|AdaptableLog|[TaiwuRemoveAILimitation]: CreateAction failed: charId=10343, actionId=16, goalId=193, state=2
2026-07-02 04:36:21.4819|INFO|Worker25|AdaptableLog|[TaiwuRemoveAILimitation]: CreateAction succeeded: charId=4958, actionId=23, goalId=238, state=2
2026-07-02 04:36:21.4819|INFO|Worker1|AdaptableLog|[TaiwuRemoveAILimitation]: CreateAction succeeded: charId=8208, actionId=18, goalId=238, state=2
2026-07-02 04:36:21.4819|INFO|Worker30|AdaptableLog|[TaiwuRemoveAILimitation]: CreateAction failed: charId=8481, actionId=18, goalId=273, state=2
2026-07-02 04:36:21.4819|INFO|Worker17|AdaptableLog|[TaiwuRemoveAILimitation]: CreateAction succeeded: charId=5334, actionId=18, goalId=238, state=2
2026-07-02 04:36:21.4819|INFO|Worker1|AdaptableLog|[TaiwuRemoveAILimitation]: CreateAction succeeded: charId=2203, actionId=15, goalId=238, state=2
2026-07-02 04:36:21.4819|INFO|Worker25|AdaptableLog|[TaiwuRemoveAILimitation]: CreateAction succeeded: charId=5559, actionId=23, goalId=238, state=2
2026-07-02 04:36:21.4819|INFO|Worker23|AdaptableLog|[TaiwuRemoveAILimitation]: CreateAction failed: charId=8092, actionId=23, goalId=15, state=2
2026-07-02 04:36:21.4819|INFO|Worker30|AdaptableLog|[TaiwuRemoveAILimitation]: CreateAction failed: charId=12247, actionId=16, goalId=241, state=2
2026-07-02 04:36:21.4819|INFO|Worker1|AdaptableLog|[TaiwuRemoveAILimitation]: CreateAction succeeded: charId=8094, actionId=14, goalId=238, state=2
2026-07-02 04:36:21.4819|INFO|Worker23|AdaptableLog|[TaiwuRemoveAILimitation]: CreateAction failed: charId=8092, actionId=21, goalId=241, state=2
2026-07-02 04:36:21.4819|INFO|Worker17|AdaptableLog|[TaiwuRemoveAILimitation]: CreateAction succeeded: charId=5326, actionId=14, goalId=192, state=2
2026-07-02 04:36:21.4819|INFO|Worker18|AdaptableLog|[TaiwuRemoveAILimitation]: CreateAction failed: charId=1870, actionId=21, goalId=273, state=2
2026-07-02 04:36:21.4819|INFO|Worker30|AdaptableLog|[TaiwuRemoveAILimitation]: CreateAction failed: charId=11354, actionId=20, goalId=273, state=2
2026-07-02 04:36:21.4819|INFO|Worker21|AdaptableLog|[TaiwuRemoveAILimitation]: CreateAction succeeded: charId=5761, actionId=22, goalId=241, state=2
2026-07-02 04:36:21.4819|INFO|Worker1|AdaptableLog|[TaiwuRemoveAILimitation]: CreateAction succeeded: charId=7774, actionId=14, goalId=197, state=2
2026-07-02 04:36:21.4819|INFO|Worker6|AdaptableLog|[TaiwuRemoveAILimitation]: CreateAction failed: charId=7883, actionId=19, goalId=238, state=2
2026-07-02 04:36:21.4819|INFO|Worker18|AdaptableLog|[TaiwuRemoveAILimitation]: CreateAction succeeded: charId=1870, actionId=21, goalId=238, state=2
2026-07-02 04:36:21.4819|INFO|Worker30|AdaptableLog|[TaiwuRemoveAILimitation]: CreateAction succeeded: charId=3138, actionId=18, goalId=273, state=2
2026-07-02 04:36:21.4819|INFO|Worker21|AdaptableLog|[TaiwuRemoveAILimitation]: CreateAction succeeded: charId=5731, actionId=20, goalId=238, state=2
2026-07-02 04:36:21.4819|INFO|Worker1|AdaptableLog|[TaiwuRemoveAILimitation]: CreateAction failed: charId=2207, actionId=14, goalId=238, state=2
2026-07-02 04:36:21.4819|INFO|Worker17|AdaptableLog|[TaiwuRemoveAILimitation]: CreateAction succeeded: charId=5472, actionId=14, goalId=192, state=2
2026-07-02 04:36:21.4819|INFO|Worker1|AdaptableLog|[TaiwuRemoveAILimitation]: CreateAction failed: charId=2207, actionId=14, goalId=8, state=2
2026-07-02 04:36:21.4819|INFO|Worker21|AdaptableLog|[TaiwuRemoveAILimitation]: CreateAction succeeded: charId=5732, actionId=21, goalId=241, state=2
2026-07-02 04:36:21.4819|INFO|Worker21|AdaptableLog|[TaiwuRemoveAILimitation]: CreateAction failed: charId=8655, actionId=15, goalId=238, state=2
2026-07-02 04:36:21.4819|INFO|Worker21|AdaptableLog|[TaiwuRemoveAILimitation]: CreateAction succeeded: charId=8655, actionId=15, goalId=238, state=2
2026-07-02 04:36:21.4819|INFO|Worker21|AdaptableLog|[TaiwuRemoveAILimitation]: CreateAction succeeded: charId=5722, actionId=23, goalId=273, state=2
2026-07-02 04:36:21.4819|INFO|Worker1|AdaptableLog|[TaiwuRemoveAILimitation]: CreateAction failed: charId=2297, actionId=15, goalId=8, state=2
2026-07-02 04:36:21.4819|INFO|Worker21|AdaptableLog|[TaiwuRemoveAILimitation]: CreateAction failed: charId=9055, actionId=15, goalId=238, state=2
2026-07-02 04:36:21.4819|INFO|Worker1|AdaptableLog|[TaiwuRemoveAILimitation]: CreateAction failed: charId=2297, actionId=15, goalId=238, state=2
2026-07-02 04:36:21.4819|INFO|Worker21|AdaptableLog|[TaiwuRemoveAILimitation]: CreateAction succeeded: charId=9055, actionId=22, goalId=238, state=2
2026-07-02 04:36:21.4819|INFO|Worker1|AdaptableLog|[TaiwuRemoveAILimitation]: CreateAction failed: charId=2297, actionId=15, goalId=238, state=2
2026-07-02 04:36:21.4973|INFO|Worker1|AdaptableLog|[TaiwuRemoveAILimitation]: CreateAction failed: charId=2297, actionId=15, goalId=238, state=2
2026-07-02 04:36:21.4973|INFO|Worker6|AdaptableLog|[TaiwuRemoveAILimitation]: CreateAction succeeded: charId=960, actionId=18, goalId=238, state=2
2026-07-02 04:36:21.4973|INFO|Worker1|AdaptableLog|[TaiwuRemoveAILimitation]: CreateAction succeeded: charId=2297, actionId=14, goalId=238, state=2
2026-07-02 04:36:21.4973|INFO|Worker1|AdaptableLog|[TaiwuRemoveAILimitation]: CreateAction succeeded: charId=2220, actionId=18, goalId=238, state=2
2026-07-02 04:36:21.4973|INFO|Worker21|AdaptableLog|[TaiwuRemoveAILimitation]: CreateAction succeeded: charId=5738, actionId=19, goalId=238, state=2
2026-07-02 04:36:21.4973|INFO|Worker21|AdaptableLog|[TaiwuRemoveAILimitation]: CreateAction failed: charId=10645, actionId=20, goalId=241, state=2
2026-07-02 04:36:21.4973|INFO|Worker1|AdaptableLog|[TaiwuRemoveAILimitation]: CreateAction succeeded: charId=2208, actionId=15, goalId=238, state=2
2026-07-02 04:36:21.4973|INFO|Worker21|AdaptableLog|[TaiwuRemoveAILimitation]: CreateAction succeeded: charId=10645, actionId=23, goalId=241, state=2
2026-07-02 04:36:21.4973|INFO|Worker30|AdaptableLog|[TaiwuRemoveAILimitation]: CreateAction succeeded: charId=6975, actionId=17, goalId=273, state=2
2026-07-02 04:36:21.4973|INFO|Worker1|AdaptableLog|[TaiwuRemoveAILimitation]: CreateAction succeeded: charId=2265, actionId=15, goalId=238, state=2
2026-07-02 04:36:21.4973|INFO|Worker21|AdaptableLog|[TaiwuRemoveAILimitation]: CreateAction succeeded: charId=5810, actionId=21, goalId=238, state=2
2026-07-02 04:36:21.4973|INFO|Worker21|AdaptableLog|[TaiwuRemoveAILimitation]: CreateAction succeeded: charId=8009, actionId=15, goalId=238, state=2
2026-07-02 04:36:21.4973|INFO|Worker23|AdaptableLog|[TaiwuRemoveAILimitation]: CreateAction failed: charId=4556, actionId=22, goalId=241, state=2
2026-07-02 04:36:21.4973|INFO|Worker1|AdaptableLog|[TaiwuRemoveAILimitation]: CreateAction failed: charId=2190, actionId=18, goalId=238, state=2
2026-07-02 04:36:21.4973|INFO|Worker30|AdaptableLog|[TaiwuRemoveAILimitation]: CreateAction failed: charId=13035, actionId=16, goalId=196, state=2
2026-07-02 04:36:21.4973|INFO|Worker30|AdaptableLog|[TaiwuRemoveAILimitation]: CreateAction failed: charId=13035, actionId=16, goalId=190, state=2
2026-07-02 04:36:21.4973|INFO|Worker30|AdaptableLog|[TaiwuRemoveAILimitation]: CreateAction failed: charId=13035, actionId=16, goalId=193, state=2
2026-07-02 04:36:21.4973|INFO|Worker1|AdaptableLog|[TaiwuRemoveAILimitation]: CreateAction failed: charId=2190, actionId=14, goalId=194, state=2
2026-07-02 04:36:21.4973|INFO|Worker1|AdaptableLog|[TaiwuRemoveAILimitation]: CreateAction failed: charId=2190, actionId=14, goalId=8, state=2
2026-07-02 04:36:21.4973|INFO|Worker1|AdaptableLog|[TaiwuRemoveAILimitation]: CreateAction succeeded: charId=2382, actionId=17, goalId=194, state=2
2026-07-02 04:36:21.4973|INFO|Worker30|AdaptableLog|[TaiwuRemoveAILimitation]: CreateAction failed: charId=12017, actionId=22, goalId=273, state=2
2026-07-02 04:36:21.4973|INFO|Worker18|AdaptableLog|[TaiwuRemoveAILimitation]: CreateAction succeeded: charId=1852, actionId=23, goalId=193, state=2
2026-07-02 04:36:21.4973|INFO|Worker18|AdaptableLog|[TaiwuRemoveAILimitation]: CreateAction failed: charId=1793, actionId=21, goalId=192, state=2
2026-07-02 04:36:21.4973|INFO|Worker18|AdaptableLog|[TaiwuRemoveAILimitation]: CreateAction succeeded: charId=1793, actionId=18, goalId=193, state=2
2026-07-02 04:36:21.4973|INFO|Worker6|AdaptableLog|[TaiwuRemoveAILimitation]: CreateAction succeeded: charId=988, actionId=20, goalId=192, state=2
2026-07-02 04:36:21.4973|INFO|Worker30|AdaptableLog|[TaiwuRemoveAILimitation]: CreateAction failed: charId=12673, actionId=17, goalId=273, state=2
2026-07-02 04:36:21.4973|INFO|Worker21|AdaptableLog|[TaiwuRemoveAILimitation]: CreateAction succeeded: charId=7497, actionId=21, goalId=238, state=2
2026-07-02 04:36:21.4973|INFO|Worker21|AdaptableLog|[TaiwuRemoveAILimitation]: CreateAction succeeded: charId=8011, actionId=15, goalId=241, state=2
2026-07-02 04:36:21.4973|INFO|Worker21|AdaptableLog|[TaiwuRemoveAILimitation]: CreateAction succeeded: charId=5766, actionId=14, goalId=238, state=2
2026-07-02 04:36:21.4973|INFO|Worker30|AdaptableLog|[TaiwuRemoveAILimitation]: CreateAction failed: charId=13114, actionId=17, goalId=273, state=2
2026-07-02 04:36:21.4973|INFO|Worker21|AdaptableLog|[TaiwuRemoveAILimitation]: CreateAction succeeded: charId=5744, actionId=19, goalId=238, state=2
2026-07-02 04:36:21.4973|INFO|Worker21|AdaptableLog|[TaiwuRemoveAILimitation]: CreateAction succeeded: charId=9739, actionId=19, goalId=238, state=2
2026-07-02 04:36:21.5131|INFO|Worker18|AdaptableLog|[TaiwuRemoveAILimitation]: CreateAction failed: charId=1798, actionId=22, goalId=238, state=2
2026-07-02 04:36:21.5131|INFO|Worker18|AdaptableLog|[TaiwuRemoveAILimitation]: CreateAction succeeded: charId=1798, actionId=22, goalId=238, state=2
2026-07-02 04:36:21.5131|INFO|Worker30|AdaptableLog|[TaiwuRemoveAILimitation]: CreateAction failed: charId=11218, actionId=15, goalId=273, state=2
2026-07-02 04:36:21.5131|INFO|Worker21|AdaptableLog|[TaiwuRemoveAILimitation]: CreateAction failed: charId=11283, actionId=21, goalId=238, state=2
2026-07-02 04:36:21.5131|INFO|Worker1|AdaptableLog|[TaiwuRemoveAILimitation]: CreateAction failed: charId=2335, actionId=19, goalId=238, state=2
2026-07-02 04:36:21.5131|INFO|Worker1|AdaptableLog|[TaiwuRemoveAILimitation]: CreateAction failed: charId=2335, actionId=21, goalId=238, state=2
2026-07-02 04:36:21.5131|INFO|Worker1|AdaptableLog|[TaiwuRemoveAILimitation]: CreateAction failed: charId=2335, actionId=20, goalId=238, state=2
2026-07-02 04:36:21.5131|INFO|Worker1|AdaptableLog|[TaiwuRemoveAILimitation]: CreateAction succeeded: charId=2335, actionId=21, goalId=192, state=2
2026-07-02 04:36:21.5131|INFO|Worker18|AdaptableLog|[TaiwuRemoveAILimitation]: CreateAction succeeded: charId=7746, actionId=22, goalId=192, state=2
2026-07-02 04:36:21.5131|INFO|Worker30|AdaptableLog|[TaiwuRemoveAILimitation]: CreateAction failed: charId=13730, actionId=14, goalId=273, state=2
2026-07-02 04:36:21.5131|INFO|Worker30|AdaptableLog|[TaiwuRemoveAILimitation]: CreateAction failed: charId=13730, actionId=14, goalId=241, state=2
2026-07-02 04:36:21.5131|INFO|Worker21|AdaptableLog|[TaiwuRemoveAILimitation]: CreateAction succeeded: charId=8720, actionId=21, goalId=241, state=2
2026-07-02 04:36:21.5131|INFO|Worker30|AdaptableLog|[TaiwuRemoveAILimitation]: CreateAction failed: charId=10069, actionId=14, goalId=241, state=2
2026-07-02 04:36:21.5131|INFO|Worker18|AdaptableLog|[TaiwuRemoveAILimitation]: CreateAction succeeded: charId=1797, actionId=18, goalId=238, state=2
2026-07-02 04:36:21.5131|INFO|Worker30|AdaptableLog|[TaiwuRemoveAILimitation]: CreateAction failed: charId=13513, actionId=23, goalId=241, state=2
2026-07-02 04:36:21.5131|INFO|Worker18|AdaptableLog|[TaiwuRemoveAILimitation]: CreateAction failed: charId=1854, actionId=23, goalId=273, state=2
2026-07-02 04:36:21.5131|INFO|Worker21|AdaptableLog|[TaiwuRemoveAILimitation]: CreateAction succeeded: charId=7496, actionId=20, goalId=238, state=2
2026-07-02 04:36:21.5131|INFO|Worker30|AdaptableLog|[TaiwuRemoveAILimitation]: CreateAction failed: charId=13839, actionId=23, goalId=273, state=2
2026-07-02 04:36:21.5131|INFO|Worker21|AdaptableLog|[TaiwuRemoveAILimitation]: CreateAction succeeded: charId=5880, actionId=15, goalId=238, state=2
2026-07-02 04:36:21.5131|INFO|Worker21|AdaptableLog|[TaiwuRemoveAILimitation]: CreateAction succeeded: charId=12175, actionId=21, goalId=238, state=2
2026-07-02 04:36:21.5131|INFO|Worker21|AdaptableLog|[TaiwuRemoveAILimitation]: CreateAction failed: charId=6989, actionId=20, goalId=238, state=2
2026-07-02 04:36:21.5131|INFO|Worker21|AdaptableLog|[TaiwuRemoveAILimitation]: CreateAction succeeded: charId=6989, actionId=19, goalId=238, state=2
2026-07-02 04:36:21.5131|INFO|Worker21|AdaptableLog|[TaiwuRemoveAILimitation]: CreateAction succeeded: charId=8592, actionId=21, goalId=241, state=2
2026-07-02 04:36:21.5131|INFO|Worker18|AdaptableLog|[TaiwuRemoveAILimitation]: CreateAction failed: charId=1854, actionId=21, goalId=238, state=2
2026-07-02 04:36:21.5131|INFO|Worker18|AdaptableLog|[TaiwuRemoveAILimitation]: CreateAction succeeded: charId=1854, actionId=22, goalId=238, state=2
2026-07-02 04:36:21.5131|INFO|Worker21|AdaptableLog|[TaiwuRemoveAILimitation]: CreateAction succeeded: charId=10204, actionId=21, goalId=238, state=2
2026-07-02 04:36:21.5131|INFO|Worker21|AdaptableLog|[TaiwuRemoveAILimitation]: CreateAction succeeded: charId=7495, actionId=23, goalId=238, state=2
2026-07-02 04:36:21.5131|INFO|Worker18|AdaptableLog|[TaiwuRemoveAILimitation]: CreateAction succeeded: charId=8381, actionId=22, goalId=238, state=2
2026-07-02 04:36:21.5291|INFO|Worker21|AdaptableLog|[TaiwuRemoveAILimitation]: CreateAction failed: charId=5739, actionId=14, goalId=238, state=2
2026-07-02 04:36:21.5291|INFO|Worker30|AdaptableLog|[TaiwuRemoveAILimitation]: CreateAction failed: charId=13553, actionId=21, goalId=241, state=2
2026-07-02 04:36:21.5291|INFO|Worker30|AdaptableLog|[TaiwuRemoveAILimitation]: CreateAction failed: charId=13197, actionId=18, goalId=273, state=2
2026-07-02 04:36:21.5291|INFO|Worker21|AdaptableLog|[TaiwuRemoveAILimitation]: CreateAction failed: charId=5203, actionId=20, goalId=238, state=2
2026-07-02 04:36:21.5291|INFO|Worker21|AdaptableLog|[TaiwuRemoveAILimitation]: CreateAction succeeded: charId=5203, actionId=19, goalId=238, state=2
2026-07-02 04:36:21.5291|INFO|Worker30|AdaptableLog|[TaiwuRemoveAILimitation]: CreateAction failed: charId=11506, actionId=15, goalId=273, state=2
2026-07-02 04:36:21.5291|INFO|Worker21|AdaptableLog|[TaiwuRemoveAILimitation]: CreateAction succeeded: charId=5875, actionId=23, goalId=238, state=2
2026-07-02 04:36:21.5291|INFO|Worker30|AdaptableLog|[TaiwuRemoveAILimitation]: CreateAction failed: charId=13914, actionId=16, goalId=241, state=2
2026-07-02 04:36:21.5291|INFO|Worker30|AdaptableLog|[TaiwuRemoveAILimitation]: CreateAction failed: charId=14388, actionId=14, goalId=241, state=2
2026-07-02 04:36:21.5291|INFO|Worker30|AdaptableLog|[TaiwuRemoveAILimitation]: CreateAction failed: charId=13164, actionId=15, goalId=273, state=2
2026-07-02 04:36:21.5291|INFO|Worker30|AdaptableLog|[TaiwuRemoveAILimitation]: CreateAction failed: charId=10890, actionId=14, goalId=273, state=2
2026-07-02 04:36:21.5291|INFO|Worker30|AdaptableLog|[TaiwuRemoveAILimitation]: CreateAction failed: charId=10890, actionId=17, goalId=179, state=2
2026-07-02 04:36:21.5291|INFO|Worker30|AdaptableLog|[TaiwuRemoveAILimitation]: CreateAction failed: charId=9210, actionId=15, goalId=273, state=2
2026-07-02 04:36:21.5291|INFO|Worker30|AdaptableLog|[TaiwuRemoveAILimitation]: CreateAction failed: charId=12933, actionId=15, goalId=241, state=2
2026-07-02 04:36:21.5291|INFO|Worker30|AdaptableLog|[TaiwuRemoveAILimitation]: CreateAction failed: charId=12625, actionId=17, goalId=273, state=2
2026-07-02 04:36:21.5442|INFO|Worker30|AdaptableLog|[TaiwuRemoveAILimitation]: CreateAction failed: charId=13366, actionId=15, goalId=273, state=2
2026-07-02 04:36:21.5442|INFO|Worker30|AdaptableLog|[TaiwuRemoveAILimitation]: CreateAction failed: charId=13366, actionId=17, goalId=241, state=2
2026-07-02 04:36:21.5442|INFO|Worker30|AdaptableLog|[TaiwuRemoveAILimitation]: CreateAction failed: charId=11031, actionId=16, goalId=273, state=2
2026-07-02 04:36:21.5442|INFO|Worker30|AdaptableLog|[TaiwuRemoveAILimitation]: CreateAction failed: charId=14014, actionId=14, goalId=190, state=2
2026-07-02 04:36:21.5442|INFO|Worker30|AdaptableLog|[TaiwuRemoveAILimitation]: CreateAction failed: charId=10623, actionId=23, goalId=241, state=2
2026-07-02 04:36:21.5442|INFO|Worker30|AdaptableLog|[TaiwuRemoveAILimitation]: CreateAction failed: charId=11720, actionId=16, goalId=273, state=2
2026-07-02 04:36:21.5601|INFO|Worker30|AdaptableLog|[TaiwuRemoveAILimitation]: CreateAction failed: charId=11720, actionId=16, goalId=179, state=2
2026-07-02 04:36:21.5601|INFO|Worker30|AdaptableLog|[TaiwuRemoveAILimitation]: CreateAction failed: charId=3130, actionId=18, goalId=194, state=2
2026-07-02 04:36:21.5601|INFO|Worker30|AdaptableLog|[TaiwuRemoveAILimitation]: CreateAction failed: charId=3119, actionId=20, goalId=241, state=2
2026-07-02 04:36:21.5601|INFO|Worker30|AdaptableLog|[TaiwuRemoveAILimitation]: CreateAction failed: charId=9896, actionId=16, goalId=273, state=2
2026-07-02 04:36:21.5785|INFO|Worker30|AdaptableLog|[TaiwuRemoveAILimitation]: CreateAction failed: charId=13456, actionId=17, goalId=241, state=2
2026-07-02 04:36:21.5785|INFO|Worker30|AdaptableLog|[TaiwuRemoveAILimitation]: CreateAction failed: charId=13225, actionId=17, goalId=238, state=2
2026-07-02 04:36:21.5785|INFO|Worker30|AdaptableLog|[TaiwuRemoveAILimitation]: CreateAction failed: charId=13734, actionId=18, goalId=273, state=2
2026-07-02 04:36:21.5785|INFO|Worker30|AdaptableLog|[TaiwuRemoveAILimitation]: CreateAction failed: charId=7925, actionId=18, goalId=241, state=2
2026-07-02 04:36:21.5927|INFO|Worker30|AdaptableLog|[TaiwuRemoveAILimitation]: CreateAction failed: charId=12930, actionId=15, goalId=241, state=2
2026-07-02 04:36:21.5927|INFO|Worker30|AdaptableLog|[TaiwuRemoveAILimitation]: CreateAction succeeded: charId=14268, actionId=15, goalId=241, state=2
2026-07-02 04:36:21.5927|INFO|Worker30|AdaptableLog|[TaiwuRemoveAILimitation]: CreateAction succeeded: charId=2061, actionId=22, goalId=238, state=2
2026-07-02 04:36:21.5927|INFO|Worker30|AdaptableLog|[TaiwuRemoveAILimitation]: CreateAction failed: charId=14012, actionId=15, goalId=187, state=2
2026-07-02 04:36:21.5927|INFO|Worker30|AdaptableLog|[TaiwuRemoveAILimitation]: CreateAction failed: charId=11717, actionId=15, goalId=238, state=2
2026-07-02 04:36:21.5927|INFO|Worker30|AdaptableLog|[TaiwuRemoveAILimitation]: CreateAction failed: charId=13625, actionId=15, goalId=273, state=2
2026-07-02 04:36:21.5927|INFO|Worker30|AdaptableLog|[TaiwuRemoveAILimitation]: CreateAction failed: charId=13993, actionId=14, goalId=273, state=2
2026-07-02 04:36:21.5927|INFO|Worker30|AdaptableLog|[TaiwuRemoveAILimitation]: CreateAction failed: charId=12672, actionId=15, goalId=273, state=2
2026-07-02 04:36:21.5927|INFO|Worker30|AdaptableLog|[TaiwuRemoveAILimitation]: CreateAction failed: charId=13515, actionId=14, goalId=273, state=2
2026-07-02 04:36:21.5927|INFO|Worker30|AdaptableLog|[TaiwuRemoveAILimitation]: CreateAction failed: charId=13401, actionId=14, goalId=238, state=2
2026-07-02 04:36:21.6062|INFO|Worker30|AdaptableLog|[TaiwuRemoveAILimitation]: CreateAction failed: charId=13368, actionId=18, goalId=273, state=2
2026-07-02 04:36:21.6062|INFO|Worker30|AdaptableLog|[TaiwuRemoveAILimitation]: CreateAction failed: charId=13368, actionId=18, goalId=238, state=2
2026-07-02 04:36:21.6062|INFO|Worker30|AdaptableLog|[TaiwuRemoveAILimitation]: CreateAction failed: charId=13368, actionId=17, goalId=194, state=2
2026-07-02 04:36:21.6062|INFO|Worker30|AdaptableLog|[TaiwuRemoveAILimitation]: CreateAction failed: charId=13368, actionId=18, goalId=196, state=2
2026-07-02 04:36:21.6062|INFO|Worker30|AdaptableLog|[TaiwuRemoveAILimitation]: CreateAction failed: charId=13368, actionId=18, goalId=241, state=2
2026-07-02 04:36:21.6062|INFO|Worker30|AdaptableLog|[TaiwuRemoveAILimitation]: CreateAction failed: charId=13368, actionId=18, goalId=241, state=2
2026-07-02 04:36:21.6062|INFO|Worker30|AdaptableLog|[TaiwuRemoveAILimitation]: CreateAction failed: charId=13368, actionId=18, goalId=190, state=2
2026-07-02 04:36:21.6062|INFO|Worker30|AdaptableLog|[TaiwuRemoveAILimitation]: CreateAction failed: charId=13368, actionId=17, goalId=191, state=2
2026-07-02 04:36:21.6062|INFO|Worker30|AdaptableLog|[TaiwuRemoveAILimitation]: CreateAction failed: charId=13368, actionId=18, goalId=192, state=2
2026-07-02 04:36:21.6062|INFO|Worker30|AdaptableLog|[TaiwuRemoveAILimitation]: CreateAction failed: charId=13368, actionId=18, goalId=193, state=2
2026-07-02 04:36:21.6062|INFO|Worker30|AdaptableLog|[TaiwuRemoveAILimitation]: CreateAction failed: charId=12882, actionId=21, goalId=273, state=2
2026-07-02 04:36:21.6062|INFO|Worker30|AdaptableLog|[TaiwuRemoveAILimitation]: CreateAction failed: charId=9294, actionId=16, goalId=273, state=2
2026-07-02 04:36:21.6062|INFO|Worker30|AdaptableLog|[TaiwuRemoveAILimitation]: CreateAction failed: charId=14599, actionId=14, goalId=273, state=2
2026-07-02 04:36:21.6062|INFO|Worker30|AdaptableLog|[TaiwuRemoveAILimitation]: CreateAction failed: charId=13115, actionId=15, goalId=273, state=2
2026-07-02 04:36:21.6062|INFO|Worker30|AdaptableLog|[TaiwuRemoveAILimitation]: CreateAction failed: charId=14013, actionId=23, goalId=273, state=2
2026-07-02 04:36:21.6062|INFO|Worker30|AdaptableLog|[TaiwuRemoveAILimitation]: CreateAction failed: charId=3185, actionId=14, goalId=194, state=2
2026-07-02 04:36:21.6062|INFO|Worker30|AdaptableLog|[TaiwuRemoveAILimitation]: CreateAction failed: charId=3185, actionId=14, goalId=190, state=2
2026-07-02 04:36:21.6062|INFO|Worker30|AdaptableLog|[TaiwuRemoveAILimitation]: CreateAction succeeded: charId=3185, actionId=14, goalId=191, state=2
2026-07-02 04:36:21.6062|INFO|Worker30|AdaptableLog|[TaiwuRemoveAILimitation]: CreateAction succeeded: charId=3180, actionId=20, goalId=273, state=2
2026-07-02 04:36:21.6062|INFO|Worker30|AdaptableLog|[TaiwuRemoveAILimitation]: CreateAction failed: charId=10341, actionId=18, goalId=273, state=2
2026-07-02 04:36:21.6062|INFO|Worker30|AdaptableLog|[TaiwuRemoveAILimitation]: CreateAction succeeded: charId=2183, actionId=15, goalId=8, state=2
2026-07-02 04:36:21.6507|INFO|Main|AdaptableLog|[TaiwuRemoveAILimitation]: ExecuteAction finished: char=空桑派玄炉院弟子-薛忠鉴(3842)(id=3842), action=制造解毒药(A21), target=<none>, no-next-action
2026-07-02 04:36:21.6507|INFO|Main|AdaptableLog|[TaiwuRemoveAILimitation]: ExecuteAction finished: char=空桑派长老-傅振豪(3822)(id=3822), action=制造解毒药(A21), target=<none>, next=赠予公库道具(A58)
2026-07-02 04:36:21.6507|INFO|Main|AdaptableLog|[TaiwuRemoveAILimitation]: ExecuteAction finished: char=空桑派长老-令狐普(3813)(id=3813), action=制造健康药(A19), target=<none>, no-next-action
2026-07-02 04:36:21.6550|INFO|Main|AdaptableLog|[TaiwuRemoveAILimitation]: ExecuteAction finished: char=伏龙坛祭龙主-公冶华(5326)(id=5326), action=锻造金铁道具(A14), target=<none>, next=发起切磋(A83)
2026-07-02 04:36:21.6777|INFO|Main|AdaptableLog|[TaiwuRemoveAILimitation]: ExecuteAction finished: char=市镇手艺人-周居泰(280)(id=280), action=锻造织物道具(A17), target=<none>, no-next-action
2026-07-02 04:36:21.6855|INFO|Main|AdaptableLog|[TaiwuRemoveAILimitation]: CreateAction failed: charId=13114, actionId=17, goalId=179, state=2
2026-07-02 04:36:21.7001|INFO|Main|GameData.Domains.Global.GlobalDomain|[AdvanceMonth_Execute] CharacterActionPlanning: 1,414.8
2026-07-02 04:36:21.8052|INFO|Main|GameData.Domains.Global.GlobalDomain|[AdvanceMonth_Execute] CharacterFixedAction: 104.8
2026-07-02 04:36:21.9065|INFO|Main|GameData.Domains.Global.GlobalDomain|[AdvanceMonth_Execute] UpdateInformation: 99.2
2026-07-02 04:36:21.9266|INFO|Main|GameData.Domains.Item.ItemDomain|Getting item of type 2(Accessory) and sub type 200 with grade 6
2026-07-02 04:36:21.9390|INFO|Main|GameData.Domains.Global.GlobalDomain|[AdvanceMonth_Execute] UpdateInfectedCharacters: 0.0
2026-07-02 04:36:21.9637|INFO|Main|GameData.Domains.Global.GlobalDomain|[AdvanceMonth_Execute] UpdateCharacterMovements: 24.5
2026-07-02 04:36:22.0000|INFO|Main|GameData.Domains.Extra.ExtraDomain|Creating cricket at {4, 237} by building area effect at {4, 264}.
2026-07-02 04:36:22.0000|INFO|Main|GameData.Domains.Extra.ExtraDomain|Creating cricket at {23, 739} by building area effect at {23, 702}.
2026-07-02 04:36:22.4156|INFO|Main|GameData.Domains.Global.GlobalDomain|[AdvanceMonth_Execute] UpdateOrganizationMembers: 414.7
2026-07-02 04:36:22.4295|INFO|Main|AdaptableLog|
2026-07-02 04:36:22.4295|INFO|Main|AdaptableLog|璇女派关押璇女派璇仙使-农诗贤(2957)，初始值：立场1 * (罪行2 * 5 - 身份7) = 3，精纯影响：精纯上限18 + 囚犯精纯16 - 守卫平均精纯16 = 18，时长影响：总时长6 - 2 * 已关押时长5 = -4，共计：17
2026-07-02 04:36:22.4295|INFO|Main|AdaptableLog|逃跑概率：(17 - 100) * (100 - 20[9品长绳]) / 100 + 0 * 20 = -66%，最终取0%
2026-07-02 04:36:22.4295|INFO|Main|AdaptableLog|逃跑×失败
2026-07-02 04:36:22.4295|INFO|Main|AdaptableLog|
2026-07-02 04:36:22.4413|WARN|Main|AdaptableLog|[Adventure]: AutoGenerateByConfig cost 6ms
2026-07-02 04:36:22.4751|INFO|Main|GameData.Domains.TaiwuEvent.EventScriptRuntime|做一个保底机制确保不会变成捕快窝
2026-07-02 04:36:22.4751|INFO|Main|GameData.Domains.TaiwuEvent.EventScriptRuntime|刷新各类捕快数量
2026-07-02 04:36:22.4751|INFO|Main|GameData.Domains.TaiwuEvent.EventScriptRuntime|现在是修习外出状态，清空捕快中
2026-07-02 04:36:22.4836|INFO|Main|GameData.Domains.TaiwuEvent.EventScriptRuntime|获得司仪
2026-07-02 04:36:22.4836|INFO|Main|GameData.Domains.TaiwuEvent.EventScriptRuntime|获得左考官
2026-07-02 04:36:22.4836|INFO|Main|GameData.Domains.TaiwuEvent.EventScriptRuntime|获得上考官
2026-07-02 04:36:22.4836|INFO|Main|GameData.Domains.TaiwuEvent.EventScriptRuntime|获得右考官
2026-07-02 04:36:22.5931|INFO|Main|GameData.Domains.TaiwuEvent.EventScriptRuntime|获得司仪
2026-07-02 04:36:22.5931|INFO|Main|GameData.Domains.TaiwuEvent.EventScriptRuntime|获得左考官
2026-07-02 04:36:22.5931|INFO|Main|GameData.Domains.TaiwuEvent.EventScriptRuntime|获得上考官
2026-07-02 04:36:22.5931|INFO|Main|GameData.Domains.TaiwuEvent.EventScriptRuntime|获得右考官
2026-07-02 04:36:22.5931|INFO|Main|GameData.Domains.TaiwuEvent.EventScriptRuntime|获得左俘虏
2026-07-02 04:36:22.5931|INFO|Main|GameData.Domains.TaiwuEvent.EventScriptRuntime|获得上俘虏
2026-07-02 04:36:22.5931|INFO|Main|GameData.Domains.TaiwuEvent.EventScriptRuntime|获得右俘虏
2026-07-02 04:36:22.5931|INFO|Main|GameData.Domains.TaiwuEvent.EventScriptRuntime|获得司仪
2026-07-02 04:36:22.5931|INFO|Main|GameData.Domains.TaiwuEvent.EventScriptRuntime|获得左考官
2026-07-02 04:36:22.5931|INFO|Main|GameData.Domains.TaiwuEvent.EventScriptRuntime|获得上考官
2026-07-02 04:36:22.5931|INFO|Main|GameData.Domains.TaiwuEvent.EventScriptRuntime|获得右考官
2026-07-02 04:36:22.5931|INFO|Main|GameData.Domains.TaiwuEvent.EventScriptRuntime|获得司仪
2026-07-02 04:36:22.5931|INFO|Main|GameData.Domains.TaiwuEvent.EventScriptRuntime|获得左考官
2026-07-02 04:36:22.5931|INFO|Main|GameData.Domains.TaiwuEvent.EventScriptRuntime|获得上考官
2026-07-02 04:36:22.5931|INFO|Main|GameData.Domains.TaiwuEvent.EventScriptRuntime|获得右考官
2026-07-02 04:36:22.5931|INFO|Main|GameData.Domains.TaiwuEvent.EventScriptRuntime|获得司仪
2026-07-02 04:36:22.5931|INFO|Main|GameData.Domains.TaiwuEvent.EventScriptRuntime|获得左考官
2026-07-02 04:36:22.5931|INFO|Main|GameData.Domains.TaiwuEvent.EventScriptRuntime|获得上考官
2026-07-02 04:36:22.5931|INFO|Main|GameData.Domains.TaiwuEvent.EventScriptRuntime|获得右考官
2026-07-02 04:36:22.5931|INFO|Main|GameData.Domains.TaiwuEvent.EventScriptRuntime|获得司仪
2026-07-02 04:36:22.5931|INFO|Main|GameData.Domains.TaiwuEvent.EventScriptRuntime|获得左考官
2026-07-02 04:36:22.5931|INFO|Main|GameData.Domains.TaiwuEvent.EventScriptRuntime|获得上考官
2026-07-02 04:36:22.5931|INFO|Main|GameData.Domains.TaiwuEvent.EventScriptRuntime|获得右考官
2026-07-02 04:36:22.6613|INFO|Main|GameData.Domains.TaiwuEvent.EventScriptRuntime|获得司仪
2026-07-02 04:36:22.6613|INFO|Main|GameData.Domains.TaiwuEvent.EventScriptRuntime|获得左考官
2026-07-02 04:36:22.6613|INFO|Main|GameData.Domains.TaiwuEvent.EventScriptRuntime|获得上考官
2026-07-02 04:36:22.6613|INFO|Main|GameData.Domains.TaiwuEvent.EventScriptRuntime|获得右考官
2026-07-02 04:36:22.6613|INFO|Main|GameData.Domains.TaiwuEvent.EventScriptRuntime|获得司仪
2026-07-02 04:36:22.6613|INFO|Main|GameData.Domains.TaiwuEvent.EventScriptRuntime|获得左考官
2026-07-02 04:36:22.6613|INFO|Main|GameData.Domains.TaiwuEvent.EventScriptRuntime|获得上考官
2026-07-02 04:36:22.6613|INFO|Main|GameData.Domains.TaiwuEvent.EventScriptRuntime|获得右考官
2026-07-02 04:36:22.6613|INFO|Main|GameData.Domains.TaiwuEvent.EventScriptRuntime|获得司仪
2026-07-02 04:36:22.6613|INFO|Main|GameData.Domains.TaiwuEvent.EventScriptRuntime|获得左考官
2026-07-02 04:36:22.6613|INFO|Main|GameData.Domains.TaiwuEvent.EventScriptRuntime|获得上考官
2026-07-02 04:36:22.6613|INFO|Main|GameData.Domains.TaiwuEvent.EventScriptRuntime|获得右考官
2026-07-02 04:36:22.6613|INFO|Main|GameData.Domains.TaiwuEvent.EventScriptRuntime|获得司仪
2026-07-02 04:36:22.6613|INFO|Main|GameData.Domains.TaiwuEvent.EventScriptRuntime|获得左考官
2026-07-02 04:36:22.6613|INFO|Main|GameData.Domains.TaiwuEvent.EventScriptRuntime|获得上考官
2026-07-02 04:36:22.6613|INFO|Main|GameData.Domains.TaiwuEvent.EventScriptRuntime|获得右考官
2026-07-02 04:36:22.6613|INFO|Main|GameData.Domains.TaiwuEvent.EventScriptRuntime|获得司仪
2026-07-02 04:36:22.6613|INFO|Main|GameData.Domains.TaiwuEvent.EventScriptRuntime|获得左考官
2026-07-02 04:36:22.6613|INFO|Main|GameData.Domains.TaiwuEvent.EventScriptRuntime|获得上考官
2026-07-02 04:36:22.6613|INFO|Main|GameData.Domains.TaiwuEvent.EventScriptRuntime|获得右考官
2026-07-02 04:36:22.6613|INFO|Main|GameData.Domains.TaiwuEvent.EventScriptRuntime|获得司仪
2026-07-02 04:36:22.6613|INFO|Main|GameData.Domains.TaiwuEvent.EventScriptRuntime|获得左考官
2026-07-02 04:36:22.6613|INFO|Main|GameData.Domains.TaiwuEvent.EventScriptRuntime|获得上考官
2026-07-02 04:36:22.6613|INFO|Main|GameData.Domains.TaiwuEvent.EventScriptRuntime|获得右考官
2026-07-02 04:36:22.6613|INFO|Main|GameData.Domains.TaiwuEvent.EventScriptRuntime|获得司仪
2026-07-02 04:36:22.6613|INFO|Main|GameData.Domains.TaiwuEvent.EventScriptRuntime|获得左考官
2026-07-02 04:36:22.6613|INFO|Main|GameData.Domains.TaiwuEvent.EventScriptRuntime|获得上考官
2026-07-02 04:36:22.6613|INFO|Main|GameData.Domains.TaiwuEvent.EventScriptRuntime|获得右考官
2026-07-02 04:36:22.6613|INFO|Main|GameData.Domains.TaiwuEvent.EventScriptRuntime|获得左俘虏
2026-07-02 04:36:22.6613|INFO|Main|GameData.Domains.TaiwuEvent.EventScriptRuntime|获得上俘虏
2026-07-02 04:36:22.6613|INFO|Main|GameData.Domains.TaiwuEvent.EventScriptRuntime|获得右俘虏
2026-07-02 04:36:22.6613|WARN|Main|AdaptableLog|get invalid vital data by type Heaven
2026-07-02 04:36:22.6613|WARN|Main|AdaptableLog|get invalid vital data by type Earth
2026-07-02 04:36:22.6613|WARN|Main|AdaptableLog|get invalid vital data by type Human
2026-07-02 04:36:22.7700|INFO|Main|GameData.Domains.World.WorldDomain|Removing monthly event Config.MonthlyEventItem(274) at 285 of size 3 from a collection of size 288 and count 17
2026-07-02 04:36:22.7700|INFO|Main|GameData.Domains.World.WorldDomain|CheckMonthlyEvents: 16 events detected.
2026-07-02 04:36:22.7700|INFO|Main|GameData.Domains.World.WorldDomain|AdvanceMonth: end --------------------------------------------------------------
2026-07-02 04:36:22.7700|INFO|Main|GameData.Domains.World.WorldDomain|Advance Month Time Cost: 3664ms
2026-07-02 04:36:23.0253|INFO|Main|GameData.Domains.Global.GlobalDomain|Required Space: 1073741824 bytes.
Available Space: 1402693283840
2026-07-02 04:36:26.7478|INFO|Main|AdaptableLog|new Event triggered : 75df1f92-1c4d-4657-bb89-94adbc30df59, _triggeredEventList.Count = 1
2026-07-02 04:36:26.7478|INFO|Main|GameData.Domains.World.WorldDomain|Removing monthly event 406 at 266 of size 19 from a collection of size 285 and count 16
2026-07-02 04:36:28.1829|INFO|Main|AdaptableLog|select option to next Event: d8c9f71d-ae35-42e4-a914-425b8fcac8a6
2026-07-02 04:36:35.1124|INFO|Main|AdaptableLog|28f02055-d87d-4f99-966e-e7c3e52f6018 to event => ae292c62-59e1-4ad1-b04e-ad2c01cf149b
2026-07-02 04:36:36.0473|INFO|Main|AdaptableLog|select option to next Event: dd12fe05-5072-4454-8d67-9090c0645b79
2026-07-02 04:36:36.4307|INFO|Main|AdaptableLog|select option to next Event: 4118a9bc-f157-40bc-b55f-1c79319249f1
2026-07-02 04:36:36.7556|INFO|Main|AdaptableLog|太吾村村民-司马骋烟(16651) changed generic skill slot allocation.
2026-07-02 04:36:36.7556|INFO|Main|AdaptableLog|太吾村村民-司马骋烟(16651) changed equipped skills.
2026-07-02 04:36:39.1847|INFO|Main|AdaptableLog|select option to next Event: fd15ac24-6a7a-44f3-9e4a-ade309e45792
2026-07-02 04:36:40.0186|INFO|Main|AdaptableLog|select option to next Event: d3a2350d-4247-4b61-8405-e6beaf530cce
2026-07-02 04:36:40.6853|INFO|Main|AdaptableLog|select option to next Event: bb4bc9f9-22fa-46ad-b0a8-7209b8eb3f5b
2026-07-02 04:36:41.7370|INFO|Main|AdaptableLog|select option to next Event: c8648c47-e8cf-4e93-918f-81e42934c1a8
2026-07-02 04:36:47.5032|INFO|Main|AdaptableLog|new Event triggered : 45e14fc7-a3a4-4047-83b7-4539a0447efc, _triggeredEventList.Count = 1
2026-07-02 04:36:47.5032|INFO|Main|AdaptableLog|破冢而出过月事件-0
2026-07-02 04:36:47.5032|INFO|Main|AdaptableLog|伏虞剑柄突显异象，先前躁动不安的{0}似乎已破冢而出+焚神炼
2026-07-02 04:36:47.5032|INFO|Main|AdaptableLog|伏虞剑柄突显异象，先前躁动不安的焚神炼似乎已破冢而出
2026-07-02 04:36:47.5032|INFO|Main|GameData.Domains.World.WorldDomain|Removing monthly event 465 at 247 of size 4 from a collection of size 266 and count 15
2026-07-02 04:36:50.3553|INFO|Main|AdaptableLog|babyId16322
2026-07-02 04:36:50.3553|INFO|Main|AdaptableLog|papa6882
2026-07-02 04:36:50.3553|INFO|Main|AdaptableLog|mama16611
2026-07-02 04:36:50.3553|INFO|Main|AdaptableLog|baby16611
2026-07-02 04:36:50.3577|INFO|Main|GameData.Domains.World.WorldDomain|Exit advancing month state and start saving world.
2026-07-02 04:36:50.3577|INFO|Main|GameData.Domains.World.WorldDomain|Currrent Population / World Standard Population: 6506/5184, Probability Adjustment of Creating Character: 100%
2026-07-02 04:36:50.3577|INFO|Main|GameData.Domains.Character.CharacterDomain|[[205]] Alive characters: 7312, dead characters: 4319
2026-07-02 04:36:50.3577|INFO|Main|GameData.Domains.Character.CharacterDomain|Non-intelligent characters: 121
  16621: 370-百邪
  16647: 379-成名镖师
  16629: 1119-古兵残魂
  16630: 1124-古将残魂
  16616: 370-百邪
  16622: 370-百邪
  16631: 1119-古兵残魂
  16637: 370-百邪
  16182: 480-金刚院弟子
  8225: 377-年轻侠士
  7427: 377-年轻侠士
  16186: 480-金刚院弟子
  16633: 1119-古兵残魂
  16619: 370-百邪
  16638: 370-百邪
  7428: 377-年轻侠士
  16635: 370-百邪
  16628: 370-百邪
  8345: 377-年轻侠士
  16632: 1124-古将残魂
  16627: 370-百邪
  16639: 370-百邪
  7426: 377-年轻侠士
  16648: 379-成名镖师
  16634: 1124-古将残魂
  16615: 370-百邪
  16640: 370-百邪
  16641: 370-百邪
  16614: 370-百邪
  7425: 377-年轻侠士
  16620: 370-百邪
  16623: 370-百邪
  8224: 377-年轻侠士
  8223: 377-年轻侠士
  16636: 370-百邪
  16624: 370-百邪
  7203: 377-年轻侠士
  16185: 480-金刚院弟子
  16626: 370-百邪
  16625: 370-百邪

2026-07-02 04:36:50.3577|INFO|Main|AdaptableLog|EventArgBox newly created: 6 instances, 1388 object collections.
2026-07-02 04:36:50.3577|WARN|Main|GameData.Domains.Item.ItemDomain|4 unowned Weapon detected.
2026-07-02 04:36:50.3577|WARN|Main|GameData.Domains.Item.ItemDomain|12 unowned Armor detected.
2026-07-02 04:36:50.3577|WARN|Main|GameData.Domains.Item.ItemDomain|9 unowned Accessory detected.
2026-07-02 04:36:50.3577|WARN|Main|GameData.Domains.Item.ItemDomain|9 unowned Carrier detected.
2026-07-02 04:36:50.3577|WARN|Main|GameData.Domains.Item.ItemDomain|8 unowned CraftTool detected.
2026-07-02 04:36:50.3577|WARN|Main|GameData.Domains.Item.ItemDomain|5 unowned TeaWine detected.
2026-07-02 04:36:50.3577|WARN|Main|GameData.Domains.Item.ItemDomain|71 unowned SkillBook detected.
2026-07-02 04:36:50.3577|WARN|Main|GameData.Domains.Item.ItemDomain|2911 unowned Cricket detected.
2026-07-02 04:36:50.3577|WARN|Main|GameData.Domains.Item.ItemDomain|1 unowned Misc detected.
2026-07-02 04:36:50.3577|INFO|Main|GameData.Domains.Item.ItemDomain|Total unowned items: 3030
2026-07-02 04:36:50.7985|INFO|Main|GameData.Domains.Global.GlobalDomain|Total managed memory usage: 621.3MB
2026-07-02 04:36:50.8164|INFO|Main|GameData.Domains.Global.GlobalDomain|Required Space: 1073741824 bytes.
Available Space: 1402693283840
2026-07-02 04:36:51.4739|INFO|Main|GameData.Domains.Global.GlobalDomain|SaveWorld: 657.2
2026-07-02 04:36:52.7953|INFO|Main|AdaptableLog|new Event triggered : 1505c7c2-8a55-4794-bd85-1c5aec7ea341, _triggeredEventList.Count = 1
2026-07-02 04:36:52.7953|INFO|Main|AdaptableLog|new Event triggered : 5820ef21-229c-4bf5-a968-9dec8ae6a480, _triggeredEventList.Count = 2
2026-07-02 04:36:52.7953|INFO|Main|AdaptableLog|1505c7c2-8a55-4794-bd85-1c5aec7ea341 to event => 
2026-07-02 04:36:52.7953|INFO|Main|AdaptableLog|5820ef21-229c-4bf5-a968-9dec8ae6a480 to event => 
2026-07-02 04:36:54.0470|INFO|Main|AdaptableLog|new Event triggered : b4c50b70-82b1-407f-9e6f-ed5ac644cba0, _triggeredEventList.Count = 1
2026-07-02 04:36:54.0470|INFO|Main|AdaptableLog|new Event triggered : 59171e28-5957-4f1f-8ccb-68c1c88234b8, _triggeredEventList.Count = 2
2026-07-02 04:36:54.0470|INFO|Main|AdaptableLog|b4c50b70-82b1-407f-9e6f-ed5ac644cba0 to event => 05e87c45-f14e-49ef-8769-cbaced4753ae
2026-07-02 04:36:54.0470|INFO|Main|AdaptableLog|IsMeetGenderFalse
2026-07-02 04:36:54.2037|INFO|Main|AdaptableLog|[NoMarriageLimit] AllowAdding: blocked npcId=15970 already has spouse
2026-07-02 04:36:54.2037|INFO|Main|AdaptableLog|IsMeetGenderFalse
2026-07-02 04:37:39.8395|INFO|Main|AdaptableLog|05e87c45-f14e-49ef-8769-cbaced4753ae to event => 
2026-07-02 04:37:39.8395|WARN|Main|AdaptableLog|event 59171e28-5957-4f1f-8ccb-68c1c88234b8 has triggered but failed to execute,removed trigger
2026-07-02 04:37:42.6208|INFO|ReadInterProcessMessages|GameData.GameDataBridge.GameDataBridge|Incoming message: Disconnect
2026-07-02 04:37:42.6208|INFO|ReadInterProcessMessages|GameData.GameDataBridge.GameDataBridge|ReadInterProcessMessages thread is about to exit.
2026-07-02 04:37:42.6240|INFO|Main|GameData.Program|GameData module is about to exit.
2026-07-02 04:37:42.6240|INFO|WriteInterProcessMessages|GameData.GameDataBridge.GameDataBridge|Outgoing message: Disconnect
2026-07-02 04:37:42.6240|INFO|WriteInterProcessMessages|GameData.GameDataBridge.GameDataBridge|WriteInterProcessMessages thread is about to exit.
