2026-06-28 04:26:41.9189|INFO|Main|AdaptableLog|AdaptableLog initialized.
2026-06-28 04:26:41.9283|INFO|Main|AdaptableLog|ExternalDataBridge initialized.
2026-06-28 04:26:41.9810|INFO|Main|GameData.Common.DataUpgradeManager|DataUpgradeManager initialized.
2026-06-28 04:26:42.0490|INFO|Worker3|GameData.Common.WorkerThread.WorkerThreadManager|Worker thread started.
2026-06-28 04:26:42.0490|INFO|Worker4|GameData.Common.WorkerThread.WorkerThreadManager|Worker thread started.
2026-06-28 04:26:42.0490|INFO|Worker0|GameData.Common.WorkerThread.WorkerThreadManager|Worker thread started.
2026-06-28 04:26:42.0490|INFO|Worker1|GameData.Common.WorkerThread.WorkerThreadManager|Worker thread started.
2026-06-28 04:26:42.0490|INFO|Worker9|GameData.Common.WorkerThread.WorkerThreadManager|Worker thread started.
2026-06-28 04:26:42.0490|INFO|Worker2|GameData.Common.WorkerThread.WorkerThreadManager|Worker thread started.
2026-06-28 04:26:42.0490|INFO|Worker5|GameData.Common.WorkerThread.WorkerThreadManager|Worker thread started.
2026-06-28 04:26:42.0490|INFO|Worker6|GameData.Common.WorkerThread.WorkerThreadManager|Worker thread started.
2026-06-28 04:26:42.0490|INFO|Worker7|GameData.Common.WorkerThread.WorkerThreadManager|Worker thread started.
2026-06-28 04:26:42.0490|INFO|Worker8|GameData.Common.WorkerThread.WorkerThreadManager|Worker thread started.
2026-06-28 04:26:42.0490|INFO|Worker3|AdaptableLog|CharacterActionPlanner created.
2026-06-28 04:26:42.0490|INFO|Worker10|GameData.Common.WorkerThread.WorkerThreadManager|Worker thread started.
2026-06-28 04:26:42.0490|INFO|Worker11|GameData.Common.WorkerThread.WorkerThreadManager|Worker thread started.
2026-06-28 04:26:42.0513|INFO|Worker23|GameData.Common.WorkerThread.WorkerThreadManager|Worker thread started.
2026-06-28 04:26:42.0490|INFO|Worker12|GameData.Common.WorkerThread.WorkerThreadManager|Worker thread started.
2026-06-28 04:26:42.0490|INFO|Worker13|GameData.Common.WorkerThread.WorkerThreadManager|Worker thread started.
2026-06-28 04:26:42.0490|INFO|Worker14|GameData.Common.WorkerThread.WorkerThreadManager|Worker thread started.
2026-06-28 04:26:42.0490|INFO|Worker15|GameData.Common.WorkerThread.WorkerThreadManager|Worker thread started.
2026-06-28 04:26:42.0490|INFO|Worker16|GameData.Common.WorkerThread.WorkerThreadManager|Worker thread started.
2026-06-28 04:26:42.0490|INFO|Worker17|GameData.Common.WorkerThread.WorkerThreadManager|Worker thread started.
2026-06-28 04:26:42.0490|INFO|Worker18|GameData.Common.WorkerThread.WorkerThreadManager|Worker thread started.
2026-06-28 04:26:42.0490|INFO|Worker19|GameData.Common.WorkerThread.WorkerThreadManager|Worker thread started.
2026-06-28 04:26:42.0490|INFO|Worker20|GameData.Common.WorkerThread.WorkerThreadManager|Worker thread started.
2026-06-28 04:26:42.0513|INFO|Worker21|GameData.Common.WorkerThread.WorkerThreadManager|Worker thread started.
2026-06-28 04:26:42.0513|INFO|Worker22|GameData.Common.WorkerThread.WorkerThreadManager|Worker thread started.
2026-06-28 04:26:42.0513|INFO|Worker24|GameData.Common.WorkerThread.WorkerThreadManager|Worker thread started.
2026-06-28 04:26:42.0513|INFO|Worker25|GameData.Common.WorkerThread.WorkerThreadManager|Worker thread started.
2026-06-28 04:26:42.0513|INFO|Worker26|GameData.Common.WorkerThread.WorkerThreadManager|Worker thread started.
2026-06-28 04:26:42.0513|INFO|Worker27|GameData.Common.WorkerThread.WorkerThreadManager|Worker thread started.
2026-06-28 04:26:42.0513|INFO|Worker28|GameData.Common.WorkerThread.WorkerThreadManager|Worker thread started.
2026-06-28 04:26:42.0513|INFO|Worker29|GameData.Common.WorkerThread.WorkerThreadManager|Worker thread started.
2026-06-28 04:26:42.0513|INFO|Worker30|GameData.Common.WorkerThread.WorkerThreadManager|Worker thread started.
2026-06-28 04:26:42.0513|INFO|Worker31|GameData.Common.WorkerThread.WorkerThreadManager|Worker thread started.
2026-06-28 04:26:42.0513|INFO|ReadInterProcessMessages|GameData.GameDataBridge.GameDataBridge|ReadInterProcessMessages thread started.
2026-06-28 04:26:42.0513|INFO|WriteInterProcessMessages|GameData.GameDataBridge.GameDataBridge|WriteInterProcessMessages thread started.
2026-06-28 04:26:42.1351|INFO|Main|GameData.Steamworks.SteamManager|Verifying steam user successful! steam id 76561198177603869
2026-06-28 04:26:42.1351|INFO|Main|GameData.Program|GameData module initialized.
2026-06-28 04:26:42.1788|INFO|Main|GameData.GameDataBridge.GameDataBridge|Machine Frequency (Ticks/Second): 10000000
2026-06-28 04:26:49.6137|INFO|ReadInterProcessMessages|GameData.GameDataBridge.GameDataBridge|Incoming message: Initialize
2026-06-28 04:26:49.6167|INFO|ReadInterProcessMessages|GameData.Domains.Global.GlobalDomain|Game Version: 1.0.36, Build Date: 202606270045080948
2026-06-28 04:26:51.3400|INFO|ReadInterProcessMessages|AdaptableLog|CharacterActionPlanner initialized.
2026-06-28 04:26:51.3556|INFO|ReadInterProcessMessages|GameData.GameDataBridge.GameDataBridge|Transition: 0 -> 1
2026-06-28 04:26:51.3735|INFO|Main|GameData.Domains.Mod.ModDomain|Start loading mod 太吾迎娇(npc立绘) for GameData ...
2026-06-28 04:26:51.3735|INFO|Main|GameData.Domains.Mod.ModDomain|Start loading mod 解除婚配数量限制 for GameData ...
2026-06-28 04:26:51.3735|INFO|Main|GameData.Domains.Mod.ModDomain| - Loading plugin from NoMarriageLimit.dll
2026-06-28 04:26:51.5830|INFO|Main|AdaptableLog|[NoMarriageLimit] Initialized (enableNoMarriageLimit=True)
2026-06-28 04:26:51.5830|INFO|Main|AdaptableLog|[NoMarriageLimit] Settings updated: enableNoMarriageLimit=True
2026-06-28 04:26:51.5830|INFO|Main|GameData.Domains.Mod.ModDomain|Start loading mod 【招聘简历速览】派遣村民高亮最高属性 for GameData ...
2026-06-28 04:26:51.5830|INFO|Main|GameData.Domains.Mod.ModDomain|Start loading mod [天幕心帷]拟真自动突破加强版 for GameData ...
2026-06-28 04:26:51.5830|INFO|Main|GameData.Domains.Mod.ModDomain| - Loading plugin from AutoBreakBackend.dll
2026-06-28 04:26:51.6058|INFO|Main|AdaptableLog|Initialize 1_3467883114
2026-06-28 04:26:51.6058|INFO|Main|自动突破|PreloadOrTools 执行，依赖目录=D:\SteamLibrary\steamapps\workshop\content\838350\3467883114\Plugins
2026-06-28 04:26:51.6058|INFO|Main|自动突破|依赖 Google.Protobuf 已存在（Location=D:\SteamLibrary\steamapps\common\The Scroll Of Taiwu\Backend\Google.Protobuf.dll）
2026-06-28 04:26:51.6058|INFO|Main|自动突破|依赖 Google.OrTools 已存在（Location=<空/字节加载>）
2026-06-28 04:26:51.6058|INFO|Main|自动突破|已为 Google.OrTools 注册原生库解析器（目录=D:\SteamLibrary\steamapps\workshop\content\838350\3467883114\Plugins）
2026-06-28 04:26:51.6058|INFO|Main|自动突破|自动突破设置 forceSuccessRate100=True, allGridVisible=True, timeout=0, useExactSolver=True, speedWarmStart=True, noInjuryBreak=False
2026-06-28 04:26:51.9095|INFO|Main|自动突破|自动突破设置 forceSuccessRate100=True, allGridVisible=True, timeout=0, useExactSolver=True, speedWarmStart=True, noInjuryBreak=False
2026-06-28 04:26:51.9095|INFO|Main|GameData.Domains.Mod.ModDomain|Start loading mod 蛐蛐透视 for GameData ...
2026-06-28 04:26:51.9095|INFO|Main|GameData.Domains.Mod.ModDomain|Start loading mod 蛐蛐增强 for GameData ...
2026-06-28 04:26:51.9095|INFO|Main|GameData.Domains.Mod.ModDomain| - Loading plugin from QuQuSSR.dll
2026-06-28 04:26:51.9309|INFO|Main|GameData.Domains.Mod.ModDomain|Start loading mod [天幕心帷]更好的搜索 for GameData ...
2026-06-28 04:26:51.9309|INFO|Main|GameData.Domains.Mod.ModDomain| - Loading plugin from BetterSearchBackend.dll
2026-06-28 04:26:52.2128|INFO|Main|GameData.Domains.Mod.ModDomain|Start loading mod 出生特质无限制 for GameData ...
2026-06-28 04:26:52.2128|INFO|Main|GameData.Domains.Mod.ModDomain|Start loading mod [天幕心帷]修改武器式 for GameData ...
2026-06-28 04:26:52.2128|INFO|Main|GameData.Domains.Mod.ModDomain| - Loading plugin from CustomWeaponBackend.dll
2026-06-28 04:26:52.2128|INFO|Main|AdaptableLog|Initialize 1_3746604877
2026-06-28 04:26:52.2600|INFO|Main|AdaptableLog|OnModSettingUpdate 1_3746604877
2026-06-28 04:26:52.2600|INFO|Main|GameData.Domains.Mod.ModDomain|Start loading mod [正式版V1.0天幕心帷]自定义村民招募 for GameData ...
2026-06-28 04:26:52.2600|INFO|Main|GameData.Domains.Mod.ModDomain| - Loading plugin from CustomRecruitment.dll
2026-06-28 04:26:52.2923|INFO|Main|GameData.Domains.Mod.ModDomain|Start loading mod [完全版]取消大太阴/洗髓经童子身限定 for GameData ...
2026-06-28 04:26:52.2923|INFO|Main|GameData.Domains.Mod.ModDomain| - Loading plugin from AlwaysVirgin.dll
2026-06-28 04:26:52.2923|INFO|Main|GameData.Domains.Mod.ModDomain|Start loading mod 捏人优化框架（新） for GameData ...
2026-06-28 04:26:52.2923|INFO|Main|GameData.Domains.Mod.ModDomain|Start loading mod 猪猪编辑器 for GameData ...
2026-06-28 04:26:52.2923|INFO|Main|GameData.Domains.Mod.ModDomain| - Loading plugin from FeatureEditor.Backend.dll
2026-06-28 04:26:52.4022|INFO|Main|GameData.Domains.Mod.ModDomain|Start loading mod 自定义开局·点数无限 for GameData ...
2026-06-28 04:26:52.4022|INFO|Main|GameData.Domains.Mod.ModDomain|Start loading mod 物品无重量 for GameData ...
2026-06-28 04:26:52.4022|INFO|Main|GameData.Domains.Mod.ModDomain| - Loading plugin from ItemWeight.dll
2026-06-28 04:26:52.4152|INFO|Main|GameData.Domains.Mod.ModDomain|Start loading mod myna12548的基础mod for GameData ...
2026-06-28 04:26:52.4152|INFO|Main|GameData.Domains.Mod.ModDomain| - Loading plugin from MynahBaseModBackend.dll
2026-06-28 04:26:52.4641|INFO|Main|GameData.Domains.Mod.ModDomain|Start loading mod ~更多信息 v3.43~ for GameData ...
2026-06-28 04:26:52.4641|INFO|Main|GameData.Domains.Mod.ModDomain| - Loading plugin from MynahMoreInfoBackend.dll
2026-06-28 04:26:52.4641|INFO|Main|GameData.Domains.Mod.ModDomain|Start loading mod [天幕心帷]自动战斗策略 for GameData ...
2026-06-28 04:26:52.4641|INFO|Main|GameData.Domains.Mod.ModDomain| - Loading plugin from AutoCombatBackend.dll
2026-06-28 04:26:52.4756|INFO|Main|AdaptableLog|Initialize 1_3741592756
2026-06-28 04:26:52.5822|INFO|Main|AdaptableLog|OnModSettingUpdate 1_3741592756
2026-06-28 04:26:52.5854|INFO|Main|GameData.Domains.Mod.ModDomain|Start loading mod 【天幕心帷】功法一格 for GameData ...
2026-06-28 04:26:52.5854|INFO|Main|GameData.Domains.Mod.ModDomain| - Loading plugin from SkillOneGrid.dll
2026-06-28 04:26:52.5854|INFO|Main|GameData.Domains.Mod.ModDomain|Start loading mod 璇女峰拯救计划 for GameData ...
2026-06-28 04:26:52.5854|INFO|Main|GameData.Domains.Mod.ModDomain| - Loading plugin from XuanNvMemberUpgrade.dll
2026-06-28 04:26:52.6006|INFO|Main|GameData.Domains.Mod.ModDomain|Start loading mod 【天幕心帷】激昂元鸡 for GameData ...
2026-06-28 04:26:52.6006|INFO|Main|GameData.Domains.Mod.ModDomain| - Loading plugin from BigCheckenCoop.dll
2026-06-28 04:26:52.6006|INFO|Main|GameData.Domains.Mod.ModDomain| - Loading plugin from HyperactivityChicken.dll
2026-06-28 04:26:52.6154|INFO|Main|GameData.Domains.Mod.ModDomain|Start loading mod 天人道修改 for GameData ...
2026-06-28 04:26:52.6154|INFO|Main|GameData.Domains.Mod.ModDomain| - Loading plugin from SamsaraMod.dll
2026-06-28 04:26:52.6328|INFO|Main|GameData.Domains.Mod.ModDomain|Start loading mod 食物加强 for GameData ...
2026-06-28 04:26:52.6328|INFO|Main|GameData.Domains.Mod.ModDomain| - Loading plugin from FoodEnhance.dll
2026-06-28 04:26:52.6328|INFO|Main|GameData.Domains.Mod.ModDomain|Start loading mod 具体春宵（重置版） for GameData ...
2026-06-28 04:26:52.6328|INFO|Main|GameData.Domains.Mod.ModDomain| - Loading plugin from JTCX.Backend.dll
2026-06-28 04:26:52.8036|INFO|Main|GameData.Domains.Mod.ModDomain|Start loading mod 不易变老/长生不老 for GameData ...
2026-06-28 04:26:52.8036|INFO|Main|GameData.Domains.Mod.ModDomain| - Loading plugin from MoreYoung.dll
2026-06-28 04:26:52.8036|INFO|Main|GameData.Domains.Mod.ModDomain|Start loading mod 无忧传剑 for GameData ...
2026-06-28 04:26:52.8036|INFO|Main|GameData.Domains.Mod.ModDomain| - Loading plugin from TransferTaiwuMod.dll
2026-06-28 04:26:52.8412|INFO|Main|GameData.Domains.Mod.ModDomain|Start loading mod 太祖绘卷(UI,商人,制造,筛选,操作,仓库优化) for GameData ...
2026-06-28 04:26:52.8412|INFO|Main|GameData.Domains.Mod.ModDomain| - Loading plugin from Back/BetterTaiwuScrollBackend.dll
2026-06-28 04:26:52.8412|INFO|Main|GameData.Domains.Mod.ModDomain|Start loading mod [天幕心帷]过月性能优化 for GameData ...
2026-06-28 04:26:52.8412|INFO|Main|GameData.Domains.Mod.ModDomain| - Loading plugin from TaiwuOptimization.dll
2026-06-28 04:26:53.2458|INFO|Main|AdaptableLog|AiNodeFactory.Register on GameData, Version=1.0.0.0, Culture=neutral, PublicKeyToken=null added 4 types
2026-06-28 04:26:53.2458|INFO|Main|AdaptableLog|AiActionFactory.Register on GameData, Version=1.0.0.0, Culture=neutral, PublicKeyToken=null added 67 types
2026-06-28 04:26:53.2458|INFO|Main|AdaptableLog|AiConditionFactory.Register on GameData, Version=1.0.0.0, Culture=neutral, PublicKeyToken=null added 127 types
2026-06-28 04:26:59.5569|WARN|Main|AdaptableLog|Duplicate event 8327f785-a687-4e1e-9292-bd91f388852f detected.
2026-06-28 04:27:00.0632|INFO|Main|AdaptableLog|ConchShip events init complete,can load mod events now
2026-06-28 04:27:00.0632|INFO|Main|GameData.DLC.DlcManager|Start loading Dlc Events:
2026-06-28 04:27:00.0632|INFO|Main|GameData.DLC.DlcManager|DLC: 3464590_1, Path: D:/SteamLibrary/steamapps/common/The Scroll Of Taiwu/The Scroll of Taiwu_Data/YearOfSnakeCloth\1.0.0.0\Events
2026-06-28 04:27:00.0701|INFO|Main|GameData.DLC.DlcManager|DLC: 4528730_90194313217, Path: D:/SteamLibrary/steamapps/common/The Scroll Of Taiwu/The Scroll of Taiwu_Data/CricketPolymorph\1.0.21\Events
2026-06-28 04:27:00.0701|INFO|Main|GameData.DLC.DlcManager|DLC: 2764960_1, Path: D:/SteamLibrary/steamapps/common/The Scroll Of Taiwu/The Scroll of Taiwu_Data/HappyNewYear2024\1.0.0.0\Events
2026-06-28 04:27:00.0839|INFO|Main|GameData.DLC.DlcManager|DLC: 2764950_133143986177, Path: D:/SteamLibrary/steamapps/common/The Scroll Of Taiwu/The Scroll of Taiwu_Data/FiveLoong\1.0.31\Events
2026-06-28 04:27:00.1748|INFO|Main|GameData.DLC.DlcManager|DLC: 2172690_1, Path: D:/SteamLibrary/steamapps/common/The Scroll Of Taiwu/The Scroll of Taiwu_Data/GiftFromConchShip2\1.0.0.0\Events
2026-06-28 04:27:00.1831|INFO|Main|GameData.DLC.DlcManager|DLC: 2241120_1, Path: D:/SteamLibrary/steamapps/common/The Scroll Of Taiwu/The Scroll of Taiwu_Data/GiftFromConchShip1\1.0.0.0\Events
2026-06-28 04:27:00.1831|INFO|Main|GameData.DLC.DlcManager|DLC: 4395170_1, Path: D:/SteamLibrary/steamapps/common/The Scroll Of Taiwu/The Scroll of Taiwu_Data/HappyNewYear2026\1.0.0.0\Events
2026-06-28 04:27:00.1962|INFO|Main|GameData.DLC.DlcManager|DLC: 4834450_287768313856, Path: D:/SteamLibrary/steamapps/common/The Scroll Of Taiwu/The Scroll of Taiwu_Data/GreenHillsRemain\0.84.67.0\Events
2026-06-28 04:27:00.1962|INFO|Main|GameData.DLC.DlcManager|DLC: 4834440_287768313856, Path: D:/SteamLibrary/steamapps/common/The Scroll Of Taiwu/The Scroll of Taiwu_Data/EightYears\0.84.67.0\Events
2026-06-28 04:27:00.2083|INFO|Main|GameData.Domains.Mod.ModDomain| - Loading events from Taiwu_EventPackage_jutichunxiao.dll
2026-06-28 04:27:00.2853|INFO|Main|GameData.GameDataBridge.GameDataBridge|Transition: 1 -> 2
2026-06-28 04:27:00.2974|INFO|Main|AdaptableLog|CallMethod Load Config
2026-06-28 04:27:00.2974|INFO|WriteInterProcessMessages|GameData.GameDataBridge.GameDataBridge|Outgoing message: GameModuleInitialized
2026-06-28 04:27:00.2974|INFO|WriteInterProcessMessages|GameData.GameDataBridge.GameDataBridge|Transition: 2 -> 3
2026-06-28 04:27:00.3175|INFO|Main|AdaptableLog|CallMethod Load Config
2026-06-28 04:27:00.4424|INFO|Main|GameData.Domains.Global.GlobalDomain|Game Version: 1.0.36, Build Date: 202606270045080948
2026-06-28 04:28:51.1120|INFO|Main|GameData.Domains.World.WorldDomain|WorldCreatingTime: 2026-06-25 [01:38]
2026-06-28 04:28:51.1120|INFO|Main|GameData.Domains.World.WorldDomain|GameVersionCreating: 1.0.24
2026-06-28 04:28:51.1120|INFO|Main|GameData.Domains.World.WorldDomain|GameVersionLastSaving: 1.0.36
2026-06-28 04:28:51.1120|INFO|Main|GameData.Domains.World.WorldDomain|LoadWorld: 4093641615
2026-06-28 04:28:51.6121|INFO|Main|GameData.Domains.World.WorldDomain|Currrent Population / World Standard Population: 6618/5184, Probability Adjustment of Creating Character: 100%
2026-06-28 04:28:51.7316|INFO|Main|AdaptableLog|OnLoadedArchiveData
2026-06-28 04:28:51.7316|INFO|Main|AdaptableLog|OnLoadedArchiveData
2026-06-28 04:28:52.0662|INFO|Main|GameData.Domains.Global.GlobalDomain|LoadWorld: 968.8
2026-06-28 04:28:52.1078|WARN|Main|GameData.Domains.Item.ItemDomain|1 unowned CraftTool detected.
2026-06-28 04:28:52.1078|WARN|Main|GameData.Domains.Item.ItemDomain|16 unowned SkillBook detected.
2026-06-28 04:28:52.1078|WARN|Main|GameData.Domains.Item.ItemDomain|739 unowned Cricket detected.
2026-06-28 04:28:52.1078|WARN|Main|GameData.Domains.Item.ItemDomain|1 unowned Misc detected.
2026-06-28 04:28:52.1078|INFO|Main|GameData.Domains.Item.ItemDomain|Total unowned items: 757
2026-06-28 04:28:52.1078|INFO|Main|GameData.Domains.Character.CharacterDomain|Clearing obsolete relations: 616285 => 616285
2026-06-28 04:28:52.2372|INFO|Main|GameData.Domains.Global.GlobalDomain|FixAbnormalDomainArchiveData: 128.4
2026-06-28 04:28:57.3331|INFO|Main|AdaptableLog|new Event triggered : 1505c7c2-8a55-4794-bd85-1c5aec7ea341, _triggeredEventList.Count = 1
2026-06-28 04:28:57.4819|INFO|Main|AdaptableLog|1505c7c2-8a55-4794-bd85-1c5aec7ea341 to event => 
2026-06-28 04:28:57.4819|INFO|Main|AdaptableLog|new Event triggered : 71299605-65e4-4f30-9c57-83aec3976a76, _triggeredEventList.Count = 1
2026-06-28 04:28:57.4819|INFO|Main|AdaptableLog|new Event triggered : efe7bcff-9473-4642-8fcb-926b515fadfb, _triggeredEventList.Count = 2
2026-06-28 04:28:57.4819|INFO|Main|AdaptableLog|new Event triggered : f6b9c251-40ee-4d2c-b6eb-ed5d773cc280, _triggeredEventList.Count = 3
2026-06-28 04:28:57.4819|INFO|Main|AdaptableLog|new Event triggered : dfbd3ae5-d3cb-41a7-b173-dba659030a53, _triggeredEventList.Count = 4
2026-06-28 04:28:57.4819|INFO|Main|AdaptableLog|new Event triggered : 47b16801-a628-466a-92a3-1340ebd855f3, _triggeredEventList.Count = 5
2026-06-28 04:28:57.4819|INFO|Main|AdaptableLog|new Event triggered : 01f62c25-6b53-4f2d-b8bf-17bc85de1ffe, _triggeredEventList.Count = 6
2026-06-28 04:28:57.4819|INFO|Main|AdaptableLog|new Event triggered : a930d7f8-2aa7-4ba1-9dac-c739e6e0d588, _triggeredEventList.Count = 7
2026-06-28 04:28:57.4819|INFO|Main|AdaptableLog|new Event triggered : ffb3be21-ac9d-4bee-9416-6d9ce36c2bf5, _triggeredEventList.Count = 8
2026-06-28 04:28:57.4819|INFO|Main|AdaptableLog|new Event triggered : 45b767f3-3d09-4502-bc94-6492c69c2e30, _triggeredEventList.Count = 9
2026-06-28 04:28:57.4819|INFO|Main|AdaptableLog|new Event triggered : 48988c0c-1507-405f-bd84-b694ca524728, _triggeredEventList.Count = 10
2026-06-28 04:28:57.4819|INFO|Main|AdaptableLog|new Event triggered : 784bc662-1b0d-4635-974b-795c85a9b6cd, _triggeredEventList.Count = 11
2026-06-28 04:28:57.4819|INFO|Main|AdaptableLog|new Event triggered : 479cab4a-177c-4eab-8ff3-eb355a816a49, _triggeredEventList.Count = 12
2026-06-28 04:28:57.4819|INFO|Main|AdaptableLog|new Event triggered : bfb51350-2d44-4cb5-a962-a9d39f3b7813, _triggeredEventList.Count = 13
2026-06-28 04:28:57.4819|INFO|Main|AdaptableLog|new Event triggered : 5e1562f8-4ce6-44e8-9c64-88250bcf706a, _triggeredEventList.Count = 14
2026-06-28 04:28:57.4819|INFO|Main|AdaptableLog|new Event triggered : 4387ea59-e4b6-4253-a597-0626bc2dbe57, _triggeredEventList.Count = 15
2026-06-28 04:28:57.4819|INFO|Main|AdaptableLog|new Event triggered : cfce0d18-d248-453a-bb0c-c99e35fa7eee, _triggeredEventList.Count = 16
2026-06-28 04:28:57.4819|INFO|Main|AdaptableLog|new Event triggered : 6c74677a-b6a8-4e73-a360-0482714758c2, _triggeredEventList.Count = 17
2026-06-28 04:28:57.4819|INFO|Main|AdaptableLog|new Event triggered : f73b8df1-5006-4369-8646-e55f6b4e6b91, _triggeredEventList.Count = 18
2026-06-28 04:28:57.4819|INFO|Main|AdaptableLog|new Event triggered : d76d1356-5005-40cf-84a3-af4ecc0794be, _triggeredEventList.Count = 19
2026-06-28 04:28:57.4819|INFO|Main|AdaptableLog|new Event triggered : 08021ce5-d120-422e-88ed-e642360438c7, _triggeredEventList.Count = 20
2026-06-28 04:28:57.4819|INFO|Main|AdaptableLog|new Event triggered : 65ce1528-da27-4ae8-a393-b8727970b8ad, _triggeredEventList.Count = 21
2026-06-28 04:28:57.4819|INFO|Main|AdaptableLog|new Event triggered : 27492a80-0dae-40d1-9854-fc2593f01980, _triggeredEventList.Count = 22
2026-06-28 04:28:57.4819|INFO|Main|AdaptableLog|new Event triggered : 768c8640-3845-4f35-bc35-21824189cdbf, _triggeredEventList.Count = 23
2026-06-28 04:28:57.4819|INFO|Main|AdaptableLog|new Event triggered : 97d86bd8-61e1-4fb2-bcfa-8f3674e13b88, _triggeredEventList.Count = 24
2026-06-28 04:28:57.4819|INFO|Main|AdaptableLog|new Event triggered : a48b5771-4629-44fd-b816-8f9ba7707b97, _triggeredEventList.Count = 25
2026-06-28 04:28:57.4819|INFO|Main|AdaptableLog|new Event triggered : 5de04bdc-3947-4db6-b2cb-f990b26ed6f4, _triggeredEventList.Count = 26
2026-06-28 04:28:57.4819|INFO|Main|AdaptableLog|new Event triggered : de53aedc-cb90-4c28-913f-43effff06ac6, _triggeredEventList.Count = 27
2026-06-28 04:28:57.4819|INFO|Main|AdaptableLog|new Event triggered : 1412d1b2-3b80-43f2-ba8a-e4a1eaf6dd99, _triggeredEventList.Count = 28
2026-06-28 04:28:57.4819|INFO|Main|AdaptableLog|new Event triggered : f6c1339f-b90e-4c58-8639-26ff79191e97, _triggeredEventList.Count = 29
2026-06-28 04:28:57.4819|INFO|Main|AdaptableLog|new Event triggered : 4cb982fb-fccd-4564-9267-6f4df8507a76, _triggeredEventList.Count = 30
2026-06-28 04:28:57.4819|INFO|Main|AdaptableLog|new Event triggered : 9fc6207e-dd11-4c40-99df-a8a3e5c59a54, _triggeredEventList.Count = 31
2026-06-28 04:28:57.4819|INFO|Main|AdaptableLog|new Event triggered : 01aff125-4f66-4c38-9fb2-33870cdfe846, _triggeredEventList.Count = 32
2026-06-28 04:28:57.4819|INFO|Main|AdaptableLog|new Event triggered : 3782a2bb-6c5a-4331-bb40-048a8b392c8f, _triggeredEventList.Count = 33
2026-06-28 04:28:57.4819|INFO|Main|AdaptableLog|new Event triggered : 6719c936-74b0-4b70-ba84-a45e64e66e4d, _triggeredEventList.Count = 34
2026-06-28 04:28:57.4819|INFO|Main|AdaptableLog|new Event triggered : ea5b8a77-9015-42f5-9323-72496f35bea7, _triggeredEventList.Count = 35
2026-06-28 04:28:57.4819|INFO|Main|AdaptableLog|new Event triggered : 78f7d7fc-8c19-49f7-a380-c211c49d8cb7, _triggeredEventList.Count = 36
2026-06-28 04:28:57.4819|INFO|Main|AdaptableLog|new Event triggered : f30b9925-12ed-4d62-b21b-e6d8e7ecaae8, _triggeredEventList.Count = 37
2026-06-28 04:28:57.4819|INFO|Main|AdaptableLog|new Event triggered : 50fbbc23-ad40-4de3-882c-d638f24c87f8, _triggeredEventList.Count = 38
2026-06-28 04:28:57.4819|INFO|Main|AdaptableLog|new Event triggered : 8bb5b4b3-c498-4609-a89f-fcd2860c16e3, _triggeredEventList.Count = 39
2026-06-28 04:28:57.4819|INFO|Main|AdaptableLog|new Event triggered : c07d2f7a-c25a-42eb-976e-9a0b43f74e3b, _triggeredEventList.Count = 40
2026-06-28 04:28:57.4886|INFO|Main|AdaptableLog|new Event triggered : 942deff8-49fd-497b-9fbd-8567dede8dc6, _triggeredEventList.Count = 41
2026-06-28 04:28:57.4886|INFO|Main|AdaptableLog|new Event triggered : f02a649c-fdf3-4160-85bc-840f8410d69d, _triggeredEventList.Count = 42
2026-06-28 04:28:57.4886|INFO|Main|AdaptableLog|new Event triggered : e864306a-d431-481a-99fc-8216df16532a, _triggeredEventList.Count = 43
2026-06-28 04:28:57.4886|INFO|Main|AdaptableLog|new Event triggered : 6baee519-6108-4f0f-a44d-bbd4a6d65a02, _triggeredEventList.Count = 44
2026-06-28 04:28:57.4886|INFO|Main|AdaptableLog|new Event triggered : 42b7b9de-2b93-4495-b475-6a8ef66d3fb8, _triggeredEventList.Count = 45
2026-06-28 04:28:57.4886|INFO|Main|AdaptableLog|71299605-65e4-4f30-9c57-83aec3976a76 to event => 
2026-06-28 04:28:57.4886|INFO|Main|AdaptableLog|efe7bcff-9473-4642-8fcb-926b515fadfb to event => 
2026-06-28 04:28:57.4886|INFO|Main|AdaptableLog|f6b9c251-40ee-4d2c-b6eb-ed5d773cc280 to event => 
2026-06-28 04:28:57.4886|INFO|Main|AdaptableLog|dfbd3ae5-d3cb-41a7-b173-dba659030a53 to event => 
2026-06-28 04:28:57.4886|INFO|Main|AdaptableLog|47b16801-a628-466a-92a3-1340ebd855f3 to event => 
2026-06-28 04:28:57.4886|INFO|Main|AdaptableLog|01f62c25-6b53-4f2d-b8bf-17bc85de1ffe to event => 
2026-06-28 04:28:57.4886|INFO|Main|AdaptableLog|a930d7f8-2aa7-4ba1-9dac-c739e6e0d588 to event => 
2026-06-28 04:28:57.4886|INFO|Main|AdaptableLog|ffb3be21-ac9d-4bee-9416-6d9ce36c2bf5 to event => 
2026-06-28 04:28:57.4886|INFO|Main|AdaptableLog|45b767f3-3d09-4502-bc94-6492c69c2e30 to event => 
2026-06-28 04:28:57.4886|INFO|Main|AdaptableLog|48988c0c-1507-405f-bd84-b694ca524728 to event => 
2026-06-28 04:28:57.4886|INFO|Main|AdaptableLog|784bc662-1b0d-4635-974b-795c85a9b6cd to event => 
2026-06-28 04:28:57.4886|INFO|Main|AdaptableLog|479cab4a-177c-4eab-8ff3-eb355a816a49 to event => 
2026-06-28 04:28:57.4886|INFO|Main|AdaptableLog|bfb51350-2d44-4cb5-a962-a9d39f3b7813 to event => 
2026-06-28 04:28:57.4886|INFO|Main|AdaptableLog|5e1562f8-4ce6-44e8-9c64-88250bcf706a to event => 
2026-06-28 04:28:57.4886|INFO|Main|AdaptableLog|4387ea59-e4b6-4253-a597-0626bc2dbe57 to event => 
2026-06-28 04:28:57.4886|INFO|Main|AdaptableLog|cfce0d18-d248-453a-bb0c-c99e35fa7eee to event => 
2026-06-28 04:28:57.4886|INFO|Main|AdaptableLog|6c74677a-b6a8-4e73-a360-0482714758c2 to event => 
2026-06-28 04:28:57.4886|INFO|Main|AdaptableLog|f73b8df1-5006-4369-8646-e55f6b4e6b91 to event => 
2026-06-28 04:28:57.4886|INFO|Main|AdaptableLog|d76d1356-5005-40cf-84a3-af4ecc0794be to event => 
2026-06-28 04:28:57.4886|INFO|Main|AdaptableLog|08021ce5-d120-422e-88ed-e642360438c7 to event => 
2026-06-28 04:28:57.4886|INFO|Main|AdaptableLog|65ce1528-da27-4ae8-a393-b8727970b8ad to event => 
2026-06-28 04:28:57.4886|INFO|Main|AdaptableLog|27492a80-0dae-40d1-9854-fc2593f01980 to event => 
2026-06-28 04:28:57.4886|INFO|Main|AdaptableLog|768c8640-3845-4f35-bc35-21824189cdbf to event => 
2026-06-28 04:28:57.4886|INFO|Main|AdaptableLog|97d86bd8-61e1-4fb2-bcfa-8f3674e13b88 to event => 
2026-06-28 04:28:57.4886|INFO|Main|AdaptableLog|a48b5771-4629-44fd-b816-8f9ba7707b97 to event => 
2026-06-28 04:28:57.4886|INFO|Main|AdaptableLog|5de04bdc-3947-4db6-b2cb-f990b26ed6f4 to event => 
2026-06-28 04:28:57.4886|INFO|Main|AdaptableLog|de53aedc-cb90-4c28-913f-43effff06ac6 to event => 
2026-06-28 04:28:57.4886|INFO|Main|AdaptableLog|1412d1b2-3b80-43f2-ba8a-e4a1eaf6dd99 to event => 
2026-06-28 04:28:57.4886|INFO|Main|AdaptableLog|f6c1339f-b90e-4c58-8639-26ff79191e97 to event => 
2026-06-28 04:28:57.4886|INFO|Main|AdaptableLog|4cb982fb-fccd-4564-9267-6f4df8507a76 to event => 
2026-06-28 04:28:57.4886|INFO|Main|AdaptableLog|9fc6207e-dd11-4c40-99df-a8a3e5c59a54 to event => 
2026-06-28 04:28:57.4886|INFO|Main|AdaptableLog|01aff125-4f66-4c38-9fb2-33870cdfe846 to event => 
2026-06-28 04:28:57.4886|INFO|Main|AdaptableLog|3782a2bb-6c5a-4331-bb40-048a8b392c8f to event => 
2026-06-28 04:28:57.4886|INFO|Main|AdaptableLog|6719c936-74b0-4b70-ba84-a45e64e66e4d to event => 
2026-06-28 04:28:57.4886|INFO|Main|AdaptableLog|ea5b8a77-9015-42f5-9323-72496f35bea7 to event => 
2026-06-28 04:28:57.4886|INFO|Main|AdaptableLog|78f7d7fc-8c19-49f7-a380-c211c49d8cb7 to event => 
2026-06-28 04:28:57.4886|INFO|Main|AdaptableLog|f30b9925-12ed-4d62-b21b-e6d8e7ecaae8 to event => 
2026-06-28 04:28:57.4886|INFO|Main|AdaptableLog|50fbbc23-ad40-4de3-882c-d638f24c87f8 to event => 
2026-06-28 04:28:57.4886|INFO|Main|AdaptableLog|8bb5b4b3-c498-4609-a89f-fcd2860c16e3 to event => 
2026-06-28 04:28:57.4886|INFO|Main|AdaptableLog|c07d2f7a-c25a-42eb-976e-9a0b43f74e3b to event => 
2026-06-28 04:28:57.4886|INFO|Main|AdaptableLog|942deff8-49fd-497b-9fbd-8567dede8dc6 to event => 
2026-06-28 04:28:57.4886|INFO|Main|AdaptableLog|f02a649c-fdf3-4160-85bc-840f8410d69d to event => 
2026-06-28 04:28:57.4886|INFO|Main|AdaptableLog|e864306a-d431-481a-99fc-8216df16532a to event => 
2026-06-28 04:28:57.4886|INFO|Main|AdaptableLog|6baee519-6108-4f0f-a44d-bbd4a6d65a02 to event => 
2026-06-28 04:28:57.4886|INFO|Main|AdaptableLog|42b7b9de-2b93-4495-b475-6a8ef66d3fb8 to event => 
2026-06-28 04:28:58.7675|INFO|Main|GameData.Domains.Global.GlobalDomain|Required Space: 1073741824 bytes.
Available Space: 1407887495168
2026-06-28 04:28:58.8004|INFO|Main|GameData.Domains.World.WorldDomain|AdvanceMonth: begin ------------------------------------------------------------
2026-06-28 04:28:58.8099|INFO|Main|GameData.Domains.Character.CharacterDomain|Removing all temporary enemies with a total count of 6
2026-06-28 04:28:58.8099|INFO|Main|GameData.Domains.Character.CharacterDomain|Clearing temporary characters with a total count of 0
2026-06-28 04:28:58.8183|INFO|Main|GameData.Domains.Global.GlobalDomain|Required Space: 1073741824 bytes.
Available Space: 1407887495168
2026-06-28 04:28:58.8183|INFO|Main|GameData.Domains.World.WorldDomain|New month begin: Year 7, Month 10 (81)
2026-06-28 04:28:58.9519|INFO|Main|GameData.Domains.Global.GlobalDomain|[AdvanceMonth_Execute] PreAdvanceMonth: 130.5
2026-06-28 04:28:59.1675|INFO|Main|GameData.Domains.Character.CharacterDomain|村庄权贵-桂正标(85) is dead at age 28.(玄灰绝命:{killer=-1, location={28, 560}, adventure=0})
2026-06-28 04:28:59.2050|INFO|Main|GameData.Domains.Character.CharacterDomain|村庄权贵-钟念谊(263) is dead at age 22.(玄灰绝命:{killer=-1, location={1, 560}, adventure=0})
2026-06-28 04:28:59.2131|INFO|Main|GameData.Domains.Character.CharacterDomain|市镇商人-宁淑凡(509) is dead at age 28.(玄灰绝命:{killer=-1, location={5, 255}, adventure=0})
2026-06-28 04:28:59.2131|INFO|Main|GameData.Domains.Character.CharacterDomain|襄阳权贵-步溥仁(726) is dead at age 35.(玄灰绝命:{killer=-1, location={6, 498}, adventure=0})
2026-06-28 04:28:59.2256|INFO|Main|GameData.Domains.Character.CharacterDomain|村庄权贵-衡淑彬(1303) is dead at age 41.(玄灰绝命:{killer=-1, location={9, 469}, adventure=0})
2026-06-28 04:28:59.2256|INFO|Main|GameData.Domains.Character.CharacterDomain|武当派紫霄宫弟子-韩人龙(1404) is dead at age 33.(玄灰绝命:{killer=-1, location={10, 288}, adventure=0})
2026-06-28 04:28:59.2256|INFO|Main|GameData.Domains.Organization.OrganizationDomain|武当派紫霄宫弟子-韩人龙(1404) is no longer guarding sect 武当派
2026-06-28 04:28:59.2440|INFO|Main|GameData.Domains.Character.CharacterDomain|武当派外门弟子-琴霞楼(1444) is dead at age 18.(玄灰绝命:{killer=-1, location={10, 348}, adventure=0})
2026-06-28 04:28:59.2440|INFO|Main|GameData.Domains.Character.CharacterDomain|山寨商人-秦素(1924) is dead at age 31.(玄灰绝命:{killer=-1, location={13, 223}, adventure=0})
2026-06-28 04:28:59.2568|INFO|Main|GameData.Domains.Character.CharacterDomain|山寨管事夫人/管事老爷-罗奉宏(2138) is dead at age 43.(玄灰绝命:{killer=-1, location={21, 616}, adventure=0})
2026-06-28 04:28:59.2568|INFO|Main|GameData.Domains.Character.CharacterDomain|市镇商人-燕千竹(2508) is dead at age 31.(玄灰绝命:{killer=-1, location={18, 306}, adventure=0})
2026-06-28 04:28:59.2568|INFO|Main|GameData.Domains.Character.CharacterDomain|市镇豪富-姜梦伯(3026) is dead at age 44.(玄灰绝命:{killer=-1, location={22, 620}, adventure=0})
2026-06-28 04:28:59.2757|INFO|Main|GameData.Domains.Character.CharacterDomain|铸剑山庄宗匠-颛孙守岩(3364) is dead at age 58.(寿终正寝:{killer=-1, location={25, 379}, adventure=0})
2026-06-28 04:28:59.2870|INFO|Main|GameData.Domains.Character.CharacterDomain|铸剑山庄宗匠-巩厚淑(3370) is dead at age 62.(寿终正寝:{killer=-1, location={25, 379}, adventure=0})
2026-06-28 04:28:59.2870|INFO|Main|GameData.Domains.Character.CharacterDomain|山寨文人-糜枢(3563) is dead at age 39.(玄灰绝命:{killer=-1, location={24, 319}, adventure=0})
2026-06-28 04:28:59.2870|INFO|Main|GameData.Domains.Character.CharacterDomain|村庄大夫-倪凯(3710) is dead at age 26.(玄灰绝命:{killer=-1, location={19, 743}, adventure=0})
2026-06-28 04:28:59.3040|INFO|Main|GameData.Domains.Character.CharacterDomain|山寨大夫-郭扬(3923) is dead at age 40.(玄灰绝命:{killer=-1, location={28, 252}, adventure=0})
2026-06-28 04:28:59.3040|INFO|Main|GameData.Domains.Character.CharacterDomain|市镇大夫-印纯华(4082) is dead at age 33.(玄灰绝命:{killer=-1, location={12, 315}, adventure=0})
2026-06-28 04:28:59.3040|INFO|Main|GameData.Domains.Character.CharacterDomain|大理文人-冯芃嘉(4424) is dead at age 22.(玄灰绝命:{killer=-1, location={33, 442}, adventure=0})
2026-06-28 04:28:59.3201|INFO|Main|GameData.Domains.Character.CharacterDomain|山寨手艺人-佘台宿(4542) is dead at age 27.(玄灰绝命:{killer=-1, location={33, 534}, adventure=0})
2026-06-28 04:28:59.3201|INFO|Main|GameData.Domains.Character.CharacterDomain|市镇大夫-诸葛软翠(4939) is dead at age 29.(玄灰绝命:{killer=-1, location={36, 221}, adventure=0})
2026-06-28 04:28:59.3201|INFO|Main|GameData.Domains.Character.CharacterDomain|界青门七宿鬼-金秋魂(4955) is dead at age 35.(玄灰绝命:{killer=-1, location={37, 165}, adventure=0})
2026-06-28 04:28:59.3418|INFO|Main|GameData.Domains.Character.CharacterDomain|伏龙坛外姓弟子-郭英魁(5428) is dead at age 18.(玄灰绝命:{killer=-1, location={40, 289}, adventure=0})
2026-06-28 04:28:59.3480|INFO|Main|GameData.Domains.Character.CharacterDomain|伏龙坛岛众-朱安怡(5434) is dead at age 15.(健康过低:{killer=-1, location={40, 290}, adventure=0})
2026-06-28 04:28:59.3480|INFO|Main|GameData.Domains.Character.CharacterDomain|血犼教鬼尊-霍软云(5722) is dead at age 41.(玄灰绝命:{killer=-1, location={43, 474}, adventure=0})
2026-06-28 04:28:59.3754|INFO|Main|GameData.Domains.Character.CharacterDomain|血犼教长老-文初烨(5773) is dead at age 48.(玄灰绝命:{killer=-1, location={43, 505}, adventure=0})
2026-06-28 04:28:59.3835|INFO|Main|GameData.Domains.Character.CharacterDomain|血犼教精英-董文奇(5807) is dead at age 22.(玄灰绝命:{killer=-1, location={43, 443}, adventure=0})
2026-06-28 04:28:59.3835|INFO|Main|GameData.Domains.Character.CharacterDomain|血犼教教众-吉偃(5823) is dead at age 18.(玄灰绝命:{killer=-1, location={43, 445}, adventure=0})
2026-06-28 04:28:59.4045|INFO|Main|AdaptableLog|逃跑概率：(112 - 100) * (100 - 40[5品朱霞长索]) / 100 + 0 * 20 = 7%，最终取7%
2026-06-28 04:28:59.4398|INFO|Main|GameData.Domains.Global.GlobalDomain|[AdvanceMonth_Execute] UpdateStatus: 485.2
2026-06-28 04:28:59.6006|INFO|Main|GameData.Domains.Global.GlobalDomain|[AdvanceMonth_Execute] SelfImprovement: 120.0
2026-06-28 04:28:59.8754|INFO|Main|GameData.Domains.Global.GlobalDomain|[AdvanceMonth_Execute] CharacterPreparation: 274.6
2026-06-28 04:28:59.9843|INFO|Main|GameData.Domains.Character.CharacterDomain|[DistantMarriage] PassConditionCount=1486, PassSuccessRateCheckCount=20, FoundTargetCount=17
2026-06-28 04:28:59.9843|INFO|Main|GameData.Domains.Character.CharacterDomain|Adore Relations In Marriage: 2/2
2026-06-28 04:28:59.9898|INFO|Main|GameData.Domains.Global.GlobalDomain|[AdvanceMonth_Execute] CharacterRelationsUpdate: 114.2
2026-06-28 04:29:03.3795|INFO|Main|GameData.Domains.Character.CharacterDomain|血犼教血犼圣使-冉萱(5776) is kidnapping 村庄手艺人-元玄弃(5922).
2026-06-28 04:29:03.3993|INFO|Main|GameData.Domains.Character.CharacterDomain|市镇文人-秋智锐(5191) is dead at age 38.(秘密处决:{killer=3552, location={26, 234}, adventure=0})
2026-06-28 04:29:03.5389|INFO|Main|GameData.Domains.Global.GlobalDomain|[AdvanceMonth_Execute] CharacterActionPlanning: 3,548.9
2026-06-28 04:29:03.5836|INFO|Main|GameData.Domains.Global.GlobalDomain|[AdvanceMonth_Execute] CharacterFixedAction: 44.5
2026-06-28 04:29:03.6713|INFO|Main|TaiwuOptimization.Runtime.UpdateInformationDiagnostics|TaiwuOptimization: UpdateInformation breakdown
  total:
    elapsed: 84.392ms
    measured: 82.606ms
    other: 1.785ms
  secretInformationData:
    secretInformation: 8041 -> 5327
    secretOccurence: 10544 -> 8839
    characterKnownSecrets: 6041 -> 6041
    knownSecretLinks: 8038 -> 6971
    holderScanUpperBound: 48575681
  phases:
    MakeSettlementsInformation: 5.551ms, calls=1
    PlanDisseminateSecretInformation: 44.409ms, calls=2987
      planMax: 2.403ms
      planMaxCharId: 8
      planSlowCalls(>=5ms): 0
    MetabolismSecretInformation: 32.646ms, calls=1
  metabolismDetails:
    MakeSecretBroadcast: 22.402ms, calls=5
    DiscardSecretInformation: 0.469ms, calls=1467
    RecordSecretInformationRemove: 0.337ms, calls=1
    RecordSecretOccurenceRemove: 0.417ms, calls=1
    RemoveElementSecretInformation: 0.554ms, calls=2775
    RemoveElementSecretOccurence: 0.288ms, calls=1729
      residual: 9.022ms
  lookups:
    CalcSecretOccurenceHolderCount: 0.336ms, calls=4084, max=0.019ms
    CalcSecretInformationKnownCharacterCount: 0.000ms, calls=0, max=0.000ms

2026-06-28 04:29:03.6713|INFO|Main|GameData.Domains.Global.GlobalDomain|[AdvanceMonth_Execute] UpdateInformation: 89.0
2026-06-28 04:29:03.7080|INFO|Main|GameData.Domains.Global.GlobalDomain|[AdvanceMonth_Execute] UpdateInfectedCharacters: 0.2
2026-06-28 04:29:03.7255|INFO|Main|GameData.Domains.Global.GlobalDomain|[AdvanceMonth_Execute] UpdateCharacterMovements: 17.4
2026-06-28 04:29:03.8266|INFO|Main|AdaptableLog|[RecruitOrCreateLackingMembers]: Recruited Count for 襄阳, grade 0: 1
2026-06-28 04:29:03.8266|INFO|Main|AdaptableLog|[RecruitOrCreateLackingMembers]: Recruited Count for 山寨, grade 0: 1
2026-06-28 04:29:03.8358|INFO|Main|AdaptableLog|[RecruitOrCreateLackingMembers]: Recruited Count for 市镇, grade 0: 1
2026-06-28 04:29:03.8358|INFO|Main|AdaptableLog|[RecruitOrCreateLackingMembers]: Recruited Count for 山寨, grade 0: 1
2026-06-28 04:29:03.9916|INFO|Main|GameData.Domains.Global.GlobalDomain|[AdvanceMonth_Execute] UpdateOrganizationMembers: 225.8
2026-06-28 04:29:04.0329|WARN|Main|AdaptableLog|[Adventure]: AutoGenerateByConfig cost 13ms
2026-06-28 04:29:04.0672|INFO|Main|GameData.Domains.TaiwuEvent.EventScriptRuntime|做一个保底机制确保不会变成捕快窝
2026-06-28 04:29:04.0672|INFO|Main|GameData.Domains.TaiwuEvent.EventScriptRuntime|刷新各类捕快数量
2026-06-28 04:29:04.0672|INFO|Main|GameData.Domains.TaiwuEvent.EventScriptRuntime|做一个保底机制确保不会变成捕快窝
2026-06-28 04:29:04.0672|INFO|Main|GameData.Domains.TaiwuEvent.EventScriptRuntime|刷新各类捕快数量
2026-06-28 04:29:04.0672|INFO|Main|GameData.Domains.TaiwuEvent.EventScriptRuntime|做一个保底机制确保不会变成捕快窝
2026-06-28 04:29:04.0672|INFO|Main|GameData.Domains.TaiwuEvent.EventScriptRuntime|刷新各类捕快数量
2026-06-28 04:29:04.0672|INFO|Main|GameData.Domains.TaiwuEvent.EventScriptRuntime|做一个保底机制确保不会变成捕快窝
2026-06-28 04:29:04.0672|INFO|Main|GameData.Domains.TaiwuEvent.EventScriptRuntime|刷新各类捕快数量
2026-06-28 04:29:04.0672|INFO|Main|GameData.Domains.TaiwuEvent.EventScriptRuntime|做一个保底机制确保不会变成捕快窝
2026-06-28 04:29:04.0672|INFO|Main|GameData.Domains.TaiwuEvent.EventScriptRuntime|刷新各类捕快数量
2026-06-28 04:29:04.0672|INFO|Main|GameData.Domains.TaiwuEvent.EventScriptRuntime|做一个保底机制确保不会变成捕快窝
2026-06-28 04:29:04.0672|INFO|Main|GameData.Domains.TaiwuEvent.EventScriptRuntime|刷新各类捕快数量
2026-06-28 04:29:04.0672|INFO|Main|GameData.Domains.TaiwuEvent.EventScriptRuntime|做一个保底机制确保不会变成捕快窝
2026-06-28 04:29:04.0672|INFO|Main|GameData.Domains.TaiwuEvent.EventScriptRuntime|刷新各类捕快数量
2026-06-28 04:29:04.0672|INFO|Main|GameData.Domains.TaiwuEvent.EventScriptRuntime|做一个保底机制确保不会变成捕快窝
2026-06-28 04:29:04.0672|INFO|Main|GameData.Domains.TaiwuEvent.EventScriptRuntime|刷新各类捕快数量
2026-06-28 04:29:04.0672|INFO|Main|GameData.Domains.TaiwuEvent.EventScriptRuntime|做一个保底机制确保不会变成捕快窝
2026-06-28 04:29:04.0672|INFO|Main|GameData.Domains.TaiwuEvent.EventScriptRuntime|刷新各类捕快数量
2026-06-28 04:29:04.0672|INFO|Main|GameData.Domains.TaiwuEvent.EventScriptRuntime|做一个保底机制确保不会变成捕快窝
2026-06-28 04:29:04.0672|INFO|Main|GameData.Domains.TaiwuEvent.EventScriptRuntime|刷新各类捕快数量
2026-06-28 04:29:04.0672|INFO|Main|GameData.Domains.TaiwuEvent.EventScriptRuntime|做一个保底机制确保不会变成捕快窝
2026-06-28 04:29:04.0672|INFO|Main|GameData.Domains.TaiwuEvent.EventScriptRuntime|刷新各类捕快数量
2026-06-28 04:29:04.0672|INFO|Main|GameData.Domains.TaiwuEvent.EventScriptRuntime|做一个保底机制确保不会变成捕快窝
2026-06-28 04:29:04.0672|INFO|Main|GameData.Domains.TaiwuEvent.EventScriptRuntime|刷新各类捕快数量
2026-06-28 04:29:04.0672|INFO|Main|GameData.Domains.TaiwuEvent.EventScriptRuntime|做一个保底机制确保不会变成捕快窝
2026-06-28 04:29:04.0672|INFO|Main|GameData.Domains.TaiwuEvent.EventScriptRuntime|刷新各类捕快数量
2026-06-28 04:29:04.0672|INFO|Main|GameData.Domains.TaiwuEvent.EventScriptRuntime|做一个保底机制确保不会变成捕快窝
2026-06-28 04:29:04.0672|INFO|Main|GameData.Domains.TaiwuEvent.EventScriptRuntime|刷新各类捕快数量
2026-06-28 04:29:04.0845|INFO|Main|GameData.Domains.TaiwuEvent.EventScriptRuntime|做一个保底机制确保不会变成捕快窝
2026-06-28 04:29:04.0845|INFO|Main|GameData.Domains.TaiwuEvent.EventScriptRuntime|刷新各类捕快数量
2026-06-28 04:29:04.0845|INFO|Main|GameData.Domains.TaiwuEvent.EventScriptRuntime|做一个保底机制确保不会变成捕快窝
2026-06-28 04:29:04.0845|INFO|Main|GameData.Domains.TaiwuEvent.EventScriptRuntime|刷新各类捕快数量
2026-06-28 04:29:04.0845|INFO|Main|GameData.Domains.TaiwuEvent.EventScriptRuntime|做一个保底机制确保不会变成捕快窝
2026-06-28 04:29:04.0845|INFO|Main|GameData.Domains.TaiwuEvent.EventScriptRuntime|刷新各类捕快数量
2026-06-28 04:29:04.0845|INFO|Main|GameData.Domains.TaiwuEvent.EventScriptRuntime|做一个保底机制确保不会变成捕快窝
2026-06-28 04:29:04.0845|INFO|Main|GameData.Domains.TaiwuEvent.EventScriptRuntime|刷新各类捕快数量
2026-06-28 04:29:04.0845|INFO|Main|GameData.Domains.TaiwuEvent.EventScriptRuntime|做一个保底机制确保不会变成捕快窝
2026-06-28 04:29:04.0845|INFO|Main|GameData.Domains.TaiwuEvent.EventScriptRuntime|刷新各类捕快数量
2026-06-28 04:29:04.0845|INFO|Main|GameData.Domains.TaiwuEvent.EventScriptRuntime|做一个保底机制确保不会变成捕快窝
2026-06-28 04:29:04.0845|INFO|Main|GameData.Domains.TaiwuEvent.EventScriptRuntime|刷新各类捕快数量
2026-06-28 04:29:04.1124|WARN|Main|AdaptableLog|get invalid vital data by type Heaven
2026-06-28 04:29:04.1124|WARN|Main|AdaptableLog|get invalid vital data by type Earth
2026-06-28 04:29:04.1124|WARN|Main|AdaptableLog|get invalid vital data by type Human
2026-06-28 04:29:04.1735|INFO|Main|GameData.Domains.World.WorldDomain|Removing monthly event Config.MonthlyEventItem(274) at 0 of size 3 from a collection of size 3 and count 1
2026-06-28 04:29:04.1735|INFO|Main|GameData.Domains.World.WorldDomain|CheckMonthlyEvents: 0 events detected.
2026-06-28 04:29:04.1874|INFO|Main|GameData.Domains.World.WorldDomain|AdvanceMonth: end --------------------------------------------------------------
2026-06-28 04:29:04.1874|INFO|Main|GameData.Domains.World.WorldDomain|Advance Month Time Cost: 5386ms
2026-06-28 04:29:04.1929|INFO|Main|TaiwuOptimization.Runtime.CharacterActionPlanningDiagnostics|TaiwuOptimization: CharacterActionPlanning diagnostics
  total:
    elapsed: 5,388.012ms
  targetLookupBuild:
    elapsed: 250.186ms, calls=2
    fullBuilds: 1
    fullBuildReasons: InitialSnapshot=1
    deltaNoChangePublishes: 0
    deltaPublish: 4.745ms, calls=1, deltas=892, fallbackFullRebuilds=0
    deltaAffected: blocks=641, areas=44, states=15, settlements=599
    primaryApplyAllDeltas: recordedDeltaCount=892, savedDeltaCount=892, affectedBlockCount=641, affectedAreaCount=44, overflowCount=0
    locationEpochIncrements: LocationChangedOutsideDeltaRecording@None=15, LocationChangedOutsideDeltaRecording@SecondaryApplyAllNoDeltaRecording=3, LocationChangedOutsideDeltaRecording@FrozenSnapshotIdle=1484
    firstLocationEpochIncrement: LocationChangedOutsideDeltaRecording@None, charId=10964, old=4:327, new=4:264
    blocks: 39738
    areas: 141
    states: 16
    characterIds: 5588
  actualRelationTargetPrefilterSkips:
    OutOfScope: 1252
    EmptySource: 22765
    NoRelationRule: 0
    UnsafeRule: 18451
    Exception: 0
  planningGraphCache:
    build: elapsed=4.316ms, calls=1, successes=1, failures=0
    snapshot: conditions=225, effects=129, conditionEdges=390, effectEdges=385
    Condition: calls=191187, hits=191187, misses=0, fallbacks=0, returnedNodes=1893867
    Effect: calls=0, hits=0, misses=0, fallbacks=0, returnedNodes=0
  parallelStages:
    UpdateCharacterMission: 26.906ms, calls=1, max=26.906ms
    UpdateCharacterGoal: 13.163ms, calls=1, max=13.163ms
    UpdateInfectedCharacterActions: 0.000ms, calls=1, max=0.000ms
    UpdateLegendaryBookOwnersActions: 0.002ms, calls=1, max=0.002ms
    UpdatePrimaryGoalAndActions: 1,579.240ms, calls=1, max=1,579.240ms
    UpdateSecondaryGoalAndActions: 1,673.398ms, calls=1, max=1,673.398ms
  primaryGoalActions:
    OfflineUpdateCurrentGoalActions: 35,167.678ms, calls=4495, max=244.570ms
    ComplementUpdateCurrentGoalActions: 143.939ms, calls=4495, max=7.538ms
    OfflineUpdateGoalPlan: 28,860.611ms, calls=16377, max=73.058ms
    ReassessPlan: 3,836.577ms, calls=28918, max=15.971ms
    OfflineCreateNextAction: 2,044.589ms, calls=12164, max=12.628ms
    ExecuteAction: 140.000ms, calls=3090, max=7.534ms
    CheckPrerequisites: 856.504ms, calls=807981, max=7.789ms
    GetCharactersInSelectRange: 892.345ms, calls=94309, max=4.729ms, input=1317564, output=0, maxInput=443, maxOutput=0
    FilterActionTargets: 11,295.190ms, calls=94309, max=15.318ms, input=320289, output=19524, maxInput=443, maxOutput=73
    CharacterActionPlannerPlan: 28,739.985ms, calls=16377, max=73.057ms
    CharacterActionPlannerReassess: 3,740.711ms, calls=12547, max=15.968ms
    WeightBasedFindPath: 28,631.788ms, calls=16377, max=73.056ms
    WeightBasedFindPathRecursive: 62,965.346ms, calls=162673, max=73.049ms
    WeightBasedGetUnsatisfiedStateCount: 3,123.951ms, calls=175220, max=7.859ms
    StateMemoryCheckCondition: 3,872.443ms, calls=594995, max=7.789ms
    PrepareContext: 13,300.455ms, calls=206800, max=15.341ms
    CalcCurrentState: 344.442ms, calls=474559, max=4.005ms
    MatchTargetCharacter: 9,555.365ms, calls=323917, max=8.859ms
    MatchTargetCharacterByConditions: 101.853ms, calls=359903, max=2.394ms
    prepareContextByActionTop:
      A111 指点武学: 1,273.424ms, calls=2712, max=12.025ms, selector=CloseTarget, range=BlockRange, rangeValue=2
      A82 咒骂: 1,241.182ms, calls=13882, max=6.181ms, selector=RandomTarget, range=SameBlock, rangeValue=1
      A114 指点技艺: 1,043.391ms, calls=2227, max=15.341ms, selector=CloseTarget, range=BlockRange, rangeValue=2
      A90 惩戒恶人: 940.332ms, calls=8509, max=9.013ms, selector=RandomTarget, range=SameBlock, rangeValue=1
      A89 惩戒人物: 879.650ms, calls=8666, max=6.116ms, selector=RandomTarget, range=SameBlock, rangeValue=1
      A32 乐善好施道具: 662.586ms, calls=1151, max=7.856ms, selector=CloseTarget, range=BlockRange, rangeValue=2
      A101 暗中损伤: 658.090ms, calls=8768, max=7.960ms, selector=RandomTarget, range=SameBlock, rangeValue=1
      A33 襄助恶人道具: 645.737ms, calls=1004, max=9.790ms, selector=CloseTarget, range=BlockRange, rangeValue=2
      A100 施以毒害: 636.991ms, calls=8629, max=6.110ms, selector=RandomTarget, range=SameBlock, rangeValue=1
      A91 惩戒善人: 501.649ms, calls=6201, max=7.101ms, selector=RandomTarget, range=SameBlock, rangeValue=1
      A29 乐善好施资源: 433.795ms, calls=1035, max=8.615ms, selector=CloseTarget, range=BlockRange, rangeValue=2
      A30 襄助恶人资源: 408.210ms, calls=871, max=9.158ms, selector=CloseTarget, range=BlockRange, rangeValue=2
    filterActionTargetsByActionTop:
      A111 指点武学: 1,715.008ms, calls=4068, max=12.601ms, selector=CloseTarget, range=BlockRange, rangeValue=2, input=34191, output=1998, avgInput=8.4, maxInput=111, maxOutput=29
      A114 指点技艺: 1,403.054ms, calls=3340, max=15.318ms, selector=CloseTarget, range=BlockRange, rangeValue=2, input=32499, output=2822, avgInput=9.7, maxInput=97, maxOutput=40
      A82 咒骂: 864.779ms, calls=16938, max=6.168ms, selector=RandomTarget, range=SameBlock, rangeValue=1, input=27439, output=23, avgInput=1.6, maxInput=37, maxOutput=1
      A32 乐善好施道具: 604.281ms, calls=1153, max=7.845ms, selector=CloseTarget, range=BlockRange, rangeValue=2, input=12722, output=239, avgInput=11.0, maxInput=97, maxOutput=16
      A33 襄助恶人道具: 601.783ms, calls=1004, max=9.771ms, selector=CloseTarget, range=BlockRange, rangeValue=2, input=11436, output=372, avgInput=11.4, maxInput=94, maxOutput=30
      A90 惩戒恶人: 584.728ms, calls=8511, max=9.000ms, selector=RandomTarget, range=SameBlock, rangeValue=1, input=16493, output=0, avgInput=1.9, maxInput=37, maxOutput=0
      A89 惩戒人物: 545.555ms, calls=8668, max=5.484ms, selector=RandomTarget, range=SameBlock, rangeValue=1, input=15319, output=7, avgInput=1.8, maxInput=37, maxOutput=1
      A29 乐善好施资源: 388.787ms, calls=1035, max=8.601ms, selector=CloseTarget, range=BlockRange, rangeValue=2, input=9294, output=210, avgInput=9.0, maxInput=94, maxOutput=16
      A222 修补道具: 388.265ms, calls=348, max=11.225ms, selector=CloseTarget, range=BlockRange, rangeValue=2, input=5949, output=0, avgInput=17.1, maxInput=45, maxOutput=0
      A30 襄助恶人资源: 355.364ms, calls=871, max=9.125ms, selector=CloseTarget, range=BlockRange, rangeValue=2, input=7798, output=332, avgInput=9.0, maxInput=94, maxOutput=30
      A101 暗中损伤: 353.624ms, calls=8770, max=7.941ms, selector=RandomTarget, range=SameBlock, rangeValue=1, input=10382, output=15, avgInput=1.2, maxInput=37, maxOutput=1
      A100 施以毒害: 334.657ms, calls=8632, max=6.088ms, selector=RandomTarget, range=SameBlock, rangeValue=1, input=10563, output=19, avgInput=1.2, maxInput=37, maxOutput=1
    actualRelationTargetPrefilterByActionTop:
      A82 咒骂: calls=12165, selector=RandomTarget, range=SameBlock, rangeValue=1, input=114118, output=7977, dropped=106141, zeroOutput=9042, avgInput=9.4, avgOutput=0.7, maxInput=37, maxDropped=37
      A111 指点武学: calls=3513, selector=CloseTarget, range=BlockRange, rangeValue=2, input=96804, output=21543, dropped=75261, zeroOutput=2007, avgInput=27.6, avgOutput=6.1, maxInput=95, maxDropped=95
      A114 指点技艺: calls=2898, selector=CloseTarget, range=BlockRange, rangeValue=2, input=88929, output=21267, dropped=67662, zeroOutput=1743, avgInput=30.7, avgOutput=7.3, maxInput=111, maxDropped=110
      A100 施以毒害: calls=6510, selector=RandomTarget, range=SameBlock, rangeValue=1, input=63079, output=4331, dropped=58748, zeroOutput=4853, avgInput=9.7, avgOutput=0.7, maxInput=37, maxDropped=37
      A101 暗中损伤: calls=6698, selector=RandomTarget, range=SameBlock, rangeValue=1, input=62986, output=4276, dropped=58710, zeroOutput=4990, avgInput=9.4, avgOutput=0.6, maxInput=37, maxDropped=37
      A89 惩戒人物: calls=5950, selector=RandomTarget, range=SameBlock, rangeValue=1, input=58081, output=2722, dropped=55359, zeroOutput=4544, avgInput=9.8, avgOutput=0.5, maxInput=37, maxDropped=37
      A90 惩戒恶人: calls=5885, selector=RandomTarget, range=SameBlock, rangeValue=1, input=56797, output=4692, dropped=52105, zeroOutput=4266, avgInput=9.7, avgOutput=0.8, maxInput=37, maxDropped=37
      A91 惩戒善人: calls=4645, selector=RandomTarget, range=SameBlock, rangeValue=1, input=45067, output=3302, dropped=41765, zeroOutput=3408, avgInput=9.7, avgOutput=0.7, maxInput=37, maxDropped=37
      A182 道法开悟: calls=1255, selector=CloseTarget, range=BlockRange, rangeValue=2, input=35533, output=659, dropped=34874, zeroOutput=896, avgInput=28.3, avgOutput=0.5, maxInput=111, maxDropped=110
      A184 佛学开悟: calls=1156, selector=CloseTarget, range=BlockRange, rangeValue=2, input=34458, output=673, dropped=33785, zeroOutput=811, avgInput=29.8, avgOutput=0.6, maxInput=108, maxDropped=108
      A176 对弈娱人: calls=1047, selector=CloseTarget, range=BlockRange, rangeValue=2, input=29909, output=5669, dropped=24240, zeroOutput=582, avgInput=28.6, avgOutput=5.4, maxInput=111, maxDropped=107
      A178 绘画娱人: calls=1032, selector=CloseTarget, range=BlockRange, rangeValue=2, input=28674, output=5365, dropped=23309, zeroOutput=586, avgInput=27.8, avgOutput=5.2, maxInput=108, maxDropped=108
    relationPrefilterByActionTop:
      A244 绝除死气: calls=9, selector=CloseTarget, range=SameState, rangeValue=1, selectable=3429, relationCandidates=1068, dropped=2361, avgSelectable=381.0, avgRelationCandidates=118.7, maxSelectable=381, maxDropped=263
      A111 指点武学: calls=2022, selector=CloseTarget, range=BlockRange, rangeValue=2, selectable=34191, relationCandidates=32790, dropped=1401, avgSelectable=16.9, avgRelationCandidates=16.2, maxSelectable=111, maxDropped=27
      A114 指点技艺: calls=1546, selector=CloseTarget, range=BlockRange, rangeValue=2, selectable=32499, relationCandidates=31620, dropped=879, avgSelectable=21.0, avgRelationCandidates=20.5, maxSelectable=97, maxDropped=26
      A252 收治失心: calls=3, selector=CloseTarget, range=SameState, rangeValue=1, selectable=1329, relationCandidates=456, dropped=873, avgSelectable=443.0, avgRelationCandidates=152.0, maxSelectable=443, maxDropped=291
      A221 坐诊看病: calls=144, selector=CloseTarget, range=BlockRange, rangeValue=2, selectable=3098, relationCandidates=2477, dropped=621, avgSelectable=21.5, avgRelationCandidates=17.2, maxSelectable=52, maxDropped=31
      A182 道法开悟: calls=455, selector=CloseTarget, range=BlockRange, rangeValue=2, selectable=3438, relationCandidates=3216, dropped=222, avgSelectable=7.6, avgRelationCandidates=7.1, maxSelectable=90, maxDropped=22
      A36 求取道具: calls=469, selector=RequestTarget, range=BlockRange, rangeValue=1, selectable=3995, relationCandidates=3829, dropped=166, avgSelectable=8.5, avgRelationCandidates=8.2, maxSelectable=51, maxDropped=7
      A172 请求喝酒: calls=370, selector=RequestTarget, range=BlockRange, rangeValue=1, selectable=2845, relationCandidates=2689, dropped=156, avgSelectable=7.7, avgRelationCandidates=7.3, maxSelectable=53, maxDropped=16
      A173 请求喝茶: calls=388, selector=RequestTarget, range=BlockRange, rangeValue=1, selectable=2856, relationCandidates=2712, dropped=144, avgSelectable=7.4, avgRelationCandidates=7.0, maxSelectable=54, maxDropped=9
      A27 请求淬毒道具: calls=197, selector=RequestTarget, range=BlockRange, rangeValue=2, selectable=4332, relationCandidates=4204, dropped=128, avgSelectable=22.0, avgRelationCandidates=21.3, maxSelectable=90, maxDropped=9
      A184 佛学开悟: calls=413, selector=CloseTarget, range=BlockRange, rangeValue=2, selectable=2359, relationCandidates=2244, dropped=115, avgSelectable=5.7, avgRelationCandidates=5.4, maxSelectable=68, maxDropped=20
      A110 请教突破: calls=288, selector=RequestTarget, range=BlockRange, rangeValue=2, selectable=12077, relationCandidates=11981, dropped=96, avgSelectable=41.9, avgRelationCandidates=41.6, maxSelectable=97, maxDropped=11
    goalTargetMatchByGoalTop:
      G179 惩戒奸佞: 295.488ms, calls=18576, max=7.033ms, true=17661, false=915
      G192 朋友互动: 285.203ms, calls=12227, max=4.462ms, true=11390, false=837
      G178 帮扶良善: 175.293ms, calls=11905, max=5.370ms, true=11803, false=102
      G186 帮扶奸佞: 119.360ms, calls=9225, max=1.726ms, true=9066, false=159
      G3 惩恶锄奸: 113.137ms, calls=8386, max=4.622ms, true=0, false=8386
      G191 手足互动: 105.695ms, calls=4277, max=4.457ms, true=3795, false=482
      G190 父母互动: 101.439ms, calls=4074, max=4.442ms, true=3852, false=222
      G187 惩戒良善: 98.667ms, calls=6994, max=2.356ms, true=6984, false=10
      G161 坐诊看病: 69.957ms, calls=3985, max=2.904ms, true=98, false=3887
      G273 太吾互动: 62.761ms, calls=2877, max=1.754ms, true=394, false=2483
      G220 道法开悟: 59.402ms, calls=3637, max=1.922ms, true=1662, false=1975
      G2 敬贤扬善: 54.895ms, calls=4122, max=2.265ms, true=1179, false=2943
    actionTargetMatchByActionTop:
      A111 指点武学: 778.881ms, calls=40992, max=7.103ms, selector=CloseTarget, range=BlockRange, rangeValue=2, true=8994, false=31998
      A114 指点技艺: 677.386ms, calls=33382, max=7.772ms, selector=CloseTarget, range=BlockRange, rangeValue=2, true=15792, false=17590
      A33 襄助恶人道具: 305.763ms, calls=16459, max=4.491ms, selector=CloseTarget, range=BlockRange, rangeValue=2, true=1532, false=14927
      A32 乐善好施道具: 303.232ms, calls=18658, max=7.778ms, selector=CloseTarget, range=BlockRange, rangeValue=2, true=1185, false=17473
      A82 咒骂: 299.568ms, calls=15933, max=3.973ms, selector=RandomTarget, range=SameBlock, rangeValue=1, true=23, false=15910
      A30 襄助恶人资源: 189.959ms, calls=10779, max=3.547ms, selector=CloseTarget, range=BlockRange, rangeValue=2, true=1326, false=9453
      A29 乐善好施资源: 186.326ms, calls=12967, max=4.498ms, selector=CloseTarget, range=BlockRange, rangeValue=2, true=1076, false=11891
      A90 惩戒恶人: 176.498ms, calls=9187, max=4.656ms, selector=RandomTarget, range=SameBlock, rangeValue=1, true=0, false=9187
      A89 惩戒人物: 162.134ms, calls=8115, max=2.320ms, selector=RandomTarget, range=SameBlock, rangeValue=1, true=7, false=8108
      A101 暗中损伤: 140.680ms, calls=6621, max=7.782ms, selector=RandomTarget, range=SameBlock, rangeValue=1, true=15, false=6606
      A100 施以毒害: 115.842ms, calls=6274, max=4.215ms, selector=RandomTarget, range=SameBlock, rangeValue=1, true=19, false=6255
      A222 修补道具: 98.848ms, calls=9558, max=7.383ms, selector=CloseTarget, range=BlockRange, rangeValue=2, true=0, false=9558
    targetMatcherCacheByActionTop:
      A111 指点武学: calls=40992, hits=40557, misses=435, fallbacks=0, savedCalls=40557, true=40992, false=0, selector=CloseTarget, range=BlockRange, rangeValue=2
      A114 指点技艺: calls=33382, hits=33006, misses=376, fallbacks=0, savedCalls=33006, true=33382, false=0, selector=CloseTarget, range=BlockRange, rangeValue=2
      A32 乐善好施道具: calls=18658, hits=18401, misses=257, fallbacks=0, savedCalls=18401, true=18658, false=0, selector=CloseTarget, range=BlockRange, rangeValue=2
      A33 襄助恶人道具: calls=16459, hits=16273, misses=186, fallbacks=0, savedCalls=16273, true=16459, false=0, selector=CloseTarget, range=BlockRange, rangeValue=2
      A82 咒骂: calls=15933, hits=15933, misses=0, fallbacks=0, savedCalls=15933, true=15933, false=0, selector=RandomTarget, range=SameBlock, rangeValue=1
      A29 乐善好施资源: calls=12967, hits=12727, misses=240, fallbacks=0, savedCalls=12727, true=12967, false=0, selector=CloseTarget, range=BlockRange, rangeValue=2
      A30 襄助恶人资源: calls=10779, hits=10588, misses=191, fallbacks=0, savedCalls=10588, true=10779, false=0, selector=CloseTarget, range=BlockRange, rangeValue=2
      A222 修补道具: calls=9558, hits=9262, misses=296, fallbacks=0, savedCalls=9262, true=9558, false=0, selector=CloseTarget, range=BlockRange, rangeValue=2
      A90 惩戒恶人: calls=9187, hits=9163, misses=18, fallbacks=6, savedCalls=9163, true=9187, false=0, fallbackReasons=StageInactive=6, selector=RandomTarget, range=SameBlock, rangeValue=1
      A89 惩戒人物: calls=8115, hits=8079, misses=10, fallbacks=26, savedCalls=8079, true=8115, false=0, fallbackReasons=StageInactive=26, selector=RandomTarget, range=SameBlock, rangeValue=1
      A185 促织决斗: calls=8286, hits=7826, misses=460, fallbacks=0, savedCalls=7826, true=8286, false=0, selector=CloseTarget, range=BlockRange, rangeValue=2
      A220 打折推销: calls=8106, hits=7801, misses=305, fallbacks=0, savedCalls=7801, true=8106, false=0, selector=CloseTarget, range=BlockRange, rangeValue=2
    targetConditionsByGoalTop:
      G178 帮扶良善: 5.515ms, calls=12226, max=2.394ms, true=11803, false=423, conditions=12226, refConditions=0, avgConditions=1.0, maxConditions=1, maxRefConditions=0
      G179 惩戒奸佞: 4.992ms, calls=20822, max=0.034ms, true=17661, false=3161, conditions=20822, refConditions=0, avgConditions=1.0, maxConditions=1, maxRefConditions=0
      G192 朋友互动: 3.559ms, calls=12227, max=0.027ms, true=11390, false=837, conditions=12227, refConditions=0, avgConditions=1.0, maxConditions=1, maxRefConditions=0
      G186 帮扶奸佞: 2.452ms, calls=9789, max=0.045ms, true=9066, false=723, conditions=9789, refConditions=0, avgConditions=1.0, maxConditions=1, maxRefConditions=0
      G3 惩恶锄奸: 1.906ms, calls=8386, max=0.031ms, true=0, false=8386, conditions=8386, refConditions=0, avgConditions=1.0, maxConditions=1, maxRefConditions=0
      G190 父母互动: 1.905ms, calls=4074, max=0.491ms, true=3852, false=222, conditions=4074, refConditions=0, avgConditions=1.0, maxConditions=1, maxRefConditions=0
      G161 坐诊看病: 1.797ms, calls=3985, max=0.165ms, true=98, false=3887, conditions=3985, refConditions=0, avgConditions=1.0, maxConditions=1, maxRefConditions=0
      G273 太吾互动: 1.653ms, calls=2877, max=0.187ms, true=394, false=2483, conditions=2877, refConditions=0, avgConditions=1.0, maxConditions=1, maxRefConditions=0
      G187 惩戒良善: 1.607ms, calls=7019, max=0.009ms, true=6984, false=35, conditions=7019, refConditions=0, avgConditions=1.0, maxConditions=1, maxRefConditions=0
      G191 手足互动: 1.367ms, calls=4277, max=0.031ms, true=3795, false=482, conditions=4277, refConditions=0, avgConditions=1.0, maxConditions=1, maxRefConditions=0
      G220 道法开悟: 1.337ms, calls=5612, max=0.027ms, true=1662, false=3950, conditions=5612, refConditions=0, avgConditions=1.0, maxConditions=1, maxRefConditions=0
      G222 佛学开悟: 1.149ms, calls=4754, max=0.033ms, true=342, false=4412, conditions=4754, refConditions=0, avgConditions=1.0, maxConditions=1, maxRefConditions=0
    targetConditionsByActionTop:
      A111 指点武学: 9.761ms, calls=40992, max=0.033ms, selector=CloseTarget, range=BlockRange, rangeValue=2, true=40818, false=174, conditions=40992, refConditions=0, avgConditions=1.0, maxConditions=1, maxRefConditions=0
      A114 指点技艺: 7.839ms, calls=33382, max=0.044ms, selector=CloseTarget, range=BlockRange, rangeValue=2, true=33301, false=81, conditions=33382, refConditions=0, avgConditions=1.0, maxConditions=1, maxRefConditions=0
      A32 乐善好施道具: 5.423ms, calls=18658, max=0.009ms, selector=CloseTarget, range=BlockRange, rangeValue=2, true=1185, false=17473, conditions=37316, refConditions=0, avgConditions=2.0, maxConditions=2, maxRefConditions=0
      A33 襄助恶人道具: 5.170ms, calls=16459, max=0.058ms, selector=CloseTarget, range=BlockRange, rangeValue=2, true=1532, false=14927, conditions=32918, refConditions=0, avgConditions=2.0, maxConditions=2, maxRefConditions=0
      A29 乐善好施资源: 4.025ms, calls=12967, max=0.033ms, selector=CloseTarget, range=BlockRange, rangeValue=2, true=1076, false=11891, conditions=25934, refConditions=0, avgConditions=2.0, maxConditions=2, maxRefConditions=0
      A82 咒骂: 4.001ms, calls=15933, max=0.074ms, selector=RandomTarget, range=SameBlock, rangeValue=1, true=23, false=15910, conditions=15933, refConditions=0, avgConditions=1.0, maxConditions=1, maxRefConditions=0
      A30 襄助恶人资源: 3.480ms, calls=10779, max=0.051ms, selector=CloseTarget, range=BlockRange, rangeValue=2, true=1326, false=9453, conditions=21558, refConditions=0, avgConditions=2.0, maxConditions=2, maxRefConditions=0
      A27 请求淬毒道具: 2.474ms, calls=3474, max=0.572ms, selector=RequestTarget, range=BlockRange, rangeValue=2, true=192, false=3282, conditions=3474, refConditions=3474, avgConditions=1.0, maxConditions=1, maxRefConditions=1
      A110 请教突破: 2.433ms, calls=9918, max=0.259ms, selector=RequestTarget, range=BlockRange, rangeValue=2, true=0, false=9918, conditions=9918, refConditions=9918, avgConditions=1.0, maxConditions=1, maxRefConditions=1
      A90 惩戒恶人: 2.331ms, calls=9187, max=0.037ms, selector=RandomTarget, range=SameBlock, rangeValue=1, true=0, false=9187, conditions=18374, refConditions=0, avgConditions=2.0, maxConditions=2, maxRefConditions=0
      A89 惩戒人物: 2.009ms, calls=8115, max=0.033ms, selector=RandomTarget, range=SameBlock, rangeValue=1, true=7, false=8108, conditions=8115, refConditions=0, avgConditions=1.0, maxConditions=1, maxRefConditions=0
      A172 请求喝酒: 1.634ms, calls=1494, max=0.104ms, selector=RequestTarget, range=BlockRange, rangeValue=1, true=336, false=1158, conditions=2988, refConditions=0, avgConditions=2.0, maxConditions=2, maxRefConditions=0
    relationConditionPrefilterByGoalTop:
      G192 朋友互动: calls=12227, relationConditions=12227, relationPass=11390, relationFail=837, fullTrue=11390, fullFalse=837, avgRelationConditions=1.0
      G191 手足互动: calls=4277, relationConditions=4277, relationPass=3795, relationFail=482, fullTrue=3795, fullFalse=482, avgRelationConditions=1.0
      G194 爱慕互动: calls=1472, relationConditions=1472, relationPass=1156, relationFail=316, fullTrue=1156, fullFalse=316, avgRelationConditions=1.0
      G196 子女互动: calls=1433, relationConditions=1433, relationPass=1135, relationFail=298, fullTrue=1135, fullFalse=298, avgRelationConditions=1.0
      G193 结义互动: calls=2726, relationConditions=2726, relationPass=2456, relationFail=270, fullTrue=2456, fullFalse=270, avgRelationConditions=1.0
      G195 配偶互动: calls=788, relationConditions=788, relationPass=522, relationFail=266, fullTrue=522, fullFalse=266, avgRelationConditions=1.0
      G190 父母互动: calls=4074, relationConditions=4074, relationPass=3852, relationFail=222, fullTrue=3852, fullFalse=222, avgRelationConditions=1.0
      G197 师徒互动: calls=612, relationConditions=612, relationPass=495, relationFail=117, fullTrue=495, fullFalse=117, avgRelationConditions=1.0
      G199 仇敌互动: calls=181, relationConditions=181, relationPass=87, relationFail=94, fullTrue=87, fullFalse=94, avgRelationConditions=1.0
    targetConditionSensorUsageTop:
      TargetStateSensor: 249465
      CharacterStateSensor: 181661
      None: 16399
      CombatSkillStateSensor: 9918
      OrganizationStateSensor: 6134
      InventoryStateSensor: 4360
      LifeSkillStateSensor: 3474
      ResourceStateSensor: 618
  secondaryGoalActions:
    OfflineUpdateCurrentGoalActions: 29,701.264ms, calls=5587, max=262.471ms
    ComplementUpdateCurrentGoalActions: 159.046ms, calls=5586, max=85.191ms
    OfflineUpdateGoalPlan: 23,826.619ms, calls=12086, max=97.967ms
    ReassessPlan: 3,546.136ms, calls=22514, max=13.445ms
    OfflineCreateNextAction: 2,050.013ms, calls=10068, max=9.342ms
    ExecuteAction: 155.554ms, calls=1350, max=85.123ms
    CheckPrerequisites: 636.676ms, calls=737019, max=8.808ms
    GetCharactersInSelectRange: 743.804ms, calls=88289, max=8.883ms, input=1440004, output=0, maxInput=381, maxOutput=0
    FilterActionTargets: 12,039.391ms, calls=88289, max=13.392ms, input=437134, output=26300, maxInput=381, maxOutput=73
    CharacterActionPlannerPlan: 23,759.272ms, calls=12086, max=97.959ms
    CharacterActionPlannerReassess: 3,475.531ms, calls=10477, max=13.444ms
    WeightBasedFindPath: 23,342.544ms, calls=10640, max=97.955ms
    WeightBasedFindPathRecursive: 51,433.968ms, calls=133241, max=97.952ms
    WeightBasedGetUnsatisfiedStateCount: 2,248.231ms, calls=141652, max=8.976ms
    StateMemoryCheckCondition: 2,716.410ms, calls=401925, max=8.853ms
    PrepareContext: 13,113.097ms, calls=191935, max=13.419ms
    CalcCurrentState: 419.368ms, calls=450238, max=3.437ms
    MatchTargetCharacter: 10,148.645ms, calls=432211, max=10.177ms
    MatchTargetCharacterByConditions: 119.807ms, calls=495945, max=1.229ms
    prepareContextByActionTop:
      A111 指点武学: 1,342.681ms, calls=2468, max=13.419ms, selector=CloseTarget, range=BlockRange, rangeValue=2
      A82 咒骂: 1,286.332ms, calls=12781, max=10.360ms, selector=RandomTarget, range=SameBlock, rangeValue=1
      A114 指点技艺: 990.160ms, calls=1840, max=9.811ms, selector=CloseTarget, range=BlockRange, rangeValue=2
      A90 惩戒恶人: 900.822ms, calls=8102, max=10.286ms, selector=RandomTarget, range=SameBlock, rangeValue=1
      A89 惩戒人物: 870.277ms, calls=8376, max=8.824ms, selector=RandomTarget, range=SameBlock, rangeValue=1
      A33 襄助恶人道具: 697.691ms, calls=1257, max=11.992ms, selector=CloseTarget, range=BlockRange, rangeValue=2
      A32 乐善好施道具: 672.423ms, calls=1272, max=9.298ms, selector=CloseTarget, range=BlockRange, rangeValue=2
      A101 暗中损伤: 601.642ms, calls=7547, max=8.809ms, selector=RandomTarget, range=SameBlock, rangeValue=1
      A100 施以毒害: 568.761ms, calls=7418, max=9.086ms, selector=RandomTarget, range=SameBlock, rangeValue=1
      A30 襄助恶人资源: 542.186ms, calls=1144, max=12.579ms, selector=CloseTarget, range=BlockRange, rangeValue=2
      A29 乐善好施资源: 525.217ms, calls=1123, max=10.990ms, selector=CloseTarget, range=BlockRange, rangeValue=2
      A91 惩戒善人: 450.575ms, calls=5549, max=3.975ms, selector=RandomTarget, range=SameBlock, rangeValue=1
    filterActionTargetsByActionTop:
      A111 指点武学: 1,803.216ms, calls=3702, max=13.392ms, selector=CloseTarget, range=BlockRange, rangeValue=2, input=52086, output=3213, avgInput=14.1, maxInput=99, maxOutput=43
      A114 指点技艺: 1,357.236ms, calls=2760, max=9.791ms, selector=CloseTarget, range=BlockRange, rangeValue=2, input=42279, output=4029, avgInput=15.3, maxInput=113, maxOutput=39
      A82 咒骂: 1,071.189ms, calls=15471, max=8.901ms, selector=RandomTarget, range=SameBlock, rangeValue=1, input=41868, output=33, avgInput=2.7, maxInput=44, maxOutput=1
      A90 惩戒恶人: 657.779ms, calls=8102, max=10.276ms, selector=RandomTarget, range=SameBlock, rangeValue=1, input=24619, output=0, avgInput=3.0, maxInput=44, maxOutput=0
      A33 襄助恶人道具: 642.353ms, calls=1257, max=11.959ms, selector=CloseTarget, range=BlockRange, rangeValue=2, input=22165, output=646, avgInput=17.6, maxInput=98, maxOutput=11
      A89 惩戒人物: 619.418ms, calls=8380, max=8.817ms, selector=RandomTarget, range=SameBlock, rangeValue=1, input=24877, output=23, avgInput=3.0, maxInput=44, maxOutput=1
      A32 乐善好施道具: 617.654ms, calls=1272, max=9.276ms, selector=CloseTarget, range=BlockRange, rangeValue=2, input=18014, output=202, avgInput=14.2, maxInput=98, maxOutput=8
      A30 襄助恶人资源: 485.197ms, calls=1144, max=12.527ms, selector=CloseTarget, range=BlockRange, rangeValue=2, input=16724, output=539, avgInput=14.6, maxInput=98, maxOutput=12
      A29 乐善好施资源: 481.537ms, calls=1123, max=10.040ms, selector=CloseTarget, range=BlockRange, rangeValue=2, input=13728, output=192, avgInput=12.2, maxInput=98, maxOutput=12
      A101 暗中损伤: 374.715ms, calls=7552, max=4.534ms, selector=RandomTarget, range=SameBlock, rangeValue=1, input=15591, output=24, avgInput=2.1, maxInput=44, maxOutput=1
      A100 施以毒害: 370.395ms, calls=7421, max=9.074ms, selector=RandomTarget, range=SameBlock, rangeValue=1, input=14566, output=17, avgInput=2.0, maxInput=29, maxOutput=1
      A222 修补道具: 339.101ms, calls=417, max=5.679ms, selector=CloseTarget, range=BlockRange, rangeValue=2, input=6141, output=0, avgInput=14.7, maxInput=50, maxOutput=0
    actualRelationTargetPrefilterByActionTop:
      A82 咒骂: calls=9952, selector=RandomTarget, range=SameBlock, rangeValue=1, input=107976, output=10544, dropped=97432, zeroOutput=6519, avgInput=10.8, avgOutput=1.1, maxInput=44, maxDropped=44
      A111 指点武学: calls=3042, selector=CloseTarget, range=BlockRange, rangeValue=2, input=98250, output=33444, dropped=64806, zeroOutput=1365, avgInput=32.3, avgOutput=11.0, maxInput=113, maxDropped=113
      A89 惩戒人物: calls=5197, selector=RandomTarget, range=SameBlock, rangeValue=1, input=62412, output=3821, dropped=58591, zeroOutput=3490, avgInput=12.0, avgOutput=0.7, maxInput=44, maxDropped=44
      A90 惩戒恶人: calls=5106, selector=RandomTarget, range=SameBlock, rangeValue=1, input=61740, output=5004, dropped=56736, zeroOutput=3301, avgInput=12.1, avgOutput=1.0, maxInput=44, maxDropped=44
      A114 指点技艺: calls=2238, selector=CloseTarget, range=BlockRange, rangeValue=2, input=76461, output=25794, dropped=50667, zeroOutput=927, avgInput=34.2, avgOutput=11.5, maxInput=113, maxDropped=113
      A101 暗中损伤: calls=5204, selector=RandomTarget, range=SameBlock, rangeValue=1, input=52255, output=5231, dropped=47024, zeroOutput=3520, avgInput=10.0, avgOutput=1.0, maxInput=44, maxDropped=44
      A100 施以毒害: calls=5174, selector=RandomTarget, range=SameBlock, rangeValue=1, input=52150, output=5267, dropped=46883, zeroOutput=3466, avgInput=10.1, avgOutput=1.0, maxInput=44, maxDropped=44
      A91 惩戒善人: calls=3809, selector=RandomTarget, range=SameBlock, rangeValue=1, input=38665, output=4530, dropped=34135, zeroOutput=2497, avgInput=10.2, avgOutput=1.2, maxInput=44, maxDropped=44
      A182 道法开悟: calls=976, selector=CloseTarget, range=BlockRange, rangeValue=2, input=33886, output=922, dropped=32964, zeroOutput=547, avgInput=34.7, avgOutput=0.9, maxInput=113, maxDropped=113
      A39 夺取道具: calls=1584, selector=RobTarget, range=BlockRange, rangeValue=1, input=32961, output=486, dropped=32475, zeroOutput=1341, avgInput=20.8, avgOutput=0.3, maxInput=61, maxDropped=61
      A184 佛学开悟: calls=988, selector=CloseTarget, range=BlockRange, rangeValue=2, input=32896, output=856, dropped=32040, zeroOutput=596, avgInput=33.3, avgOutput=0.9, maxInput=113, maxDropped=113
      A32 乐善好施道具: calls=1254, selector=CloseTarget, range=BlockRange, rangeValue=2, input=47472, output=17913, dropped=29559, zeroOutput=465, avgInput=37.9, avgOutput=14.3, maxInput=113, maxDropped=113
    relationPrefilterByActionTop:
      A111 指点武学: calls=2304, selector=CloseTarget, range=BlockRange, rangeValue=2, selectable=52086, relationCandidates=50541, dropped=1545, avgSelectable=22.6, avgRelationCandidates=21.9, maxSelectable=99, maxDropped=26
      A114 指点技艺: calls=1815, selector=CloseTarget, range=BlockRange, rangeValue=2, selectable=42279, relationCandidates=41052, dropped=1227, avgSelectable=23.3, avgRelationCandidates=22.6, maxSelectable=113, maxDropped=30
      A244 绝除死气: calls=3, selector=CloseTarget, range=SameState, rangeValue=1, selectable=1143, relationCandidates=360, dropped=783, avgSelectable=381.0, avgRelationCandidates=120.0, maxSelectable=381, maxDropped=261
      A221 坐诊看病: calls=150, selector=CloseTarget, range=BlockRange, rangeValue=2, selectable=3212, relationCandidates=2451, dropped=761, avgSelectable=21.4, avgRelationCandidates=16.3, maxSelectable=54, maxDropped=31
      A82 咒骂: calls=7790, selector=RandomTarget, range=SameBlock, rangeValue=1, selectable=41868, relationCandidates=41226, dropped=642, avgSelectable=5.4, avgRelationCandidates=5.3, maxSelectable=44, maxDropped=11
      A89 惩戒人物: calls=4322, selector=RandomTarget, range=SameBlock, rangeValue=1, selectable=24877, relationCandidates=24461, dropped=416, avgSelectable=5.8, avgRelationCandidates=5.7, maxSelectable=44, maxDropped=11
      A90 惩戒恶人: calls=4269, selector=RandomTarget, range=SameBlock, rangeValue=1, selectable=24619, relationCandidates=24218, dropped=401, avgSelectable=5.8, avgRelationCandidates=5.7, maxSelectable=44, maxDropped=11
      A36 求取道具: calls=371, selector=RequestTarget, range=BlockRange, rangeValue=1, selectable=3175, relationCandidates=2934, dropped=241, avgSelectable=8.6, avgRelationCandidates=7.9, maxSelectable=48, maxDropped=23
      A172 请求喝酒: calls=471, selector=RequestTarget, range=BlockRange, rangeValue=1, selectable=2550, relationCandidates=2338, dropped=212, avgSelectable=5.4, avgRelationCandidates=5.0, maxSelectable=51, maxDropped=32
      A184 佛学开悟: calls=502, selector=CloseTarget, range=BlockRange, rangeValue=2, selectable=4132, relationCandidates=3960, dropped=172, avgSelectable=8.2, avgRelationCandidates=7.9, maxSelectable=90, maxDropped=24
      A27 请求淬毒道具: calls=365, selector=RequestTarget, range=BlockRange, rangeValue=2, selectable=7420, relationCandidates=7258, dropped=162, avgSelectable=20.3, avgRelationCandidates=19.9, maxSelectable=89, maxDropped=10
      A182 道法开悟: calls=559, selector=CloseTarget, range=BlockRange, rangeValue=2, selectable=4576, relationCandidates=4421, dropped=155, avgSelectable=8.2, avgRelationCandidates=7.9, maxSelectable=90, maxDropped=15
    goalTargetMatchByGoalTop:
      G192 朋友互动: 276.172ms, calls=14746, max=8.783ms, true=13847, false=899
      G179 惩戒奸佞: 264.809ms, calls=21891, max=2.768ms, true=20362, false=1529
      G186 帮扶奸佞: 146.014ms, calls=13089, max=3.669ms, true=12966, false=123
      G178 帮扶良善: 139.214ms, calls=11283, max=4.216ms, true=10977, false=306
      G3 惩恶锄奸: 130.234ms, calls=19753, max=1.534ms, true=0, false=19753
      G1 苦海无涯: 117.073ms, calls=9890, max=3.796ms, true=1826, false=8064
      G193 结义互动: 91.153ms, calls=4749, max=9.072ms, true=3939, false=810
      G187 惩戒良善: 89.765ms, calls=6959, max=1.885ms, true=6883, false=76
      G222 佛学开悟: 83.224ms, calls=4774, max=3.400ms, true=658, false=4116
      G2 敬贤扬善: 82.343ms, calls=9102, max=4.149ms, true=2472, false=6630
      G220 道法开悟: 75.261ms, calls=4913, max=2.692ms, true=2273, false=2640
      G191 手足互动: 69.217ms, calls=3317, max=3.472ms, true=2741, false=576
    actionTargetMatchByActionTop:
      A111 指点武学: 803.691ms, calls=52482, max=10.175ms, selector=CloseTarget, range=BlockRange, rangeValue=2, true=23535, false=28947
      A114 指点技艺: 566.518ms, calls=37149, max=9.092ms, selector=CloseTarget, range=BlockRange, rangeValue=2, true=24570, false=12579
      A82 咒骂: 357.607ms, calls=19618, max=4.452ms, selector=RandomTarget, range=SameBlock, rangeValue=1, true=33, false=19585
      A32 乐善好施道具: 321.521ms, calls=25964, max=8.824ms, selector=CloseTarget, range=BlockRange, rangeValue=2, true=1392, false=24572
      A33 襄助恶人道具: 319.321ms, calls=26349, max=2.844ms, selector=CloseTarget, range=BlockRange, rangeValue=2, true=4604, false=21745
      A30 襄助恶人资源: 245.305ms, calls=20075, max=3.929ms, selector=CloseTarget, range=BlockRange, rangeValue=2, true=3432, false=16643
      A29 乐善好施资源: 241.690ms, calls=19632, max=2.670ms, selector=CloseTarget, range=BlockRange, rangeValue=2, true=1149, false=18483
      A90 惩戒恶人: 214.644ms, calls=10373, max=9.025ms, selector=RandomTarget, range=SameBlock, rangeValue=1, true=0, false=10373
      A89 惩戒人物: 181.482ms, calls=10184, max=3.989ms, selector=RandomTarget, range=SameBlock, rangeValue=1, true=23, false=10161
      A100 施以毒害: 132.467ms, calls=7053, max=2.631ms, selector=RandomTarget, range=SameBlock, rangeValue=1, true=17, false=7036
      A101 暗中损伤: 122.078ms, calls=7274, max=3.600ms, selector=RandomTarget, range=SameBlock, rangeValue=1, true=24, false=7250
      A81 夸赞: 115.415ms, calls=6358, max=2.201ms, selector=RandomTarget, range=SameBlock, rangeValue=1, true=6346, false=12
    targetMatcherCacheByActionTop:
      A111 指点武学: calls=52482, hits=51912, misses=570, fallbacks=0, savedCalls=51912, true=52482, false=0, selector=CloseTarget, range=BlockRange, rangeValue=2
      A114 指点技艺: calls=37149, hits=36841, misses=308, fallbacks=0, savedCalls=36841, true=37149, false=0, selector=CloseTarget, range=BlockRange, rangeValue=2
      A33 襄助恶人道具: calls=26349, hits=26164, misses=185, fallbacks=0, savedCalls=26164, true=26349, false=0, selector=CloseTarget, range=BlockRange, rangeValue=2
      A32 乐善好施道具: calls=25964, hits=25842, misses=122, fallbacks=0, savedCalls=25842, true=25964, false=0, selector=CloseTarget, range=BlockRange, rangeValue=2
      A30 襄助恶人资源: calls=20075, hits=19838, misses=237, fallbacks=0, savedCalls=19838, true=20075, false=0, selector=CloseTarget, range=BlockRange, rangeValue=2
      A82 咒骂: calls=19618, hits=19566, misses=52, fallbacks=0, savedCalls=19566, true=19618, false=0, selector=RandomTarget, range=SameBlock, rangeValue=1
      A29 乐善好施资源: calls=19632, hits=19401, misses=231, fallbacks=0, savedCalls=19401, true=19632, false=0, selector=CloseTarget, range=BlockRange, rangeValue=2
      A90 惩戒恶人: calls=10373, hits=10359, misses=14, fallbacks=0, savedCalls=10359, true=10373, false=0, selector=RandomTarget, range=SameBlock, rangeValue=1
      A89 惩戒人物: calls=10184, hits=10165, misses=10, fallbacks=9, savedCalls=10165, true=10184, false=0, fallbackReasons=StageInactive=9, selector=RandomTarget, range=SameBlock, rangeValue=1
      A185 促织决斗: calls=10270, hits=9838, misses=432, fallbacks=0, savedCalls=9838, true=10270, false=0, selector=CloseTarget, range=BlockRange, rangeValue=2
      A222 修补道具: calls=9840, hits=9579, misses=261, fallbacks=0, savedCalls=9579, true=9840, false=0, selector=CloseTarget, range=BlockRange, rangeValue=2
      A101 暗中损伤: calls=7274, hits=7264, misses=8, fallbacks=2, savedCalls=7264, true=7274, false=0, fallbackReasons=StageInactive=2, selector=RandomTarget, range=SameBlock, rangeValue=1
    targetConditionsByGoalTop:
      G220 道法开悟: 9.560ms, calls=7553, max=1.229ms, true=2273, false=5280, conditions=7553, refConditions=0, avgConditions=1.0, maxConditions=1, maxRefConditions=0
      G222 佛学开悟: 6.473ms, calls=8890, max=0.446ms, true=658, false=8232, conditions=8890, refConditions=0, avgConditions=1.0, maxConditions=1, maxRefConditions=0
      G179 惩戒奸佞: 5.087ms, calls=25598, max=0.030ms, true=20362, false=5236, conditions=25598, refConditions=0, avgConditions=1.0, maxConditions=1, maxRefConditions=0
      G192 朋友互动: 3.985ms, calls=14746, max=0.110ms, true=13847, false=899, conditions=14746, refConditions=0, avgConditions=1.0, maxConditions=1, maxRefConditions=0
      G3 惩恶锄奸: 3.000ms, calls=19753, max=0.018ms, true=0, false=19753, conditions=19753, refConditions=0, avgConditions=1.0, maxConditions=1, maxRefConditions=0
      G186 帮扶奸佞: 2.861ms, calls=13491, max=0.036ms, true=12966, false=525, conditions=13491, refConditions=0, avgConditions=1.0, maxConditions=1, maxRefConditions=0
      G178 帮扶良善: 2.577ms, calls=12597, max=0.020ms, true=10977, false=1620, conditions=12597, refConditions=0, avgConditions=1.0, maxConditions=1, maxRefConditions=0
      G1 苦海无涯: 1.795ms, calls=9890, max=0.079ms, true=1826, false=8064, conditions=9890, refConditions=0, avgConditions=1.0, maxConditions=1, maxRefConditions=0
      G18 生人勿近: 1.662ms, calls=11825, max=0.012ms, true=0, false=11825, conditions=11825, refConditions=11825, avgConditions=1.0, maxConditions=1, maxRefConditions=1
      G2 敬贤扬善: 1.611ms, calls=9102, max=0.029ms, true=2472, false=6630, conditions=9102, refConditions=0, avgConditions=1.0, maxConditions=1, maxRefConditions=0
      G187 惩戒良善: 1.489ms, calls=7201, max=0.040ms, true=6883, false=318, conditions=7201, refConditions=0, avgConditions=1.0, maxConditions=1, maxRefConditions=0
      G161 坐诊看病: 1.427ms, calls=3810, max=0.016ms, true=58, false=3752, conditions=3810, refConditions=0, avgConditions=1.0, maxConditions=1, maxRefConditions=0
    targetConditionsByActionTop:
      A111 指点武学: 10.474ms, calls=52482, max=0.041ms, selector=CloseTarget, range=BlockRange, rangeValue=2, true=52329, false=153, conditions=52482, refConditions=0, avgConditions=1.0, maxConditions=1, maxRefConditions=0
      A114 指点技艺: 7.583ms, calls=37149, max=0.170ms, selector=CloseTarget, range=BlockRange, rangeValue=2, true=37044, false=105, conditions=37149, refConditions=0, avgConditions=1.0, maxConditions=1, maxRefConditions=0
      A33 襄助恶人道具: 6.274ms, calls=26349, max=0.038ms, selector=CloseTarget, range=BlockRange, rangeValue=2, true=4604, false=21745, conditions=52698, refConditions=0, avgConditions=2.0, maxConditions=2, maxRefConditions=0
      A32 乐善好施道具: 6.143ms, calls=25964, max=0.038ms, selector=CloseTarget, range=BlockRange, rangeValue=2, true=1392, false=24572, conditions=51928, refConditions=0, avgConditions=2.0, maxConditions=2, maxRefConditions=0
      A30 襄助恶人资源: 4.778ms, calls=20075, max=0.027ms, selector=CloseTarget, range=BlockRange, rangeValue=2, true=3432, false=16643, conditions=40150, refConditions=0, avgConditions=2.0, maxConditions=2, maxRefConditions=0
      A29 乐善好施资源: 4.745ms, calls=19632, max=0.033ms, selector=CloseTarget, range=BlockRange, rangeValue=2, true=1149, false=18483, conditions=39264, refConditions=0, avgConditions=2.0, maxConditions=2, maxRefConditions=0
      A82 咒骂: 4.125ms, calls=19618, max=0.042ms, selector=RandomTarget, range=SameBlock, rangeValue=1, true=33, false=19585, conditions=19618, refConditions=0, avgConditions=1.0, maxConditions=1, maxRefConditions=0
      A90 惩戒恶人: 2.283ms, calls=10373, max=0.036ms, selector=RandomTarget, range=SameBlock, rangeValue=1, true=0, false=10373, conditions=20746, refConditions=0, avgConditions=2.0, maxConditions=2, maxRefConditions=0
      A89 惩戒人物: 2.262ms, calls=10184, max=0.029ms, selector=RandomTarget, range=SameBlock, rangeValue=1, true=23, false=10161, conditions=10184, refConditions=0, avgConditions=1.0, maxConditions=1, maxRefConditions=0
      A27 请求淬毒道具: 1.696ms, calls=5984, max=0.298ms, selector=RequestTarget, range=BlockRange, rangeValue=2, true=439, false=5545, conditions=5984, refConditions=5984, avgConditions=1.0, maxConditions=1, maxRefConditions=1
      A101 暗中损伤: 1.538ms, calls=7274, max=0.044ms, selector=RandomTarget, range=SameBlock, rangeValue=1, true=24, false=7250, conditions=7274, refConditions=0, avgConditions=1.0, maxConditions=1, maxRefConditions=0
      A100 施以毒害: 1.456ms, calls=7053, max=0.009ms, selector=RandomTarget, range=SameBlock, rangeValue=1, true=17, false=7036, conditions=7053, refConditions=0, avgConditions=1.0, maxConditions=1, maxRefConditions=0
    relationConditionPrefilterByGoalTop:
      G192 朋友互动: calls=14746, relationConditions=14746, relationPass=13847, relationFail=899, fullTrue=13847, fullFalse=899, avgRelationConditions=1.0
      G193 结义互动: calls=4749, relationConditions=4749, relationPass=3939, relationFail=810, fullTrue=3939, fullFalse=810, avgRelationConditions=1.0
      G194 爱慕互动: calls=3338, relationConditions=3338, relationPass=2562, relationFail=776, fullTrue=2562, fullFalse=776, avgRelationConditions=1.0
      G196 子女互动: calls=2815, relationConditions=2815, relationPass=2172, relationFail=643, fullTrue=2172, fullFalse=643, avgRelationConditions=1.0
      G191 手足互动: calls=3317, relationConditions=3317, relationPass=2741, relationFail=576, fullTrue=2741, fullFalse=576, avgRelationConditions=1.0
      G190 父母互动: calls=2104, relationConditions=2104, relationPass=1772, relationFail=332, fullTrue=1772, fullFalse=332, avgRelationConditions=1.0
      G195 配偶互动: calls=1369, relationConditions=1369, relationPass=1097, relationFail=272, fullTrue=1097, fullFalse=272, avgRelationConditions=1.0
      G197 师徒互动: calls=813, relationConditions=813, relationPass=719, relationFail=94, fullTrue=719, fullFalse=94, avgRelationConditions=1.0
      G199 仇敌互动: calls=125, relationConditions=125, relationPass=64, relationFail=61, fullTrue=64, fullFalse=61, avgRelationConditions=1.0
    targetConditionSensorUsageTop:
      TargetStateSensor: 331132
      CharacterStateSensor: 282458
      None: 40359
      OrganizationStateSensor: 10020
      CombatSkillStateSensor: 6637
      LifeSkillStateSensor: 5984
      InventoryStateSensor: 2509
      ResourceStateSensor: 705
  targetLookupCalls:
    SameBlock: calls=123885, hits=114303, fallbacks=9582, candidateIds=1081139, charactersAdded=966836
    SameArea: calls=0, hits=0, fallbacks=0, candidateIds=0, charactersAdded=0
    SameState: calls=15, hits=15, fallbacks=0, candidateIds=5916, charactersAdded=5901
    BlockRange: calls=68252, hits=67028, fallbacks=1224, candidateIds=1820282, charactersAdded=1753254
    SettlementRange: calls=0, hits=0, fallbacks=0, candidateIds=0, charactersAdded=0

2026-06-28 04:29:04.3163|INFO|Main|GameData.Domains.Global.GlobalDomain|Required Space: 1073741824 bytes.
Available Space: 1407886671872
2026-06-28 04:29:04.4313|INFO|Main|GameData.Domains.World.WorldDomain|Exit advancing month state and start saving world.
2026-06-28 04:29:04.4313|INFO|Main|GameData.Domains.World.WorldDomain|Currrent Population / World Standard Population: 6615/5184, Probability Adjustment of Creating Character: 100%
2026-06-28 04:29:04.4313|INFO|Main|GameData.Domains.Character.CharacterDomain|[[82]] Alive characters: 7235, dead characters: 2723
2026-06-28 04:29:04.4313|INFO|Main|GameData.Domains.Character.CharacterDomain|Non-intelligent characters: 284
  10085: 390-般若堂弟子
  10084: 390-般若堂弟子
  10083: 390-般若堂弟子
  10082: 390-般若堂弟子
  10072: 390-般若堂弟子
  10839: 390-般若堂弟子
  10071: 390-般若堂弟子
  10070: 390-般若堂弟子
  10069: 390-般若堂弟子
  10068: 390-般若堂弟子
  10067: 390-般若堂弟子
  10066: 390-般若堂弟子
  10065: 390-般若堂弟子
  10081: 390-般若堂弟子
  10080: 390-般若堂弟子
  10064: 390-般若堂弟子
  10831: 390-般若堂弟子
  8225: 377-年轻侠士
  10063: 390-般若堂弟子
  10830: 390-般若堂弟子
  10829: 390-般若堂弟子
  10062: 390-般若堂弟子
  10061: 390-般若堂弟子
  7427: 377-年轻侠士
  10079: 390-般若堂弟子
  10838: 390-般若堂弟子
  10828: 390-般若堂弟子
  10078: 390-般若堂弟子
  10077: 390-般若堂弟子
  10060: 390-般若堂弟子
  10837: 390-般若堂弟子
  10827: 390-般若堂弟子
  10826: 390-般若堂弟子
  10825: 390-般若堂弟子
  10059: 390-般若堂弟子
  10076: 390-般若堂弟子
  10075: 390-般若堂弟子
  10058: 390-般若堂弟子
  10824: 390-般若堂弟子
  10823: 390-般若堂弟子

2026-06-28 04:29:04.4313|INFO|Main|AdaptableLog|EventArgBox newly created: 150 instances, 874 object collections.
2026-06-28 04:29:04.4425|WARN|Main|GameData.Domains.Item.ItemDomain|1 unowned CraftTool detected.
2026-06-28 04:29:04.4425|WARN|Main|GameData.Domains.Item.ItemDomain|16 unowned SkillBook detected.
2026-06-28 04:29:04.4425|WARN|Main|GameData.Domains.Item.ItemDomain|739 unowned Cricket detected.
2026-06-28 04:29:04.4425|WARN|Main|GameData.Domains.Item.ItemDomain|1 unowned Misc detected.
2026-06-28 04:29:04.4425|INFO|Main|GameData.Domains.Item.ItemDomain|Total unowned items: 757
2026-06-28 04:29:04.7409|INFO|Main|GameData.Domains.Global.GlobalDomain|Total managed memory usage: 506.2MB
2026-06-28 04:29:04.7612|INFO|Main|GameData.Domains.Global.GlobalDomain|Required Space: 1073741824 bytes.
Available Space: 1407886671872
2026-06-28 04:29:05.2478|INFO|Main|TaiwuOptimization.Runtime.SaveWorldDiagnostics|TaiwuOptimization: SaveWorld breakdown
  total:
    elapsed: 477.946ms
    measured: 477.611ms
    other: 0.335ms
    archivePath: D:\SteamLibrary\steamapps\common\The Scroll Of Taiwu\Backend\..\SaveGames\world_1\local.sav
    fileSize: 99250239
  archiveFile:
    WriteHeader: 3.397ms
    WriteContent: 474.214ms
    contentMeasured: 472.995ms
    contentOther: 1.218ms
  domainOnSaveWorld:
    WorldDomain: 3.737ms, calls=1
    MapDomain: 22.535ms, calls=1
    OrganizationDomain: 4.544ms, calls=1
    CharacterDomain: 178.311ms, calls=1
    TaiwuDomain: 7.343ms, calls=1
    ItemDomain: 32.489ms, calls=1
    CombatSkillDomain: 19.610ms, calls=1
    CombatDomain: 0.330ms, calls=1
    BuildingDomain: 10.538ms, calls=1
    AdventureDomain: 10.289ms, calls=1
    LegendaryBookDomain: 1.433ms, calls=1
    TaiwuEventDomain: 1.647ms, calls=1
    LifeRecordDomain: 0.000ms, calls=1
    MerchantDomain: 2.901ms, calls=1
    TutorialChapterDomain: 0.001ms, calls=1
    ModDomain: 1.951ms, calls=1
    SpecialEffectDomain: 2.656ms, calls=1
    InformationDomain: 80.562ms, calls=1
    ExtraDomain: 55.298ms, calls=1
    StoryDomain: 0.715ms, calls=1
  database:
    DatabaseBridge.Disconnect: 0.618ms
    CopyWorkingDb: 34.637ms, calls=1, bytes=31559680, bufferBytes=16777216, estimatedChunks=2
    DatabaseBridge.Connect: 0.843ms
  compression:
    CompressionType: NoCompression
    EndCompression: 0.000ms
    WriteCrcToEnd: 0.007ms

2026-06-28 04:29:05.2478|INFO|Main|GameData.Domains.Global.GlobalDomain|SaveWorld: 490.5
2026-06-28 04:29:05.6449|INFO|Main|AdaptableLog|new Event triggered : 1505c7c2-8a55-4794-bd85-1c5aec7ea341, _triggeredEventList.Count = 1
2026-06-28 04:29:05.6452|INFO|Main|AdaptableLog|1505c7c2-8a55-4794-bd85-1c5aec7ea341 to event => 
2026-06-28 04:29:06.8631|INFO|Main|GameData.Domains.Global.GlobalDomain|Required Space: 1073741824 bytes.
Available Space: 1407876370432
2026-06-28 04:29:06.8790|INFO|Main|GameData.Domains.World.WorldDomain|AdvanceMonth: begin ------------------------------------------------------------
2026-06-28 04:29:06.8813|INFO|Main|GameData.Domains.Character.CharacterDomain|Removing all temporary enemies with a total count of 6
2026-06-28 04:29:06.8813|INFO|Main|GameData.Domains.Character.CharacterDomain|Clearing temporary characters with a total count of 0
2026-06-28 04:29:06.8813|INFO|Main|GameData.Domains.Global.GlobalDomain|Required Space: 1073741824 bytes.
Available Space: 1407876370432
2026-06-28 04:29:06.8813|INFO|Main|GameData.Domains.World.WorldDomain|New month begin: Year 7, Month 11 (82)
2026-06-28 04:29:06.9563|INFO|Main|GameData.Domains.Global.GlobalDomain|[AdvanceMonth_Execute] PreAdvanceMonth: 71.7
2026-06-28 04:29:07.0753|INFO|Main|GameData.Domains.Character.CharacterDomain|市镇豪富-房香霞(7723) is dead at age 3.(健康过低:{killer=-1, location={21, 340}, adventure=0})
2026-06-28 04:29:07.0753|INFO|Main|GameData.Domains.Character.CharacterDomain|山寨管事-巴珂月(259) is dead at age 18.(玄灰绝命:{killer=-1, location={13, 255}, adventure=0})
2026-06-28 04:29:07.0890|INFO|Main|GameData.Domains.Character.CharacterDomain|山寨文人-沙月(355) is dead at age 38.(玄灰绝命:{killer=-1, location={2, 276}, adventure=0})
2026-06-28 04:29:07.0890|INFO|Main|GameData.Domains.Character.CharacterDomain|峨眉派外门散徒-蒋霜凝(622) is dead at age 17.(玄灰绝命:{killer=-1, location={4, 292}, adventure=0})
2026-06-28 04:29:07.1015|INFO|Main|GameData.Domains.Character.CharacterDomain|村庄权贵-蒙仙瑜(642) is dead at age 48.(玄灰绝命:{killer=-1, location={4, 618}, adventure=0})
2026-06-28 04:29:07.1015|INFO|Main|GameData.Domains.Character.CharacterDomain|市镇文人-呼延青树(860) is dead at age 38.(玄灰绝命:{killer=-1, location={6, 620}, adventure=0})
2026-06-28 04:29:07.1015|INFO|Main|GameData.Domains.Character.CharacterDomain|市镇手艺人-孟尔熙(1175) is dead at age 21.(玄灰绝命:{killer=-1, location={6, 558}, adventure=0})
2026-06-28 04:29:07.1169|INFO|Main|GameData.Domains.Character.CharacterDomain|村庄乞丐-荀世衍(1180) is dead at age 18.(玄灰绝命:{killer=-1, location={60, 1}, adventure=0})
2026-06-28 04:29:07.1169|INFO|Main|GameData.Domains.Character.CharacterDomain|襄阳商人-季珍(1210) is dead at age 36.(玄灰绝命:{killer=-1, location={9, 796}, adventure=0})
2026-06-28 04:29:07.1169|INFO|Main|GameData.Domains.Character.CharacterDomain|武当派紫霄宫弟子-周瑜(1405) is dead at age 28.(玄灰绝命:{killer=-1, location={10, 289}, adventure=0})
2026-06-28 04:29:07.1349|INFO|Main|GameData.Domains.Character.CharacterDomain|山寨商人-东方幽娥(1647) is dead at age 23.(玄灰绝命:{killer=-1, location={2, 295}, adventure=0})
2026-06-28 04:29:07.1349|INFO|Main|GameData.Domains.Character.CharacterDomain|元山派护法弟子-元睦斌(1861) is dead at age 38.(玄灰绝命:{killer=-1, location={13, 551}, adventure=0})
2026-06-28 04:29:07.1480|INFO|Main|GameData.Domains.Character.CharacterDomain|市镇商人-满清皋(2110) is dead at age 28.(玄灰绝命:{killer=-1, location={15, 613}, adventure=0})
2026-06-28 04:29:07.1480|INFO|Main|GameData.Domains.Character.CharacterDomain|狮相门狂狮堂弟子-闻玄冲(2251) is dead at age 26.(玄灰绝命:{killer=-1, location={16, 586}, adventure=0})
2026-06-28 04:29:07.1480|INFO|Main|GameData.Domains.Organization.OrganizationDomain|狮相门狂狮堂弟子-闻玄冲(2251) is no longer guarding sect 狮相门
2026-06-28 04:29:07.1644|INFO|Main|GameData.Domains.Character.CharacterDomain|狮相门锦狮堂弟子-宿赤桐(2275) is dead at age 26.(玄灰绝命:{killer=-1, location={16, 615}, adventure=0})
2026-06-28 04:29:07.1644|INFO|Main|GameData.Domains.Character.CharacterDomain|山寨文人-司马书厚(2547) is dead at age 41.(玄灰绝命:{killer=-1, location={18, 336}, adventure=0})
2026-06-28 04:29:07.1644|INFO|Main|GameData.Domains.Character.CharacterDomain|村庄豪富-程宁(2552) is dead at age 25.(玄灰绝命:{killer=-1, location={20, 213}, adventure=0})
2026-06-28 04:29:07.1807|INFO|Main|GameData.Domains.Character.CharacterDomain|村庄乞丐-墨珂儿(2795) is dead at age 16.(玄灰绝命:{killer=-1, location={20, 195}, adventure=0})
2026-06-28 04:29:07.1807|INFO|Main|GameData.Domains.Character.CharacterDomain|市镇商人-司马云(3052) is dead at age 25.(玄灰绝命:{killer=-1, location={36, 309}, adventure=0})
2026-06-28 04:29:07.1807|INFO|Main|GameData.Domains.Character.CharacterDomain|市镇权贵-年凤珍(3154) is dead at age 27.(玄灰绝命:{killer=-1, location={23, 899}, adventure=0})
2026-06-28 04:29:07.1954|INFO|Main|GameData.Domains.Character.CharacterDomain|市镇文人-索作铨(3279) is dead at age 49.(玄灰绝命:{killer=-1, location={24, 339}, adventure=0})
2026-06-28 04:29:07.1954|INFO|Main|GameData.Domains.Character.CharacterDomain|市镇文人-牛玉(3559) is dead at age 53.(玄灰绝命:{killer=-1, location={26, 231}, adventure=0})
2026-06-28 04:29:07.1954|INFO|Main|GameData.Domains.Character.CharacterDomain|村庄权贵-时秀明(3738) is dead at age 24.(玄灰绝命:{killer=-1, location={28, 560}, adventure=0})
2026-06-28 04:29:07.2133|INFO|Main|GameData.Domains.Character.CharacterDomain|空桑派持鼎首徒-仲孙安露(3807) is dead at age 35.(玄灰绝命:{killer=-1, location={28, 412}, adventure=0})
2026-06-28 04:29:07.2133|INFO|Main|GameData.Domains.Character.CharacterDomain|市镇豪富-封世贤(4065) is dead at age 37.(玄灰绝命:{killer=-1, location={110, 10}, adventure=0})
2026-06-28 04:29:07.2248|INFO|Main|GameData.Domains.Character.CharacterDomain|市镇大夫-百里凤霄(4486) is dead at age 25.(玄灰绝命:{killer=-1, location={33, 703}, adventure=0})
2026-06-28 04:29:07.2248|INFO|Main|GameData.Domains.Character.CharacterDomain|市镇镇长夫人/镇长老爷-姬逢火(4517) is dead at age 43.(玄灰绝命:{killer=-1, location={3, 519}, adventure=0})
2026-06-28 04:29:07.2248|INFO|Main|GameData.Domains.Character.CharacterDomain|界青门无影人-宰父俊颜(4952) is dead at age 35.(玄灰绝命:{killer=-1, location={37, 166}, adventure=0})
2026-06-28 04:29:07.2248|INFO|Main|GameData.Domains.Organization.OrganizationDomain|界青门无影人-宰父俊颜(4952) is no longer guarding sect 界青门
2026-06-28 04:29:07.2441|INFO|Main|GameData.Domains.Character.CharacterDomain|界青门杀手-萧春萍(5008) is dead at age 24.(玄灰绝命:{killer=-1, location={37, 197}, adventure=0})
2026-06-28 04:29:07.2441|INFO|Main|GameData.Domains.Character.CharacterDomain|山寨豪富-方蕾(5099) is dead at age 41.(玄灰绝命:{killer=-1, location={16, 609}, adventure=0})
2026-06-28 04:29:07.2584|INFO|Main|GameData.Domains.Character.CharacterDomain|山寨豪富-谷晗菁(5279) is dead at age 37.(玄灰绝命:{killer=-1, location={39, 675}, adventure=0})
2026-06-28 04:29:07.2584|INFO|Main|GameData.Domains.Character.CharacterDomain|村庄权贵-卢廉(5857) is dead at age 37.(玄灰绝命:{killer=-1, location={43, 674}, adventure=0})
2026-06-28 04:29:07.2765|INFO|Main|AdaptableLog|逃跑概率：(131 - 100) * (100 - 40[5品朱霞长索]) / 100 + 0 * 20 = 18%，最终取18%
2026-06-28 04:29:07.2765|INFO|Main|GameData.Domains.Character.CharacterDomain|京城文人-祝悦(9789)'s kidnapped character escaped: 京城文人-祝再铨(13).
2026-06-28 04:29:07.2765|INFO|Main|GameData.Domains.Global.GlobalDomain|[AdvanceMonth_Execute] UpdateStatus: 324.2
2026-06-28 04:29:07.3736|INFO|Main|GameData.Domains.Global.GlobalDomain|[AdvanceMonth_Execute] SelfImprovement: 79.5
2026-06-28 04:29:07.6227|INFO|Main|GameData.Domains.Global.GlobalDomain|[AdvanceMonth_Execute] CharacterPreparation: 248.8
2026-06-28 04:29:07.7033|INFO|Main|GameData.Domains.Character.CharacterDomain|[DistantMarriage] PassConditionCount=1458, PassSuccessRateCheckCount=16, FoundTargetCount=11
2026-06-28 04:29:07.7033|INFO|Main|GameData.Domains.Character.CharacterDomain|Adore Relations In Marriage: 0/0
2026-06-28 04:29:07.7033|INFO|Main|GameData.Domains.Global.GlobalDomain|[AdvanceMonth_Execute] CharacterRelationsUpdate: 82.2
2026-06-28 04:29:10.2931|INFO|Main|GameData.Domains.Character.CharacterDomain|村庄权贵-上官萱(2399) is dead at age 38.(秘密处决:{killer=2397, location={17, 135}, adventure=0})
2026-06-28 04:29:10.4058|INFO|Main|GameData.Domains.Global.GlobalDomain|[AdvanceMonth_Execute] CharacterActionPlanning: 2,700.7
2026-06-28 04:29:10.4358|INFO|Main|GameData.Domains.Global.GlobalDomain|[AdvanceMonth_Execute] CharacterFixedAction: 29.6
2026-06-28 04:29:10.4969|INFO|Main|TaiwuOptimization.Runtime.UpdateInformationDiagnostics|TaiwuOptimization: UpdateInformation breakdown
  total:
    elapsed: 60.321ms
    measured: 59.802ms
    other: 0.519ms
  secretInformationData:
    secretInformation: 7870 -> 5317
    secretOccurence: 10543 -> 8751
    characterKnownSecrets: 6024 -> 6024
    knownSecretLinks: 7761 -> 6956
    holderScanUpperBound: 47408880
  phases:
    MakeSettlementsInformation: 3.884ms, calls=1
    PlanDisseminateSecretInformation: 45.019ms, calls=2989
      planMax: 4.433ms
      planMaxCharId: 940
      planSlowCalls(>=5ms): 0
    MetabolismSecretInformation: 10.899ms, calls=1
  metabolismDetails:
    MakeSecretBroadcast: 2.659ms, calls=4
    DiscardSecretInformation: 0.213ms, calls=1161
    RecordSecretInformationRemove: 0.530ms, calls=1
    RecordSecretOccurenceRemove: 0.237ms, calls=1
    RemoveElementSecretInformation: 0.386ms, calls=2553
    RemoveElementSecretOccurence: 0.111ms, calls=1792
      residual: 7.261ms
  lookups:
    CalcSecretOccurenceHolderCount: 0.373ms, calls=3871, max=0.015ms
    CalcSecretInformationKnownCharacterCount: 0.000ms, calls=0, max=0.000ms

2026-06-28 04:29:10.4969|INFO|Main|GameData.Domains.Global.GlobalDomain|[AdvanceMonth_Execute] UpdateInformation: 62.9
2026-06-28 04:29:10.5082|INFO|Main|GameData.Domains.Item.ItemDomain|Getting item of type 1(Armor) and sub type 101 with grade 6
2026-06-28 04:29:10.5082|INFO|Main|GameData.Domains.Global.GlobalDomain|[AdvanceMonth_Execute] UpdateInfectedCharacters: 0.0
2026-06-28 04:29:10.5331|INFO|Main|GameData.Domains.Global.GlobalDomain|[AdvanceMonth_Execute] UpdateCharacterMovements: 14.3
2026-06-28 04:29:10.7221|INFO|Main|AdaptableLog|[RecruitOrCreateLackingMembers]: Recruited Count for 山寨, grade 0: 1
2026-06-28 04:29:10.7245|INFO|Main|AdaptableLog|[RecruitOrCreateLackingMembers]: Recruited Count for 广州, grade 0: 1
2026-06-28 04:29:10.8651|INFO|Main|GameData.Domains.Global.GlobalDomain|[AdvanceMonth_Execute] UpdateOrganizationMembers: 305.8
2026-06-28 04:29:10.8943|WARN|Main|AdaptableLog|[Adventure]: AutoGenerateByConfig cost 1ms
2026-06-28 04:29:10.9042|INFO|Main|GameData.Domains.TaiwuEvent.EventScriptRuntime|做一个保底机制确保不会变成捕快窝
2026-06-28 04:29:10.9042|INFO|Main|GameData.Domains.TaiwuEvent.EventScriptRuntime|刷新各类捕快数量
2026-06-28 04:29:10.9042|INFO|Main|GameData.Domains.TaiwuEvent.EventScriptRuntime|做一个保底机制确保不会变成捕快窝
2026-06-28 04:29:10.9042|INFO|Main|GameData.Domains.TaiwuEvent.EventScriptRuntime|刷新各类捕快数量
2026-06-28 04:29:10.9042|INFO|Main|GameData.Domains.TaiwuEvent.EventScriptRuntime|做一个保底机制确保不会变成捕快窝
2026-06-28 04:29:10.9042|INFO|Main|GameData.Domains.TaiwuEvent.EventScriptRuntime|刷新各类捕快数量
2026-06-28 04:29:10.9042|INFO|Main|GameData.Domains.TaiwuEvent.EventScriptRuntime|循环了
2026-06-28 04:29:10.9042|INFO|Main|GameData.Domains.TaiwuEvent.EventScriptRuntime|循环次数小于10
2026-06-28 04:29:10.9042|INFO|Main|GameData.Domains.TaiwuEvent.EventScriptRuntime|循环了
2026-06-28 04:29:10.9042|INFO|Main|GameData.Domains.TaiwuEvent.EventScriptRuntime|循环次数小于10
2026-06-28 04:29:10.9042|INFO|Main|GameData.Domains.TaiwuEvent.EventScriptRuntime|循环了
2026-06-28 04:29:10.9042|INFO|Main|GameData.Domains.TaiwuEvent.EventScriptRuntime|循环次数小于10
2026-06-28 04:29:10.9042|INFO|Main|GameData.Domains.TaiwuEvent.EventScriptRuntime|循环了
2026-06-28 04:29:10.9042|INFO|Main|GameData.Domains.TaiwuEvent.EventScriptRuntime|循环次数小于10
2026-06-28 04:29:10.9042|INFO|Main|GameData.Domains.TaiwuEvent.EventScriptRuntime|循环了
2026-06-28 04:29:10.9042|INFO|Main|GameData.Domains.TaiwuEvent.EventScriptRuntime|循环次数小于10
2026-06-28 04:29:10.9042|INFO|Main|GameData.Domains.TaiwuEvent.EventScriptRuntime|循环了
2026-06-28 04:29:10.9042|INFO|Main|GameData.Domains.TaiwuEvent.EventScriptRuntime|循环次数小于10
2026-06-28 04:29:10.9042|INFO|Main|GameData.Domains.TaiwuEvent.EventScriptRuntime|循环了
2026-06-28 04:29:10.9042|INFO|Main|GameData.Domains.TaiwuEvent.EventScriptRuntime|循环次数小于10
2026-06-28 04:29:10.9042|INFO|Main|GameData.Domains.TaiwuEvent.EventScriptRuntime|循环了
2026-06-28 04:29:10.9042|INFO|Main|GameData.Domains.TaiwuEvent.EventScriptRuntime|循环次数小于10
2026-06-28 04:29:10.9042|INFO|Main|GameData.Domains.TaiwuEvent.EventScriptRuntime|循环了
2026-06-28 04:29:10.9105|INFO|Main|GameData.Domains.TaiwuEvent.EventScriptRuntime|循环次数小于10
2026-06-28 04:29:10.9105|INFO|Main|GameData.Domains.TaiwuEvent.EventScriptRuntime|循环了
2026-06-28 04:29:10.9105|INFO|Main|GameData.Domains.TaiwuEvent.EventScriptRuntime|循环次数小于10
2026-06-28 04:29:10.9105|INFO|Main|GameData.Domains.TaiwuEvent.EventScriptRuntime|循环了
2026-06-28 04:29:10.9105|INFO|Main|GameData.Domains.TaiwuEvent.EventScriptRuntime|结束循环
2026-06-28 04:29:10.9105|INFO|Main|GameData.Domains.TaiwuEvent.EventScriptRuntime|循环了
2026-06-28 04:29:10.9105|INFO|Main|GameData.Domains.TaiwuEvent.EventScriptRuntime|循环次数小于10
2026-06-28 04:29:10.9105|INFO|Main|GameData.Domains.TaiwuEvent.EventScriptRuntime|循环了
2026-06-28 04:29:10.9105|INFO|Main|GameData.Domains.TaiwuEvent.EventScriptRuntime|循环次数小于10
2026-06-28 04:29:10.9105|INFO|Main|GameData.Domains.TaiwuEvent.EventScriptRuntime|循环了
2026-06-28 04:29:10.9105|INFO|Main|GameData.Domains.TaiwuEvent.EventScriptRuntime|循环次数小于10
2026-06-28 04:29:10.9105|INFO|Main|GameData.Domains.TaiwuEvent.EventScriptRuntime|循环了
2026-06-28 04:29:10.9105|INFO|Main|GameData.Domains.TaiwuEvent.EventScriptRuntime|循环次数小于10
2026-06-28 04:29:10.9105|INFO|Main|GameData.Domains.TaiwuEvent.EventScriptRuntime|循环了
2026-06-28 04:29:10.9105|INFO|Main|GameData.Domains.TaiwuEvent.EventScriptRuntime|循环次数小于10
2026-06-28 04:29:10.9105|INFO|Main|GameData.Domains.TaiwuEvent.EventScriptRuntime|循环了
2026-06-28 04:29:10.9105|INFO|Main|GameData.Domains.TaiwuEvent.EventScriptRuntime|循环次数小于10
2026-06-28 04:29:10.9105|INFO|Main|GameData.Domains.TaiwuEvent.EventScriptRuntime|循环了
2026-06-28 04:29:10.9105|INFO|Main|GameData.Domains.TaiwuEvent.EventScriptRuntime|循环次数小于10
2026-06-28 04:29:10.9105|INFO|Main|GameData.Domains.TaiwuEvent.EventScriptRuntime|循环了
2026-06-28 04:29:10.9105|INFO|Main|GameData.Domains.TaiwuEvent.EventScriptRuntime|循环次数小于10
2026-06-28 04:29:10.9105|INFO|Main|GameData.Domains.TaiwuEvent.EventScriptRuntime|循环了
2026-06-28 04:29:10.9105|INFO|Main|GameData.Domains.TaiwuEvent.EventScriptRuntime|循环次数小于10
2026-06-28 04:29:10.9105|INFO|Main|GameData.Domains.TaiwuEvent.EventScriptRuntime|循环了
2026-06-28 04:29:10.9105|INFO|Main|GameData.Domains.TaiwuEvent.EventScriptRuntime|循环次数小于10
2026-06-28 04:29:10.9105|INFO|Main|GameData.Domains.TaiwuEvent.EventScriptRuntime|循环了
2026-06-28 04:29:10.9105|INFO|Main|GameData.Domains.TaiwuEvent.EventScriptRuntime|结束循环
2026-06-28 04:29:10.9105|INFO|Main|GameData.Domains.TaiwuEvent.EventScriptRuntime|循环了
2026-06-28 04:29:10.9105|INFO|Main|GameData.Domains.TaiwuEvent.EventScriptRuntime|循环次数小于10
2026-06-28 04:29:10.9105|INFO|Main|GameData.Domains.TaiwuEvent.EventScriptRuntime|循环了
2026-06-28 04:29:10.9105|INFO|Main|GameData.Domains.TaiwuEvent.EventScriptRuntime|循环次数小于10
2026-06-28 04:29:10.9105|INFO|Main|GameData.Domains.TaiwuEvent.EventScriptRuntime|循环了
2026-06-28 04:29:10.9105|INFO|Main|GameData.Domains.TaiwuEvent.EventScriptRuntime|循环次数小于10
2026-06-28 04:29:10.9105|INFO|Main|GameData.Domains.TaiwuEvent.EventScriptRuntime|循环了
2026-06-28 04:29:10.9105|INFO|Main|GameData.Domains.TaiwuEvent.EventScriptRuntime|循环次数小于10
2026-06-28 04:29:10.9105|INFO|Main|GameData.Domains.TaiwuEvent.EventScriptRuntime|循环了
2026-06-28 04:29:10.9105|INFO|Main|GameData.Domains.TaiwuEvent.EventScriptRuntime|循环次数小于10
2026-06-28 04:29:10.9105|INFO|Main|GameData.Domains.TaiwuEvent.EventScriptRuntime|循环了
2026-06-28 04:29:10.9105|INFO|Main|GameData.Domains.TaiwuEvent.EventScriptRuntime|循环次数小于10
2026-06-28 04:29:10.9105|INFO|Main|GameData.Domains.TaiwuEvent.EventScriptRuntime|循环了
2026-06-28 04:29:10.9105|INFO|Main|GameData.Domains.TaiwuEvent.EventScriptRuntime|循环次数小于10
2026-06-28 04:29:10.9105|INFO|Main|GameData.Domains.TaiwuEvent.EventScriptRuntime|循环了
2026-06-28 04:29:10.9105|INFO|Main|GameData.Domains.TaiwuEvent.EventScriptRuntime|循环次数小于10
2026-06-28 04:29:10.9105|INFO|Main|GameData.Domains.TaiwuEvent.EventScriptRuntime|循环了
2026-06-28 04:29:10.9105|INFO|Main|GameData.Domains.TaiwuEvent.EventScriptRuntime|循环次数小于10
2026-06-28 04:29:10.9105|INFO|Main|GameData.Domains.TaiwuEvent.EventScriptRuntime|循环了
2026-06-28 04:29:10.9105|INFO|Main|GameData.Domains.TaiwuEvent.EventScriptRuntime|循环次数小于10
2026-06-28 04:29:10.9105|INFO|Main|GameData.Domains.TaiwuEvent.EventScriptRuntime|循环了
2026-06-28 04:29:10.9105|INFO|Main|GameData.Domains.TaiwuEvent.EventScriptRuntime|结束循环
2026-06-28 04:29:10.9105|INFO|Main|GameData.Domains.TaiwuEvent.EventScriptRuntime|做一个保底机制确保不会变成捕快窝
2026-06-28 04:29:10.9105|INFO|Main|GameData.Domains.TaiwuEvent.EventScriptRuntime|刷新各类捕快数量
2026-06-28 04:29:10.9105|INFO|Main|GameData.Domains.TaiwuEvent.EventScriptRuntime|做一个保底机制确保不会变成捕快窝
2026-06-28 04:29:10.9105|INFO|Main|GameData.Domains.TaiwuEvent.EventScriptRuntime|刷新各类捕快数量
2026-06-28 04:29:10.9105|INFO|Main|GameData.Domains.TaiwuEvent.EventScriptRuntime|循环了
2026-06-28 04:29:10.9105|INFO|Main|GameData.Domains.TaiwuEvent.EventScriptRuntime|循环次数小于10
2026-06-28 04:29:10.9105|INFO|Main|GameData.Domains.TaiwuEvent.EventScriptRuntime|循环了
2026-06-28 04:29:10.9105|INFO|Main|GameData.Domains.TaiwuEvent.EventScriptRuntime|循环次数小于10
2026-06-28 04:29:10.9105|INFO|Main|GameData.Domains.TaiwuEvent.EventScriptRuntime|循环了
2026-06-28 04:29:10.9105|INFO|Main|GameData.Domains.TaiwuEvent.EventScriptRuntime|循环次数小于10
2026-06-28 04:29:10.9105|INFO|Main|GameData.Domains.TaiwuEvent.EventScriptRuntime|循环了
2026-06-28 04:29:10.9105|INFO|Main|GameData.Domains.TaiwuEvent.EventScriptRuntime|循环次数小于10
2026-06-28 04:29:10.9105|INFO|Main|GameData.Domains.TaiwuEvent.EventScriptRuntime|循环了
2026-06-28 04:29:10.9105|INFO|Main|GameData.Domains.TaiwuEvent.EventScriptRuntime|循环次数小于10
2026-06-28 04:29:10.9105|INFO|Main|GameData.Domains.TaiwuEvent.EventScriptRuntime|循环了
2026-06-28 04:29:10.9105|INFO|Main|GameData.Domains.TaiwuEvent.EventScriptRuntime|循环次数小于10
2026-06-28 04:29:10.9105|INFO|Main|GameData.Domains.TaiwuEvent.EventScriptRuntime|循环了
2026-06-28 04:29:10.9105|INFO|Main|GameData.Domains.TaiwuEvent.EventScriptRuntime|循环次数小于10
2026-06-28 04:29:10.9105|INFO|Main|GameData.Domains.TaiwuEvent.EventScriptRuntime|循环了
2026-06-28 04:29:10.9105|INFO|Main|GameData.Domains.TaiwuEvent.EventScriptRuntime|循环次数小于10
2026-06-28 04:29:10.9105|INFO|Main|GameData.Domains.TaiwuEvent.EventScriptRuntime|循环了
2026-06-28 04:29:10.9105|INFO|Main|GameData.Domains.TaiwuEvent.EventScriptRuntime|循环次数小于10
2026-06-28 04:29:10.9105|INFO|Main|GameData.Domains.TaiwuEvent.EventScriptRuntime|循环了
2026-06-28 04:29:10.9105|INFO|Main|GameData.Domains.TaiwuEvent.EventScriptRuntime|循环次数小于10
2026-06-28 04:29:10.9105|INFO|Main|GameData.Domains.TaiwuEvent.EventScriptRuntime|循环了
2026-06-28 04:29:10.9105|INFO|Main|GameData.Domains.TaiwuEvent.EventScriptRuntime|结束循环
2026-06-28 04:29:10.9105|INFO|Main|GameData.Domains.TaiwuEvent.EventScriptRuntime|循环了
2026-06-28 04:29:10.9105|INFO|Main|GameData.Domains.TaiwuEvent.EventScriptRuntime|循环次数小于10
2026-06-28 04:29:10.9105|INFO|Main|GameData.Domains.TaiwuEvent.EventScriptRuntime|循环了
2026-06-28 04:29:10.9105|INFO|Main|GameData.Domains.TaiwuEvent.EventScriptRuntime|循环次数小于10
2026-06-28 04:29:10.9105|INFO|Main|GameData.Domains.TaiwuEvent.EventScriptRuntime|循环了
2026-06-28 04:29:10.9105|INFO|Main|GameData.Domains.TaiwuEvent.EventScriptRuntime|循环次数小于10
2026-06-28 04:29:10.9105|INFO|Main|GameData.Domains.TaiwuEvent.EventScriptRuntime|循环了
2026-06-28 04:29:10.9105|INFO|Main|GameData.Domains.TaiwuEvent.EventScriptRuntime|循环次数小于10
2026-06-28 04:29:10.9105|INFO|Main|GameData.Domains.TaiwuEvent.EventScriptRuntime|循环了
2026-06-28 04:29:10.9105|INFO|Main|GameData.Domains.TaiwuEvent.EventScriptRuntime|循环次数小于10
2026-06-28 04:29:10.9105|INFO|Main|GameData.Domains.TaiwuEvent.EventScriptRuntime|循环了
2026-06-28 04:29:10.9105|INFO|Main|GameData.Domains.TaiwuEvent.EventScriptRuntime|循环次数小于10
2026-06-28 04:29:10.9105|INFO|Main|GameData.Domains.TaiwuEvent.EventScriptRuntime|循环了
2026-06-28 04:29:10.9105|INFO|Main|GameData.Domains.TaiwuEvent.EventScriptRuntime|循环次数小于10
2026-06-28 04:29:10.9105|INFO|Main|GameData.Domains.TaiwuEvent.EventScriptRuntime|循环了
2026-06-28 04:29:10.9105|INFO|Main|GameData.Domains.TaiwuEvent.EventScriptRuntime|循环次数小于10
2026-06-28 04:29:10.9105|INFO|Main|GameData.Domains.TaiwuEvent.EventScriptRuntime|循环了
2026-06-28 04:29:10.9105|INFO|Main|GameData.Domains.TaiwuEvent.EventScriptRuntime|循环次数小于10
2026-06-28 04:29:10.9105|INFO|Main|GameData.Domains.TaiwuEvent.EventScriptRuntime|循环了
2026-06-28 04:29:10.9105|INFO|Main|GameData.Domains.TaiwuEvent.EventScriptRuntime|循环次数小于10
2026-06-28 04:29:10.9105|INFO|Main|GameData.Domains.TaiwuEvent.EventScriptRuntime|循环了
2026-06-28 04:29:10.9105|INFO|Main|GameData.Domains.TaiwuEvent.EventScriptRuntime|结束循环
2026-06-28 04:29:10.9105|INFO|Main|GameData.Domains.TaiwuEvent.EventScriptRuntime|做一个保底机制确保不会变成捕快窝
2026-06-28 04:29:10.9105|INFO|Main|GameData.Domains.TaiwuEvent.EventScriptRuntime|刷新各类捕快数量
2026-06-28 04:29:10.9105|INFO|Main|GameData.Domains.TaiwuEvent.EventScriptRuntime|循环了
2026-06-28 04:29:10.9105|INFO|Main|GameData.Domains.TaiwuEvent.EventScriptRuntime|循环次数小于10
2026-06-28 04:29:10.9105|INFO|Main|GameData.Domains.TaiwuEvent.EventScriptRuntime|循环了
2026-06-28 04:29:10.9105|INFO|Main|GameData.Domains.TaiwuEvent.EventScriptRuntime|循环次数小于10
2026-06-28 04:29:10.9105|INFO|Main|GameData.Domains.TaiwuEvent.EventScriptRuntime|循环了
2026-06-28 04:29:10.9105|INFO|Main|GameData.Domains.TaiwuEvent.EventScriptRuntime|循环次数小于10
2026-06-28 04:29:10.9105|INFO|Main|GameData.Domains.TaiwuEvent.EventScriptRuntime|循环了
2026-06-28 04:29:10.9105|INFO|Main|GameData.Domains.TaiwuEvent.EventScriptRuntime|循环次数小于10
2026-06-28 04:29:10.9105|INFO|Main|GameData.Domains.TaiwuEvent.EventScriptRuntime|循环了
2026-06-28 04:29:10.9105|INFO|Main|GameData.Domains.TaiwuEvent.EventScriptRuntime|循环次数小于10
2026-06-28 04:29:10.9105|INFO|Main|GameData.Domains.TaiwuEvent.EventScriptRuntime|循环了
2026-06-28 04:29:10.9105|INFO|Main|GameData.Domains.TaiwuEvent.EventScriptRuntime|循环次数小于10
2026-06-28 04:29:10.9105|INFO|Main|GameData.Domains.TaiwuEvent.EventScriptRuntime|循环了
2026-06-28 04:29:10.9105|INFO|Main|GameData.Domains.TaiwuEvent.EventScriptRuntime|循环次数小于10
2026-06-28 04:29:10.9105|INFO|Main|GameData.Domains.TaiwuEvent.EventScriptRuntime|循环了
2026-06-28 04:29:10.9105|INFO|Main|GameData.Domains.TaiwuEvent.EventScriptRuntime|循环次数小于10
2026-06-28 04:29:10.9105|INFO|Main|GameData.Domains.TaiwuEvent.EventScriptRuntime|循环了
2026-06-28 04:29:10.9105|INFO|Main|GameData.Domains.TaiwuEvent.EventScriptRuntime|循环次数小于10
2026-06-28 04:29:10.9105|INFO|Main|GameData.Domains.TaiwuEvent.EventScriptRuntime|循环了
2026-06-28 04:29:10.9105|INFO|Main|GameData.Domains.TaiwuEvent.EventScriptRuntime|循环次数小于10
2026-06-28 04:29:10.9105|INFO|Main|GameData.Domains.TaiwuEvent.EventScriptRuntime|循环了
2026-06-28 04:29:10.9105|INFO|Main|GameData.Domains.TaiwuEvent.EventScriptRuntime|结束循环
2026-06-28 04:29:10.9105|INFO|Main|GameData.Domains.TaiwuEvent.EventScriptRuntime|循环了
2026-06-28 04:29:10.9105|INFO|Main|GameData.Domains.TaiwuEvent.EventScriptRuntime|循环次数小于10
2026-06-28 04:29:10.9105|INFO|Main|GameData.Domains.TaiwuEvent.EventScriptRuntime|循环了
2026-06-28 04:29:10.9105|INFO|Main|GameData.Domains.TaiwuEvent.EventScriptRuntime|循环次数小于10
2026-06-28 04:29:10.9105|INFO|Main|GameData.Domains.TaiwuEvent.EventScriptRuntime|循环了
2026-06-28 04:29:10.9105|INFO|Main|GameData.Domains.TaiwuEvent.EventScriptRuntime|循环次数小于10
2026-06-28 04:29:10.9105|INFO|Main|GameData.Domains.TaiwuEvent.EventScriptRuntime|循环了
2026-06-28 04:29:10.9105|INFO|Main|GameData.Domains.TaiwuEvent.EventScriptRuntime|循环次数小于10
2026-06-28 04:29:10.9105|INFO|Main|GameData.Domains.TaiwuEvent.EventScriptRuntime|循环了
2026-06-28 04:29:10.9105|INFO|Main|GameData.Domains.TaiwuEvent.EventScriptRuntime|循环次数小于10
2026-06-28 04:29:10.9105|INFO|Main|GameData.Domains.TaiwuEvent.EventScriptRuntime|循环了
2026-06-28 04:29:10.9105|INFO|Main|GameData.Domains.TaiwuEvent.EventScriptRuntime|循环次数小于10
2026-06-28 04:29:10.9105|INFO|Main|GameData.Domains.TaiwuEvent.EventScriptRuntime|循环了
2026-06-28 04:29:10.9105|INFO|Main|GameData.Domains.TaiwuEvent.EventScriptRuntime|循环次数小于10
2026-06-28 04:29:10.9105|INFO|Main|GameData.Domains.TaiwuEvent.EventScriptRuntime|循环了
2026-06-28 04:29:10.9105|INFO|Main|GameData.Domains.TaiwuEvent.EventScriptRuntime|循环次数小于10
2026-06-28 04:29:10.9105|INFO|Main|GameData.Domains.TaiwuEvent.EventScriptRuntime|循环了
2026-06-28 04:29:10.9105|INFO|Main|GameData.Domains.TaiwuEvent.EventScriptRuntime|循环次数小于10
2026-06-28 04:29:10.9264|INFO|Main|GameData.Domains.TaiwuEvent.EventScriptRuntime|循环了
2026-06-28 04:29:10.9264|INFO|Main|GameData.Domains.TaiwuEvent.EventScriptRuntime|循环次数小于10
2026-06-28 04:29:10.9264|INFO|Main|GameData.Domains.TaiwuEvent.EventScriptRuntime|循环了
2026-06-28 04:29:10.9264|INFO|Main|GameData.Domains.TaiwuEvent.EventScriptRuntime|结束循环
2026-06-28 04:29:10.9264|INFO|Main|GameData.Domains.TaiwuEvent.EventScriptRuntime|循环了
2026-06-28 04:29:10.9264|INFO|Main|GameData.Domains.TaiwuEvent.EventScriptRuntime|循环次数小于10
2026-06-28 04:29:10.9264|INFO|Main|GameData.Domains.TaiwuEvent.EventScriptRuntime|循环了
2026-06-28 04:29:10.9264|INFO|Main|GameData.Domains.TaiwuEvent.EventScriptRuntime|循环次数小于10
2026-06-28 04:29:10.9264|INFO|Main|GameData.Domains.TaiwuEvent.EventScriptRuntime|循环了
2026-06-28 04:29:10.9264|INFO|Main|GameData.Domains.TaiwuEvent.EventScriptRuntime|循环次数小于10
2026-06-28 04:29:10.9264|INFO|Main|GameData.Domains.TaiwuEvent.EventScriptRuntime|循环了
2026-06-28 04:29:10.9264|INFO|Main|GameData.Domains.TaiwuEvent.EventScriptRuntime|循环次数小于10
2026-06-28 04:29:10.9264|INFO|Main|GameData.Domains.TaiwuEvent.EventScriptRuntime|循环了
2026-06-28 04:29:10.9264|INFO|Main|GameData.Domains.TaiwuEvent.EventScriptRuntime|循环次数小于10
2026-06-28 04:29:10.9264|INFO|Main|GameData.Domains.TaiwuEvent.EventScriptRuntime|循环了
2026-06-28 04:29:10.9264|INFO|Main|GameData.Domains.TaiwuEvent.EventScriptRuntime|循环次数小于10
2026-06-28 04:29:10.9264|INFO|Main|GameData.Domains.TaiwuEvent.EventScriptRuntime|循环了
2026-06-28 04:29:10.9264|INFO|Main|GameData.Domains.TaiwuEvent.EventScriptRuntime|循环次数小于10
2026-06-28 04:29:10.9264|INFO|Main|GameData.Domains.TaiwuEvent.EventScriptRuntime|循环了
2026-06-28 04:29:10.9264|INFO|Main|GameData.Domains.TaiwuEvent.EventScriptRuntime|循环次数小于10
2026-06-28 04:29:10.9264|INFO|Main|GameData.Domains.TaiwuEvent.EventScriptRuntime|循环了
2026-06-28 04:29:10.9264|INFO|Main|GameData.Domains.TaiwuEvent.EventScriptRuntime|循环次数小于10
2026-06-28 04:29:10.9264|INFO|Main|GameData.Domains.TaiwuEvent.EventScriptRuntime|循环了
2026-06-28 04:29:10.9264|INFO|Main|GameData.Domains.TaiwuEvent.EventScriptRuntime|循环次数小于10
2026-06-28 04:29:10.9264|INFO|Main|GameData.Domains.TaiwuEvent.EventScriptRuntime|循环了
2026-06-28 04:29:10.9264|INFO|Main|GameData.Domains.TaiwuEvent.EventScriptRuntime|结束循环
2026-06-28 04:29:10.9264|INFO|Main|GameData.Domains.TaiwuEvent.EventScriptRuntime|做一个保底机制确保不会变成捕快窝
2026-06-28 04:29:10.9264|INFO|Main|GameData.Domains.TaiwuEvent.EventScriptRuntime|刷新各类捕快数量
2026-06-28 04:29:10.9264|INFO|Main|GameData.Domains.TaiwuEvent.EventScriptRuntime|做一个保底机制确保不会变成捕快窝
2026-06-28 04:29:10.9264|INFO|Main|GameData.Domains.TaiwuEvent.EventScriptRuntime|刷新各类捕快数量
2026-06-28 04:29:10.9264|INFO|Main|GameData.Domains.TaiwuEvent.EventScriptRuntime|做一个保底机制确保不会变成捕快窝
2026-06-28 04:29:10.9264|INFO|Main|GameData.Domains.TaiwuEvent.EventScriptRuntime|刷新各类捕快数量
2026-06-28 04:29:10.9264|INFO|Main|GameData.Domains.TaiwuEvent.EventScriptRuntime|做一个保底机制确保不会变成捕快窝
2026-06-28 04:29:10.9264|INFO|Main|GameData.Domains.TaiwuEvent.EventScriptRuntime|刷新各类捕快数量
2026-06-28 04:29:10.9264|INFO|Main|GameData.Domains.TaiwuEvent.EventScriptRuntime|循环了
2026-06-28 04:29:10.9264|INFO|Main|GameData.Domains.TaiwuEvent.EventScriptRuntime|循环次数小于10
2026-06-28 04:29:10.9264|INFO|Main|GameData.Domains.TaiwuEvent.EventScriptRuntime|循环了
2026-06-28 04:29:10.9264|INFO|Main|GameData.Domains.TaiwuEvent.EventScriptRuntime|循环次数小于10
2026-06-28 04:29:10.9264|INFO|Main|GameData.Domains.TaiwuEvent.EventScriptRuntime|循环了
2026-06-28 04:29:10.9264|INFO|Main|GameData.Domains.TaiwuEvent.EventScriptRuntime|循环次数小于10
2026-06-28 04:29:10.9264|INFO|Main|GameData.Domains.TaiwuEvent.EventScriptRuntime|循环了
2026-06-28 04:29:10.9264|INFO|Main|GameData.Domains.TaiwuEvent.EventScriptRuntime|循环次数小于10
2026-06-28 04:29:10.9264|INFO|Main|GameData.Domains.TaiwuEvent.EventScriptRuntime|循环了
2026-06-28 04:29:10.9264|INFO|Main|GameData.Domains.TaiwuEvent.EventScriptRuntime|循环次数小于10
2026-06-28 04:29:10.9264|INFO|Main|GameData.Domains.TaiwuEvent.EventScriptRuntime|循环了
2026-06-28 04:29:10.9264|INFO|Main|GameData.Domains.TaiwuEvent.EventScriptRuntime|循环次数小于10
2026-06-28 04:29:10.9264|INFO|Main|GameData.Domains.TaiwuEvent.EventScriptRuntime|循环了
2026-06-28 04:29:10.9264|INFO|Main|GameData.Domains.TaiwuEvent.EventScriptRuntime|循环次数小于10
2026-06-28 04:29:10.9264|INFO|Main|GameData.Domains.TaiwuEvent.EventScriptRuntime|循环了
2026-06-28 04:29:10.9264|INFO|Main|GameData.Domains.TaiwuEvent.EventScriptRuntime|循环次数小于10
2026-06-28 04:29:10.9264|INFO|Main|GameData.Domains.TaiwuEvent.EventScriptRuntime|循环了
2026-06-28 04:29:10.9264|INFO|Main|GameData.Domains.TaiwuEvent.EventScriptRuntime|循环次数小于10
2026-06-28 04:29:10.9264|INFO|Main|GameData.Domains.TaiwuEvent.EventScriptRuntime|循环了
2026-06-28 04:29:10.9264|INFO|Main|GameData.Domains.TaiwuEvent.EventScriptRuntime|循环次数小于10
2026-06-28 04:29:10.9264|INFO|Main|GameData.Domains.TaiwuEvent.EventScriptRuntime|循环了
2026-06-28 04:29:10.9264|INFO|Main|GameData.Domains.TaiwuEvent.EventScriptRuntime|结束循环
2026-06-28 04:29:10.9264|INFO|Main|GameData.Domains.TaiwuEvent.EventScriptRuntime|循环了
2026-06-28 04:29:10.9264|INFO|Main|GameData.Domains.TaiwuEvent.EventScriptRuntime|循环次数小于10
2026-06-28 04:29:10.9264|INFO|Main|GameData.Domains.TaiwuEvent.EventScriptRuntime|循环了
2026-06-28 04:29:10.9264|INFO|Main|GameData.Domains.TaiwuEvent.EventScriptRuntime|循环次数小于10
2026-06-28 04:29:10.9264|INFO|Main|GameData.Domains.TaiwuEvent.EventScriptRuntime|循环了
2026-06-28 04:29:10.9264|INFO|Main|GameData.Domains.TaiwuEvent.EventScriptRuntime|循环次数小于10
2026-06-28 04:29:10.9264|INFO|Main|GameData.Domains.TaiwuEvent.EventScriptRuntime|循环了
2026-06-28 04:29:10.9264|INFO|Main|GameData.Domains.TaiwuEvent.EventScriptRuntime|循环次数小于10
2026-06-28 04:29:10.9264|INFO|Main|GameData.Domains.TaiwuEvent.EventScriptRuntime|循环了
2026-06-28 04:29:10.9264|INFO|Main|GameData.Domains.TaiwuEvent.EventScriptRuntime|循环次数小于10
2026-06-28 04:29:10.9264|INFO|Main|GameData.Domains.TaiwuEvent.EventScriptRuntime|循环了
2026-06-28 04:29:10.9264|INFO|Main|GameData.Domains.TaiwuEvent.EventScriptRuntime|循环次数小于10
2026-06-28 04:29:10.9264|INFO|Main|GameData.Domains.TaiwuEvent.EventScriptRuntime|循环了
2026-06-28 04:29:10.9264|INFO|Main|GameData.Domains.TaiwuEvent.EventScriptRuntime|循环次数小于10
2026-06-28 04:29:10.9264|INFO|Main|GameData.Domains.TaiwuEvent.EventScriptRuntime|循环了
2026-06-28 04:29:10.9264|INFO|Main|GameData.Domains.TaiwuEvent.EventScriptRuntime|循环次数小于10
2026-06-28 04:29:10.9264|INFO|Main|GameData.Domains.TaiwuEvent.EventScriptRuntime|循环了
2026-06-28 04:29:10.9264|INFO|Main|GameData.Domains.TaiwuEvent.EventScriptRuntime|循环次数小于10
2026-06-28 04:29:10.9264|INFO|Main|GameData.Domains.TaiwuEvent.EventScriptRuntime|循环了
2026-06-28 04:29:10.9264|INFO|Main|GameData.Domains.TaiwuEvent.EventScriptRuntime|循环次数小于10
2026-06-28 04:29:10.9264|INFO|Main|GameData.Domains.TaiwuEvent.EventScriptRuntime|循环了
2026-06-28 04:29:10.9264|INFO|Main|GameData.Domains.TaiwuEvent.EventScriptRuntime|结束循环
2026-06-28 04:29:10.9264|INFO|Main|GameData.Domains.TaiwuEvent.EventScriptRuntime|循环了
2026-06-28 04:29:10.9264|INFO|Main|GameData.Domains.TaiwuEvent.EventScriptRuntime|循环次数小于10
2026-06-28 04:29:10.9264|INFO|Main|GameData.Domains.TaiwuEvent.EventScriptRuntime|循环了
2026-06-28 04:29:10.9264|INFO|Main|GameData.Domains.TaiwuEvent.EventScriptRuntime|循环次数小于10
2026-06-28 04:29:10.9264|INFO|Main|GameData.Domains.TaiwuEvent.EventScriptRuntime|循环了
2026-06-28 04:29:10.9264|INFO|Main|GameData.Domains.TaiwuEvent.EventScriptRuntime|循环次数小于10
2026-06-28 04:29:10.9264|INFO|Main|GameData.Domains.TaiwuEvent.EventScriptRuntime|循环了
2026-06-28 04:29:10.9264|INFO|Main|GameData.Domains.TaiwuEvent.EventScriptRuntime|循环次数小于10
2026-06-28 04:29:10.9264|INFO|Main|GameData.Domains.TaiwuEvent.EventScriptRuntime|循环了
2026-06-28 04:29:10.9264|INFO|Main|GameData.Domains.TaiwuEvent.EventScriptRuntime|循环次数小于10
2026-06-28 04:29:10.9264|INFO|Main|GameData.Domains.TaiwuEvent.EventScriptRuntime|循环了
2026-06-28 04:29:10.9264|INFO|Main|GameData.Domains.TaiwuEvent.EventScriptRuntime|循环次数小于10
2026-06-28 04:29:10.9264|INFO|Main|GameData.Domains.TaiwuEvent.EventScriptRuntime|循环了
2026-06-28 04:29:10.9264|INFO|Main|GameData.Domains.TaiwuEvent.EventScriptRuntime|循环次数小于10
2026-06-28 04:29:10.9264|INFO|Main|GameData.Domains.TaiwuEvent.EventScriptRuntime|循环了
2026-06-28 04:29:10.9264|INFO|Main|GameData.Domains.TaiwuEvent.EventScriptRuntime|循环次数小于10
2026-06-28 04:29:10.9264|INFO|Main|GameData.Domains.TaiwuEvent.EventScriptRuntime|循环了
2026-06-28 04:29:10.9264|INFO|Main|GameData.Domains.TaiwuEvent.EventScriptRuntime|循环次数小于10
2026-06-28 04:29:10.9264|INFO|Main|GameData.Domains.TaiwuEvent.EventScriptRuntime|循环了
2026-06-28 04:29:10.9264|INFO|Main|GameData.Domains.TaiwuEvent.EventScriptRuntime|循环次数小于10
2026-06-28 04:29:10.9264|INFO|Main|GameData.Domains.TaiwuEvent.EventScriptRuntime|循环了
2026-06-28 04:29:10.9264|INFO|Main|GameData.Domains.TaiwuEvent.EventScriptRuntime|结束循环
2026-06-28 04:29:10.9264|INFO|Main|GameData.Domains.TaiwuEvent.EventScriptRuntime|循环了
2026-06-28 04:29:10.9264|INFO|Main|GameData.Domains.TaiwuEvent.EventScriptRuntime|循环次数小于10
2026-06-28 04:29:10.9264|INFO|Main|GameData.Domains.TaiwuEvent.EventScriptRuntime|循环了
2026-06-28 04:29:10.9264|INFO|Main|GameData.Domains.TaiwuEvent.EventScriptRuntime|循环次数小于10
2026-06-28 04:29:10.9264|INFO|Main|GameData.Domains.TaiwuEvent.EventScriptRuntime|循环了
2026-06-28 04:29:10.9264|INFO|Main|GameData.Domains.TaiwuEvent.EventScriptRuntime|循环次数小于10
2026-06-28 04:29:10.9264|INFO|Main|GameData.Domains.TaiwuEvent.EventScriptRuntime|循环了
2026-06-28 04:29:10.9264|INFO|Main|GameData.Domains.TaiwuEvent.EventScriptRuntime|循环次数小于10
2026-06-28 04:29:10.9264|INFO|Main|GameData.Domains.TaiwuEvent.EventScriptRuntime|循环了
2026-06-28 04:29:10.9264|INFO|Main|GameData.Domains.TaiwuEvent.EventScriptRuntime|循环次数小于10
2026-06-28 04:29:10.9264|INFO|Main|GameData.Domains.TaiwuEvent.EventScriptRuntime|循环了
2026-06-28 04:29:10.9264|INFO|Main|GameData.Domains.TaiwuEvent.EventScriptRuntime|循环次数小于10
2026-06-28 04:29:10.9264|INFO|Main|GameData.Domains.TaiwuEvent.EventScriptRuntime|循环了
2026-06-28 04:29:10.9264|INFO|Main|GameData.Domains.TaiwuEvent.EventScriptRuntime|循环次数小于10
2026-06-28 04:29:10.9264|INFO|Main|GameData.Domains.TaiwuEvent.EventScriptRuntime|循环了
2026-06-28 04:29:10.9264|INFO|Main|GameData.Domains.TaiwuEvent.EventScriptRuntime|循环次数小于10
2026-06-28 04:29:10.9264|INFO|Main|GameData.Domains.TaiwuEvent.EventScriptRuntime|循环了
2026-06-28 04:29:10.9264|INFO|Main|GameData.Domains.TaiwuEvent.EventScriptRuntime|循环次数小于10
2026-06-28 04:29:10.9264|INFO|Main|GameData.Domains.TaiwuEvent.EventScriptRuntime|循环了
2026-06-28 04:29:10.9264|INFO|Main|GameData.Domains.TaiwuEvent.EventScriptRuntime|循环次数小于10
2026-06-28 04:29:10.9264|INFO|Main|GameData.Domains.TaiwuEvent.EventScriptRuntime|循环了
2026-06-28 04:29:10.9264|INFO|Main|GameData.Domains.TaiwuEvent.EventScriptRuntime|结束循环
2026-06-28 04:29:10.9264|INFO|Main|GameData.Domains.TaiwuEvent.EventScriptRuntime|做一个保底机制确保不会变成捕快窝
2026-06-28 04:29:10.9264|INFO|Main|GameData.Domains.TaiwuEvent.EventScriptRuntime|刷新各类捕快数量
2026-06-28 04:29:10.9264|INFO|Main|GameData.Domains.TaiwuEvent.EventScriptRuntime|做一个保底机制确保不会变成捕快窝
2026-06-28 04:29:10.9264|INFO|Main|GameData.Domains.TaiwuEvent.EventScriptRuntime|刷新各类捕快数量
2026-06-28 04:29:10.9264|INFO|Main|GameData.Domains.TaiwuEvent.EventScriptRuntime|做一个保底机制确保不会变成捕快窝
2026-06-28 04:29:10.9264|INFO|Main|GameData.Domains.TaiwuEvent.EventScriptRuntime|刷新各类捕快数量
2026-06-28 04:29:10.9264|INFO|Main|GameData.Domains.TaiwuEvent.EventScriptRuntime|做一个保底机制确保不会变成捕快窝
2026-06-28 04:29:10.9264|INFO|Main|GameData.Domains.TaiwuEvent.EventScriptRuntime|刷新各类捕快数量
2026-06-28 04:29:10.9423|INFO|Main|GameData.Domains.TaiwuEvent.EventScriptRuntime|循环了
2026-06-28 04:29:10.9423|INFO|Main|GameData.Domains.TaiwuEvent.EventScriptRuntime|循环次数小于10
2026-06-28 04:29:10.9423|INFO|Main|GameData.Domains.TaiwuEvent.EventScriptRuntime|循环了
2026-06-28 04:29:10.9423|INFO|Main|GameData.Domains.TaiwuEvent.EventScriptRuntime|循环次数小于10
2026-06-28 04:29:10.9423|INFO|Main|GameData.Domains.TaiwuEvent.EventScriptRuntime|循环了
2026-06-28 04:29:10.9423|INFO|Main|GameData.Domains.TaiwuEvent.EventScriptRuntime|循环次数小于10
2026-06-28 04:29:10.9423|INFO|Main|GameData.Domains.TaiwuEvent.EventScriptRuntime|循环了
2026-06-28 04:29:10.9423|INFO|Main|GameData.Domains.TaiwuEvent.EventScriptRuntime|循环次数小于10
2026-06-28 04:29:10.9423|INFO|Main|GameData.Domains.TaiwuEvent.EventScriptRuntime|循环了
2026-06-28 04:29:10.9423|INFO|Main|GameData.Domains.TaiwuEvent.EventScriptRuntime|循环次数小于10
2026-06-28 04:29:10.9423|INFO|Main|GameData.Domains.TaiwuEvent.EventScriptRuntime|循环了
2026-06-28 04:29:10.9423|INFO|Main|GameData.Domains.TaiwuEvent.EventScriptRuntime|循环次数小于10
2026-06-28 04:29:10.9423|INFO|Main|GameData.Domains.TaiwuEvent.EventScriptRuntime|循环了
2026-06-28 04:29:10.9423|INFO|Main|GameData.Domains.TaiwuEvent.EventScriptRuntime|循环次数小于10
2026-06-28 04:29:10.9423|INFO|Main|GameData.Domains.TaiwuEvent.EventScriptRuntime|循环了
2026-06-28 04:29:10.9423|INFO|Main|GameData.Domains.TaiwuEvent.EventScriptRuntime|循环次数小于10
2026-06-28 04:29:10.9423|INFO|Main|GameData.Domains.TaiwuEvent.EventScriptRuntime|循环了
2026-06-28 04:29:10.9423|INFO|Main|GameData.Domains.TaiwuEvent.EventScriptRuntime|循环次数小于10
2026-06-28 04:29:10.9423|INFO|Main|GameData.Domains.TaiwuEvent.EventScriptRuntime|循环了
2026-06-28 04:29:10.9423|INFO|Main|GameData.Domains.TaiwuEvent.EventScriptRuntime|循环次数小于10
2026-06-28 04:29:10.9423|INFO|Main|GameData.Domains.TaiwuEvent.EventScriptRuntime|循环了
2026-06-28 04:29:10.9423|INFO|Main|GameData.Domains.TaiwuEvent.EventScriptRuntime|结束循环
2026-06-28 04:29:10.9423|INFO|Main|GameData.Domains.TaiwuEvent.EventScriptRuntime|循环了
2026-06-28 04:29:10.9423|INFO|Main|GameData.Domains.TaiwuEvent.EventScriptRuntime|循环次数小于10
2026-06-28 04:29:10.9423|INFO|Main|GameData.Domains.TaiwuEvent.EventScriptRuntime|循环了
2026-06-28 04:29:10.9423|INFO|Main|GameData.Domains.TaiwuEvent.EventScriptRuntime|循环次数小于10
2026-06-28 04:29:10.9423|INFO|Main|GameData.Domains.TaiwuEvent.EventScriptRuntime|循环了
2026-06-28 04:29:10.9423|INFO|Main|GameData.Domains.TaiwuEvent.EventScriptRuntime|循环次数小于10
2026-06-28 04:29:10.9423|INFO|Main|GameData.Domains.TaiwuEvent.EventScriptRuntime|循环了
2026-06-28 04:29:10.9423|INFO|Main|GameData.Domains.TaiwuEvent.EventScriptRuntime|循环次数小于10
2026-06-28 04:29:10.9423|INFO|Main|GameData.Domains.TaiwuEvent.EventScriptRuntime|循环了
2026-06-28 04:29:10.9423|INFO|Main|GameData.Domains.TaiwuEvent.EventScriptRuntime|循环次数小于10
2026-06-28 04:29:10.9423|INFO|Main|GameData.Domains.TaiwuEvent.EventScriptRuntime|循环了
2026-06-28 04:29:10.9423|INFO|Main|GameData.Domains.TaiwuEvent.EventScriptRuntime|循环次数小于10
2026-06-28 04:29:10.9423|INFO|Main|GameData.Domains.TaiwuEvent.EventScriptRuntime|循环了
2026-06-28 04:29:10.9423|INFO|Main|GameData.Domains.TaiwuEvent.EventScriptRuntime|循环次数小于10
2026-06-28 04:29:10.9423|INFO|Main|GameData.Domains.TaiwuEvent.EventScriptRuntime|循环了
2026-06-28 04:29:10.9423|INFO|Main|GameData.Domains.TaiwuEvent.EventScriptRuntime|循环次数小于10
2026-06-28 04:29:10.9423|INFO|Main|GameData.Domains.TaiwuEvent.EventScriptRuntime|循环了
2026-06-28 04:29:10.9423|INFO|Main|GameData.Domains.TaiwuEvent.EventScriptRuntime|循环次数小于10
2026-06-28 04:29:10.9423|INFO|Main|GameData.Domains.TaiwuEvent.EventScriptRuntime|循环了
2026-06-28 04:29:10.9423|INFO|Main|GameData.Domains.TaiwuEvent.EventScriptRuntime|循环次数小于10
2026-06-28 04:29:10.9423|INFO|Main|GameData.Domains.TaiwuEvent.EventScriptRuntime|循环了
2026-06-28 04:29:10.9423|INFO|Main|GameData.Domains.TaiwuEvent.EventScriptRuntime|结束循环
2026-06-28 04:29:10.9423|INFO|Main|GameData.Domains.TaiwuEvent.EventScriptRuntime|循环了
2026-06-28 04:29:10.9423|INFO|Main|GameData.Domains.TaiwuEvent.EventScriptRuntime|循环次数小于10
2026-06-28 04:29:10.9423|INFO|Main|GameData.Domains.TaiwuEvent.EventScriptRuntime|循环了
2026-06-28 04:29:10.9423|INFO|Main|GameData.Domains.TaiwuEvent.EventScriptRuntime|循环次数小于10
2026-06-28 04:29:10.9423|INFO|Main|GameData.Domains.TaiwuEvent.EventScriptRuntime|循环了
2026-06-28 04:29:10.9423|INFO|Main|GameData.Domains.TaiwuEvent.EventScriptRuntime|循环次数小于10
2026-06-28 04:29:10.9423|INFO|Main|GameData.Domains.TaiwuEvent.EventScriptRuntime|循环了
2026-06-28 04:29:10.9423|INFO|Main|GameData.Domains.TaiwuEvent.EventScriptRuntime|循环次数小于10
2026-06-28 04:29:10.9423|INFO|Main|GameData.Domains.TaiwuEvent.EventScriptRuntime|循环了
2026-06-28 04:29:10.9423|INFO|Main|GameData.Domains.TaiwuEvent.EventScriptRuntime|循环次数小于10
2026-06-28 04:29:10.9423|INFO|Main|GameData.Domains.TaiwuEvent.EventScriptRuntime|循环了
2026-06-28 04:29:10.9423|INFO|Main|GameData.Domains.TaiwuEvent.EventScriptRuntime|循环次数小于10
2026-06-28 04:29:10.9423|INFO|Main|GameData.Domains.TaiwuEvent.EventScriptRuntime|循环了
2026-06-28 04:29:10.9423|INFO|Main|GameData.Domains.TaiwuEvent.EventScriptRuntime|循环次数小于10
2026-06-28 04:29:10.9423|INFO|Main|GameData.Domains.TaiwuEvent.EventScriptRuntime|循环了
2026-06-28 04:29:10.9423|INFO|Main|GameData.Domains.TaiwuEvent.EventScriptRuntime|循环次数小于10
2026-06-28 04:29:10.9423|INFO|Main|GameData.Domains.TaiwuEvent.EventScriptRuntime|循环了
2026-06-28 04:29:10.9423|INFO|Main|GameData.Domains.TaiwuEvent.EventScriptRuntime|循环次数小于10
2026-06-28 04:29:10.9423|INFO|Main|GameData.Domains.TaiwuEvent.EventScriptRuntime|循环了
2026-06-28 04:29:10.9423|INFO|Main|GameData.Domains.TaiwuEvent.EventScriptRuntime|循环次数小于10
2026-06-28 04:29:10.9423|INFO|Main|GameData.Domains.TaiwuEvent.EventScriptRuntime|循环了
2026-06-28 04:29:10.9423|INFO|Main|GameData.Domains.TaiwuEvent.EventScriptRuntime|结束循环
2026-06-28 04:29:10.9423|INFO|Main|GameData.Domains.TaiwuEvent.EventScriptRuntime|循环了
2026-06-28 04:29:10.9423|INFO|Main|GameData.Domains.TaiwuEvent.EventScriptRuntime|循环次数小于10
2026-06-28 04:29:10.9423|INFO|Main|GameData.Domains.TaiwuEvent.EventScriptRuntime|循环了
2026-06-28 04:29:10.9423|INFO|Main|GameData.Domains.TaiwuEvent.EventScriptRuntime|循环次数小于10
2026-06-28 04:29:10.9423|INFO|Main|GameData.Domains.TaiwuEvent.EventScriptRuntime|循环了
2026-06-28 04:29:10.9423|INFO|Main|GameData.Domains.TaiwuEvent.EventScriptRuntime|循环次数小于10
2026-06-28 04:29:10.9423|INFO|Main|GameData.Domains.TaiwuEvent.EventScriptRuntime|循环了
2026-06-28 04:29:10.9423|INFO|Main|GameData.Domains.TaiwuEvent.EventScriptRuntime|循环次数小于10
2026-06-28 04:29:10.9423|INFO|Main|GameData.Domains.TaiwuEvent.EventScriptRuntime|循环了
2026-06-28 04:29:10.9423|INFO|Main|GameData.Domains.TaiwuEvent.EventScriptRuntime|循环次数小于10
2026-06-28 04:29:10.9423|INFO|Main|GameData.Domains.TaiwuEvent.EventScriptRuntime|循环了
2026-06-28 04:29:10.9423|INFO|Main|GameData.Domains.TaiwuEvent.EventScriptRuntime|循环次数小于10
2026-06-28 04:29:10.9423|INFO|Main|GameData.Domains.TaiwuEvent.EventScriptRuntime|循环了
2026-06-28 04:29:10.9423|INFO|Main|GameData.Domains.TaiwuEvent.EventScriptRuntime|循环次数小于10
2026-06-28 04:29:10.9423|INFO|Main|GameData.Domains.TaiwuEvent.EventScriptRuntime|循环了
2026-06-28 04:29:10.9423|INFO|Main|GameData.Domains.TaiwuEvent.EventScriptRuntime|循环次数小于10
2026-06-28 04:29:10.9423|INFO|Main|GameData.Domains.TaiwuEvent.EventScriptRuntime|循环了
2026-06-28 04:29:10.9423|INFO|Main|GameData.Domains.TaiwuEvent.EventScriptRuntime|循环次数小于10
2026-06-28 04:29:10.9423|INFO|Main|GameData.Domains.TaiwuEvent.EventScriptRuntime|循环了
2026-06-28 04:29:10.9423|INFO|Main|GameData.Domains.TaiwuEvent.EventScriptRuntime|循环次数小于10
2026-06-28 04:29:10.9423|INFO|Main|GameData.Domains.TaiwuEvent.EventScriptRuntime|循环了
2026-06-28 04:29:10.9423|INFO|Main|GameData.Domains.TaiwuEvent.EventScriptRuntime|结束循环
2026-06-28 04:29:10.9423|INFO|Main|GameData.Domains.TaiwuEvent.EventScriptRuntime|做一个保底机制确保不会变成捕快窝
2026-06-28 04:29:10.9423|INFO|Main|GameData.Domains.TaiwuEvent.EventScriptRuntime|刷新各类捕快数量
2026-06-28 04:29:10.9423|INFO|Main|GameData.Domains.TaiwuEvent.EventScriptRuntime|做一个保底机制确保不会变成捕快窝
2026-06-28 04:29:10.9423|INFO|Main|GameData.Domains.TaiwuEvent.EventScriptRuntime|刷新各类捕快数量
2026-06-28 04:29:10.9423|INFO|Main|GameData.Domains.TaiwuEvent.EventScriptRuntime|做一个保底机制确保不会变成捕快窝
2026-06-28 04:29:10.9423|INFO|Main|GameData.Domains.TaiwuEvent.EventScriptRuntime|刷新各类捕快数量
2026-06-28 04:29:10.9423|INFO|Main|GameData.Domains.TaiwuEvent.EventScriptRuntime|循环了
2026-06-28 04:29:10.9423|INFO|Main|GameData.Domains.TaiwuEvent.EventScriptRuntime|循环次数小于10
2026-06-28 04:29:10.9423|INFO|Main|GameData.Domains.TaiwuEvent.EventScriptRuntime|循环了
2026-06-28 04:29:10.9423|INFO|Main|GameData.Domains.TaiwuEvent.EventScriptRuntime|循环次数小于10
2026-06-28 04:29:10.9423|INFO|Main|GameData.Domains.TaiwuEvent.EventScriptRuntime|循环了
2026-06-28 04:29:10.9423|INFO|Main|GameData.Domains.TaiwuEvent.EventScriptRuntime|循环次数小于10
2026-06-28 04:29:10.9423|INFO|Main|GameData.Domains.TaiwuEvent.EventScriptRuntime|循环了
2026-06-28 04:29:10.9423|INFO|Main|GameData.Domains.TaiwuEvent.EventScriptRuntime|循环次数小于10
2026-06-28 04:29:10.9423|INFO|Main|GameData.Domains.TaiwuEvent.EventScriptRuntime|循环了
2026-06-28 04:29:10.9423|INFO|Main|GameData.Domains.TaiwuEvent.EventScriptRuntime|循环次数小于10
2026-06-28 04:29:10.9573|INFO|Main|GameData.Domains.TaiwuEvent.EventScriptRuntime|循环了
2026-06-28 04:29:10.9573|INFO|Main|GameData.Domains.TaiwuEvent.EventScriptRuntime|循环次数小于10
2026-06-28 04:29:10.9573|INFO|Main|GameData.Domains.TaiwuEvent.EventScriptRuntime|循环了
2026-06-28 04:29:10.9573|INFO|Main|GameData.Domains.TaiwuEvent.EventScriptRuntime|循环次数小于10
2026-06-28 04:29:10.9573|INFO|Main|GameData.Domains.TaiwuEvent.EventScriptRuntime|循环了
2026-06-28 04:29:10.9573|INFO|Main|GameData.Domains.TaiwuEvent.EventScriptRuntime|循环次数小于10
2026-06-28 04:29:10.9573|INFO|Main|GameData.Domains.TaiwuEvent.EventScriptRuntime|循环了
2026-06-28 04:29:10.9573|INFO|Main|GameData.Domains.TaiwuEvent.EventScriptRuntime|循环次数小于10
2026-06-28 04:29:10.9573|INFO|Main|GameData.Domains.TaiwuEvent.EventScriptRuntime|循环了
2026-06-28 04:29:10.9573|INFO|Main|GameData.Domains.TaiwuEvent.EventScriptRuntime|循环次数小于10
2026-06-28 04:29:10.9573|INFO|Main|GameData.Domains.TaiwuEvent.EventScriptRuntime|循环了
2026-06-28 04:29:10.9573|INFO|Main|GameData.Domains.TaiwuEvent.EventScriptRuntime|结束循环
2026-06-28 04:29:10.9573|INFO|Main|GameData.Domains.TaiwuEvent.EventScriptRuntime|循环了
2026-06-28 04:29:10.9573|INFO|Main|GameData.Domains.TaiwuEvent.EventScriptRuntime|循环次数小于10
2026-06-28 04:29:10.9573|INFO|Main|GameData.Domains.TaiwuEvent.EventScriptRuntime|循环了
2026-06-28 04:29:10.9573|INFO|Main|GameData.Domains.TaiwuEvent.EventScriptRuntime|循环次数小于10
2026-06-28 04:29:10.9573|INFO|Main|GameData.Domains.TaiwuEvent.EventScriptRuntime|循环了
2026-06-28 04:29:10.9573|INFO|Main|GameData.Domains.TaiwuEvent.EventScriptRuntime|循环次数小于10
2026-06-28 04:29:10.9573|INFO|Main|GameData.Domains.TaiwuEvent.EventScriptRuntime|循环了
2026-06-28 04:29:10.9573|INFO|Main|GameData.Domains.TaiwuEvent.EventScriptRuntime|循环次数小于10
2026-06-28 04:29:10.9573|INFO|Main|GameData.Domains.TaiwuEvent.EventScriptRuntime|循环了
2026-06-28 04:29:10.9573|INFO|Main|GameData.Domains.TaiwuEvent.EventScriptRuntime|循环次数小于10
2026-06-28 04:29:10.9573|INFO|Main|GameData.Domains.TaiwuEvent.EventScriptRuntime|循环了
2026-06-28 04:29:10.9573|INFO|Main|GameData.Domains.TaiwuEvent.EventScriptRuntime|循环次数小于10
2026-06-28 04:29:10.9573|INFO|Main|GameData.Domains.TaiwuEvent.EventScriptRuntime|循环了
2026-06-28 04:29:10.9573|INFO|Main|GameData.Domains.TaiwuEvent.EventScriptRuntime|循环次数小于10
2026-06-28 04:29:10.9573|INFO|Main|GameData.Domains.TaiwuEvent.EventScriptRuntime|循环了
2026-06-28 04:29:10.9573|INFO|Main|GameData.Domains.TaiwuEvent.EventScriptRuntime|循环次数小于10
2026-06-28 04:29:10.9573|INFO|Main|GameData.Domains.TaiwuEvent.EventScriptRuntime|循环了
2026-06-28 04:29:10.9573|INFO|Main|GameData.Domains.TaiwuEvent.EventScriptRuntime|循环次数小于10
2026-06-28 04:29:10.9573|INFO|Main|GameData.Domains.TaiwuEvent.EventScriptRuntime|循环了
2026-06-28 04:29:10.9573|INFO|Main|GameData.Domains.TaiwuEvent.EventScriptRuntime|循环次数小于10
2026-06-28 04:29:10.9573|INFO|Main|GameData.Domains.TaiwuEvent.EventScriptRuntime|循环了
2026-06-28 04:29:10.9573|INFO|Main|GameData.Domains.TaiwuEvent.EventScriptRuntime|结束循环
2026-06-28 04:29:10.9573|INFO|Main|GameData.Domains.TaiwuEvent.EventScriptRuntime|循环了
2026-06-28 04:29:10.9573|INFO|Main|GameData.Domains.TaiwuEvent.EventScriptRuntime|循环次数小于10
2026-06-28 04:29:10.9573|INFO|Main|GameData.Domains.TaiwuEvent.EventScriptRuntime|循环了
2026-06-28 04:29:10.9573|INFO|Main|GameData.Domains.TaiwuEvent.EventScriptRuntime|循环次数小于10
2026-06-28 04:29:10.9573|INFO|Main|GameData.Domains.TaiwuEvent.EventScriptRuntime|循环了
2026-06-28 04:29:10.9573|INFO|Main|GameData.Domains.TaiwuEvent.EventScriptRuntime|循环次数小于10
2026-06-28 04:29:10.9573|INFO|Main|GameData.Domains.TaiwuEvent.EventScriptRuntime|循环了
2026-06-28 04:29:10.9573|INFO|Main|GameData.Domains.TaiwuEvent.EventScriptRuntime|循环次数小于10
2026-06-28 04:29:10.9573|INFO|Main|GameData.Domains.TaiwuEvent.EventScriptRuntime|循环了
2026-06-28 04:29:10.9573|INFO|Main|GameData.Domains.TaiwuEvent.EventScriptRuntime|循环次数小于10
2026-06-28 04:29:10.9573|INFO|Main|GameData.Domains.TaiwuEvent.EventScriptRuntime|循环了
2026-06-28 04:29:10.9573|INFO|Main|GameData.Domains.TaiwuEvent.EventScriptRuntime|循环次数小于10
2026-06-28 04:29:10.9573|INFO|Main|GameData.Domains.TaiwuEvent.EventScriptRuntime|循环了
2026-06-28 04:29:10.9573|INFO|Main|GameData.Domains.TaiwuEvent.EventScriptRuntime|循环次数小于10
2026-06-28 04:29:10.9573|INFO|Main|GameData.Domains.TaiwuEvent.EventScriptRuntime|循环了
2026-06-28 04:29:10.9573|INFO|Main|GameData.Domains.TaiwuEvent.EventScriptRuntime|循环次数小于10
2026-06-28 04:29:10.9573|INFO|Main|GameData.Domains.TaiwuEvent.EventScriptRuntime|循环了
2026-06-28 04:29:10.9573|INFO|Main|GameData.Domains.TaiwuEvent.EventScriptRuntime|循环次数小于10
2026-06-28 04:29:10.9573|INFO|Main|GameData.Domains.TaiwuEvent.EventScriptRuntime|循环了
2026-06-28 04:29:10.9573|INFO|Main|GameData.Domains.TaiwuEvent.EventScriptRuntime|循环次数小于10
2026-06-28 04:29:10.9573|INFO|Main|GameData.Domains.TaiwuEvent.EventScriptRuntime|循环了
2026-06-28 04:29:10.9573|INFO|Main|GameData.Domains.TaiwuEvent.EventScriptRuntime|结束循环
2026-06-28 04:29:10.9573|INFO|Main|GameData.Domains.TaiwuEvent.EventScriptRuntime|循环了
2026-06-28 04:29:10.9573|INFO|Main|GameData.Domains.TaiwuEvent.EventScriptRuntime|循环次数小于10
2026-06-28 04:29:10.9573|INFO|Main|GameData.Domains.TaiwuEvent.EventScriptRuntime|循环了
2026-06-28 04:29:10.9573|INFO|Main|GameData.Domains.TaiwuEvent.EventScriptRuntime|循环次数小于10
2026-06-28 04:29:10.9573|INFO|Main|GameData.Domains.TaiwuEvent.EventScriptRuntime|循环了
2026-06-28 04:29:10.9573|INFO|Main|GameData.Domains.TaiwuEvent.EventScriptRuntime|循环次数小于10
2026-06-28 04:29:10.9573|INFO|Main|GameData.Domains.TaiwuEvent.EventScriptRuntime|循环了
2026-06-28 04:29:10.9573|INFO|Main|GameData.Domains.TaiwuEvent.EventScriptRuntime|循环次数小于10
2026-06-28 04:29:10.9573|INFO|Main|GameData.Domains.TaiwuEvent.EventScriptRuntime|循环了
2026-06-28 04:29:10.9573|INFO|Main|GameData.Domains.TaiwuEvent.EventScriptRuntime|循环次数小于10
2026-06-28 04:29:10.9573|INFO|Main|GameData.Domains.TaiwuEvent.EventScriptRuntime|循环了
2026-06-28 04:29:10.9573|INFO|Main|GameData.Domains.TaiwuEvent.EventScriptRuntime|循环次数小于10
2026-06-28 04:29:10.9573|INFO|Main|GameData.Domains.TaiwuEvent.EventScriptRuntime|循环了
2026-06-28 04:29:10.9573|INFO|Main|GameData.Domains.TaiwuEvent.EventScriptRuntime|循环次数小于10
2026-06-28 04:29:10.9573|INFO|Main|GameData.Domains.TaiwuEvent.EventScriptRuntime|循环了
2026-06-28 04:29:10.9573|INFO|Main|GameData.Domains.TaiwuEvent.EventScriptRuntime|循环次数小于10
2026-06-28 04:29:10.9573|INFO|Main|GameData.Domains.TaiwuEvent.EventScriptRuntime|循环了
2026-06-28 04:29:10.9573|INFO|Main|GameData.Domains.TaiwuEvent.EventScriptRuntime|循环次数小于10
2026-06-28 04:29:10.9573|INFO|Main|GameData.Domains.TaiwuEvent.EventScriptRuntime|循环了
2026-06-28 04:29:10.9573|INFO|Main|GameData.Domains.TaiwuEvent.EventScriptRuntime|循环次数小于10
2026-06-28 04:29:10.9573|INFO|Main|GameData.Domains.TaiwuEvent.EventScriptRuntime|循环了
2026-06-28 04:29:10.9573|INFO|Main|GameData.Domains.TaiwuEvent.EventScriptRuntime|结束循环
2026-06-28 04:29:10.9573|INFO|Main|GameData.Domains.TaiwuEvent.EventScriptRuntime|做一个保底机制确保不会变成捕快窝
2026-06-28 04:29:10.9573|INFO|Main|GameData.Domains.TaiwuEvent.EventScriptRuntime|刷新各类捕快数量
2026-06-28 04:29:10.9573|INFO|Main|GameData.Domains.TaiwuEvent.EventScriptRuntime|做一个保底机制确保不会变成捕快窝
2026-06-28 04:29:10.9573|INFO|Main|GameData.Domains.TaiwuEvent.EventScriptRuntime|刷新各类捕快数量
2026-06-28 04:29:10.9573|INFO|Main|GameData.Domains.TaiwuEvent.EventScriptRuntime|做一个保底机制确保不会变成捕快窝
2026-06-28 04:29:10.9573|INFO|Main|GameData.Domains.TaiwuEvent.EventScriptRuntime|刷新各类捕快数量
2026-06-28 04:29:10.9781|WARN|Main|AdaptableLog|get invalid vital data by type Heaven
2026-06-28 04:29:10.9781|WARN|Main|AdaptableLog|get invalid vital data by type Earth
2026-06-28 04:29:10.9781|WARN|Main|AdaptableLog|get invalid vital data by type Human
2026-06-28 04:29:11.0605|INFO|Main|GameData.Domains.World.WorldDomain|Removing monthly event Config.MonthlyEventItem(274) at 24 of size 3 from a collection of size 27 and count 3
2026-06-28 04:29:11.0605|INFO|Main|GameData.Domains.World.WorldDomain|Removing monthly event Config.MonthlyEventItem(470) at 17 of size 7 from a collection of size 24 and count 2
2026-06-28 04:29:11.0605|INFO|Main|GameData.Domains.World.WorldDomain|CheckMonthlyEvents: 1 events detected.
2026-06-28 04:29:11.0605|INFO|Main|GameData.Domains.World.WorldDomain|AdvanceMonth: end --------------------------------------------------------------
2026-06-28 04:29:11.0605|INFO|Main|GameData.Domains.World.WorldDomain|Advance Month Time Cost: 4185ms
2026-06-28 04:29:11.0605|INFO|Main|TaiwuOptimization.Runtime.CharacterActionPlanningDiagnostics|TaiwuOptimization: CharacterActionPlanning diagnostics
  total:
    elapsed: 4,185.412ms
  targetLookupBuild:
    elapsed: 206.713ms, calls=2
    fullBuilds: 1
    fullBuildReasons: InitialSnapshot=1
    deltaNoChangePublishes: 0
    deltaPublish: 2.268ms, calls=1, deltas=726, fallbackFullRebuilds=0
    deltaAffected: blocks=570, areas=45, states=15, settlements=536
    primaryApplyAllDeltas: recordedDeltaCount=726, savedDeltaCount=726, affectedBlockCount=570, affectedAreaCount=45, overflowCount=0
    locationEpochIncrements: LocationChangedOutsideDeltaRecording@None=15, LocationChangedOutsideDeltaRecording@FrozenSnapshotIdle=1457
    firstLocationEpochIncrement: LocationChangedOutsideDeltaRecording@None, charId=1179, old=-1:-1, new=60:1
    blocks: 39738
    areas: 141
    states: 16
    characterIds: 5430
  actualRelationTargetPrefilterSkips:
    OutOfScope: 1288
    EmptySource: 23479
    NoRelationRule: 0
    UnsafeRule: 20672
    Exception: 0
  planningGraphCache:
    build: elapsed=4.316ms, calls=1, successes=1, failures=0
    snapshot: conditions=225, effects=129, conditionEdges=390, effectEdges=385
    Condition: calls=0, hits=0, misses=0, fallbacks=0, returnedNodes=0
    Effect: calls=0, hits=0, misses=0, fallbacks=0, returnedNodes=0
  parallelStages:
    UpdateCharacterMission: 10.182ms, calls=1, max=10.182ms
    UpdateCharacterGoal: 4.827ms, calls=1, max=4.827ms
    UpdateInfectedCharacterActions: 0.000ms, calls=1, max=0.000ms
    UpdateLegendaryBookOwnersActions: 0.002ms, calls=1, max=0.002ms
    UpdatePrimaryGoalAndActions: 1,191.621ms, calls=1, max=1,191.621ms
    UpdateSecondaryGoalAndActions: 1,285.367ms, calls=1, max=1,285.367ms
  primaryGoalActions:
    OfflineUpdateCurrentGoalActions: 25,890.104ms, calls=4378, max=141.989ms
    ComplementUpdateCurrentGoalActions: 101.502ms, calls=4378, max=5.953ms
    OfflineUpdateGoalPlan: 20,893.188ms, calls=16516, max=45.902ms
    ReassessPlan: 3,018.900ms, calls=28995, max=16.019ms
    OfflineCreateNextAction: 1,605.012ms, calls=12148, max=12.004ms
    ExecuteAction: 97.353ms, calls=2938, max=5.949ms
    CheckPrerequisites: 327.889ms, calls=823506, max=9.285ms
    GetCharactersInSelectRange: 829.739ms, calls=96688, max=9.123ms, input=1335497, output=0, maxInput=422, maxOutput=0
    FilterActionTargets: 8,954.900ms, calls=96688, max=15.185ms, input=324839, output=20053, maxInput=422, maxOutput=63
    CharacterActionPlannerPlan: 20,764.383ms, calls=16516, max=45.901ms
    CharacterActionPlannerReassess: 2,844.506ms, calls=21758, max=16.017ms
    WeightBasedFindPath: 0.000ms, calls=0, max=0.000ms
    WeightBasedFindPathRecursive: 0.000ms, calls=0, max=0.000ms
    WeightBasedGetUnsatisfiedStateCount: 0.000ms, calls=0, max=0.000ms
    StateMemoryCheckCondition: 0.000ms, calls=0, max=0.000ms
    PrepareContext: 10,563.942ms, calls=215554, max=15.209ms
    CalcCurrentState: 351.722ms, calls=503165, max=9.281ms
    MatchTargetCharacter: 7,637.279ms, calls=332417, max=9.488ms
    MatchTargetCharacterByConditions: 48.520ms, calls=375287, max=0.525ms
    prepareContextByActionTop:
      A111 指点武学: 1,173.671ms, calls=2747, max=14.952ms, selector=CloseTarget, range=BlockRange, rangeValue=2
      A82 咒骂: 1,015.130ms, calls=14161, max=8.991ms, selector=RandomTarget, range=SameBlock, rangeValue=1
      A114 指点技艺: 805.343ms, calls=2223, max=15.209ms, selector=CloseTarget, range=BlockRange, rangeValue=2
      A90 惩戒恶人: 665.994ms, calls=9065, max=6.772ms, selector=RandomTarget, range=SameBlock, rangeValue=1
      A101 暗中损伤: 613.284ms, calls=8691, max=9.202ms, selector=RandomTarget, range=SameBlock, rangeValue=1
      A89 惩戒人物: 611.670ms, calls=9161, max=4.408ms, selector=RandomTarget, range=SameBlock, rangeValue=1
      A100 施以毒害: 520.522ms, calls=8646, max=4.703ms, selector=RandomTarget, range=SameBlock, rangeValue=1
      A32 乐善好施道具: 516.328ms, calls=1235, max=10.023ms, selector=CloseTarget, range=BlockRange, rangeValue=2
      A33 襄助恶人道具: 438.088ms, calls=1039, max=7.614ms, selector=CloseTarget, range=BlockRange, rangeValue=2
      A91 惩戒善人: 411.796ms, calls=6233, max=7.795ms, selector=RandomTarget, range=SameBlock, rangeValue=1
      A29 乐善好施资源: 350.957ms, calls=1085, max=10.997ms, selector=CloseTarget, range=BlockRange, rangeValue=2
      A30 襄助恶人资源: 304.253ms, calls=992, max=7.458ms, selector=CloseTarget, range=BlockRange, rangeValue=2
    filterActionTargetsByActionTop:
      A111 指点武学: 1,576.118ms, calls=4120, max=14.925ms, selector=CloseTarget, range=BlockRange, rangeValue=2, input=39818, output=2657, avgInput=9.7, maxInput=106, maxOutput=41
      A114 指点技艺: 1,057.043ms, calls=3333, max=15.185ms, selector=CloseTarget, range=BlockRange, rangeValue=2, input=33168, output=2911, avgInput=10.0, maxInput=106, maxOutput=35
      A82 咒骂: 732.196ms, calls=17182, max=6.591ms, selector=RandomTarget, range=SameBlock, rangeValue=1, input=27534, output=68, avgInput=1.6, maxInput=45, maxOutput=2
      A32 乐善好施道具: 477.640ms, calls=1235, max=10.002ms, selector=CloseTarget, range=BlockRange, rangeValue=2, input=11848, output=180, avgInput=9.6, maxInput=105, maxOutput=15
      A90 惩戒恶人: 426.351ms, calls=9065, max=6.769ms, selector=RandomTarget, range=SameBlock, rangeValue=1, input=15519, output=0, avgInput=1.7, maxInput=45, maxOutput=0
      A33 襄助恶人道具: 400.385ms, calls=1039, max=7.590ms, selector=CloseTarget, range=BlockRange, rangeValue=2, input=11228, output=290, avgInput=10.8, maxInput=99, maxOutput=32
      A89 惩戒人物: 355.349ms, calls=9163, max=4.396ms, selector=RandomTarget, range=SameBlock, rangeValue=1, input=15039, output=3, avgInput=1.6, maxInput=45, maxOutput=1
      A101 暗中损伤: 340.596ms, calls=8695, max=9.185ms, selector=RandomTarget, range=SameBlock, rangeValue=1, input=11177, output=28, avgInput=1.3, maxInput=31, maxOutput=1
      A29 乐善好施资源: 299.216ms, calls=1085, max=10.982ms, selector=CloseTarget, range=BlockRange, rangeValue=2, input=8338, output=172, avgInput=7.7, maxInput=99, maxOutput=9
      A30 襄助恶人资源: 270.028ms, calls=992, max=7.439ms, selector=CloseTarget, range=BlockRange, rangeValue=2, input=9012, output=209, avgInput=9.1, maxInput=99, maxOutput=12
      A100 施以毒害: 257.397ms, calls=8648, max=4.670ms, selector=RandomTarget, range=SameBlock, rangeValue=1, input=11071, output=19, avgInput=1.3, maxInput=31, maxOutput=1
      A222 修补道具: 249.653ms, calls=390, max=7.195ms, selector=CloseTarget, range=BlockRange, rangeValue=2, input=5514, output=0, avgInput=14.1, maxInput=52, maxOutput=0
    actualRelationTargetPrefilterByActionTop:
      A82 咒骂: calls=11767, selector=RandomTarget, range=SameBlock, rangeValue=1, input=114530, output=8395, dropped=106135, zeroOutput=8632, avgInput=9.7, avgOutput=0.7, maxInput=45, maxDropped=45
      A111 指点武学: calls=3537, selector=CloseTarget, range=BlockRange, rangeValue=2, input=99429, output=25626, dropped=73803, zeroOutput=2049, avgInput=28.1, avgOutput=7.2, maxInput=120, maxDropped=118
      A114 指点技艺: calls=2926, selector=CloseTarget, range=BlockRange, rangeValue=2, input=86734, output=23590, dropped=63144, zeroOutput=1659, avgInput=29.6, avgOutput=8.1, maxInput=120, maxDropped=117
      A89 惩戒人物: calls=5980, selector=RandomTarget, range=SameBlock, rangeValue=1, input=61452, output=2917, dropped=58535, zeroOutput=4463, avgInput=10.3, avgOutput=0.5, maxInput=45, maxDropped=45
      A90 惩戒恶人: calls=6125, selector=RandomTarget, range=SameBlock, rangeValue=1, input=62859, output=4594, dropped=58265, zeroOutput=4436, avgInput=10.3, avgOutput=0.8, maxInput=45, maxDropped=45
      A100 施以毒害: calls=6200, selector=RandomTarget, range=SameBlock, rangeValue=1, input=58974, output=4217, dropped=54757, zeroOutput=4656, avgInput=9.5, avgOutput=0.7, maxInput=45, maxDropped=45
      A101 暗中损伤: calls=6264, selector=RandomTarget, range=SameBlock, rangeValue=1, input=58246, output=4172, dropped=54074, zeroOutput=4704, avgInput=9.3, avgOutput=0.7, maxInput=45, maxDropped=45
      A91 惩戒善人: calls=4451, selector=RandomTarget, range=SameBlock, rangeValue=1, input=42910, output=3289, dropped=39621, zeroOutput=3274, avgInput=9.6, avgOutput=0.7, maxInput=45, maxDropped=45
      A182 道法开悟: calls=1285, selector=CloseTarget, range=BlockRange, rangeValue=2, input=37619, output=794, dropped=36825, zeroOutput=905, avgInput=29.3, avgOutput=0.6, maxInput=120, maxDropped=118
      A184 佛学开悟: calls=1179, selector=CloseTarget, range=BlockRange, rangeValue=2, input=33625, output=675, dropped=32950, zeroOutput=853, avgInput=28.5, avgOutput=0.6, maxInput=120, maxDropped=119
      A32 乐善好施道具: calls=1209, selector=CloseTarget, range=BlockRange, rangeValue=2, input=37052, output=11839, dropped=25213, zeroOutput=570, avgInput=30.6, avgOutput=9.8, maxInput=120, maxDropped=120
      A39 夺取道具: calls=1617, selector=RobTarget, range=BlockRange, rangeValue=1, input=25335, output=474, dropped=24861, zeroOutput=1389, avgInput=15.7, avgOutput=0.3, maxInput=65, maxDropped=65
    relationPrefilterByActionTop:
      A111 指点武学: calls=2029, selector=CloseTarget, range=BlockRange, rangeValue=2, selectable=39818, relationCandidates=38317, dropped=1501, avgSelectable=19.6, avgRelationCandidates=18.9, maxSelectable=106, maxDropped=22
      A114 指点技艺: calls=1623, selector=CloseTarget, range=BlockRange, rangeValue=2, selectable=33168, relationCandidates=32320, dropped=848, avgSelectable=20.4, avgRelationCandidates=19.9, maxSelectable=106, maxDropped=20
      A252 收治失心: calls=3, selector=CloseTarget, range=SameState, rangeValue=1, selectable=1266, relationCandidates=456, dropped=810, avgSelectable=422.0, avgRelationCandidates=152.0, maxSelectable=422, maxDropped=270
      A221 坐诊看病: calls=157, selector=CloseTarget, range=BlockRange, rangeValue=2, selectable=3136, relationCandidates=2487, dropped=649, avgSelectable=20.0, avgRelationCandidates=15.8, maxSelectable=54, maxDropped=27
      A36 求取道具: calls=532, selector=RequestTarget, range=BlockRange, rangeValue=1, selectable=4838, relationCandidates=4488, dropped=350, avgSelectable=9.1, avgRelationCandidates=8.4, maxSelectable=61, maxDropped=16
      A182 道法开悟: calls=476, selector=CloseTarget, range=BlockRange, rangeValue=2, selectable=2947, relationCandidates=2720, dropped=227, avgSelectable=6.2, avgRelationCandidates=5.7, maxSelectable=70, maxDropped=21
      A280 洁身修仪: calls=42, selector=CloseTarget, range=BlockRange, rangeValue=2, selectable=1305, relationCandidates=1137, dropped=168, avgSelectable=31.1, avgRelationCandidates=27.1, maxSelectable=54, maxDropped=8
      A328 服侍教主: calls=15, selector=RandomTarget, range=BlockRange, rangeValue=3, selectable=1179, relationCandidates=1020, dropped=159, avgSelectable=78.6, avgRelationCandidates=68.0, maxSelectable=95, maxDropped=49
      A172 请求喝酒: calls=366, selector=RequestTarget, range=BlockRange, rangeValue=1, selectable=2940, relationCandidates=2809, dropped=131, avgSelectable=8.0, avgRelationCandidates=7.7, maxSelectable=58, maxDropped=10
      A225 乞讨银钱: calls=108, selector=RandomTarget, range=BlockRange, rangeValue=1, selectable=1101, relationCandidates=990, dropped=111, avgSelectable=10.2, avgRelationCandidates=9.2, maxSelectable=34, maxDropped=7
      A184 佛学开悟: calls=410, selector=CloseTarget, range=BlockRange, rangeValue=2, selectable=2599, relationCandidates=2489, dropped=110, avgSelectable=6.3, avgRelationCandidates=6.1, maxSelectable=82, maxDropped=14
      A173 请求喝茶: calls=398, selector=RequestTarget, range=BlockRange, rangeValue=1, selectable=3177, relationCandidates=3071, dropped=106, avgSelectable=8.0, avgRelationCandidates=7.7, maxSelectable=79, maxDropped=6
    goalTargetMatchByGoalTop:
      G179 惩戒奸佞: 214.946ms, calls=18699, max=4.233ms, true=17740, false=959
      G192 朋友互动: 196.089ms, calls=14028, max=3.221ms, true=12999, false=1029
      G186 帮扶奸佞: 128.495ms, calls=9536, max=4.512ms, true=9482, false=54
      G178 帮扶良善: 127.274ms, calls=12230, max=2.545ms, true=12048, false=182
      G187 惩戒良善: 83.867ms, calls=6466, max=2.783ms, true=6308, false=158
      G190 父母互动: 70.740ms, calls=4068, max=3.236ms, true=3584, false=484
      G191 手足互动: 63.400ms, calls=4259, max=3.344ms, true=3715, false=544
      G161 坐诊看病: 61.205ms, calls=3921, max=5.368ms, true=91, false=3830
      G3 惩恶锄奸: 59.926ms, calls=6899, max=2.517ms, true=0, false=6899
      G193 结义互动: 50.711ms, calls=2896, max=4.279ms, true=2585, false=311
      G2 敬贤扬善: 49.089ms, calls=4806, max=3.079ms, true=1377, false=3429
      G220 道法开悟: 47.188ms, calls=2996, max=2.559ms, true=1271, false=1725
    actionTargetMatchByActionTop:
      A111 指点武学: 673.199ms, calls=47401, max=4.775ms, selector=CloseTarget, range=BlockRange, rangeValue=2, true=12859, false=34542
      A114 指点技艺: 459.687ms, calls=35047, max=5.253ms, selector=CloseTarget, range=BlockRange, rangeValue=2, true=15474, false=19573
      A82 咒骂: 264.986ms, calls=15794, max=4.865ms, selector=RandomTarget, range=SameBlock, rangeValue=1, true=68, false=15726
      A32 乐善好施道具: 237.559ms, calls=18143, max=3.933ms, selector=CloseTarget, range=BlockRange, rangeValue=2, true=736, false=17407
      A33 襄助恶人道具: 217.894ms, calls=15803, max=4.116ms, selector=CloseTarget, range=BlockRange, rangeValue=2, true=1535, false=14268
      A30 襄助恶人资源: 138.902ms, calls=12106, max=4.024ms, selector=CloseTarget, range=BlockRange, rangeValue=2, true=1307, false=10799
      A101 暗中损伤: 138.667ms, calls=6469, max=9.160ms, selector=RandomTarget, range=SameBlock, rangeValue=1, true=28, false=6441
      A90 惩戒恶人: 137.758ms, calls=8889, max=5.109ms, selector=RandomTarget, range=SameBlock, rangeValue=1, true=0, false=8889
      A29 乐善好施资源: 133.839ms, calls=11953, max=5.257ms, selector=CloseTarget, range=BlockRange, rangeValue=2, true=873, false=11080
      A89 惩戒人物: 111.128ms, calls=8138, max=3.784ms, selector=RandomTarget, range=SameBlock, rangeValue=1, true=3, false=8135
      A100 施以毒害: 101.514ms, calls=6362, max=4.618ms, selector=RandomTarget, range=SameBlock, rangeValue=1, true=19, false=6343
      A91 惩戒善人: 86.045ms, calls=5051, max=3.704ms, selector=RandomTarget, range=SameBlock, rangeValue=1, true=0, false=5051
    targetMatcherCacheByActionTop:
      A111 指点武学: calls=47401, hits=47008, misses=393, fallbacks=0, savedCalls=47008, true=47401, false=0, selector=CloseTarget, range=BlockRange, rangeValue=2
      A114 指点技艺: calls=35047, hits=34644, misses=403, fallbacks=0, savedCalls=34644, true=35047, false=0, selector=CloseTarget, range=BlockRange, rangeValue=2
      A32 乐善好施道具: calls=18143, hits=17951, misses=192, fallbacks=0, savedCalls=17951, true=18143, false=0, selector=CloseTarget, range=BlockRange, rangeValue=2
      A82 咒骂: calls=15794, hits=15793, misses=1, fallbacks=0, savedCalls=15793, true=15794, false=0, selector=RandomTarget, range=SameBlock, rangeValue=1
      A33 襄助恶人道具: calls=15803, hits=15629, misses=174, fallbacks=0, savedCalls=15629, true=15803, false=0, selector=CloseTarget, range=BlockRange, rangeValue=2
      A30 襄助恶人资源: calls=12106, hits=11875, misses=231, fallbacks=0, savedCalls=11875, true=12106, false=0, selector=CloseTarget, range=BlockRange, rangeValue=2
      A29 乐善好施资源: calls=11953, hits=11692, misses=261, fallbacks=0, savedCalls=11692, true=11953, false=0, selector=CloseTarget, range=BlockRange, rangeValue=2
      A90 惩戒恶人: calls=8889, hits=8877, misses=12, fallbacks=0, savedCalls=8877, true=8889, false=0, selector=RandomTarget, range=SameBlock, rangeValue=1
      A222 修补道具: calls=8808, hits=8558, misses=250, fallbacks=0, savedCalls=8558, true=8808, false=0, selector=CloseTarget, range=BlockRange, rangeValue=2
      A89 惩戒人物: calls=8138, hits=8076, misses=23, fallbacks=39, savedCalls=8076, true=8138, false=0, fallbackReasons=StageInactive=39, selector=RandomTarget, range=SameBlock, rangeValue=1
      A185 促织决斗: calls=7611, hits=7145, misses=466, fallbacks=0, savedCalls=7145, true=7611, false=0, selector=CloseTarget, range=BlockRange, rangeValue=2
      A220 打折推销: calls=7278, hits=6994, misses=284, fallbacks=0, savedCalls=6994, true=7278, false=0, selector=CloseTarget, range=BlockRange, rangeValue=2
    targetConditionsByGoalTop:
      G179 惩戒奸佞: 2.204ms, calls=21035, max=0.040ms, true=17740, false=3295, conditions=21035, refConditions=0, avgConditions=1.0, maxConditions=1, maxRefConditions=0
      G192 朋友互动: 2.036ms, calls=14028, max=0.033ms, true=12999, false=1029, conditions=14028, refConditions=0, avgConditions=1.0, maxConditions=1, maxRefConditions=0
      G178 帮扶良善: 1.516ms, calls=12749, max=0.059ms, true=12048, false=701, conditions=12749, refConditions=0, avgConditions=1.0, maxConditions=1, maxRefConditions=0
      G186 帮扶奸佞: 1.115ms, calls=9807, max=0.030ms, true=9482, false=325, conditions=9807, refConditions=0, avgConditions=1.0, maxConditions=1, maxRefConditions=0
      G161 坐诊看病: 1.068ms, calls=3921, max=0.016ms, true=91, false=3830, conditions=3921, refConditions=0, avgConditions=1.0, maxConditions=1, maxRefConditions=0
      G220 道法开悟: 0.711ms, calls=4721, max=0.016ms, true=1271, false=3450, conditions=4721, refConditions=0, avgConditions=1.0, maxConditions=1, maxRefConditions=0
      G191 手足互动: 0.690ms, calls=4259, max=0.002ms, true=3715, false=544, conditions=4259, refConditions=0, avgConditions=1.0, maxConditions=1, maxRefConditions=0
      G190 父母互动: 0.684ms, calls=4068, max=0.015ms, true=3584, false=484, conditions=4068, refConditions=0, avgConditions=1.0, maxConditions=1, maxRefConditions=0
      G187 惩戒良善: 0.651ms, calls=6887, max=0.015ms, true=6308, false=579, conditions=6887, refConditions=0, avgConditions=1.0, maxConditions=1, maxRefConditions=0
      G273 太吾互动: 0.575ms, calls=3166, max=0.038ms, true=127, false=3039, conditions=3166, refConditions=0, avgConditions=1.0, maxConditions=1, maxRefConditions=0
      G3 惩恶锄奸: 0.538ms, calls=6899, max=0.045ms, true=0, false=6899, conditions=6899, refConditions=0, avgConditions=1.0, maxConditions=1, maxRefConditions=0
      G222 佛学开悟: 0.534ms, calls=5413, max=0.015ms, true=363, false=5050, conditions=5413, refConditions=0, avgConditions=1.0, maxConditions=1, maxRefConditions=0
    targetConditionsByActionTop:
      A111 指点武学: 4.808ms, calls=47401, max=0.074ms, selector=CloseTarget, range=BlockRange, rangeValue=2, true=47179, false=222, conditions=47401, refConditions=0, avgConditions=1.0, maxConditions=1, maxRefConditions=0
      A114 指点技艺: 3.607ms, calls=35047, max=0.031ms, selector=CloseTarget, range=BlockRange, rangeValue=2, true=34939, false=108, conditions=35047, refConditions=0, avgConditions=1.0, maxConditions=1, maxRefConditions=0
      A27 请求淬毒道具: 3.288ms, calls=4712, max=0.525ms, selector=RequestTarget, range=BlockRange, rangeValue=2, true=326, false=4386, conditions=4712, refConditions=4712, avgConditions=1.0, maxConditions=1, maxRefConditions=1
      A32 乐善好施道具: 2.626ms, calls=18143, max=0.043ms, selector=CloseTarget, range=BlockRange, rangeValue=2, true=736, false=17407, conditions=36286, refConditions=0, avgConditions=2.0, maxConditions=2, maxRefConditions=0
      A33 襄助恶人道具: 2.360ms, calls=15803, max=0.050ms, selector=CloseTarget, range=BlockRange, rangeValue=2, true=1535, false=14268, conditions=31606, refConditions=0, avgConditions=2.0, maxConditions=2, maxRefConditions=0
      A82 咒骂: 2.013ms, calls=15794, max=0.054ms, selector=RandomTarget, range=SameBlock, rangeValue=1, true=68, false=15726, conditions=15794, refConditions=0, avgConditions=1.0, maxConditions=1, maxRefConditions=0
      A30 襄助恶人资源: 1.833ms, calls=12106, max=0.033ms, selector=CloseTarget, range=BlockRange, rangeValue=2, true=1307, false=10799, conditions=24212, refConditions=0, avgConditions=2.0, maxConditions=2, maxRefConditions=0
      A29 乐善好施资源: 1.771ms, calls=11953, max=0.042ms, selector=CloseTarget, range=BlockRange, rangeValue=2, true=873, false=11080, conditions=23906, refConditions=0, avgConditions=2.0, maxConditions=2, maxRefConditions=0
      A90 惩戒恶人: 1.107ms, calls=8889, max=0.027ms, selector=RandomTarget, range=SameBlock, rangeValue=1, true=0, false=8889, conditions=17778, refConditions=0, avgConditions=2.0, maxConditions=2, maxRefConditions=0
      A89 惩戒人物: 1.026ms, calls=8138, max=0.040ms, selector=RandomTarget, range=SameBlock, rangeValue=1, true=3, false=8135, conditions=8138, refConditions=0, avgConditions=1.0, maxConditions=1, maxRefConditions=0
      A172 请求喝酒: 0.985ms, calls=1354, max=0.015ms, selector=RequestTarget, range=BlockRange, rangeValue=1, true=297, false=1057, conditions=2708, refConditions=0, avgConditions=2.0, maxConditions=2, maxRefConditions=0
      A110 请教突破: 0.857ms, calls=11057, max=0.002ms, selector=RequestTarget, range=BlockRange, rangeValue=2, true=0, false=11057, conditions=11057, refConditions=11057, avgConditions=1.0, maxConditions=1, maxRefConditions=1
    relationConditionPrefilterByGoalTop:
      G192 朋友互动: calls=14028, relationConditions=14028, relationPass=12999, relationFail=1029, fullTrue=12999, fullFalse=1029, avgRelationConditions=1.0
      G196 子女互动: calls=2091, relationConditions=2091, relationPass=1462, relationFail=629, fullTrue=1462, fullFalse=629, avgRelationConditions=1.0
      G191 手足互动: calls=4259, relationConditions=4259, relationPass=3715, relationFail=544, fullTrue=3715, fullFalse=544, avgRelationConditions=1.0
      G190 父母互动: calls=4068, relationConditions=4068, relationPass=3584, relationFail=484, fullTrue=3584, fullFalse=484, avgRelationConditions=1.0
      G195 配偶互动: calls=981, relationConditions=981, relationPass=559, relationFail=422, fullTrue=559, fullFalse=422, avgRelationConditions=1.0
      G193 结义互动: calls=2896, relationConditions=2896, relationPass=2585, relationFail=311, fullTrue=2585, fullFalse=311, avgRelationConditions=1.0
      G194 爱慕互动: calls=973, relationConditions=973, relationPass=796, relationFail=177, fullTrue=796, fullFalse=177, avgRelationConditions=1.0
      G197 师徒互动: calls=510, relationConditions=510, relationPass=401, relationFail=109, fullTrue=401, fullFalse=109, avgRelationConditions=1.0
      G199 仇敌互动: calls=308, relationConditions=308, relationPass=296, relationFail=12, fullTrue=296, fullFalse=12, avgRelationConditions=1.0
    targetConditionSensorUsageTop:
      TargetStateSensor: 265210
      CharacterStateSensor: 182722
      None: 20326
      CombatSkillStateSensor: 11057
      OrganizationStateSensor: 5955
      LifeSkillStateSensor: 4712
      InventoryStateSensor: 4107
      ResourceStateSensor: 762
  secondaryGoalActions:
    OfflineUpdateCurrentGoalActions: 22,590.621ms, calls=5429, max=155.189ms
    ComplementUpdateCurrentGoalActions: 146.069ms, calls=5429, max=95.023ms
    OfflineUpdateGoalPlan: 17,717.604ms, calls=12083, max=70.295ms
    ReassessPlan: 2,806.359ms, calls=22365, max=14.775ms
    OfflineCreateNextAction: 1,658.241ms, calls=9952, max=12.221ms
    ExecuteAction: 142.076ms, calls=1205, max=94.994ms
    CheckPrerequisites: 333.235ms, calls=747042, max=9.670ms
    GetCharactersInSelectRange: 666.914ms, calls=87583, max=9.999ms, input=1416767, output=0, maxInput=388, maxOutput=0
    FilterActionTargets: 10,005.305ms, calls=87583, max=15.591ms, input=446852, output=23757, maxInput=388, maxOutput=59
    CharacterActionPlannerPlan: 17,646.971ms, calls=12083, max=70.294ms
    CharacterActionPlannerReassess: 2,703.258ms, calls=17082, max=14.775ms
    WeightBasedFindPath: 0.000ms, calls=0, max=0.000ms
    WeightBasedFindPathRecursive: 0.000ms, calls=0, max=0.000ms
    WeightBasedGetUnsatisfiedStateCount: 0.000ms, calls=0, max=0.000ms
    StateMemoryCheckCondition: 0.000ms, calls=0, max=0.000ms
    PrepareContext: 10,973.829ms, calls=198116, max=15.613ms
    CalcCurrentState: 430.950ms, calls=466695, max=3.449ms
    MatchTargetCharacter: 8,483.416ms, calls=438057, max=11.693ms
    MatchTargetCharacterByConditions: 59.655ms, calls=510831, max=1.702ms
    prepareContextByActionTop:
      A82 咒骂: 1,099.025ms, calls=12883, max=10.223ms, selector=RandomTarget, range=SameBlock, rangeValue=1
      A111 指点武学: 1,001.677ms, calls=2453, max=14.751ms, selector=CloseTarget, range=BlockRange, rangeValue=2
      A114 指点技艺: 800.382ms, calls=1684, max=12.747ms, selector=CloseTarget, range=BlockRange, rangeValue=2
      A89 惩戒人物: 730.536ms, calls=8278, max=5.623ms, selector=RandomTarget, range=SameBlock, rangeValue=1
      A90 惩戒恶人: 710.495ms, calls=8114, max=11.852ms, selector=RandomTarget, range=SameBlock, rangeValue=1
      A33 襄助恶人道具: 586.569ms, calls=1360, max=9.986ms, selector=CloseTarget, range=BlockRange, rangeValue=2
      A32 乐善好施道具: 584.194ms, calls=1387, max=10.075ms, selector=CloseTarget, range=BlockRange, rangeValue=2
      A29 乐善好施资源: 531.169ms, calls=1231, max=12.106ms, selector=CloseTarget, range=BlockRange, rangeValue=2
      A101 暗中损伤: 497.309ms, calls=7168, max=7.255ms, selector=RandomTarget, range=SameBlock, rangeValue=1
      A30 襄助恶人资源: 491.790ms, calls=1247, max=15.613ms, selector=CloseTarget, range=BlockRange, rangeValue=2
      A100 施以毒害: 463.238ms, calls=7237, max=10.004ms, selector=RandomTarget, range=SameBlock, rangeValue=1
      A91 惩戒善人: 369.408ms, calls=5246, max=9.758ms, selector=RandomTarget, range=SameBlock, rangeValue=1
    filterActionTargetsByActionTop:
      A111 指点武学: 1,364.751ms, calls=3679, max=14.738ms, selector=CloseTarget, range=BlockRange, rangeValue=2, input=43860, output=2440, avgInput=11.9, maxInput=103, maxOutput=38
      A114 指点技艺: 1,108.174ms, calls=2526, max=12.727ms, selector=CloseTarget, range=BlockRange, rangeValue=2, input=40008, output=3081, avgInput=15.8, maxInput=126, maxOutput=35
      A82 咒骂: 956.543ms, calls=15565, max=10.211ms, selector=RandomTarget, range=SameBlock, rangeValue=1, input=45347, output=31, avgInput=2.9, maxInput=56, maxOutput=1
      A33 襄助恶人道具: 541.783ms, calls=1360, max=9.979ms, selector=CloseTarget, range=BlockRange, rangeValue=2, input=22964, output=778, avgInput=16.9, maxInput=114, maxOutput=22
      A32 乐善好施道具: 541.277ms, calls=1387, max=8.325ms, selector=CloseTarget, range=BlockRange, rangeValue=2, input=18717, output=339, avgInput=13.5, maxInput=106, maxOutput=9
      A90 惩戒恶人: 535.490ms, calls=8114, max=11.844ms, selector=RandomTarget, range=SameBlock, rangeValue=1, input=26431, output=0, avgInput=3.3, maxInput=56, maxOutput=0
      A89 惩戒人物: 486.063ms, calls=8280, max=5.163ms, selector=RandomTarget, range=SameBlock, rangeValue=1, input=27222, output=5, avgInput=3.3, maxInput=56, maxOutput=1
      A29 乐善好施资源: 480.438ms, calls=1231, max=12.089ms, selector=CloseTarget, range=BlockRange, rangeValue=2, input=15066, output=262, avgInput=12.2, maxInput=114, maxOutput=9
      A30 襄助恶人资源: 452.161ms, calls=1247, max=15.591ms, selector=CloseTarget, range=BlockRange, rangeValue=2, input=17693, output=563, avgInput=14.2, maxInput=106, maxOutput=21
      A101 暗中损伤: 319.659ms, calls=7172, max=7.248ms, selector=RandomTarget, range=SameBlock, rangeValue=1, input=15916, output=19, avgInput=2.2, maxInput=36, maxOutput=1
      A222 修补道具: 295.126ms, calls=342, max=12.052ms, selector=CloseTarget, range=BlockRange, rangeValue=2, input=5373, output=0, avgInput=15.7, maxInput=53, maxOutput=0
      A100 施以毒害: 277.909ms, calls=7239, max=4.647ms, selector=RandomTarget, range=SameBlock, rangeValue=1, input=17345, output=6, avgInput=2.4, maxInput=36, maxOutput=1
    actualRelationTargetPrefilterByActionTop:
      A82 咒骂: calls=9734, selector=RandomTarget, range=SameBlock, rangeValue=1, input=100707, output=11650, dropped=89057, zeroOutput=6279, avgInput=10.3, avgOutput=1.2, maxInput=56, maxDropped=56
      A111 指点武学: calls=3048, selector=CloseTarget, range=BlockRange, rangeValue=2, input=91026, output=26898, dropped=64128, zeroOutput=1482, avgInput=29.9, avgOutput=8.8, maxInput=115, maxDropped=115
      A114 指点技艺: calls=2133, selector=CloseTarget, range=BlockRange, rangeValue=2, input=75231, output=26415, dropped=48816, zeroOutput=1020, avgInput=35.3, avgOutput=12.4, maxInput=126, maxDropped=116
      A89 惩戒人物: calls=4857, selector=RandomTarget, range=SameBlock, rangeValue=1, input=52453, output=4031, dropped=48422, zeroOutput=3218, avgInput=10.8, avgOutput=0.8, maxInput=56, maxDropped=56
      A90 惩戒恶人: calls=4910, selector=RandomTarget, range=SameBlock, rangeValue=1, input=51851, output=5254, dropped=46597, zeroOutput=3153, avgInput=10.6, avgOutput=1.1, maxInput=56, maxDropped=56
      A101 暗中损伤: calls=4978, selector=RandomTarget, range=SameBlock, rangeValue=1, input=49964, output=5988, dropped=43976, zeroOutput=3283, avgInput=10.0, avgOutput=1.2, maxInput=56, maxDropped=56
      A100 施以毒害: calls=4993, selector=RandomTarget, range=SameBlock, rangeValue=1, input=49954, output=6051, dropped=43903, zeroOutput=3334, avgInput=10.0, avgOutput=1.2, maxInput=56, maxDropped=56
      A182 道法开悟: calls=1037, selector=CloseTarget, range=BlockRange, rangeValue=2, input=34831, output=966, dropped=33865, zeroOutput=600, avgInput=33.6, avgOutput=0.9, maxInput=126, maxDropped=125
      A91 惩戒善人: calls=3610, selector=RandomTarget, range=SameBlock, rangeValue=1, input=36356, output=5432, dropped=30924, zeroOutput=2332, avgInput=10.1, avgOutput=1.5, maxInput=56, maxDropped=56
      A184 佛学开悟: calls=943, selector=CloseTarget, range=BlockRange, rangeValue=2, input=30987, output=891, dropped=30096, zeroOutput=557, avgInput=32.9, avgOutput=0.9, maxInput=126, maxDropped=126
      A32 乐善好施道具: calls=1371, selector=CloseTarget, range=BlockRange, rangeValue=2, input=48449, output=18603, dropped=29846, zeroOutput=496, avgInput=35.3, avgOutput=13.6, maxInput=126, maxDropped=126
      A29 乐善好施资源: calls=1221, selector=CloseTarget, range=BlockRange, rangeValue=2, input=44725, output=14955, dropped=29770, zeroOutput=503, avgInput=36.6, avgOutput=12.2, maxInput=126, maxDropped=125
    relationPrefilterByActionTop:
      A111 指点武学: calls=2191, selector=CloseTarget, range=BlockRange, rangeValue=2, selectable=43860, relationCandidates=42039, dropped=1821, avgSelectable=20.0, avgRelationCandidates=19.2, maxSelectable=103, maxDropped=28
      A114 指点技艺: calls=1503, selector=CloseTarget, range=BlockRange, rangeValue=2, selectable=40008, relationCandidates=38859, dropped=1149, avgSelectable=26.6, avgRelationCandidates=25.9, maxSelectable=126, maxDropped=34
      A244 绝除死气: calls=3, selector=CloseTarget, range=SameState, rangeValue=1, selectable=1164, relationCandidates=360, dropped=804, avgSelectable=388.0, avgRelationCandidates=120.0, maxSelectable=388, maxDropped=268
      A221 坐诊看病: calls=147, selector=CloseTarget, range=BlockRange, rangeValue=2, selectable=2976, relationCandidates=2230, dropped=746, avgSelectable=20.2, avgRelationCandidates=15.2, maxSelectable=126, maxDropped=95
      A82 咒骂: calls=8103, selector=RandomTarget, range=SameBlock, rangeValue=1, selectable=45347, relationCandidates=44823, dropped=524, avgSelectable=5.6, avgRelationCandidates=5.5, maxSelectable=56, maxDropped=4
      A89 惩戒人物: calls=4501, selector=RandomTarget, range=SameBlock, rangeValue=1, selectable=27222, relationCandidates=26866, dropped=356, avgSelectable=6.0, avgRelationCandidates=6.0, maxSelectable=56, maxDropped=4
      A90 惩戒恶人: calls=4405, selector=RandomTarget, range=SameBlock, rangeValue=1, selectable=26431, relationCandidates=26110, dropped=321, avgSelectable=6.0, avgRelationCandidates=5.9, maxSelectable=56, maxDropped=4
      A36 求取道具: calls=391, selector=RequestTarget, range=BlockRange, rangeValue=1, selectable=2843, relationCandidates=2643, dropped=200, avgSelectable=7.3, avgRelationCandidates=6.8, maxSelectable=59, maxDropped=17
      A184 佛学开悟: calls=477, selector=CloseTarget, range=BlockRange, rangeValue=2, selectable=4015, relationCandidates=3839, dropped=176, avgSelectable=8.4, avgRelationCandidates=8.0, maxSelectable=94, maxDropped=16
      A225 乞讨银钱: calls=66, selector=RandomTarget, range=BlockRange, rangeValue=1, selectable=861, relationCandidates=705, dropped=156, avgSelectable=13.0, avgRelationCandidates=10.7, maxSelectable=47, maxDropped=20
      A101 暗中损伤: calls=3340, selector=RandomTarget, range=SameBlock, rangeValue=1, selectable=15916, relationCandidates=15787, dropped=129, avgSelectable=4.8, avgRelationCandidates=4.7, maxSelectable=36, maxDropped=4
      A326 考验教众: calls=36, selector=RandomTarget, range=BlockRange, rangeValue=2, selectable=1839, relationCandidates=1710, dropped=129, avgSelectable=51.1, avgRelationCandidates=47.5, maxSelectable=79, maxDropped=37
    goalTargetMatchByGoalTop:
      G179 惩戒奸佞: 272.262ms, calls=26380, max=3.765ms, true=23017, false=3363
      G192 朋友互动: 240.704ms, calls=15080, max=10.054ms, true=14016, false=1064
      G178 帮扶良善: 166.556ms, calls=11325, max=10.075ms, true=11094, false=231
      G1 苦海无涯: 125.382ms, calls=11175, max=3.954ms, true=1978, false=9197
      G186 帮扶奸佞: 113.954ms, calls=11304, max=3.034ms, true=11199, false=105
      G3 惩恶锄奸: 99.128ms, calls=13061, max=4.326ms, true=0, false=13061
      G222 佛学开悟: 92.303ms, calls=4311, max=4.771ms, true=622, false=3689
      G187 惩戒良善: 86.288ms, calls=9820, max=4.572ms, true=9485, false=335
      G194 爱慕互动: 65.347ms, calls=3912, max=5.370ms, true=3096, false=816
      G193 结义互动: 61.215ms, calls=4539, max=4.182ms, true=3363, false=1176
      G8 威震八荒: 56.719ms, calls=10086, max=2.668ms, true=0, false=10086
      G220 道法开悟: 56.342ms, calls=2944, max=2.526ms, true=1417, false=1527
    actionTargetMatchByActionTop:
      A111 指点武学: 539.262ms, calls=45663, max=9.749ms, selector=CloseTarget, range=BlockRange, rangeValue=2, true=17483, false=28180
      A114 指点技艺: 532.294ms, calls=34434, max=11.691ms, selector=CloseTarget, range=BlockRange, rangeValue=2, true=22803, false=11631
      A82 咒骂: 319.030ms, calls=22476, max=5.238ms, selector=RandomTarget, range=SameBlock, rangeValue=1, true=31, false=22445
      A32 乐善好施道具: 306.927ms, calls=27138, max=5.354ms, selector=CloseTarget, range=BlockRange, rangeValue=2, true=1648, false=25490
      A33 襄助恶人道具: 276.431ms, calls=29296, max=9.681ms, selector=CloseTarget, range=BlockRange, rangeValue=2, true=4270, false=25026
      A30 襄助恶人资源: 237.953ms, calls=22822, max=3.488ms, selector=CloseTarget, range=BlockRange, rangeValue=2, true=3070, false=19752
      A29 乐善好施资源: 211.868ms, calls=21904, max=3.305ms, selector=CloseTarget, range=BlockRange, rangeValue=2, true=1284, false=20620
      A90 惩戒恶人: 142.807ms, calls=11891, max=9.944ms, selector=RandomTarget, range=SameBlock, rangeValue=1, true=0, false=11891
      A101 暗中损伤: 118.581ms, calls=8058, max=3.902ms, selector=RandomTarget, range=SameBlock, rangeValue=1, true=19, false=8039
      A89 惩戒人物: 116.060ms, calls=11637, max=3.579ms, selector=RandomTarget, range=SameBlock, rangeValue=1, true=5, false=11632
      A100 施以毒害: 102.226ms, calls=8528, max=3.393ms, selector=RandomTarget, range=SameBlock, rangeValue=1, true=6, false=8522
      A91 惩戒善人: 93.201ms, calls=7177, max=2.878ms, selector=RandomTarget, range=SameBlock, rangeValue=1, true=0, false=7177
    targetMatcherCacheByActionTop:
      A111 指点武学: calls=45663, hits=45253, misses=410, fallbacks=0, savedCalls=45253, true=45663, false=0, selector=CloseTarget, range=BlockRange, rangeValue=2
      A114 指点技艺: calls=34434, hits=34033, misses=401, fallbacks=0, savedCalls=34033, true=34434, false=0, selector=CloseTarget, range=BlockRange, rangeValue=2
      A33 襄助恶人道具: calls=29296, hits=29126, misses=170, fallbacks=0, savedCalls=29126, true=29296, false=0, selector=CloseTarget, range=BlockRange, rangeValue=2
      A32 乐善好施道具: calls=27138, hits=26995, misses=143, fallbacks=0, savedCalls=26995, true=27138, false=0, selector=CloseTarget, range=BlockRange, rangeValue=2
      A30 襄助恶人资源: calls=22822, hits=22521, misses=301, fallbacks=0, savedCalls=22521, true=22822, false=0, selector=CloseTarget, range=BlockRange, rangeValue=2
      A82 咒骂: calls=22476, hits=22457, misses=19, fallbacks=0, savedCalls=22457, true=22476, false=0, selector=RandomTarget, range=SameBlock, rangeValue=1
      A29 乐善好施资源: calls=21904, hits=21771, misses=133, fallbacks=0, savedCalls=21771, true=21904, false=0, selector=CloseTarget, range=BlockRange, rangeValue=2
      A90 惩戒恶人: calls=11891, hits=11874, misses=17, fallbacks=0, savedCalls=11874, true=11891, false=0, selector=RandomTarget, range=SameBlock, rangeValue=1
      A89 惩戒人物: calls=11637, hits=11617, misses=15, fallbacks=5, savedCalls=11617, true=11637, false=0, fallbackReasons=StageInactive=5, selector=RandomTarget, range=SameBlock, rangeValue=1
      A100 施以毒害: calls=8528, hits=8520, misses=8, fallbacks=0, savedCalls=8520, true=8528, false=0, selector=RandomTarget, range=SameBlock, rangeValue=1
      A185 促织决斗: calls=9062, hits=8487, misses=575, fallbacks=0, savedCalls=8487, true=9062, false=0, selector=CloseTarget, range=BlockRange, rangeValue=2
      A222 修补道具: calls=8700, hits=8442, misses=258, fallbacks=0, savedCalls=8442, true=8700, false=0, selector=CloseTarget, range=BlockRange, rangeValue=2
    targetConditionsByGoalTop:
      G220 道法开悟: 6.562ms, calls=4471, max=0.290ms, true=1417, false=3054, conditions=4471, refConditions=0, avgConditions=1.0, maxConditions=1, maxRefConditions=0
      G222 佛学开悟: 5.106ms, calls=8000, max=0.266ms, true=622, false=7378, conditions=8000, refConditions=0, avgConditions=1.0, maxConditions=1, maxRefConditions=0
      G179 惩戒奸佞: 2.019ms, calls=34485, max=0.004ms, true=23017, false=11468, conditions=34485, refConditions=0, avgConditions=1.0, maxConditions=1, maxRefConditions=0
      G192 朋友互动: 1.853ms, calls=15080, max=0.014ms, true=14016, false=1064, conditions=15080, refConditions=0, avgConditions=1.0, maxConditions=1, maxRefConditions=0
      G178 帮扶良善: 0.953ms, calls=12482, max=0.008ms, true=11094, false=1388, conditions=12482, refConditions=0, avgConditions=1.0, maxConditions=1, maxRefConditions=0
      G186 帮扶奸佞: 0.813ms, calls=11634, max=0.008ms, true=11199, false=435, conditions=11634, refConditions=0, avgConditions=1.0, maxConditions=1, maxRefConditions=0
      G161 坐诊看病: 0.767ms, calls=3498, max=0.032ms, true=68, false=3430, conditions=3498, refConditions=0, avgConditions=1.0, maxConditions=1, maxRefConditions=0
      G3 惩恶锄奸: 0.719ms, calls=13061, max=0.002ms, true=0, false=13061, conditions=13061, refConditions=0, avgConditions=1.0, maxConditions=1, maxRefConditions=0
      G18 生人勿近: 0.641ms, calls=13679, max=0.009ms, true=0, false=13679, conditions=13679, refConditions=13679, avgConditions=1.0, maxConditions=1, maxRefConditions=1
      G187 惩戒良善: 0.631ms, calls=10627, max=0.031ms, true=9485, false=1142, conditions=10627, refConditions=0, avgConditions=1.0, maxConditions=1, maxRefConditions=0
      G1 苦海无涯: 0.616ms, calls=11175, max=0.002ms, true=1978, false=9197, conditions=11175, refConditions=0, avgConditions=1.0, maxConditions=1, maxRefConditions=0
      G193 结义互动: 0.605ms, calls=4539, max=0.033ms, true=3363, false=1176, conditions=4539, refConditions=0, avgConditions=1.0, maxConditions=1, maxRefConditions=0
    targetConditionsByActionTop:
      A32 乐善好施道具: 4.914ms, calls=27138, max=1.702ms, selector=CloseTarget, range=BlockRange, rangeValue=2, true=1648, false=25490, conditions=54276, refConditions=0, avgConditions=2.0, maxConditions=2, maxRefConditions=0
      A114 指点技艺: 3.773ms, calls=34434, max=0.951ms, selector=CloseTarget, range=BlockRange, rangeValue=2, true=34362, false=72, conditions=34434, refConditions=0, avgConditions=1.0, maxConditions=1, maxRefConditions=0
      A111 指点武学: 3.639ms, calls=45663, max=0.049ms, selector=CloseTarget, range=BlockRange, rangeValue=2, true=45471, false=192, conditions=45663, refConditions=0, avgConditions=1.0, maxConditions=1, maxRefConditions=0
      A33 襄助恶人道具: 3.420ms, calls=29296, max=0.026ms, selector=CloseTarget, range=BlockRange, rangeValue=2, true=4270, false=25026, conditions=58592, refConditions=0, avgConditions=2.0, maxConditions=2, maxRefConditions=0
      A30 襄助恶人资源: 2.784ms, calls=22822, max=0.033ms, selector=CloseTarget, range=BlockRange, rangeValue=2, true=3070, false=19752, conditions=45644, refConditions=0, avgConditions=2.0, maxConditions=2, maxRefConditions=0
      A29 乐善好施资源: 2.762ms, calls=21904, max=0.074ms, selector=CloseTarget, range=BlockRange, rangeValue=2, true=1284, false=20620, conditions=43808, refConditions=0, avgConditions=2.0, maxConditions=2, maxRefConditions=0
      A82 咒骂: 1.706ms, calls=22476, max=0.003ms, selector=RandomTarget, range=SameBlock, rangeValue=1, true=31, false=22445, conditions=22476, refConditions=0, avgConditions=1.0, maxConditions=1, maxRefConditions=0
      A27 请求淬毒道具: 1.298ms, calls=5515, max=0.581ms, selector=RequestTarget, range=BlockRange, rangeValue=2, true=259, false=5256, conditions=5515, refConditions=5515, avgConditions=1.0, maxConditions=1, maxRefConditions=1
      A90 惩戒恶人: 1.071ms, calls=11891, max=0.034ms, selector=RandomTarget, range=SameBlock, rangeValue=1, true=0, false=11891, conditions=23782, refConditions=0, avgConditions=2.0, maxConditions=2, maxRefConditions=0
      A89 惩戒人物: 0.919ms, calls=11637, max=0.003ms, selector=RandomTarget, range=SameBlock, rangeValue=1, true=5, false=11632, conditions=11637, refConditions=0, avgConditions=1.0, maxConditions=1, maxRefConditions=0
      A172 请求喝酒: 0.749ms, calls=774, max=0.010ms, selector=RequestTarget, range=BlockRange, rangeValue=1, true=100, false=674, conditions=1548, refConditions=0, avgConditions=2.0, maxConditions=2, maxRefConditions=0
      A100 施以毒害: 0.667ms, calls=8528, max=0.016ms, selector=RandomTarget, range=SameBlock, rangeValue=1, true=6, false=8522, conditions=8528, refConditions=0, avgConditions=1.0, maxConditions=1, maxRefConditions=0
    relationConditionPrefilterByGoalTop:
      G193 结义互动: calls=4539, relationConditions=4539, relationPass=3363, relationFail=1176, fullTrue=3363, fullFalse=1176, avgRelationConditions=1.0
      G192 朋友互动: calls=15080, relationConditions=15080, relationPass=14016, relationFail=1064, fullTrue=14016, fullFalse=1064, avgRelationConditions=1.0
      G194 爱慕互动: calls=3912, relationConditions=3912, relationPass=3096, relationFail=816, fullTrue=3096, fullFalse=816, avgRelationConditions=1.0
      G196 子女互动: calls=3090, relationConditions=3090, relationPass=2406, relationFail=684, fullTrue=2406, fullFalse=684, avgRelationConditions=1.0
      G190 父母互动: calls=2001, relationConditions=2001, relationPass=1591, relationFail=410, fullTrue=1591, fullFalse=410, avgRelationConditions=1.0
      G195 配偶互动: calls=1442, relationConditions=1442, relationPass=1081, relationFail=361, fullTrue=1081, fullFalse=361, avgRelationConditions=1.0
      G199 仇敌互动: calls=325, relationConditions=325, relationPass=95, relationFail=230, fullTrue=95, fullFalse=230, avgRelationConditions=1.0
      G197 师徒互动: calls=774, relationConditions=774, relationPass=569, relationFail=205, fullTrue=569, fullFalse=205, avgRelationConditions=1.0
      G191 手足互动: calls=2527, relationConditions=2527, relationPass=2355, relationFail=172, fullTrue=2355, fullFalse=172, avgRelationConditions=1.0
    targetConditionSensorUsageTop:
      TargetStateSensor: 345590
      CharacterStateSensor: 293893
      None: 45708
      OrganizationStateSensor: 10633
      CombatSkillStateSensor: 7190
      LifeSkillStateSensor: 5515
      InventoryStateSensor: 3011
      ResourceStateSensor: 555
  targetLookupCalls:
    SameBlock: calls=124946, hits=114922, fallbacks=10024, candidateIds=1057852, charactersAdded=942930
    SameArea: calls=0, hits=0, fallbacks=0, candidateIds=0, charactersAdded=0
    SameState: calls=6, hits=6, fallbacks=0, candidateIds=2436, charactersAdded=2430
    BlockRange: calls=69316, hits=68055, fallbacks=1261, candidateIds=1840032, charactersAdded=1771977
    SettlementRange: calls=0, hits=0, fallbacks=0, candidateIds=0, charactersAdded=0

2026-06-28 04:29:11.1808|INFO|Main|GameData.Domains.Global.GlobalDomain|Required Space: 1073741824 bytes.
Available Space: 1407875948544
2026-06-28 04:29:13.0667|INFO|Main|GameData.Domains.World.WorldDomain|Exit advancing month state and start saving world.
2026-06-28 04:29:13.0667|INFO|Main|GameData.Domains.World.WorldDomain|Currrent Population / World Standard Population: 6596/5184, Probability Adjustment of Creating Character: 100%
2026-06-28 04:29:13.0667|INFO|Main|GameData.Domains.Character.CharacterDomain|[[83]] Alive characters: 7216, dead characters: 2756
2026-06-28 04:29:13.0667|INFO|Main|GameData.Domains.Character.CharacterDomain|Non-intelligent characters: 284
  10085: 390-般若堂弟子
  10084: 390-般若堂弟子
  10083: 390-般若堂弟子
  10082: 390-般若堂弟子
  10072: 390-般若堂弟子
  10839: 390-般若堂弟子
  10071: 390-般若堂弟子
  10070: 390-般若堂弟子
  10069: 390-般若堂弟子
  10068: 390-般若堂弟子
  10067: 390-般若堂弟子
  10066: 390-般若堂弟子
  10065: 390-般若堂弟子
  10081: 390-般若堂弟子
  10080: 390-般若堂弟子
  10064: 390-般若堂弟子
  10831: 390-般若堂弟子
  8225: 377-年轻侠士
  10063: 390-般若堂弟子
  10830: 390-般若堂弟子
  10829: 390-般若堂弟子
  10062: 390-般若堂弟子
  10061: 390-般若堂弟子
  7427: 377-年轻侠士
  10079: 390-般若堂弟子
  10838: 390-般若堂弟子
  10828: 390-般若堂弟子
  10078: 390-般若堂弟子
  10077: 390-般若堂弟子
  10060: 390-般若堂弟子
  10837: 390-般若堂弟子
  10827: 390-般若堂弟子
  10826: 390-般若堂弟子
  10825: 390-般若堂弟子
  10059: 390-般若堂弟子
  10076: 390-般若堂弟子
  10075: 390-般若堂弟子
  10058: 390-般若堂弟子
  10824: 390-般若堂弟子
  10823: 390-般若堂弟子

2026-06-28 04:29:13.0667|INFO|Main|AdaptableLog|EventArgBox newly created: 3 instances, 339 object collections.
2026-06-28 04:29:13.0667|WARN|Main|GameData.Domains.Item.ItemDomain|1 unowned CraftTool detected.
2026-06-28 04:29:13.0667|WARN|Main|GameData.Domains.Item.ItemDomain|16 unowned SkillBook detected.
2026-06-28 04:29:13.0667|WARN|Main|GameData.Domains.Item.ItemDomain|739 unowned Cricket detected.
2026-06-28 04:29:13.0667|WARN|Main|GameData.Domains.Item.ItemDomain|1 unowned Misc detected.
2026-06-28 04:29:13.0667|INFO|Main|GameData.Domains.Item.ItemDomain|Total unowned items: 757
2026-06-28 04:29:13.3931|INFO|Main|GameData.Domains.Global.GlobalDomain|Total managed memory usage: 502.7MB
2026-06-28 04:29:13.4104|INFO|Main|GameData.Domains.Global.GlobalDomain|Required Space: 1073741824 bytes.
Available Space: 1407875948544
2026-06-28 04:29:13.7696|INFO|Main|TaiwuOptimization.Runtime.SaveWorldDiagnostics|TaiwuOptimization: SaveWorld breakdown
  total:
    elapsed: 351.664ms
    measured: 351.413ms
    other: 0.251ms
    archivePath: D:\SteamLibrary\steamapps\common\The Scroll Of Taiwu\Backend\..\SaveGames\world_1\local.sav
    fileSize: 99296108
  archiveFile:
    WriteHeader: 0.242ms
    WriteContent: 351.171ms
    contentMeasured: 350.365ms
    contentOther: 0.805ms
  domainOnSaveWorld:
    WorldDomain: 1.375ms, calls=1
    MapDomain: 15.657ms, calls=1
    OrganizationDomain: 1.581ms, calls=1
    CharacterDomain: 151.664ms, calls=1
    TaiwuDomain: 0.618ms, calls=1
    ItemDomain: 24.745ms, calls=1
    CombatSkillDomain: 14.565ms, calls=1
    CombatDomain: 0.006ms, calls=1
    BuildingDomain: 4.053ms, calls=1
    AdventureDomain: 5.100ms, calls=1
    LegendaryBookDomain: 0.056ms, calls=1
    TaiwuEventDomain: 0.040ms, calls=1
    LifeRecordDomain: 0.000ms, calls=1
    MerchantDomain: 1.349ms, calls=1
    TutorialChapterDomain: 0.001ms, calls=1
    ModDomain: 0.060ms, calls=1
    SpecialEffectDomain: 3.613ms, calls=1
    InformationDomain: 53.631ms, calls=1
    ExtraDomain: 32.721ms, calls=1
    StoryDomain: 0.062ms, calls=1
  database:
    DatabaseBridge.Disconnect: 0.247ms
    CopyWorkingDb: 38.362ms, calls=1, bytes=31981568, bufferBytes=16777216, estimatedChunks=2
    DatabaseBridge.Connect: 0.854ms
  compression:
    CompressionType: NoCompression
    EndCompression: 0.000ms
    WriteCrcToEnd: 0.005ms

2026-06-28 04:29:13.7731|INFO|Main|GameData.Domains.Global.GlobalDomain|SaveWorld: 362.3
2026-06-28 04:29:14.2896|INFO|Main|AdaptableLog|new Event triggered : 1505c7c2-8a55-4794-bd85-1c5aec7ea341, _triggeredEventList.Count = 1
2026-06-28 04:29:14.2896|INFO|Main|AdaptableLog|1505c7c2-8a55-4794-bd85-1c5aec7ea341 to event => 
2026-06-28 04:29:15.4919|INFO|Main|GameData.Domains.Global.GlobalDomain|Required Space: 1073741824 bytes.
Available Space: 1407867240448
2026-06-28 04:29:15.5244|INFO|Main|GameData.Domains.World.WorldDomain|AdvanceMonth: begin ------------------------------------------------------------
2026-06-28 04:29:15.5244|INFO|Main|GameData.Domains.Character.CharacterDomain|Removing all temporary enemies with a total count of 6
2026-06-28 04:29:15.5244|INFO|Main|GameData.Domains.Character.CharacterDomain|Clearing temporary characters with a total count of 0
2026-06-28 04:29:15.5244|INFO|Main|GameData.Domains.Global.GlobalDomain|Required Space: 1073741824 bytes.
Available Space: 1407867240448
2026-06-28 04:29:15.5244|INFO|Main|GameData.Domains.World.WorldDomain|New month begin: Year 7, Month 12 (83)
2026-06-28 04:29:15.6041|INFO|Main|GameData.Domains.Global.GlobalDomain|[AdvanceMonth_Execute] PreAdvanceMonth: 74.1
2026-06-28 04:29:15.7289|INFO|Main|GameData.Domains.Character.CharacterDomain|京城权贵-太叔寻星(6) is dead at age 37.(玄灰绝命:{killer=-1, location={0, 678}, adventure=0})
2026-06-28 04:29:15.7289|INFO|Main|GameData.Domains.Character.CharacterDomain|成都豪富-乐正媛(393) is dead at age 25.(玄灰绝命:{killer=-1, location={3, 376}, adventure=0})
2026-06-28 04:29:15.7436|INFO|Main|GameData.Domains.Character.CharacterDomain|山寨豪富-步晗芳(493) is dead at age 40.(玄灰绝命:{killer=-1, location={3, 549}, adventure=0})
2026-06-28 04:29:15.7436|INFO|Main|GameData.Domains.Character.CharacterDomain|峨眉派八门嫡传-农阮(563) is dead at age 35.(玄灰绝命:{killer=-1, location={4, 264}, adventure=0})
2026-06-28 04:29:15.7575|INFO|Main|GameData.Domains.Character.CharacterDomain|峨眉派内门散徒-席淑涣(612) is dead at age 23.(玄灰绝命:{killer=-1, location={4, 353}, adventure=0})
2026-06-28 04:29:15.7575|INFO|Main|GameData.Domains.Character.CharacterDomain|襄阳权贵-佟承业(1295) is dead at age 48.(寿终正寝:{killer=-1, location={9, 501}, adventure=0})
2026-06-28 04:29:15.7575|INFO|Main|GameData.Domains.Character.CharacterDomain|山寨乞丐-阴英(1758) is dead at age 21.(玄灰绝命:{killer=-1, location={12, 280}, adventure=0})
2026-06-28 04:29:15.7737|INFO|Main|GameData.Domains.Character.CharacterDomain|村庄文人-尤仙罗(1915) is dead at age 35.(玄灰绝命:{killer=-1, location={13, 169}, adventure=0})
2026-06-28 04:29:15.7737|INFO|Main|GameData.Domains.Character.CharacterDomain|村庄农户-翁邦协(1930) is dead at age 21.(玄灰绝命:{killer=-1, location={13, 202}, adventure=0})
2026-06-28 04:29:15.7737|INFO|Main|GameData.Domains.Character.CharacterDomain|然山派仙师-弘哲(2582) is dead at age 39.(玄灰绝命:{killer=-1, location={19, 583}, adventure=0})
2026-06-28 04:29:15.7910|INFO|Main|GameData.Domains.Character.CharacterDomain|市镇权贵-越少仪(2770) is dead at age 43.(玄灰绝命:{killer=-1, location={19, 742}, adventure=0})
2026-06-28 04:29:15.7910|INFO|Main|GameData.Domains.Character.CharacterDomain|秦州商人-武天惠(4100) is dead at age 24.(玄灰绝命:{killer=-1, location={30, 315}, adventure=0})
2026-06-28 04:29:15.7910|INFO|Main|GameData.Domains.Character.CharacterDomain|村庄大夫-关康(4457) is dead at age 36.(玄灰绝命:{killer=-1, location={34, 443}, adventure=0})
2026-06-28 04:29:15.8049|INFO|Main|GameData.Domains.Character.CharacterDomain|村庄文人-裘松树(4695) is dead at age 30.(玄灰绝命:{killer=-1, location={35, 234}, adventure=0})
2026-06-28 04:29:15.8049|INFO|Main|GameData.Domains.Character.CharacterDomain|寿春豪富-禹恩裳(4879) is dead at age 25.(玄灰绝命:{killer=-1, location={36, 499}, adventure=0})
2026-06-28 04:29:15.8188|INFO|Main|GameData.Domains.Character.CharacterDomain|界青门杀手-苗琼(5013) is dead at age 22.(玄灰绝命:{killer=-1, location={37, 285}, adventure=0})
2026-06-28 04:29:15.8188|INFO|Main|GameData.Domains.Organization.OrganizationDomain|界青门杀手-苗琼(5013) is no longer guarding sect 界青门
2026-06-28 04:29:15.8188|INFO|Main|GameData.Domains.Character.CharacterDomain|山寨管事-楚安丘(5094) is dead at age 21.(玄灰绝命:{killer=-1, location={37, 648}, adventure=0})
2026-06-28 04:29:15.8188|INFO|Main|GameData.Domains.Character.CharacterDomain|杭州商人-水鉴佳(5195) is dead at age 30.(玄灰绝命:{killer=-1, location={39, 646}, adventure=0})
2026-06-28 04:29:15.8376|INFO|Main|GameData.Domains.Character.CharacterDomain|伏龙坛巡海使-卫琼(5386) is dead at age 32.(玄灰绝命:{killer=-1, location={40, 293}, adventure=0})
2026-06-28 04:29:15.8376|INFO|Main|GameData.Domains.Character.CharacterDomain|扬州豪富-索如风(5581) is dead at age 46.(玄灰绝命:{killer=-1, location={42, 486}, adventure=0})
2026-06-28 04:29:15.8487|INFO|Main|GameData.Domains.Character.CharacterDomain|山寨豪富-文威(5690) is dead at age 50.(玄灰绝命:{killer=-1, location={42, 563}, adventure=0})
2026-06-28 04:29:15.8487|INFO|Main|GameData.Domains.Character.CharacterDomain|血犼教长老-卞忧(5775) is dead at age 40.(玄灰绝命:{killer=-1, location={43, 474}, adventure=0})
2026-06-28 04:29:15.8641|INFO|Main|GameData.Domains.Character.CharacterDomain|血犼教血犼圣使-吴孝鉴(5777) is dead at age 45.(玄灰绝命:{killer=-1, location={43, 473}, adventure=0})
2026-06-28 04:29:15.8641|INFO|Main|GameData.Domains.Organization.OrganizationDomain|血犼教血犼圣使-吴孝鉴(5777) is no longer guarding sect 血犼教
2026-06-28 04:29:15.8819|INFO|Main|GameData.Domains.Global.GlobalDomain|[AdvanceMonth_Execute] UpdateStatus: 275.8
2026-06-28 04:29:15.9708|INFO|Main|GameData.Domains.Global.GlobalDomain|[AdvanceMonth_Execute] SelfImprovement: 74.1
2026-06-28 04:29:16.2122|INFO|Main|GameData.Domains.Global.GlobalDomain|[AdvanceMonth_Execute] CharacterPreparation: 241.2
2026-06-28 04:29:16.2893|INFO|Main|GameData.Domains.Character.CharacterDomain|[DistantMarriage] PassConditionCount=1462, PassSuccessRateCheckCount=15, FoundTargetCount=8
2026-06-28 04:29:16.2893|INFO|Main|GameData.Domains.Character.CharacterDomain|Adore Relations In Marriage: 0/0
2026-06-28 04:29:16.2893|INFO|Main|GameData.Domains.Global.GlobalDomain|[AdvanceMonth_Execute] CharacterRelationsUpdate: 79.1
2026-06-28 04:29:18.8396|INFO|Main|GameData.Domains.Character.CharacterDomain|伏龙坛祭龙主-夹谷广博(5325) is kidnapping 伏龙坛龙头长老-沙婉梦(5421).
2026-06-28 04:29:18.8741|INFO|Main|GameData.Domains.Global.GlobalDomain|[AdvanceMonth_Execute] CharacterActionPlanning: 2,582.5
2026-06-28 04:29:18.8967|INFO|Main|GameData.Domains.Character.CharacterDomain|Removing 血犼教血犼圣使-冉萱(5776)'s kidnapped character: 5922 (isEscape=False).
2026-06-28 04:29:18.9148|INFO|Main|GameData.Domains.Global.GlobalDomain|[AdvanceMonth_Execute] CharacterFixedAction: 40.5
2026-06-28 04:29:18.9675|INFO|Main|TaiwuOptimization.Runtime.UpdateInformationDiagnostics|TaiwuOptimization: UpdateInformation breakdown
  total:
    elapsed: 51.645ms
    measured: 51.188ms
    other: 0.457ms
  secretInformationData:
    secretInformation: 7645 -> 5079
    secretOccurence: 10319 -> 8568
    characterKnownSecrets: 6019 -> 6019
    knownSecretLinks: 7690 -> 6632
    holderScanUpperBound: 46015255
  phases:
    MakeSettlementsInformation: 2.327ms, calls=1
    PlanDisseminateSecretInformation: 42.084ms, calls=3018
      planMax: 6.816ms
      planMaxCharId: 1928
      planSlowCalls(>=5ms): 1
    MetabolismSecretInformation: 6.778ms, calls=1
  metabolismDetails:
    MakeSecretBroadcast: 2.854ms, calls=5
    DiscardSecretInformation: 0.278ms, calls=1379
    RecordSecretInformationRemove: 0.343ms, calls=1
    RecordSecretOccurenceRemove: 0.186ms, calls=1
    RemoveElementSecretInformation: 0.255ms, calls=2566
    RemoveElementSecretOccurence: 0.111ms, calls=1751
      residual: 3.117ms
  lookups:
    CalcSecretOccurenceHolderCount: 0.329ms, calls=3797, max=0.015ms
    CalcSecretInformationKnownCharacterCount: 0.000ms, calls=0, max=0.000ms

2026-06-28 04:29:18.9675|INFO|Main|GameData.Domains.Global.GlobalDomain|[AdvanceMonth_Execute] UpdateInformation: 54.3
2026-06-28 04:29:18.9789|INFO|Main|GameData.Domains.Item.ItemDomain|Getting item of type 2(Accessory) and sub type 200 with grade 6
2026-06-28 04:29:18.9789|INFO|Main|GameData.Domains.Item.ItemDomain|Getting item of type 2(Accessory) and sub type 200 with grade 6
2026-06-28 04:29:19.0306|INFO|Main|GameData.Domains.Global.GlobalDomain|[AdvanceMonth_Execute] UpdateInfectedCharacters: 0.0
2026-06-28 04:29:19.0447|INFO|Main|GameData.Domains.Global.GlobalDomain|[AdvanceMonth_Execute] UpdateCharacterMovements: 13.9
2026-06-28 04:29:19.2996|INFO|Main|GameData.Domains.Global.GlobalDomain|[AdvanceMonth_Execute] UpdateOrganizationMembers: 229.8
2026-06-28 04:29:19.3213|WARN|Main|AdaptableLog|[Adventure]: AutoGenerateByConfig cost 1ms
2026-06-28 04:29:19.3213|INFO|Main|GameData.Domains.TaiwuEvent.EventScriptRuntime|做一个保底机制确保不会变成捕快窝
2026-06-28 04:29:19.3213|INFO|Main|GameData.Domains.TaiwuEvent.EventScriptRuntime|刷新各类捕快数量
2026-06-28 04:29:19.3213|INFO|Main|GameData.Domains.TaiwuEvent.EventScriptRuntime|做一个保底机制确保不会变成捕快窝
2026-06-28 04:29:19.3213|INFO|Main|GameData.Domains.TaiwuEvent.EventScriptRuntime|刷新各类捕快数量
2026-06-28 04:29:19.3213|INFO|Main|GameData.Domains.TaiwuEvent.EventScriptRuntime|做一个保底机制确保不会变成捕快窝
2026-06-28 04:29:19.3213|INFO|Main|GameData.Domains.TaiwuEvent.EventScriptRuntime|刷新各类捕快数量
2026-06-28 04:29:19.3213|INFO|Main|GameData.Domains.TaiwuEvent.EventScriptRuntime|做一个保底机制确保不会变成捕快窝
2026-06-28 04:29:19.3213|INFO|Main|GameData.Domains.TaiwuEvent.EventScriptRuntime|刷新各类捕快数量
2026-06-28 04:29:19.3213|INFO|Main|GameData.Domains.TaiwuEvent.EventScriptRuntime|做一个保底机制确保不会变成捕快窝
2026-06-28 04:29:19.3326|INFO|Main|GameData.Domains.TaiwuEvent.EventScriptRuntime|刷新各类捕快数量
2026-06-28 04:29:19.3326|INFO|Main|GameData.Domains.TaiwuEvent.EventScriptRuntime|做一个保底机制确保不会变成捕快窝
2026-06-28 04:29:19.3326|INFO|Main|GameData.Domains.TaiwuEvent.EventScriptRuntime|刷新各类捕快数量
2026-06-28 04:29:19.3326|INFO|Main|GameData.Domains.TaiwuEvent.EventScriptRuntime|做一个保底机制确保不会变成捕快窝
2026-06-28 04:29:19.3326|INFO|Main|GameData.Domains.TaiwuEvent.EventScriptRuntime|刷新各类捕快数量
2026-06-28 04:29:19.3326|INFO|Main|GameData.Domains.TaiwuEvent.EventScriptRuntime|做一个保底机制确保不会变成捕快窝
2026-06-28 04:29:19.3326|INFO|Main|GameData.Domains.TaiwuEvent.EventScriptRuntime|刷新各类捕快数量
2026-06-28 04:29:19.3326|INFO|Main|GameData.Domains.TaiwuEvent.EventScriptRuntime|做一个保底机制确保不会变成捕快窝
2026-06-28 04:29:19.3326|INFO|Main|GameData.Domains.TaiwuEvent.EventScriptRuntime|刷新各类捕快数量
2026-06-28 04:29:19.3326|INFO|Main|GameData.Domains.TaiwuEvent.EventScriptRuntime|做一个保底机制确保不会变成捕快窝
2026-06-28 04:29:19.3326|INFO|Main|GameData.Domains.TaiwuEvent.EventScriptRuntime|刷新各类捕快数量
2026-06-28 04:29:19.3326|INFO|Main|GameData.Domains.TaiwuEvent.EventScriptRuntime|做一个保底机制确保不会变成捕快窝
2026-06-28 04:29:19.3326|INFO|Main|GameData.Domains.TaiwuEvent.EventScriptRuntime|刷新各类捕快数量
2026-06-28 04:29:19.3326|INFO|Main|GameData.Domains.TaiwuEvent.EventScriptRuntime|做一个保底机制确保不会变成捕快窝
2026-06-28 04:29:19.3326|INFO|Main|GameData.Domains.TaiwuEvent.EventScriptRuntime|刷新各类捕快数量
2026-06-28 04:29:19.3326|INFO|Main|GameData.Domains.TaiwuEvent.EventScriptRuntime|做一个保底机制确保不会变成捕快窝
2026-06-28 04:29:19.3326|INFO|Main|GameData.Domains.TaiwuEvent.EventScriptRuntime|刷新各类捕快数量
2026-06-28 04:29:19.3326|INFO|Main|GameData.Domains.TaiwuEvent.EventScriptRuntime|做一个保底机制确保不会变成捕快窝
2026-06-28 04:29:19.3326|INFO|Main|GameData.Domains.TaiwuEvent.EventScriptRuntime|刷新各类捕快数量
2026-06-28 04:29:19.3326|INFO|Main|GameData.Domains.TaiwuEvent.EventScriptRuntime|做一个保底机制确保不会变成捕快窝
2026-06-28 04:29:19.3326|INFO|Main|GameData.Domains.TaiwuEvent.EventScriptRuntime|刷新各类捕快数量
2026-06-28 04:29:19.3326|INFO|Main|GameData.Domains.TaiwuEvent.EventScriptRuntime|做一个保底机制确保不会变成捕快窝
2026-06-28 04:29:19.3326|INFO|Main|GameData.Domains.TaiwuEvent.EventScriptRuntime|刷新各类捕快数量
2026-06-28 04:29:19.3326|INFO|Main|GameData.Domains.TaiwuEvent.EventScriptRuntime|做一个保底机制确保不会变成捕快窝
2026-06-28 04:29:19.3326|INFO|Main|GameData.Domains.TaiwuEvent.EventScriptRuntime|刷新各类捕快数量
2026-06-28 04:29:19.3326|INFO|Main|GameData.Domains.TaiwuEvent.EventScriptRuntime|做一个保底机制确保不会变成捕快窝
2026-06-28 04:29:19.3326|INFO|Main|GameData.Domains.TaiwuEvent.EventScriptRuntime|刷新各类捕快数量
2026-06-28 04:29:19.3326|INFO|Main|GameData.Domains.TaiwuEvent.EventScriptRuntime|做一个保底机制确保不会变成捕快窝
2026-06-28 04:29:19.3326|INFO|Main|GameData.Domains.TaiwuEvent.EventScriptRuntime|刷新各类捕快数量
2026-06-28 04:29:19.3326|INFO|Main|GameData.Domains.TaiwuEvent.EventScriptRuntime|做一个保底机制确保不会变成捕快窝
2026-06-28 04:29:19.3326|INFO|Main|GameData.Domains.TaiwuEvent.EventScriptRuntime|刷新各类捕快数量
2026-06-28 04:29:19.3484|WARN|Main|AdaptableLog|get invalid vital data by type Heaven
2026-06-28 04:29:19.3484|WARN|Main|AdaptableLog|get invalid vital data by type Earth
2026-06-28 04:29:19.3484|WARN|Main|AdaptableLog|get invalid vital data by type Human
2026-06-28 04:29:22.1261|INFO|Main|GameData.Domains.Character.CharacterDomain|Removing recent dead characters life records 572/1033
2026-06-28 04:29:22.1261|INFO|Main|GameData.Domains.Character.CharacterDomain|Removing dead characters: 0/2781
2026-06-28 04:29:22.1261|INFO|Main|GameData.Domains.World.WorldDomain|Removing monthly event Config.MonthlyEventItem(274) at 0 of size 3 from a collection of size 3 and count 1
2026-06-28 04:29:22.1261|INFO|Main|GameData.Domains.World.WorldDomain|CheckMonthlyEvents: 0 events detected.
2026-06-28 04:29:22.1314|INFO|Main|GameData.Domains.World.WorldDomain|AdvanceMonth: end --------------------------------------------------------------
2026-06-28 04:29:22.1314|INFO|Main|GameData.Domains.World.WorldDomain|Advance Month Time Cost: 6606ms
2026-06-28 04:29:22.1314|INFO|Main|TaiwuOptimization.Runtime.CharacterActionPlanningDiagnostics|TaiwuOptimization: CharacterActionPlanning diagnostics
  total:
    elapsed: 6,607.176ms
  targetLookupBuild:
    elapsed: 197.755ms, calls=2
    fullBuilds: 1
    fullBuildReasons: InitialSnapshot=1
    deltaNoChangePublishes: 0
    deltaPublish: 2.860ms, calls=1, deltas=793, fallbackFullRebuilds=0
    deltaAffected: blocks=616, areas=43, states=15, settlements=583
    primaryApplyAllDeltas: recordedDeltaCount=793, savedDeltaCount=793, affectedBlockCount=616, affectedAreaCount=43, overflowCount=0
    locationEpochIncrements: LocationChangedOutsideDeltaRecording@None=25, LocationChangedOutsideDeltaRecording@SecondaryApplyAllNoDeltaRecording=1, LocationChangedOutsideDeltaRecording@FrozenSnapshotIdle=1321
    firstLocationEpochIncrement: LocationChangedOutsideDeltaRecording@None, charId=11010, old=34:528, new=13:582
    blocks: 39738
    areas: 141
    states: 16
    characterIds: 5441
  actualRelationTargetPrefilterSkips:
    OutOfScope: 1062
    EmptySource: 24064
    NoRelationRule: 0
    UnsafeRule: 21361
    Exception: 0
  planningGraphCache:
    build: elapsed=4.316ms, calls=1, successes=1, failures=0
    snapshot: conditions=225, effects=129, conditionEdges=390, effectEdges=385
    Condition: calls=0, hits=0, misses=0, fallbacks=0, returnedNodes=0
    Effect: calls=0, hits=0, misses=0, fallbacks=0, returnedNodes=0
  parallelStages:
    UpdateCharacterMission: 1.641ms, calls=1, max=1.641ms
    UpdateCharacterGoal: 4.006ms, calls=1, max=4.006ms
    UpdateInfectedCharacterActions: 0.000ms, calls=1, max=0.000ms
    UpdateLegendaryBookOwnersActions: 0.002ms, calls=1, max=0.002ms
    UpdatePrimaryGoalAndActions: 1,236.973ms, calls=1, max=1,236.973ms
    UpdateSecondaryGoalAndActions: 1,140.507ms, calls=1, max=1,140.507ms
  primaryGoalActions:
    OfflineUpdateCurrentGoalActions: 26,617.144ms, calls=4388, max=204.079ms
    ComplementUpdateCurrentGoalActions: 100.169ms, calls=4388, max=7.748ms
    OfflineUpdateGoalPlan: 21,590.726ms, calls=16385, max=69.554ms
    ReassessPlan: 3,056.141ms, calls=28793, max=21.304ms
    OfflineCreateNextAction: 1,579.235ms, calls=12060, max=15.493ms
    ExecuteAction: 96.244ms, calls=2914, max=7.746ms
    CheckPrerequisites: 428.625ms, calls=903708, max=12.833ms
    GetCharactersInSelectRange: 844.223ms, calls=104644, max=12.609ms, input=1444956, output=0, maxInput=432, maxOutput=0
    FilterActionTargets: 9,848.590ms, calls=104644, max=21.289ms, input=344485, output=18568, maxInput=432, maxOutput=71
    CharacterActionPlannerPlan: 21,466.063ms, calls=16385, max=69.549ms
    CharacterActionPlannerReassess: 2,888.632ms, calls=22167, max=21.303ms
    WeightBasedFindPath: 0.000ms, calls=0, max=0.000ms
    WeightBasedFindPathRecursive: 0.000ms, calls=0, max=0.000ms
    WeightBasedGetUnsatisfiedStateCount: 0.000ms, calls=0, max=0.000ms
    StateMemoryCheckCondition: 0.000ms, calls=0, max=0.000ms
    PrepareContext: 11,739.297ms, calls=242513, max=21.300ms
    CalcCurrentState: 344.076ms, calls=565687, max=4.063ms
    MatchTargetCharacter: 8,364.741ms, calls=345778, max=12.992ms
    MatchTargetCharacterByConditions: 42.088ms, calls=395493, max=1.399ms
    prepareContextByActionTop:
      A82 咒骂: 1,242.989ms, calls=16097, max=12.586ms, selector=RandomTarget, range=SameBlock, rangeValue=1
      A111 指点武学: 1,066.911ms, calls=2674, max=21.300ms, selector=CloseTarget, range=BlockRange, rangeValue=2
      A90 惩戒恶人: 868.779ms, calls=10671, max=12.614ms, selector=RandomTarget, range=SameBlock, rangeValue=1
      A89 惩戒人物: 769.832ms, calls=10741, max=12.395ms, selector=RandomTarget, range=SameBlock, rangeValue=1
      A114 指点技艺: 733.293ms, calls=2174, max=12.442ms, selector=CloseTarget, range=BlockRange, rangeValue=2
      A101 暗中损伤: 645.287ms, calls=9170, max=12.592ms, selector=RandomTarget, range=SameBlock, rangeValue=1
      A33 襄助恶人道具: 606.448ms, calls=1385, max=16.604ms, selector=CloseTarget, range=BlockRange, rangeValue=2
      A100 施以毒害: 596.220ms, calls=9054, max=13.249ms, selector=RandomTarget, range=SameBlock, rangeValue=1
      A32 乐善好施道具: 541.580ms, calls=1482, max=11.124ms, selector=CloseTarget, range=BlockRange, rangeValue=2
      A29 乐善好施资源: 475.796ms, calls=1346, max=12.614ms, selector=CloseTarget, range=BlockRange, rangeValue=2
      A91 惩戒善人: 422.872ms, calls=6546, max=12.626ms, selector=RandomTarget, range=SameBlock, rangeValue=1
      A30 襄助恶人资源: 350.865ms, calls=1177, max=10.553ms, selector=CloseTarget, range=BlockRange, rangeValue=2
    filterActionTargetsByActionTop:
      A111 指点武学: 1,441.582ms, calls=4011, max=21.289ms, selector=CloseTarget, range=BlockRange, rangeValue=2, input=31176, output=1174, avgInput=7.8, maxInput=111, maxOutput=31
      A114 指点技艺: 957.456ms, calls=3261, max=15.474ms, selector=CloseTarget, range=BlockRange, rangeValue=2, input=27216, output=2544, avgInput=8.3, maxInput=106, maxOutput=50
      A82 咒骂: 924.128ms, calls=19309, max=12.578ms, selector=RandomTarget, range=SameBlock, rangeValue=1, input=33182, output=11, avgInput=1.7, maxInput=51, maxOutput=1
      A33 襄助恶人道具: 566.030ms, calls=1386, max=16.587ms, selector=CloseTarget, range=BlockRange, rangeValue=2, input=15398, output=379, avgInput=11.1, maxInput=119, maxOutput=23
      A90 惩戒恶人: 537.942ms, calls=10671, max=8.406ms, selector=RandomTarget, range=SameBlock, rangeValue=1, input=20319, output=0, avgInput=1.9, maxInput=51, maxOutput=0
      A89 惩戒人物: 501.811ms, calls=10741, max=6.835ms, selector=RandomTarget, range=SameBlock, rangeValue=1, input=19665, output=7, avgInput=1.8, maxInput=51, maxOutput=1
      A32 乐善好施道具: 495.429ms, calls=1483, max=11.101ms, selector=CloseTarget, range=BlockRange, rangeValue=2, input=12829, output=230, avgInput=8.7, maxInput=106, maxOutput=13
      A29 乐善好施资源: 410.375ms, calls=1346, max=9.816ms, selector=CloseTarget, range=BlockRange, rangeValue=2, input=9339, output=172, avgInput=6.9, maxInput=106, maxOutput=13
      A101 暗中损伤: 392.037ms, calls=9172, max=12.583ms, selector=RandomTarget, range=SameBlock, rangeValue=1, input=12277, output=6, avgInput=1.3, maxInput=39, maxOutput=1
      A100 施以毒害: 330.155ms, calls=9054, max=8.392ms, selector=RandomTarget, range=SameBlock, rangeValue=1, input=12629, output=0, avgInput=1.4, maxInput=39, maxOutput=0
      A30 襄助恶人资源: 312.057ms, calls=1177, max=10.534ms, selector=CloseTarget, range=BlockRange, rangeValue=2, input=10180, output=283, avgInput=8.6, maxInput=105, maxOutput=23
      A222 修补道具: 273.149ms, calls=360, max=15.149ms, selector=CloseTarget, range=BlockRange, rangeValue=2, input=5877, output=0, avgInput=16.3, maxInput=42, maxOutput=0
    actualRelationTargetPrefilterByActionTop:
      A82 咒骂: calls=13504, selector=RandomTarget, range=SameBlock, rangeValue=1, input=129288, output=9554, dropped=119734, zeroOutput=9767, avgInput=9.6, avgOutput=0.7, maxInput=51, maxDropped=51
      A111 指点武学: calls=3462, selector=CloseTarget, range=BlockRange, rangeValue=2, input=92223, output=19050, dropped=73173, zeroOutput=1980, avgInput=26.6, avgOutput=5.5, maxInput=111, maxDropped=110
      A89 惩戒人物: calls=7327, selector=RandomTarget, range=SameBlock, rangeValue=1, input=71372, output=3682, dropped=67690, zeroOutput=5375, avgInput=9.7, avgOutput=0.5, maxInput=51, maxDropped=51
      A90 惩戒恶人: calls=7401, selector=RandomTarget, range=SameBlock, rangeValue=1, input=71755, output=5272, dropped=66483, zeroOutput=5289, avgInput=9.7, avgOutput=0.7, maxInput=51, maxDropped=51
      A114 指点技艺: calls=2856, selector=CloseTarget, range=BlockRange, rangeValue=2, input=82815, output=18183, dropped=64632, zeroOutput=1590, avgInput=29.0, avgOutput=6.4, maxInput=121, maxDropped=121
      A101 暗中损伤: calls=6686, selector=RandomTarget, range=SameBlock, rangeValue=1, input=63433, output=5228, dropped=58205, zeroOutput=4853, avgInput=9.5, avgOutput=0.8, maxInput=51, maxDropped=51
      A100 施以毒害: calls=6597, selector=RandomTarget, range=SameBlock, rangeValue=1, input=61841, output=5360, dropped=56481, zeroOutput=4759, avgInput=9.4, avgOutput=0.8, maxInput=51, maxDropped=51
      A182 道法开悟: calls=1404, selector=CloseTarget, range=BlockRange, rangeValue=2, input=41291, output=950, dropped=40341, zeroOutput=955, avgInput=29.4, avgOutput=0.7, maxInput=121, maxDropped=121
      A91 惩戒善人: calls=4702, selector=RandomTarget, range=SameBlock, rangeValue=1, input=44086, output=4350, dropped=39736, zeroOutput=3344, avgInput=9.4, avgOutput=0.9, maxInput=51, maxDropped=51
      A184 佛学开悟: calls=1306, selector=CloseTarget, range=BlockRange, rangeValue=2, input=38150, output=744, dropped=37406, zeroOutput=937, avgInput=29.2, avgOutput=0.6, maxInput=111, maxDropped=110
      A32 乐善好施道具: calls=1451, selector=CloseTarget, range=BlockRange, rangeValue=2, input=43483, output=12686, dropped=30797, zeroOutput=735, avgInput=30.0, avgOutput=8.7, maxInput=121, maxDropped=121
      A29 乐善好施资源: calls=1324, selector=CloseTarget, range=BlockRange, rangeValue=2, input=40033, output=9282, dropped=30751, zeroOutput=739, avgInput=30.2, avgOutput=7.0, maxInput=121, maxDropped=121
    relationPrefilterByActionTop:
      A244 绝除死气: calls=12, selector=CloseTarget, range=SameState, rangeValue=1, selectable=4800, relationCandidates=1455, dropped=3345, avgSelectable=400.0, avgRelationCandidates=121.2, maxSelectable=400, maxDropped=279
      A111 指点武学: calls=1992, selector=CloseTarget, range=BlockRange, rangeValue=2, selectable=31176, relationCandidates=29910, dropped=1266, avgSelectable=15.7, avgRelationCandidates=15.0, maxSelectable=111, maxDropped=20
      A114 指点技艺: calls=1620, selector=CloseTarget, range=BlockRange, rangeValue=2, selectable=27216, relationCandidates=26277, dropped=939, avgSelectable=16.8, avgRelationCandidates=16.2, maxSelectable=106, maxDropped=63
      A252 收治失心: calls=3, selector=CloseTarget, range=SameState, rangeValue=1, selectable=1296, relationCandidates=459, dropped=837, avgSelectable=432.0, avgRelationCandidates=153.0, maxSelectable=432, maxDropped=279
      A221 坐诊看病: calls=152, selector=CloseTarget, range=BlockRange, rangeValue=2, selectable=2983, relationCandidates=2511, dropped=472, avgSelectable=19.6, avgRelationCandidates=16.5, maxSelectable=50, maxDropped=29
      A36 求取道具: calls=473, selector=RequestTarget, range=BlockRange, rangeValue=1, selectable=3521, relationCandidates=3150, dropped=371, avgSelectable=7.4, avgRelationCandidates=6.7, maxSelectable=69, maxDropped=50
      A182 道法开悟: calls=537, selector=CloseTarget, range=BlockRange, rangeValue=2, selectable=2794, relationCandidates=2605, dropped=189, avgSelectable=5.2, avgRelationCandidates=4.9, maxSelectable=73, maxDropped=24
      A225 乞讨银钱: calls=96, selector=RandomTarget, range=BlockRange, rangeValue=1, selectable=1329, relationCandidates=1197, dropped=132, avgSelectable=13.8, avgRelationCandidates=12.5, maxSelectable=42, maxDropped=15
      A27 请求淬毒道具: calls=209, selector=RequestTarget, range=BlockRange, rangeValue=2, selectable=4652, relationCandidates=4532, dropped=120, avgSelectable=22.3, avgRelationCandidates=21.7, maxSelectable=84, maxDropped=15
      A172 请求喝酒: calls=351, selector=RequestTarget, range=BlockRange, rangeValue=1, selectable=2111, relationCandidates=1999, dropped=112, avgSelectable=6.0, avgRelationCandidates=5.7, maxSelectable=42, maxDropped=30
      A173 请求喝茶: calls=335, selector=RequestTarget, range=BlockRange, rangeValue=1, selectable=1849, relationCandidates=1745, dropped=104, avgSelectable=5.5, avgRelationCandidates=5.2, maxSelectable=47, maxDropped=15
      A184 佛学开悟: calls=447, selector=CloseTarget, range=BlockRange, rangeValue=2, selectable=2481, relationCandidates=2378, dropped=103, avgSelectable=5.6, avgRelationCandidates=5.3, maxSelectable=72, maxDropped=14
    goalTargetMatchByGoalTop:
      G179 惩戒奸佞: 310.605ms, calls=25487, max=6.173ms, true=22540, false=2947
      G192 朋友互动: 274.543ms, calls=15077, max=12.576ms, true=14473, false=604
      G186 帮扶奸佞: 113.789ms, calls=9192, max=12.762ms, true=9096, false=96
      G178 帮扶良善: 103.674ms, calls=8922, max=3.183ms, true=8853, false=69
      G190 父母互动: 92.903ms, calls=4664, max=5.671ms, true=4236, false=428
      G3 惩恶锄奸: 87.883ms, calls=8157, max=4.074ms, true=0, false=8157
      G187 惩戒良善: 75.516ms, calls=6397, max=5.333ms, true=6235, false=162
      G161 坐诊看病: 69.119ms, calls=4028, max=4.404ms, true=60, false=3968
      G193 结义互动: 67.894ms, calls=4027, max=2.908ms, true=3770, false=257
      G191 手足互动: 64.524ms, calls=4454, max=2.877ms, true=4019, false=435
      G1 苦海无涯: 59.450ms, calls=4388, max=2.572ms, true=1114, false=3274
      G2 敬贤扬善: 56.161ms, calls=5124, max=2.727ms, true=1290, false=3834
    actionTargetMatchByActionTop:
      A111 指点武学: 615.023ms, calls=37544, max=5.359ms, selector=CloseTarget, range=BlockRange, rangeValue=2, true=6983, false=30561
      A114 指点技艺: 395.673ms, calls=27327, max=5.791ms, selector=CloseTarget, range=BlockRange, rangeValue=2, true=11922, false=15405
      A82 咒骂: 304.044ms, calls=18883, max=4.882ms, selector=RandomTarget, range=SameBlock, rangeValue=1, true=11, false=18872
      A33 襄助恶人道具: 272.576ms, calls=21587, max=4.093ms, selector=CloseTarget, range=BlockRange, rangeValue=2, true=1752, false=19835
      A32 乐善好施道具: 261.991ms, calls=18912, max=4.038ms, selector=CloseTarget, range=BlockRange, rangeValue=2, true=996, false=17916
      A29 乐善好施资源: 201.170ms, calls=13874, max=6.243ms, selector=CloseTarget, range=BlockRange, rangeValue=2, true=709, false=13165
      A30 襄助恶人资源: 166.565ms, calls=13950, max=4.128ms, selector=CloseTarget, range=BlockRange, rangeValue=2, true=1267, false=12683
      A90 惩戒恶人: 160.404ms, calls=11074, max=3.415ms, selector=RandomTarget, range=SameBlock, rangeValue=1, true=0, false=11074
      A89 惩戒人物: 150.873ms, calls=10408, max=2.993ms, selector=RandomTarget, range=SameBlock, rangeValue=1, true=7, false=10401
      A101 暗中损伤: 118.260ms, calls=7461, max=12.554ms, selector=RandomTarget, range=SameBlock, rangeValue=1, true=6, false=7455
      A100 施以毒害: 101.040ms, calls=7554, max=3.098ms, selector=RandomTarget, range=SameBlock, rangeValue=1, true=0, false=7554
      A91 惩戒善人: 98.268ms, calls=6077, max=4.267ms, selector=RandomTarget, range=SameBlock, rangeValue=1, true=0, false=6077
    targetMatcherCacheByActionTop:
      A111 指点武学: calls=37544, hits=37126, misses=418, fallbacks=0, savedCalls=37126, true=37544, false=0, selector=CloseTarget, range=BlockRange, rangeValue=2
      A114 指点技艺: calls=27327, hits=26923, misses=404, fallbacks=0, savedCalls=26923, true=27327, false=0, selector=CloseTarget, range=BlockRange, rangeValue=2
      A33 襄助恶人道具: calls=21587, hits=21320, misses=255, fallbacks=12, savedCalls=21320, true=21587, false=0, fallbackReasons=StageInactive=12, selector=CloseTarget, range=BlockRange, rangeValue=2
      A82 咒骂: calls=18883, hits=18882, misses=1, fallbacks=0, savedCalls=18882, true=18883, false=0, selector=RandomTarget, range=SameBlock, rangeValue=1
      A32 乐善好施道具: calls=18912, hits=18644, misses=188, fallbacks=80, savedCalls=18644, true=18912, false=0, fallbackReasons=StageInactive=80, selector=CloseTarget, range=BlockRange, rangeValue=2
      A30 襄助恶人资源: calls=13950, hits=13728, misses=222, fallbacks=0, savedCalls=13728, true=13950, false=0, selector=CloseTarget, range=BlockRange, rangeValue=2
      A29 乐善好施资源: calls=13874, hits=13699, misses=175, fallbacks=0, savedCalls=13699, true=13874, false=0, selector=CloseTarget, range=BlockRange, rangeValue=2
      A90 惩戒恶人: calls=11074, hits=11045, misses=29, fallbacks=0, savedCalls=11045, true=11074, false=0, selector=RandomTarget, range=SameBlock, rangeValue=1
      A89 惩戒人物: calls=10408, hits=10389, misses=19, fallbacks=0, savedCalls=10389, true=10408, false=0, selector=RandomTarget, range=SameBlock, rangeValue=1
      A222 修补道具: calls=9498, hits=9223, misses=275, fallbacks=0, savedCalls=9223, true=9498, false=0, selector=CloseTarget, range=BlockRange, rangeValue=2
      A185 促织决斗: calls=9417, hits=8985, misses=432, fallbacks=0, savedCalls=8985, true=9417, false=0, selector=CloseTarget, range=BlockRange, rangeValue=2
      A220 打折推销: calls=7839, hits=7551, misses=288, fallbacks=0, savedCalls=7551, true=7839, false=0, selector=CloseTarget, range=BlockRange, rangeValue=2
    targetConditionsByGoalTop:
      G179 惩戒奸佞: 1.914ms, calls=32312, max=0.035ms, true=22540, false=9772, conditions=32312, refConditions=0, avgConditions=1.0, maxConditions=1, maxRefConditions=0
      G192 朋友互动: 1.764ms, calls=15077, max=0.032ms, true=14473, false=604, conditions=15077, refConditions=0, avgConditions=1.0, maxConditions=1, maxRefConditions=0
      G161 坐诊看病: 0.969ms, calls=4028, max=0.064ms, true=60, false=3968, conditions=4028, refConditions=0, avgConditions=1.0, maxConditions=1, maxRefConditions=0
      G186 帮扶奸佞: 0.754ms, calls=9456, max=0.008ms, true=9096, false=360, conditions=9456, refConditions=0, avgConditions=1.0, maxConditions=1, maxRefConditions=0
      G178 帮扶良善: 0.742ms, calls=9159, max=0.028ms, true=8853, false=306, conditions=9159, refConditions=0, avgConditions=1.0, maxConditions=1, maxRefConditions=0
      G193 结义互动: 0.659ms, calls=4027, max=0.170ms, true=3770, false=257, conditions=4027, refConditions=0, avgConditions=1.0, maxConditions=1, maxRefConditions=0
      G191 手足互动: 0.604ms, calls=4454, max=0.024ms, true=4019, false=435, conditions=4454, refConditions=0, avgConditions=1.0, maxConditions=1, maxRefConditions=0
      G190 父母互动: 0.587ms, calls=4664, max=0.002ms, true=4236, false=428, conditions=4664, refConditions=0, avgConditions=1.0, maxConditions=1, maxRefConditions=0
      G3 惩恶锄奸: 0.449ms, calls=8157, max=0.002ms, true=0, false=8157, conditions=8157, refConditions=0, avgConditions=1.0, maxConditions=1, maxRefConditions=0
      G220 道法开悟: 0.447ms, calls=4148, max=0.034ms, true=1160, false=2988, conditions=4148, refConditions=0, avgConditions=1.0, maxConditions=1, maxRefConditions=0
      G187 惩戒良善: 0.434ms, calls=6819, max=0.002ms, true=6235, false=584, conditions=6819, refConditions=0, avgConditions=1.0, maxConditions=1, maxRefConditions=0
      G222 佛学开悟: 0.419ms, calls=4939, max=0.009ms, true=333, false=4606, conditions=4939, refConditions=0, avgConditions=1.0, maxConditions=1, maxRefConditions=0
    targetConditionsByActionTop:
      A114 指点技艺: 3.587ms, calls=27327, max=1.399ms, selector=CloseTarget, range=BlockRange, rangeValue=2, true=27225, false=102, conditions=27327, refConditions=0, avgConditions=1.0, maxConditions=1, maxRefConditions=0
      A27 请求淬毒道具: 3.041ms, calls=3657, max=0.369ms, selector=RequestTarget, range=BlockRange, rangeValue=2, true=235, false=3422, conditions=3657, refConditions=3657, avgConditions=1.0, maxConditions=1, maxRefConditions=1
      A111 指点武学: 2.955ms, calls=37544, max=0.028ms, selector=CloseTarget, range=BlockRange, rangeValue=2, true=37367, false=177, conditions=37544, refConditions=0, avgConditions=1.0, maxConditions=1, maxRefConditions=0
      A33 襄助恶人道具: 2.714ms, calls=21587, max=0.025ms, selector=CloseTarget, range=BlockRange, rangeValue=2, true=1752, false=19835, conditions=43174, refConditions=0, avgConditions=2.0, maxConditions=2, maxRefConditions=0
      A32 乐善好施道具: 2.323ms, calls=18912, max=0.036ms, selector=CloseTarget, range=BlockRange, rangeValue=2, true=996, false=17916, conditions=37824, refConditions=0, avgConditions=2.0, maxConditions=2, maxRefConditions=0
      A29 乐善好施资源: 1.848ms, calls=13874, max=0.024ms, selector=CloseTarget, range=BlockRange, rangeValue=2, true=709, false=13165, conditions=27748, refConditions=0, avgConditions=2.0, maxConditions=2, maxRefConditions=0
      A30 襄助恶人资源: 1.837ms, calls=13950, max=0.040ms, selector=CloseTarget, range=BlockRange, rangeValue=2, true=1267, false=12683, conditions=27900, refConditions=0, avgConditions=2.0, maxConditions=2, maxRefConditions=0
      A82 咒骂: 1.658ms, calls=18883, max=0.047ms, selector=RandomTarget, range=SameBlock, rangeValue=1, true=11, false=18872, conditions=18883, refConditions=0, avgConditions=1.0, maxConditions=1, maxRefConditions=0
      A90 惩戒恶人: 0.879ms, calls=11074, max=0.002ms, selector=RandomTarget, range=SameBlock, rangeValue=1, true=0, false=11074, conditions=22148, refConditions=0, avgConditions=2.0, maxConditions=2, maxRefConditions=0
      A172 请求喝酒: 0.868ms, calls=1346, max=0.019ms, selector=RequestTarget, range=BlockRange, rangeValue=1, true=309, false=1037, conditions=2692, refConditions=0, avgConditions=2.0, maxConditions=2, maxRefConditions=0
      A89 惩戒人物: 0.828ms, calls=10408, max=0.022ms, selector=RandomTarget, range=SameBlock, rangeValue=1, true=7, false=10401, conditions=10408, refConditions=0, avgConditions=1.0, maxConditions=1, maxRefConditions=0
      A110 请教突破: 0.783ms, calls=10279, max=0.013ms, selector=RequestTarget, range=BlockRange, rangeValue=2, true=0, false=10279, conditions=10279, refConditions=10279, avgConditions=1.0, maxConditions=1, maxRefConditions=1
    relationConditionPrefilterByGoalTop:
      G192 朋友互动: calls=15077, relationConditions=15077, relationPass=14473, relationFail=604, fullTrue=14473, fullFalse=604, avgRelationConditions=1.0
      G191 手足互动: calls=4454, relationConditions=4454, relationPass=4019, relationFail=435, fullTrue=4019, fullFalse=435, avgRelationConditions=1.0
      G190 父母互动: calls=4664, relationConditions=4664, relationPass=4236, relationFail=428, fullTrue=4236, fullFalse=428, avgRelationConditions=1.0
      G194 爱慕互动: calls=1868, relationConditions=1868, relationPass=1514, relationFail=354, fullTrue=1514, fullFalse=354, avgRelationConditions=1.0
      G193 结义互动: calls=4027, relationConditions=4027, relationPass=3770, relationFail=257, fullTrue=3770, fullFalse=257, avgRelationConditions=1.0
      G195 配偶互动: calls=727, relationConditions=727, relationPass=606, relationFail=121, fullTrue=606, fullFalse=121, avgRelationConditions=1.0
      G197 师徒互动: calls=667, relationConditions=667, relationPass=556, relationFail=111, fullTrue=556, fullFalse=111, avgRelationConditions=1.0
      G196 子女互动: calls=1410, relationConditions=1410, relationPass=1305, relationFail=105, fullTrue=1305, fullFalse=105, avgRelationConditions=1.0
      G199 仇敌互动: calls=145, relationConditions=145, relationPass=124, relationFail=21, fullTrue=124, fullFalse=21, avgRelationConditions=1.0
    targetConditionSensorUsageTop:
      TargetStateSensor: 271400
      CharacterStateSensor: 206413
      None: 18721
      CombatSkillStateSensor: 10279
      OrganizationStateSensor: 7548
      InventoryStateSensor: 3828
      LifeSkillStateSensor: 3657
      ResourceStateSensor: 954
  secondaryGoalActions:
    OfflineUpdateCurrentGoalActions: 22,734.292ms, calls=5440, max=96.556ms
    ComplementUpdateCurrentGoalActions: 50.333ms, calls=5440, max=5.923ms
    OfflineUpdateGoalPlan: 18,081.323ms, calls=11359, max=66.444ms
    ReassessPlan: 2,840.356ms, calls=20887, max=20.198ms
    OfflineCreateNextAction: 1,543.263ms, calls=9224, max=17.902ms
    ExecuteAction: 45.950ms, calls=1091, max=4.937ms
    CheckPrerequisites: 301.061ms, calls=744685, max=12.664ms
    GetCharactersInSelectRange: 609.296ms, calls=88219, max=12.412ms, input=1435556, output=0, maxInput=400, maxOutput=0
    FilterActionTargets: 10,006.241ms, calls=88219, max=20.156ms, input=429753, output=21726, maxInput=400, maxOutput=64
    CharacterActionPlannerPlan: 18,003.044ms, calls=11359, max=66.442ms
    CharacterActionPlannerReassess: 2,735.597ms, calls=16605, max=20.198ms
    WeightBasedFindPath: 0.000ms, calls=0, max=0.000ms
    WeightBasedFindPathRecursive: 0.000ms, calls=0, max=0.000ms
    WeightBasedGetUnsatisfiedStateCount: 0.000ms, calls=0, max=0.000ms
    StateMemoryCheckCondition: 0.000ms, calls=0, max=0.000ms
    PrepareContext: 11,127.313ms, calls=198654, max=20.172ms
    CalcCurrentState: 418.748ms, calls=470854, max=6.484ms
    MatchTargetCharacter: 8,399.925ms, calls=417449, max=13.639ms
    MatchTargetCharacterByConditions: 58.980ms, calls=488955, max=5.582ms
    prepareContextByActionTop:
      A82 咒骂: 1,236.206ms, calls=13327, max=12.629ms, selector=RandomTarget, range=SameBlock, rangeValue=1
      A111 指点武学: 874.797ms, calls=2328, max=11.546ms, selector=CloseTarget, range=BlockRange, rangeValue=2
      A90 惩戒恶人: 837.966ms, calls=8218, max=12.791ms, selector=RandomTarget, range=SameBlock, rangeValue=1
      A89 惩戒人物: 804.712ms, calls=8541, max=12.488ms, selector=RandomTarget, range=SameBlock, rangeValue=1
      A114 指点技艺: 701.651ms, calls=1508, max=20.172ms, selector=CloseTarget, range=BlockRange, rangeValue=2
      A101 暗中损伤: 567.047ms, calls=7735, max=7.080ms, selector=RandomTarget, range=SameBlock, rangeValue=1
      A32 乐善好施道具: 551.116ms, calls=1420, max=8.699ms, selector=CloseTarget, range=BlockRange, rangeValue=2
      A100 施以毒害: 547.450ms, calls=7604, max=12.607ms, selector=RandomTarget, range=SameBlock, rangeValue=1
      A33 襄助恶人道具: 539.167ms, calls=1402, max=11.425ms, selector=CloseTarget, range=BlockRange, rangeValue=2
      A29 乐善好施资源: 476.101ms, calls=1264, max=12.642ms, selector=CloseTarget, range=BlockRange, rangeValue=2
      A30 襄助恶人资源: 421.955ms, calls=1252, max=10.068ms, selector=CloseTarget, range=BlockRange, rangeValue=2
      A91 惩戒善人: 399.753ms, calls=5772, max=7.954ms, selector=RandomTarget, range=SameBlock, rangeValue=1
    filterActionTargetsByActionTop:
      A111 指点武学: 1,192.127ms, calls=3492, max=17.887ms, selector=CloseTarget, range=BlockRange, rangeValue=2, input=35259, output=1653, avgInput=10.1, maxInput=119, maxOutput=45
      A82 咒骂: 1,056.676ms, calls=16132, max=12.622ms, selector=RandomTarget, range=SameBlock, rangeValue=1, input=48406, output=94, avgInput=3.0, maxInput=55, maxOutput=2
      A114 指点技艺: 889.745ms, calls=2262, max=20.156ms, selector=CloseTarget, range=BlockRange, rangeValue=2, input=29754, output=2058, avgInput=13.2, maxInput=120, maxOutput=36
      A90 惩戒恶人: 600.051ms, calls=8220, max=12.783ms, selector=RandomTarget, range=SameBlock, rangeValue=1, input=25749, output=4, avgInput=3.1, maxInput=55, maxOutput=1
      A89 惩戒人物: 577.472ms, calls=8541, max=12.483ms, selector=RandomTarget, range=SameBlock, rangeValue=1, input=26453, output=10, avgInput=3.1, maxInput=55, maxOutput=1
      A32 乐善好施道具: 505.916ms, calls=1420, max=8.678ms, selector=CloseTarget, range=BlockRange, rangeValue=2, input=18649, output=275, avgInput=13.1, maxInput=123, maxOutput=9
      A33 襄助恶人道具: 496.428ms, calls=1403, max=11.413ms, selector=CloseTarget, range=BlockRange, rangeValue=2, input=19699, output=561, avgInput=14.0, maxInput=120, maxOutput=15
      A29 乐善好施资源: 428.029ms, calls=1264, max=11.151ms, selector=CloseTarget, range=BlockRange, rangeValue=2, input=13575, output=237, avgInput=10.7, maxInput=120, maxOutput=9
      A30 襄助恶人资源: 389.445ms, calls=1252, max=10.056ms, selector=CloseTarget, range=BlockRange, rangeValue=2, input=16430, output=497, avgInput=13.1, maxInput=120, maxOutput=15
      A101 暗中损伤: 373.425ms, calls=7741, max=7.075ms, selector=RandomTarget, range=SameBlock, rangeValue=1, input=17788, output=23, avgInput=2.3, maxInput=55, maxOutput=1
      A100 施以毒害: 351.334ms, calls=7612, max=12.596ms, selector=RandomTarget, range=SameBlock, rangeValue=1, input=17917, output=32, avgInput=2.4, maxInput=55, maxOutput=1
      A222 修补道具: 247.932ms, calls=348, max=8.335ms, selector=CloseTarget, range=BlockRange, rangeValue=2, input=5112, output=0, avgInput=14.7, maxInput=52, maxOutput=0
    actualRelationTargetPrefilterByActionTop:
      A82 咒骂: calls=10197, selector=RandomTarget, range=SameBlock, rangeValue=1, input=105108, output=11753, dropped=93355, zeroOutput=6821, avgInput=10.3, avgOutput=1.2, maxInput=55, maxDropped=55
      A111 指点武学: calls=2982, selector=CloseTarget, range=BlockRange, rangeValue=2, input=95763, output=21288, dropped=74475, zeroOutput=1443, avgInput=32.1, avgOutput=7.1, maxInput=132, maxDropped=132
      A100 施以毒害: calls=5309, selector=RandomTarget, range=SameBlock, rangeValue=1, input=56267, output=5949, dropped=50318, zeroOutput=3628, avgInput=10.6, avgOutput=1.1, maxInput=55, maxDropped=55
      A101 暗中损伤: calls=5380, selector=RandomTarget, range=SameBlock, rangeValue=1, input=56364, output=6161, dropped=50203, zeroOutput=3619, avgInput=10.5, avgOutput=1.1, maxInput=55, maxDropped=55
      A89 惩戒人物: calls=5209, selector=RandomTarget, range=SameBlock, rangeValue=1, input=53200, output=3279, dropped=49921, zeroOutput=3708, avgInput=10.2, avgOutput=0.6, maxInput=55, maxDropped=55
      A114 指点技艺: calls=1920, selector=CloseTarget, range=BlockRange, rangeValue=2, input=66600, output=20484, dropped=46116, zeroOutput=945, avgInput=34.7, avgOutput=10.7, maxInput=132, maxDropped=124
      A90 惩戒恶人: calls=5074, selector=RandomTarget, range=SameBlock, rangeValue=1, input=49030, output=5125, dropped=43905, zeroOutput=3432, avgInput=9.7, avgOutput=1.0, maxInput=55, maxDropped=55
      A91 惩戒善人: calls=4072, selector=RandomTarget, range=SameBlock, rangeValue=1, input=42885, output=5433, dropped=37452, zeroOutput=2698, avgInput=10.5, avgOutput=1.3, maxInput=55, maxDropped=55
      A182 道法开悟: calls=1088, selector=CloseTarget, range=BlockRange, rangeValue=2, input=37099, output=1027, dropped=36072, zeroOutput=637, avgInput=34.1, avgOutput=0.9, maxInput=132, maxDropped=132
      A32 乐善好施道具: calls=1401, selector=CloseTarget, range=BlockRange, rangeValue=2, input=52177, output=18518, dropped=33659, zeroOutput=542, avgInput=37.2, avgOutput=13.2, maxInput=132, maxDropped=132
      A29 乐善好施资源: calls=1244, selector=CloseTarget, range=BlockRange, rangeValue=2, input=46758, output=13442, dropped=33316, zeroOutput=512, avgInput=37.6, avgOutput=10.8, maxInput=132, maxDropped=132
      A33 襄助恶人道具: calls=1383, selector=CloseTarget, range=BlockRange, rangeValue=2, input=52663, output=19566, dropped=33097, zeroOutput=500, avgInput=38.1, avgOutput=14.1, maxInput=132, maxDropped=132
    relationPrefilterByActionTop:
      A111 指点武学: calls=2037, selector=CloseTarget, range=BlockRange, rangeValue=2, selectable=35259, relationCandidates=33630, dropped=1629, avgSelectable=17.3, avgRelationCandidates=16.5, maxSelectable=119, maxDropped=33
      A244 绝除死气: calls=3, selector=CloseTarget, range=SameState, rangeValue=1, selectable=1200, relationCandidates=366, dropped=834, avgSelectable=400.0, avgRelationCandidates=122.0, maxSelectable=400, maxDropped=278
      A114 指点技艺: calls=1296, selector=CloseTarget, range=BlockRange, rangeValue=2, selectable=29754, relationCandidates=28944, dropped=810, avgSelectable=23.0, avgRelationCandidates=22.3, maxSelectable=120, maxDropped=31
      A221 坐诊看病: calls=132, selector=CloseTarget, range=BlockRange, rangeValue=2, selectable=2978, relationCandidates=2188, dropped=790, avgSelectable=22.6, avgRelationCandidates=16.6, maxSelectable=124, maxDropped=90
      A82 咒骂: calls=8140, selector=RandomTarget, range=SameBlock, rangeValue=1, selectable=48406, relationCandidates=47883, dropped=523, avgSelectable=5.9, avgRelationCandidates=5.9, maxSelectable=55, maxDropped=7
      A89 惩戒人物: calls=4348, selector=RandomTarget, range=SameBlock, rangeValue=1, selectable=26453, relationCandidates=26184, dropped=269, avgSelectable=6.1, avgRelationCandidates=6.0, maxSelectable=55, maxDropped=7
      A90 惩戒恶人: calls=4308, selector=RandomTarget, range=SameBlock, rangeValue=1, selectable=25749, relationCandidates=25493, dropped=256, avgSelectable=6.0, avgRelationCandidates=5.9, maxSelectable=55, maxDropped=7
      A101 暗中损伤: calls=3554, selector=RandomTarget, range=SameBlock, rangeValue=1, selectable=17788, relationCandidates=17567, dropped=221, avgSelectable=5.0, avgRelationCandidates=4.9, maxSelectable=55, maxDropped=7
      A100 施以毒害: calls=3420, selector=RandomTarget, range=SameBlock, rangeValue=1, selectable=17917, relationCandidates=17705, dropped=212, avgSelectable=5.2, avgRelationCandidates=5.2, maxSelectable=55, maxDropped=7
      A182 道法开悟: calls=535, selector=CloseTarget, range=BlockRange, rangeValue=2, selectable=3384, relationCandidates=3172, dropped=212, avgSelectable=6.3, avgRelationCandidates=5.9, maxSelectable=79, maxDropped=36
      A27 请求淬毒道具: calls=327, selector=RequestTarget, range=BlockRange, rangeValue=2, selectable=6465, relationCandidates=6289, dropped=176, avgSelectable=19.8, avgRelationCandidates=19.2, maxSelectable=79, maxDropped=36
      A184 佛学开悟: calls=464, selector=CloseTarget, range=BlockRange, rangeValue=2, selectable=3489, relationCandidates=3319, dropped=170, avgSelectable=7.5, avgRelationCandidates=7.2, maxSelectable=124, maxDropped=19
    goalTargetMatchByGoalTop:
      G179 惩戒奸佞: 333.687ms, calls=30448, max=3.832ms, true=28629, false=1819
      G192 朋友互动: 175.995ms, calls=15463, max=5.723ms, true=14465, false=998
      G187 惩戒良善: 125.439ms, calls=10640, max=3.791ms, true=9303, false=1337
      G1 苦海无涯: 121.862ms, calls=11718, max=12.308ms, true=1815, false=9903
      G186 帮扶奸佞: 112.945ms, calls=10038, max=2.959ms, true=9966, false=72
      G178 帮扶良善: 99.331ms, calls=9057, max=2.639ms, true=8949, false=108
      G3 惩恶锄奸: 94.846ms, calls=9403, max=12.477ms, true=0, false=9403
      G193 结义互动: 75.700ms, calls=4807, max=4.887ms, true=4025, false=782
      G8 威震八荒: 71.134ms, calls=13321, max=4.209ms, true=0, false=13321
      G222 佛学开悟: 55.512ms, calls=3923, max=2.934ms, true=504, false=3419
      G220 道法开悟: 52.888ms, calls=3056, max=2.912ms, true=1465, false=1591
      G194 爱慕互动: 52.464ms, calls=3829, max=3.658ms, true=3007, false=822
    actionTargetMatchByActionTop:
      A111 指点武学: 502.362ms, calls=39749, max=7.214ms, selector=CloseTarget, range=BlockRange, rangeValue=2, true=11333, false=28416
      A114 指点技艺: 408.992ms, calls=25233, max=12.911ms, selector=CloseTarget, range=BlockRange, rangeValue=2, true=16488, false=8745
      A82 咒骂: 333.705ms, calls=25044, max=12.598ms, selector=RandomTarget, range=SameBlock, rangeValue=1, true=94, false=24950
      A32 乐善好施道具: 264.844ms, calls=27163, max=5.581ms, selector=CloseTarget, range=BlockRange, rangeValue=2, true=1224, false=25939
      A33 襄助恶人道具: 259.070ms, calls=24934, max=3.986ms, selector=CloseTarget, range=BlockRange, rangeValue=2, true=3132, false=21802
      A29 乐善好施资源: 212.398ms, calls=19651, max=3.445ms, selector=CloseTarget, range=BlockRange, rangeValue=2, true=995, false=18656
      A30 襄助恶人资源: 203.828ms, calls=20492, max=3.449ms, selector=CloseTarget, range=BlockRange, rangeValue=2, true=2685, false=17807
      A90 惩戒恶人: 202.764ms, calls=13103, max=5.587ms, selector=RandomTarget, range=SameBlock, rangeValue=1, true=4, false=13099
      A89 惩戒人物: 166.171ms, calls=12646, max=7.267ms, selector=RandomTarget, range=SameBlock, rangeValue=1, true=10, false=12636
      A101 暗中损伤: 141.071ms, calls=9065, max=5.584ms, selector=RandomTarget, range=SameBlock, rangeValue=1, true=23, false=9042
      A100 施以毒害: 127.976ms, calls=8669, max=12.563ms, selector=RandomTarget, range=SameBlock, rangeValue=1, true=32, false=8637
      A31 赠予道具: 92.056ms, calls=4970, max=3.190ms, selector=CloseTarget, range=BlockRange, rangeValue=2, true=4958, false=12
    targetMatcherCacheByActionTop:
      A111 指点武学: calls=39749, hits=39311, misses=438, fallbacks=0, savedCalls=39311, true=39749, false=0, selector=CloseTarget, range=BlockRange, rangeValue=2
      A32 乐善好施道具: calls=27163, hits=27016, misses=147, fallbacks=0, savedCalls=27016, true=27163, false=0, selector=CloseTarget, range=BlockRange, rangeValue=2
      A82 咒骂: calls=25044, hits=24988, misses=28, fallbacks=28, savedCalls=24988, true=25044, false=0, fallbackReasons=StageInactive=28, selector=RandomTarget, range=SameBlock, rangeValue=1
      A114 指点技艺: calls=25233, hits=24863, misses=370, fallbacks=0, savedCalls=24863, true=25233, false=0, selector=CloseTarget, range=BlockRange, rangeValue=2
      A33 襄助恶人道具: calls=24934, hits=24710, misses=224, fallbacks=0, savedCalls=24710, true=24934, false=0, selector=CloseTarget, range=BlockRange, rangeValue=2
      A30 襄助恶人资源: calls=20492, hits=20313, misses=179, fallbacks=0, savedCalls=20313, true=20492, false=0, selector=CloseTarget, range=BlockRange, rangeValue=2
      A29 乐善好施资源: calls=19651, hits=19492, misses=159, fallbacks=0, savedCalls=19492, true=19651, false=0, selector=CloseTarget, range=BlockRange, rangeValue=2
      A90 惩戒恶人: calls=13103, hits=13073, misses=26, fallbacks=4, savedCalls=13073, true=13103, false=0, fallbackReasons=StageInactive=4, selector=RandomTarget, range=SameBlock, rangeValue=1
      A89 惩戒人物: calls=12646, hits=12634, misses=12, fallbacks=0, savedCalls=12634, true=12646, false=0, selector=RandomTarget, range=SameBlock, rangeValue=1
      A101 暗中损伤: calls=9065, hits=9054, misses=9, fallbacks=2, savedCalls=9054, true=9065, false=0, fallbackReasons=StageInactive=2, selector=RandomTarget, range=SameBlock, rangeValue=1
      A100 施以毒害: calls=8669, hits=8654, misses=12, fallbacks=3, savedCalls=8654, true=8669, false=0, fallbackReasons=StageInactive=3, selector=RandomTarget, range=SameBlock, rangeValue=1
      A222 修补道具: calls=8400, hits=8102, misses=298, fallbacks=0, savedCalls=8102, true=8400, false=0, selector=CloseTarget, range=BlockRange, rangeValue=2
    targetConditionsByGoalTop:
      G220 道法开悟: 6.474ms, calls=4647, max=0.190ms, true=1465, false=3182, conditions=4647, refConditions=0, avgConditions=1.0, maxConditions=1, maxRefConditions=0
      G222 佛学开悟: 4.374ms, calls=7342, max=0.559ms, true=504, false=6838, conditions=7342, refConditions=0, avgConditions=1.0, maxConditions=1, maxRefConditions=0
      G179 惩戒奸佞: 2.122ms, calls=34944, max=0.029ms, true=28629, false=6315, conditions=34944, refConditions=0, avgConditions=1.0, maxConditions=1, maxRefConditions=0
      G192 朋友互动: 1.984ms, calls=15463, max=0.033ms, true=14465, false=998, conditions=15463, refConditions=0, avgConditions=1.0, maxConditions=1, maxRefConditions=0
      G161 坐诊看病: 0.792ms, calls=3520, max=0.024ms, true=42, false=3478, conditions=3520, refConditions=0, avgConditions=1.0, maxConditions=1, maxRefConditions=0
      G187 惩戒良善: 0.770ms, calls=13603, max=0.010ms, true=9303, false=4300, conditions=13603, refConditions=0, avgConditions=1.0, maxConditions=1, maxRefConditions=0
      G186 帮扶奸佞: 0.715ms, calls=10248, max=0.004ms, true=9966, false=282, conditions=10248, refConditions=0, avgConditions=1.0, maxConditions=1, maxRefConditions=0
      G178 帮扶良善: 0.685ms, calls=9627, max=0.012ms, true=8949, false=678, conditions=9627, refConditions=0, avgConditions=1.0, maxConditions=1, maxRefConditions=0
      G8 威震八荒: 0.632ms, calls=13321, max=0.002ms, true=0, false=13321, conditions=13321, refConditions=13321, avgConditions=1.0, maxConditions=1, maxRefConditions=1
      G196 子女互动: 0.608ms, calls=3267, max=0.185ms, true=2516, false=751, conditions=3267, refConditions=0, avgConditions=1.0, maxConditions=1, maxRefConditions=0
      G1 苦海无涯: 0.604ms, calls=11718, max=0.001ms, true=1815, false=9903, conditions=11718, refConditions=0, avgConditions=1.0, maxConditions=1, maxRefConditions=0
      G193 结义互动: 0.584ms, calls=4807, max=0.042ms, true=4025, false=782, conditions=4807, refConditions=0, avgConditions=1.0, maxConditions=1, maxRefConditions=0
    targetConditionsByActionTop:
      A101 暗中损伤: 6.280ms, calls=9065, max=5.582ms, selector=RandomTarget, range=SameBlock, rangeValue=1, true=23, false=9042, conditions=9065, refConditions=0, avgConditions=1.0, maxConditions=1, maxRefConditions=0
      A111 指点武学: 3.068ms, calls=39749, max=0.029ms, selector=CloseTarget, range=BlockRange, rangeValue=2, true=39587, false=162, conditions=39749, refConditions=0, avgConditions=1.0, maxConditions=1, maxRefConditions=0
      A32 乐善好施道具: 3.048ms, calls=27163, max=0.034ms, selector=CloseTarget, range=BlockRange, rangeValue=2, true=1224, false=25939, conditions=54326, refConditions=0, avgConditions=2.0, maxConditions=2, maxRefConditions=0
      A33 襄助恶人道具: 2.880ms, calls=24934, max=0.036ms, selector=CloseTarget, range=BlockRange, rangeValue=2, true=3132, false=21802, conditions=49868, refConditions=0, avgConditions=2.0, maxConditions=2, maxRefConditions=0
      A30 襄助恶人资源: 2.388ms, calls=20492, max=0.013ms, selector=CloseTarget, range=BlockRange, rangeValue=2, true=2685, false=17807, conditions=40984, refConditions=0, avgConditions=2.0, maxConditions=2, maxRefConditions=0
      A29 乐善好施资源: 2.361ms, calls=19651, max=0.070ms, selector=CloseTarget, range=BlockRange, rangeValue=2, true=995, false=18656, conditions=39302, refConditions=0, avgConditions=2.0, maxConditions=2, maxRefConditions=0
      A82 咒骂: 2.029ms, calls=25044, max=0.036ms, selector=RandomTarget, range=SameBlock, rangeValue=1, true=94, false=24950, conditions=25044, refConditions=0, avgConditions=1.0, maxConditions=1, maxRefConditions=0
      A114 指点技艺: 1.992ms, calls=25233, max=0.035ms, selector=CloseTarget, range=BlockRange, rangeValue=2, true=25179, false=54, conditions=25233, refConditions=0, avgConditions=1.0, maxConditions=1, maxRefConditions=0
      A27 请求淬毒道具: 1.089ms, calls=5111, max=0.329ms, selector=RequestTarget, range=BlockRange, rangeValue=2, true=316, false=4795, conditions=5111, refConditions=5111, avgConditions=1.0, maxConditions=1, maxRefConditions=1
      A90 惩戒恶人: 1.081ms, calls=13103, max=0.021ms, selector=RandomTarget, range=SameBlock, rangeValue=1, true=4, false=13099, conditions=26206, refConditions=0, avgConditions=2.0, maxConditions=2, maxRefConditions=0
      A89 惩戒人物: 1.039ms, calls=12646, max=0.042ms, selector=RandomTarget, range=SameBlock, rangeValue=1, true=10, false=12636, conditions=12646, refConditions=0, avgConditions=1.0, maxConditions=1, maxRefConditions=0
      A172 请求喝酒: 0.718ms, calls=774, max=0.027ms, selector=RequestTarget, range=BlockRange, rangeValue=1, true=96, false=678, conditions=1548, refConditions=0, avgConditions=2.0, maxConditions=2, maxRefConditions=0
    relationConditionPrefilterByGoalTop:
      G192 朋友互动: calls=15463, relationConditions=15463, relationPass=14465, relationFail=998, fullTrue=14465, fullFalse=998, avgRelationConditions=1.0
      G194 爱慕互动: calls=3829, relationConditions=3829, relationPass=3007, relationFail=822, fullTrue=3007, fullFalse=822, avgRelationConditions=1.0
      G193 结义互动: calls=4807, relationConditions=4807, relationPass=4025, relationFail=782, fullTrue=4025, fullFalse=782, avgRelationConditions=1.0
      G196 子女互动: calls=3267, relationConditions=3267, relationPass=2516, relationFail=751, fullTrue=2516, fullFalse=751, avgRelationConditions=1.0
      G191 手足互动: calls=2445, relationConditions=2445, relationPass=1960, relationFail=485, fullTrue=1960, fullFalse=485, avgRelationConditions=1.0
      G195 配偶互动: calls=1251, relationConditions=1251, relationPass=928, relationFail=323, fullTrue=928, fullFalse=323, avgRelationConditions=1.0
      G190 父母互动: calls=2033, relationConditions=2033, relationPass=1780, relationFail=253, fullTrue=1780, fullFalse=253, avgRelationConditions=1.0
      G197 师徒互动: calls=800, relationConditions=800, relationPass=584, relationFail=216, fullTrue=584, fullFalse=216, avgRelationConditions=1.0
      G199 仇敌互动: calls=356, relationConditions=356, relationPass=275, relationFail=81, fullTrue=275, fullFalse=81, avgRelationConditions=1.0
    targetConditionSensorUsageTop:
      TargetStateSensor: 328254
      CharacterStateSensor: 284882
      None: 47884
      OrganizationStateSensor: 9532
      CombatSkillStateSensor: 5623
      LifeSkillStateSensor: 5111
      InventoryStateSensor: 2277
      ResourceStateSensor: 498
  targetLookupCalls:
    SameBlock: calls=131929, hits=123453, fallbacks=8476, candidateIds=1144683, charactersAdded=1021230
    SameArea: calls=0, hits=0, fallbacks=0, candidateIds=0, charactersAdded=0
    SameState: calls=18, hits=18, fallbacks=0, candidateIds=7314, charactersAdded=7296
    BlockRange: calls=69374, hits=68330, fallbacks=1044, candidateIds=1891722, charactersAdded=1823392
    SettlementRange: calls=0, hits=0, fallbacks=0, candidateIds=0, charactersAdded=0

2026-06-28 04:29:22.2632|INFO|Main|GameData.Domains.Global.GlobalDomain|Required Space: 1073741824 bytes.
Available Space: 1407866519552
2026-06-28 04:29:22.3461|INFO|Main|GameData.Domains.World.WorldDomain|Exit advancing month state and start saving world.
2026-06-28 04:29:22.3461|INFO|Main|GameData.Domains.World.WorldDomain|Currrent Population / World Standard Population: 6589/5184, Probability Adjustment of Creating Character: 100%
2026-06-28 04:29:22.3482|INFO|Main|GameData.Domains.Character.CharacterDomain|[[84]] Alive characters: 7209, dead characters: 2781
2026-06-28 04:29:22.3482|INFO|Main|GameData.Domains.Character.CharacterDomain|Non-intelligent characters: 284
  10085: 390-般若堂弟子
  10084: 390-般若堂弟子
  10083: 390-般若堂弟子
  10082: 390-般若堂弟子
  10072: 390-般若堂弟子
  10839: 390-般若堂弟子
  10071: 390-般若堂弟子
  10070: 390-般若堂弟子
  10069: 390-般若堂弟子
  10068: 390-般若堂弟子
  10067: 390-般若堂弟子
  10066: 390-般若堂弟子
  10065: 390-般若堂弟子
  10081: 390-般若堂弟子
  10080: 390-般若堂弟子
  10064: 390-般若堂弟子
  10831: 390-般若堂弟子
  8225: 377-年轻侠士
  10063: 390-般若堂弟子
  10830: 390-般若堂弟子
  10829: 390-般若堂弟子
  10062: 390-般若堂弟子
  10061: 390-般若堂弟子
  7427: 377-年轻侠士
  10079: 390-般若堂弟子
  10838: 390-般若堂弟子
  10828: 390-般若堂弟子
  10078: 390-般若堂弟子
  10077: 390-般若堂弟子
  10060: 390-般若堂弟子
  10837: 390-般若堂弟子
  10827: 390-般若堂弟子
  10826: 390-般若堂弟子
  10825: 390-般若堂弟子
  10059: 390-般若堂弟子
  10076: 390-般若堂弟子
  10075: 390-般若堂弟子
  10058: 390-般若堂弟子
  10824: 390-般若堂弟子
  10823: 390-般若堂弟子

2026-06-28 04:29:22.3482|INFO|Main|AdaptableLog|EventArgBox newly created: 3 instances, 316 object collections.
2026-06-28 04:29:22.3482|WARN|Main|GameData.Domains.Item.ItemDomain|1 unowned CraftTool detected.
2026-06-28 04:29:22.3482|WARN|Main|GameData.Domains.Item.ItemDomain|16 unowned SkillBook detected.
2026-06-28 04:29:22.3482|WARN|Main|GameData.Domains.Item.ItemDomain|739 unowned Cricket detected.
2026-06-28 04:29:22.3482|WARN|Main|GameData.Domains.Item.ItemDomain|1 unowned Misc detected.
2026-06-28 04:29:22.3482|INFO|Main|GameData.Domains.Item.ItemDomain|Total unowned items: 757
2026-06-28 04:29:22.6672|INFO|Main|GameData.Domains.Global.GlobalDomain|Total managed memory usage: 503.2MB
2026-06-28 04:29:22.6853|INFO|Main|GameData.Domains.Global.GlobalDomain|Required Space: 1073741824 bytes.
Available Space: 1407866519552
2026-06-28 04:29:23.0170|INFO|Main|TaiwuOptimization.Runtime.SaveWorldDiagnostics|TaiwuOptimization: SaveWorld breakdown
  total:
    elapsed: 323.678ms
    measured: 323.434ms
    other: 0.244ms
    archivePath: D:\SteamLibrary\steamapps\common\The Scroll Of Taiwu\Backend\..\SaveGames\world_1\local.sav
    fileSize: 99255419
  archiveFile:
    WriteHeader: 0.106ms
    WriteContent: 323.328ms
    contentMeasured: 322.729ms
    contentOther: 0.599ms
  domainOnSaveWorld:
    WorldDomain: 1.265ms, calls=1
    MapDomain: 10.942ms, calls=1
    OrganizationDomain: 1.456ms, calls=1
    CharacterDomain: 144.874ms, calls=1
    TaiwuDomain: 0.421ms, calls=1
    ItemDomain: 22.218ms, calls=1
    CombatSkillDomain: 15.256ms, calls=1
    CombatDomain: 0.007ms, calls=1
    BuildingDomain: 3.401ms, calls=1
    AdventureDomain: 4.525ms, calls=1
    LegendaryBookDomain: 0.012ms, calls=1
    TaiwuEventDomain: 0.023ms, calls=1
    LifeRecordDomain: 0.002ms, calls=1
    MerchantDomain: 1.434ms, calls=1
    TutorialChapterDomain: 0.001ms, calls=1
    ModDomain: 0.028ms, calls=1
    SpecialEffectDomain: 1.589ms, calls=1
    InformationDomain: 47.188ms, calls=1
    ExtraDomain: 31.235ms, calls=1
    StoryDomain: 0.038ms, calls=1
  database:
    DatabaseBridge.Disconnect: 0.330ms
    CopyWorkingDb: 35.812ms, calls=1, bytes=32169984, bufferBytes=16777216, estimatedChunks=2
    DatabaseBridge.Connect: 0.669ms
  compression:
    CompressionType: NoCompression
    EndCompression: 0.000ms
    WriteCrcToEnd: 0.004ms

2026-06-28 04:29:23.0206|INFO|Main|GameData.Domains.Global.GlobalDomain|SaveWorld: 335.0
2026-06-28 04:29:23.8372|INFO|Main|AdaptableLog|new Event triggered : 1505c7c2-8a55-4794-bd85-1c5aec7ea341, _triggeredEventList.Count = 1
2026-06-28 04:29:23.8372|INFO|Main|AdaptableLog|1505c7c2-8a55-4794-bd85-1c5aec7ea341 to event => 
2026-06-28 04:29:25.1219|INFO|Main|GameData.Domains.Global.GlobalDomain|Required Space: 1073741824 bytes.
Available Space: 1407859974144
2026-06-28 04:29:25.1546|INFO|Main|GameData.Domains.World.WorldDomain|AdvanceMonth: begin ------------------------------------------------------------
2026-06-28 04:29:25.1546|INFO|Main|GameData.Domains.Character.CharacterDomain|Removing all temporary enemies with a total count of 6
2026-06-28 04:29:25.1546|INFO|Main|GameData.Domains.Character.CharacterDomain|Clearing temporary characters with a total count of 0
2026-06-28 04:29:25.1546|INFO|Main|GameData.Domains.Global.GlobalDomain|Required Space: 1073741824 bytes.
Available Space: 1407859974144
2026-06-28 04:29:25.1546|INFO|Main|GameData.Domains.World.WorldDomain|New month begin: Year 8, Month 1 (84)
2026-06-28 04:29:25.2319|INFO|Main|GameData.Domains.Global.GlobalDomain|[AdvanceMonth_Execute] PreAdvanceMonth: 71.7
2026-06-28 04:29:25.3356|INFO|Main|GameData.Domains.Character.CharacterDomain|山寨豪富-祖凤还(366) is dead at age 24.(玄灰绝命:{killer=-1, location={13, 255}, adventure=0})
2026-06-28 04:29:25.3356|INFO|Main|GameData.Domains.Character.CharacterDomain|市镇手艺人-涂杰(472) is dead at age 30.(玄灰绝命:{killer=-1, location={3, 279}, adventure=0})
2026-06-28 04:29:25.3491|INFO|Main|GameData.Domains.Character.CharacterDomain|村庄文人-夹谷赤君(650) is dead at age 33.(玄灰绝命:{killer=-1, location={4, 396}, adventure=0})
2026-06-28 04:29:25.3491|INFO|Main|GameData.Domains.Character.CharacterDomain|山寨管事-殷玄丹(684) is dead at age 59.(玄灰绝命:{killer=-1, location={4, 679}, adventure=0})
2026-06-28 04:29:25.3491|INFO|Main|GameData.Domains.Character.CharacterDomain|村庄权贵-连经威(1042) is dead at age 60.(寿终正寝:{killer=-1, location={7, 588}, adventure=0})
2026-06-28 04:29:25.3650|INFO|Main|GameData.Domains.Character.CharacterDomain|山寨手艺人-向生(1119) is dead at age 28.(玄灰绝命:{killer=-1, location={7, 292}, adventure=0})
2026-06-28 04:29:25.3650|INFO|Main|GameData.Domains.Character.CharacterDomain|市镇镇长-喻瑾(1658) is dead at age 49.(寿终正寝:{killer=-1, location={12, 646}, adventure=0})
2026-06-28 04:29:25.3650|INFO|Main|GameData.Domains.Character.CharacterDomain|元山派太师尊-钟达(1766) is dead at age 53.(寿终正寝:{killer=-1, location={13, 611}, adventure=0})
2026-06-28 04:29:25.3850|INFO|Main|GameData.Domains.Character.CharacterDomain|元山派苦行众-颛孙岚(1843) is dead at age 26.(玄灰绝命:{killer=-1, location={13, 614}, adventure=0})
2026-06-28 04:29:25.3850|INFO|Main|GameData.Domains.Character.CharacterDomain|山寨管事-鄂萍(2049) is dead at age 28.(玄灰绝命:{killer=-1, location={15, 709}, adventure=0})
2026-06-28 04:29:25.3959|INFO|Main|GameData.Domains.Character.CharacterDomain|市镇商人-茅鉴贞(2109) is dead at age 28.(玄灰绝命:{killer=-1, location={15, 673}, adventure=0})
2026-06-28 04:29:25.3959|INFO|Main|GameData.Domains.Character.CharacterDomain|市镇乞丐-慕千钰(2124) is dead at age 23.(玄灰绝命:{killer=-1, location={15, 606}, adventure=0})
2026-06-28 04:29:25.3959|INFO|Main|GameData.Domains.Character.CharacterDomain|山寨管事-闻人清(2139) is dead at age 27.(玄灰绝命:{killer=-1, location={15, 712}, adventure=0})
2026-06-28 04:29:25.3959|INFO|Main|GameData.Domains.Character.CharacterDomain|市镇权贵-虞裕(2384) is dead at age 23.(玄灰绝命:{killer=-1, location={38, 254}, adventure=0})
2026-06-28 04:29:25.4147|INFO|Main|GameData.Domains.Character.CharacterDomain|村庄文人-李江(2685) is dead at age 40.(玄灰绝命:{killer=-1, location={19, 746}, adventure=0})
2026-06-28 04:29:25.4147|INFO|Main|GameData.Domains.Character.CharacterDomain|江陵豪富-巩玉娘(2808) is dead at age 29.(健康过低:{killer=-1, location={21, 718}, adventure=0})
2026-06-28 04:29:25.4147|INFO|Main|GameData.Domains.Character.CharacterDomain|山寨大夫-邢红袖(3348) is dead at age 32.(玄灰绝命:{killer=-1, location={24, 256}, adventure=0})
2026-06-28 04:29:25.4304|INFO|Main|GameData.Domains.Character.CharacterDomain|空桑派蛟士-沈半山(3793) is dead at age 41.(玄灰绝命:{killer=-1, location={27, 6}, adventure=0})
2026-06-28 04:29:25.4304|INFO|Main|GameData.Domains.Character.CharacterDomain|村庄权贵-太叔茵(3867) is dead at age 37.(玄灰绝命:{killer=-1, location={18, 474}, adventure=0})
2026-06-28 04:29:25.4304|INFO|Main|GameData.Domains.Character.CharacterDomain|五仙教花蛊部众-邢文虎(4622) is dead at age 28.(玄灰绝命:{killer=-1, location={34, 560}, adventure=0})
2026-06-28 04:29:25.4469|INFO|Main|GameData.Domains.Character.CharacterDomain|村庄商人-冷怀谷(4840) is dead at age 25.(玄灰绝命:{killer=-1, location={40, 620}, adventure=0})
2026-06-28 04:29:25.4469|INFO|Main|GameData.Domains.Character.CharacterDomain|界青门七宿鬼-温方烈(4969) is dead at age 30.(玄灰绝命:{killer=-1, location={37, 168}, adventure=0})
2026-06-28 04:29:25.4609|INFO|Main|GameData.Domains.Character.CharacterDomain|界青门七宿鬼-岳莺(4975) is dead at age 32.(玄灰绝命:{killer=-1, location={37, 169}, adventure=0})
2026-06-28 04:29:25.4609|INFO|Main|GameData.Domains.Character.CharacterDomain|伏龙坛巡海使-桂慕君(5381) is dead at age 32.(玄灰绝命:{killer=-1, location={40, 202}, adventure=0})
2026-06-28 04:29:25.4738|INFO|Main|GameData.Domains.Character.CharacterDomain|伏龙坛外姓弟子-微生琴(5422) is dead at age 24.(玄灰绝命:{killer=-1, location={40, 202}, adventure=0})
2026-06-28 04:29:25.4738|INFO|Main|GameData.Domains.Character.CharacterDomain|血犼教长老-慕均元(5742) is dead at age 35.(玄灰绝命:{killer=-1, location={43, 474}, adventure=0})
2026-06-28 04:29:25.4904|INFO|Main|GameData.Domains.Character.CharacterDomain|血犼教教众-魏萱(5819) is dead at age 22.(玄灰绝命:{killer=-1, location={43, 594}, adventure=0})
2026-06-28 04:29:25.4904|INFO|Main|AdaptableLog|逃跑概率：(158 - 100) * (100 - 45[4品千绞绳]) / 100 + 0 * 20 = 31%，最终取31%
2026-06-28 04:29:25.5064|INFO|Main|GameData.Domains.Global.GlobalDomain|[AdvanceMonth_Execute] UpdateStatus: 274.0
2026-06-28 04:29:25.5933|INFO|Main|GameData.Domains.Global.GlobalDomain|[AdvanceMonth_Execute] SelfImprovement: 72.8
2026-06-28 04:29:25.8252|INFO|Main|GameData.Domains.Global.GlobalDomain|[AdvanceMonth_Execute] CharacterPreparation: 231.7
2026-06-28 04:29:25.9092|INFO|Main|GameData.Domains.Character.CharacterDomain|[DistantMarriage] PassConditionCount=1471, PassSuccessRateCheckCount=13, FoundTargetCount=5
2026-06-28 04:29:25.9109|INFO|Main|GameData.Domains.Character.CharacterDomain|Adore Relations In Marriage: 1/1
2026-06-28 04:29:25.9109|INFO|Main|GameData.Domains.Global.GlobalDomain|[AdvanceMonth_Execute] CharacterRelationsUpdate: 85.6
2026-06-28 04:29:27.1961|INFO|Main|GameData.Domains.Character.CharacterDomain|山寨大当家-古彰礼(4107) is kidnapping 山寨管事-宿昌(4108).
2026-06-28 04:29:28.4880|INFO|Main|GameData.Domains.Global.GlobalDomain|[AdvanceMonth_Execute] CharacterActionPlanning: 2,576.9
2026-06-28 04:29:28.5224|INFO|Main|GameData.Domains.Global.GlobalDomain|[AdvanceMonth_Execute] CharacterFixedAction: 34.2
2026-06-28 04:29:28.5691|INFO|Main|TaiwuOptimization.Runtime.UpdateInformationDiagnostics|TaiwuOptimization: UpdateInformation breakdown
  total:
    elapsed: 46.084ms
    measured: 45.633ms
    other: 0.452ms
  secretInformationData:
    secretInformation: 7538 -> 5126
    secretOccurence: 10160 -> 8584
    characterKnownSecrets: 6002 -> 6002
    knownSecretLinks: 7474 -> 6747
    holderScanUpperBound: 45243076
  phases:
    MakeSettlementsInformation: 0.951ms, calls=1
    PlanDisseminateSecretInformation: 38.449ms, calls=2975
      planMax: 6.199ms
      planMaxCharId: 5045
      planSlowCalls(>=5ms): 1
    MetabolismSecretInformation: 6.232ms, calls=1
  metabolismDetails:
    MakeSecretBroadcast: 2.437ms, calls=4
    DiscardSecretInformation: 0.171ms, calls=1107
    RecordSecretInformationRemove: 0.259ms, calls=1
    RecordSecretOccurenceRemove: 0.136ms, calls=1
    RemoveElementSecretInformation: 0.076ms, calls=2412
    RemoveElementSecretOccurence: 0.038ms, calls=1576
      residual: 3.229ms
  lookups:
    CalcSecretOccurenceHolderCount: 0.248ms, calls=3801, max=0.003ms
    CalcSecretInformationKnownCharacterCount: 0.000ms, calls=0, max=0.000ms

2026-06-28 04:29:28.5691|INFO|Main|GameData.Domains.Global.GlobalDomain|[AdvanceMonth_Execute] UpdateInformation: 48.6
2026-06-28 04:29:28.5691|INFO|Main|GameData.Domains.Item.ItemDomain|Getting item of type 1(Armor) and sub type 103 with grade 6
2026-06-28 04:29:28.5873|INFO|Main|GameData.Domains.Global.GlobalDomain|[AdvanceMonth_Execute] UpdateInfectedCharacters: 0.0
2026-06-28 04:29:28.6008|INFO|Main|GameData.Domains.Global.GlobalDomain|[AdvanceMonth_Execute] UpdateCharacterMovements: 13.3
2026-06-28 04:29:28.6262|INFO|Main|GameData.Domains.Extra.ExtraDomain|Creating cricket at {40, 292} by building area effect at {40, 231}.
2026-06-28 04:29:28.8064|INFO|Main|AdaptableLog|[RecruitOrCreateLackingMembers]: Recruited Count for 扬州, grade 0: 1
2026-06-28 04:29:28.9426|INFO|Main|GameData.Domains.Global.GlobalDomain|[AdvanceMonth_Execute] UpdateOrganizationMembers: 316.0
2026-06-28 04:29:28.9741|WARN|Main|AdaptableLog|[Adventure]: AutoGenerateByConfig cost 14ms
2026-06-28 04:29:28.9934|INFO|Main|GameData.Domains.TaiwuEvent.EventScriptRuntime|做一个保底机制确保不会变成捕快窝
2026-06-28 04:29:28.9934|INFO|Main|GameData.Domains.TaiwuEvent.EventScriptRuntime|刷新各类捕快数量
2026-06-28 04:29:28.9934|INFO|Main|GameData.Domains.TaiwuEvent.EventScriptRuntime|现在是修习外出状态，清空捕快中
2026-06-28 04:29:28.9934|INFO|Main|GameData.Domains.TaiwuEvent.EventScriptRuntime|做一个保底机制确保不会变成捕快窝
2026-06-28 04:29:28.9934|INFO|Main|GameData.Domains.TaiwuEvent.EventScriptRuntime|刷新各类捕快数量
2026-06-28 04:29:28.9934|INFO|Main|GameData.Domains.TaiwuEvent.EventScriptRuntime|现在是修习外出状态，清空捕快中
2026-06-28 04:29:28.9934|INFO|Main|GameData.Domains.TaiwuEvent.EventScriptRuntime|做一个保底机制确保不会变成捕快窝
2026-06-28 04:29:28.9934|INFO|Main|GameData.Domains.TaiwuEvent.EventScriptRuntime|刷新各类捕快数量
2026-06-28 04:29:28.9934|INFO|Main|GameData.Domains.TaiwuEvent.EventScriptRuntime|现在是修习外出状态，清空捕快中
2026-06-28 04:29:28.9934|INFO|Main|GameData.Domains.TaiwuEvent.EventScriptRuntime|做一个保底机制确保不会变成捕快窝
2026-06-28 04:29:28.9934|INFO|Main|GameData.Domains.TaiwuEvent.EventScriptRuntime|刷新各类捕快数量
2026-06-28 04:29:28.9934|INFO|Main|GameData.Domains.TaiwuEvent.EventScriptRuntime|现在是修习外出状态，清空捕快中
2026-06-28 04:29:28.9934|INFO|Main|GameData.Domains.TaiwuEvent.EventScriptRuntime|做一个保底机制确保不会变成捕快窝
2026-06-28 04:29:28.9934|INFO|Main|GameData.Domains.TaiwuEvent.EventScriptRuntime|刷新各类捕快数量
2026-06-28 04:29:28.9934|INFO|Main|GameData.Domains.TaiwuEvent.EventScriptRuntime|现在是修习外出状态，清空捕快中
2026-06-28 04:29:28.9934|INFO|Main|GameData.Domains.TaiwuEvent.EventScriptRuntime|做一个保底机制确保不会变成捕快窝
2026-06-28 04:29:28.9934|INFO|Main|GameData.Domains.TaiwuEvent.EventScriptRuntime|刷新各类捕快数量
2026-06-28 04:29:28.9934|INFO|Main|GameData.Domains.TaiwuEvent.EventScriptRuntime|现在是修习外出状态，清空捕快中
2026-06-28 04:29:28.9934|INFO|Main|GameData.Domains.TaiwuEvent.EventScriptRuntime|做一个保底机制确保不会变成捕快窝
2026-06-28 04:29:28.9934|INFO|Main|GameData.Domains.TaiwuEvent.EventScriptRuntime|刷新各类捕快数量
2026-06-28 04:29:28.9934|INFO|Main|GameData.Domains.TaiwuEvent.EventScriptRuntime|现在是修习外出状态，清空捕快中
2026-06-28 04:29:28.9934|INFO|Main|GameData.Domains.TaiwuEvent.EventScriptRuntime|做一个保底机制确保不会变成捕快窝
2026-06-28 04:29:28.9934|INFO|Main|GameData.Domains.TaiwuEvent.EventScriptRuntime|刷新各类捕快数量
2026-06-28 04:29:28.9934|INFO|Main|GameData.Domains.TaiwuEvent.EventScriptRuntime|现在是修习外出状态，清空捕快中
2026-06-28 04:29:28.9934|INFO|Main|GameData.Domains.TaiwuEvent.EventScriptRuntime|做一个保底机制确保不会变成捕快窝
2026-06-28 04:29:28.9934|INFO|Main|GameData.Domains.TaiwuEvent.EventScriptRuntime|刷新各类捕快数量
2026-06-28 04:29:28.9934|INFO|Main|GameData.Domains.TaiwuEvent.EventScriptRuntime|现在是修习外出状态，清空捕快中
2026-06-28 04:29:28.9934|INFO|Main|GameData.Domains.TaiwuEvent.EventScriptRuntime|做一个保底机制确保不会变成捕快窝
2026-06-28 04:29:28.9934|INFO|Main|GameData.Domains.TaiwuEvent.EventScriptRuntime|刷新各类捕快数量
2026-06-28 04:29:28.9934|INFO|Main|GameData.Domains.TaiwuEvent.EventScriptRuntime|现在是修习外出状态，清空捕快中
2026-06-28 04:29:28.9934|INFO|Main|GameData.Domains.TaiwuEvent.EventScriptRuntime|做一个保底机制确保不会变成捕快窝
2026-06-28 04:29:28.9934|INFO|Main|GameData.Domains.TaiwuEvent.EventScriptRuntime|刷新各类捕快数量
2026-06-28 04:29:28.9934|INFO|Main|GameData.Domains.TaiwuEvent.EventScriptRuntime|现在是修习外出状态，清空捕快中
2026-06-28 04:29:28.9934|INFO|Main|GameData.Domains.TaiwuEvent.EventScriptRuntime|做一个保底机制确保不会变成捕快窝
2026-06-28 04:29:28.9934|INFO|Main|GameData.Domains.TaiwuEvent.EventScriptRuntime|刷新各类捕快数量
2026-06-28 04:29:28.9934|INFO|Main|GameData.Domains.TaiwuEvent.EventScriptRuntime|现在是修习外出状态，清空捕快中
2026-06-28 04:29:28.9934|INFO|Main|GameData.Domains.TaiwuEvent.EventScriptRuntime|做一个保底机制确保不会变成捕快窝
2026-06-28 04:29:28.9934|INFO|Main|GameData.Domains.TaiwuEvent.EventScriptRuntime|刷新各类捕快数量
2026-06-28 04:29:28.9934|INFO|Main|GameData.Domains.TaiwuEvent.EventScriptRuntime|现在是修习外出状态，清空捕快中
2026-06-28 04:29:28.9934|INFO|Main|GameData.Domains.TaiwuEvent.EventScriptRuntime|做一个保底机制确保不会变成捕快窝
2026-06-28 04:29:28.9934|INFO|Main|GameData.Domains.TaiwuEvent.EventScriptRuntime|刷新各类捕快数量
2026-06-28 04:29:28.9934|INFO|Main|GameData.Domains.TaiwuEvent.EventScriptRuntime|现在是修习外出状态，清空捕快中
2026-06-28 04:29:29.0048|INFO|Main|GameData.Domains.TaiwuEvent.EventScriptRuntime|做一个保底机制确保不会变成捕快窝
2026-06-28 04:29:29.0048|INFO|Main|GameData.Domains.TaiwuEvent.EventScriptRuntime|刷新各类捕快数量
2026-06-28 04:29:29.0048|INFO|Main|GameData.Domains.TaiwuEvent.EventScriptRuntime|现在是修习外出状态，清空捕快中
2026-06-28 04:29:29.0048|INFO|Main|GameData.Domains.TaiwuEvent.EventScriptRuntime|做一个保底机制确保不会变成捕快窝
2026-06-28 04:29:29.0048|INFO|Main|GameData.Domains.TaiwuEvent.EventScriptRuntime|刷新各类捕快数量
2026-06-28 04:29:29.0048|INFO|Main|GameData.Domains.TaiwuEvent.EventScriptRuntime|现在是修习外出状态，清空捕快中
2026-06-28 04:29:29.0048|INFO|Main|GameData.Domains.TaiwuEvent.EventScriptRuntime|做一个保底机制确保不会变成捕快窝
2026-06-28 04:29:29.0048|INFO|Main|GameData.Domains.TaiwuEvent.EventScriptRuntime|刷新各类捕快数量
2026-06-28 04:29:29.0048|INFO|Main|GameData.Domains.TaiwuEvent.EventScriptRuntime|现在是修习外出状态，清空捕快中
2026-06-28 04:29:29.0048|INFO|Main|GameData.Domains.TaiwuEvent.EventScriptRuntime|做一个保底机制确保不会变成捕快窝
2026-06-28 04:29:29.0048|INFO|Main|GameData.Domains.TaiwuEvent.EventScriptRuntime|刷新各类捕快数量
2026-06-28 04:29:29.0048|INFO|Main|GameData.Domains.TaiwuEvent.EventScriptRuntime|现在是修习外出状态，清空捕快中
2026-06-28 04:29:29.0048|INFO|Main|GameData.Domains.TaiwuEvent.EventScriptRuntime|做一个保底机制确保不会变成捕快窝
2026-06-28 04:29:29.0048|INFO|Main|GameData.Domains.TaiwuEvent.EventScriptRuntime|刷新各类捕快数量
2026-06-28 04:29:29.0048|INFO|Main|GameData.Domains.TaiwuEvent.EventScriptRuntime|现在是修习外出状态，清空捕快中
2026-06-28 04:29:29.0048|INFO|Main|GameData.Domains.TaiwuEvent.EventScriptRuntime|做一个保底机制确保不会变成捕快窝
2026-06-28 04:29:29.0048|INFO|Main|GameData.Domains.TaiwuEvent.EventScriptRuntime|刷新各类捕快数量
2026-06-28 04:29:29.0048|INFO|Main|GameData.Domains.TaiwuEvent.EventScriptRuntime|现在是修习外出状态，清空捕快中
2026-06-28 04:29:29.0233|WARN|Main|AdaptableLog|get invalid vital data by type Heaven
2026-06-28 04:29:29.0233|WARN|Main|AdaptableLog|get invalid vital data by type Earth
2026-06-28 04:29:29.0233|WARN|Main|AdaptableLog|get invalid vital data by type Human
2026-06-28 04:29:29.0877|INFO|Main|GameData.Domains.World.WorldDomain|Removing monthly event Config.MonthlyEventItem(274) at 0 of size 3 from a collection of size 3 and count 1
2026-06-28 04:29:29.0877|INFO|Main|GameData.Domains.World.WorldDomain|CheckMonthlyEvents: 0 events detected.
2026-06-28 04:29:29.0877|INFO|Main|GameData.Domains.World.WorldDomain|AdvanceMonth: end --------------------------------------------------------------
2026-06-28 04:29:29.0877|INFO|Main|GameData.Domains.World.WorldDomain|Advance Month Time Cost: 3937ms
2026-06-28 04:29:29.0877|INFO|Main|TaiwuOptimization.Runtime.CharacterActionPlanningDiagnostics|TaiwuOptimization: CharacterActionPlanning diagnostics
  total:
    elapsed: 3,938.140ms
  targetLookupBuild:
    elapsed: 207.290ms, calls=2
    fullBuilds: 1
    fullBuildReasons: InitialSnapshot=1
    deltaNoChangePublishes: 0
    deltaPublish: 2.153ms, calls=1, deltas=768, fallbackFullRebuilds=0
    deltaAffected: blocks=614, areas=45, states=15, settlements=579
    primaryApplyAllDeltas: recordedDeltaCount=768, savedDeltaCount=768, affectedBlockCount=614, affectedAreaCount=45, overflowCount=0
    locationEpochIncrements: LocationChangedOutsideDeltaRecording@None=12, LocationChangedOutsideDeltaRecording@SecondaryApplyAllNoDeltaRecording=5, LocationChangedOutsideDeltaRecording@FrozenSnapshotIdle=1510
    firstLocationEpochIncrement: LocationChangedOutsideDeltaRecording@None, charId=8387, old=29:85, new=29:87
    blocks: 39738
    areas: 141
    states: 16
    characterIds: 5436
  actualRelationTargetPrefilterSkips:
    OutOfScope: 1165
    EmptySource: 25166
    NoRelationRule: 0
    UnsafeRule: 20137
    Exception: 0
  planningGraphCache:
    build: elapsed=4.316ms, calls=1, successes=1, failures=0
    snapshot: conditions=225, effects=129, conditionEdges=390, effectEdges=385
    Condition: calls=0, hits=0, misses=0, fallbacks=0, returnedNodes=0
    Effect: calls=0, hits=0, misses=0, fallbacks=0, returnedNodes=0
  parallelStages:
    UpdateCharacterMission: 1.543ms, calls=1, max=1.543ms
    UpdateCharacterGoal: 4.067ms, calls=1, max=4.067ms
    UpdateInfectedCharacterActions: 0.000ms, calls=1, max=0.000ms
    UpdateLegendaryBookOwnersActions: 0.001ms, calls=1, max=0.001ms
    UpdatePrimaryGoalAndActions: 1,144.212ms, calls=1, max=1,144.212ms
    UpdateSecondaryGoalAndActions: 1,217.954ms, calls=1, max=1,217.954ms
  primaryGoalActions:
    OfflineUpdateCurrentGoalActions: 25,551.899ms, calls=4402, max=165.191ms
    ComplementUpdateCurrentGoalActions: 102.085ms, calls=4402, max=10.285ms
    OfflineUpdateGoalPlan: 20,503.769ms, calls=16089, max=110.351ms
    ReassessPlan: 3,023.570ms, calls=28348, max=12.777ms
    OfflineCreateNextAction: 1,640.815ms, calls=11918, max=12.815ms
    ExecuteAction: 98.414ms, calls=2959, max=10.281ms
    CheckPrerequisites: 363.003ms, calls=818041, max=4.103ms
    GetCharactersInSelectRange: 791.592ms, calls=95203, max=7.006ms, input=1283148, output=0, maxInput=349, maxOutput=0
    FilterActionTargets: 9,373.859ms, calls=95203, max=14.925ms, input=318419, output=17022, maxInput=349, maxOutput=66
    CharacterActionPlannerPlan: 20,392.417ms, calls=16089, max=110.351ms
    CharacterActionPlannerReassess: 2,873.836ms, calls=22097, max=12.777ms
    WeightBasedFindPath: 0.000ms, calls=0, max=0.000ms
    WeightBasedFindPathRecursive: 0.000ms, calls=0, max=0.000ms
    WeightBasedGetUnsatisfiedStateCount: 0.000ms, calls=0, max=0.000ms
    StateMemoryCheckCondition: 0.000ms, calls=0, max=0.000ms
    PrepareContext: 11,095.516ms, calls=215176, max=14.939ms
    CalcCurrentState: 315.237ms, calls=506385, max=3.207ms
    MatchTargetCharacter: 7,976.682ms, calls=326329, max=7.078ms
    MatchTargetCharacterByConditions: 39.003ms, calls=357199, max=0.461ms
    prepareContextByActionTop:
      A82 咒骂: 1,110.636ms, calls=14227, max=10.312ms, selector=RandomTarget, range=SameBlock, rangeValue=1
      A111 指点武学: 1,002.449ms, calls=2554, max=12.325ms, selector=CloseTarget, range=BlockRange, rangeValue=2
      A114 指点技艺: 844.425ms, calls=2006, max=14.939ms, selector=CloseTarget, range=BlockRange, rangeValue=2
      A90 惩戒恶人: 770.678ms, calls=9086, max=6.788ms, selector=RandomTarget, range=SameBlock, rangeValue=1
      A89 惩戒人物: 731.256ms, calls=9133, max=8.724ms, selector=RandomTarget, range=SameBlock, rangeValue=1
      A100 施以毒害: 576.535ms, calls=8700, max=7.017ms, selector=RandomTarget, range=SameBlock, rangeValue=1
      A32 乐善好施道具: 562.407ms, calls=1295, max=9.249ms, selector=CloseTarget, range=BlockRange, rangeValue=2
      A101 暗中损伤: 532.493ms, calls=8524, max=10.148ms, selector=RandomTarget, range=SameBlock, rangeValue=1
      A33 襄助恶人道具: 522.474ms, calls=1096, max=10.720ms, selector=CloseTarget, range=BlockRange, rangeValue=2
      A91 惩戒善人: 439.332ms, calls=6329, max=6.868ms, selector=RandomTarget, range=SameBlock, rangeValue=1
      A30 襄助恶人资源: 432.156ms, calls=972, max=11.208ms, selector=CloseTarget, range=BlockRange, rangeValue=2
      A29 乐善好施资源: 363.559ms, calls=1106, max=9.491ms, selector=CloseTarget, range=BlockRange, rangeValue=2
    filterActionTargetsByActionTop:
      A111 指点武学: 1,363.874ms, calls=3831, max=12.793ms, selector=CloseTarget, range=BlockRange, rangeValue=2, input=31134, output=1395, avgInput=8.1, maxInput=121, maxOutput=59
      A114 指点技艺: 1,121.516ms, calls=3009, max=14.925ms, selector=CloseTarget, range=BlockRange, rangeValue=2, input=28518, output=2418, avgInput=9.5, maxInput=121, maxOutput=33
      A82 咒骂: 800.597ms, calls=17217, max=10.290ms, selector=RandomTarget, range=SameBlock, rangeValue=1, input=29181, output=11, avgInput=1.7, maxInput=54, maxOutput=1
      A32 乐善好施道具: 517.327ms, calls=1295, max=9.233ms, selector=CloseTarget, range=BlockRange, rangeValue=2, input=13039, output=199, avgInput=10.1, maxInput=115, maxOutput=13
      A90 惩戒恶人: 496.830ms, calls=9086, max=6.778ms, selector=RandomTarget, range=SameBlock, rangeValue=1, input=16927, output=0, avgInput=1.9, maxInput=54, maxOutput=0
      A33 襄助恶人道具: 476.799ms, calls=1096, max=10.037ms, selector=CloseTarget, range=BlockRange, rangeValue=2, input=13483, output=332, avgInput=12.3, maxInput=121, maxOutput=10
      A89 惩戒人物: 433.724ms, calls=9136, max=8.717ms, selector=RandomTarget, range=SameBlock, rangeValue=1, input=15421, output=12, avgInput=1.7, maxInput=54, maxOutput=1
      A30 襄助恶人资源: 404.475ms, calls=972, max=11.196ms, selector=CloseTarget, range=BlockRange, rangeValue=2, input=10929, output=333, avgInput=11.2, maxInput=121, maxOutput=10
      A29 乐善好施资源: 336.521ms, calls=1107, max=9.470ms, selector=CloseTarget, range=BlockRange, rangeValue=2, input=9118, output=163, avgInput=8.2, maxInput=115, maxOutput=13
      A222 修补道具: 288.174ms, calls=360, max=7.021ms, selector=CloseTarget, range=BlockRange, rangeValue=2, input=5922, output=0, avgInput=16.4, maxInput=49, maxOutput=0
      A100 施以毒害: 279.418ms, calls=8704, max=6.188ms, selector=RandomTarget, range=SameBlock, rangeValue=1, input=12314, output=12, avgInput=1.4, maxInput=54, maxOutput=1
      A101 暗中损伤: 245.409ms, calls=8527, max=8.970ms, selector=RandomTarget, range=SameBlock, rangeValue=1, input=11052, output=13, avgInput=1.3, maxInput=54, maxOutput=1
    actualRelationTargetPrefilterByActionTop:
      A82 咒骂: calls=11608, selector=RandomTarget, range=SameBlock, rangeValue=1, input=109935, output=9101, dropped=100834, zeroOutput=8458, avgInput=9.5, avgOutput=0.8, maxInput=54, maxDropped=54
      A111 指点武学: calls=3369, selector=CloseTarget, range=BlockRange, rangeValue=2, input=90363, output=20550, dropped=69813, zeroOutput=1947, avgInput=26.8, avgOutput=6.1, maxInput=121, maxDropped=121
      A114 指点技艺: calls=2682, selector=CloseTarget, range=BlockRange, rangeValue=2, input=76944, output=19941, dropped=57003, zeroOutput=1563, avgInput=28.7, avgOutput=7.4, maxInput=121, maxDropped=121
      A101 暗中损伤: calls=6141, selector=RandomTarget, range=SameBlock, rangeValue=1, input=59873, output=4875, dropped=54998, zeroOutput=4521, avgInput=9.7, avgOutput=0.8, maxInput=54, maxDropped=54
      A100 施以毒害: calls=6114, selector=RandomTarget, range=SameBlock, rangeValue=1, input=60233, output=5456, dropped=54777, zeroOutput=4454, avgInput=9.9, avgOutput=0.9, maxInput=54, maxDropped=54
      A89 惩戒人物: calls=5880, selector=RandomTarget, range=SameBlock, rangeValue=1, input=54688, output=2779, dropped=51909, zeroOutput=4376, avgInput=9.3, avgOutput=0.5, maxInput=54, maxDropped=54
      A90 惩戒恶人: calls=6020, selector=RandomTarget, range=SameBlock, rangeValue=1, input=55810, output=5212, dropped=50598, zeroOutput=4256, avgInput=9.3, avgOutput=0.9, maxInput=54, maxDropped=54
      A91 惩戒善人: calls=4497, selector=RandomTarget, range=SameBlock, rangeValue=1, input=43847, output=4241, dropped=39606, zeroOutput=3270, avgInput=9.8, avgOutput=0.9, maxInput=54, maxDropped=54
      A182 道法开悟: calls=1209, selector=CloseTarget, range=BlockRange, rangeValue=2, input=34120, output=758, dropped=33362, zeroOutput=841, avgInput=28.2, avgOutput=0.6, maxInput=123, maxDropped=123
      A184 佛学开悟: calls=1125, selector=CloseTarget, range=BlockRange, rangeValue=2, input=32608, output=628, dropped=31980, zeroOutput=807, avgInput=29.0, avgOutput=0.6, maxInput=123, maxDropped=123
      A37 偷窃道具: calls=1467, selector=StealTarget, range=BlockRange, rangeValue=1, input=26232, output=369, dropped=25863, zeroOutput=1260, avgInput=17.9, avgOutput=0.3, maxInput=92, maxDropped=92
      A32 乐善好施道具: calls=1266, selector=CloseTarget, range=BlockRange, rangeValue=2, input=38150, output=12985, dropped=25165, zeroOutput=623, avgInput=30.1, avgOutput=10.3, maxInput=123, maxDropped=123
    relationPrefilterByActionTop:
      A111 指点武学: calls=1848, selector=CloseTarget, range=BlockRange, rangeValue=2, selectable=31134, relationCandidates=29787, dropped=1347, avgSelectable=16.8, avgRelationCandidates=16.1, maxSelectable=121, maxDropped=36
      A114 指点技艺: calls=1419, selector=CloseTarget, range=BlockRange, rangeValue=2, selectable=28518, relationCandidates=27663, dropped=855, avgSelectable=20.1, avgRelationCandidates=19.5, maxSelectable=121, maxDropped=19
      A221 坐诊看病: calls=172, selector=CloseTarget, range=BlockRange, rangeValue=2, selectable=3693, relationCandidates=2901, dropped=792, avgSelectable=21.5, avgRelationCandidates=16.9, maxSelectable=57, maxDropped=33
      A290 汲取玄灰: calls=3, selector=CloseTarget, range=SameState, rangeValue=1, selectable=1047, relationCandidates=306, dropped=741, avgSelectable=349.0, avgRelationCandidates=102.0, maxSelectable=349, maxDropped=247
      A36 求取道具: calls=519, selector=RequestTarget, range=BlockRange, rangeValue=1, selectable=3749, relationCandidates=3407, dropped=342, avgSelectable=7.2, avgRelationCandidates=6.6, maxSelectable=44, maxDropped=28
      A225 乞讨银钱: calls=75, selector=RandomTarget, range=BlockRange, rangeValue=1, selectable=732, relationCandidates=552, dropped=180, avgSelectable=9.8, avgRelationCandidates=7.4, maxSelectable=41, maxDropped=16
      A182 道法开悟: calls=463, selector=CloseTarget, range=BlockRange, rangeValue=2, selectable=2688, relationCandidates=2535, dropped=153, avgSelectable=5.8, avgRelationCandidates=5.5, maxSelectable=70, maxDropped=33
      A27 请求淬毒道具: calls=191, selector=RequestTarget, range=BlockRange, rangeValue=2, selectable=4085, relationCandidates=3963, dropped=122, avgSelectable=21.4, avgRelationCandidates=20.7, maxSelectable=107, maxDropped=15
      A184 佛学开悟: calls=377, selector=CloseTarget, range=BlockRange, rangeValue=2, selectable=1713, relationCandidates=1611, dropped=102, avgSelectable=4.5, avgRelationCandidates=4.3, maxSelectable=67, maxDropped=13
      A110 请教突破: calls=323, selector=RequestTarget, range=BlockRange, rangeValue=2, selectable=13629, relationCandidates=13535, dropped=94, avgSelectable=42.2, avgRelationCandidates=41.9, maxSelectable=115, maxDropped=10
      A172 请求喝酒: calls=332, selector=RequestTarget, range=BlockRange, rangeValue=1, selectable=2470, relationCandidates=2388, dropped=82, avgSelectable=7.4, avgRelationCandidates=7.2, maxSelectable=83, maxDropped=14
      A280 洁身修仪: calls=45, selector=CloseTarget, range=BlockRange, rangeValue=2, selectable=999, relationCandidates=918, dropped=81, avgSelectable=22.2, avgRelationCandidates=20.4, maxSelectable=52, maxDropped=6
    goalTargetMatchByGoalTop:
      G179 惩戒奸佞: 239.321ms, calls=18817, max=6.796ms, true=18449, false=368
      G192 朋友互动: 207.457ms, calls=13492, max=3.821ms, true=12767, false=725
      G186 帮扶奸佞: 137.662ms, calls=9129, max=6.647ms, true=9117, false=12
      G161 坐诊看病: 81.527ms, calls=4579, max=3.102ms, true=78, false=4501
      G178 帮扶良善: 79.771ms, calls=7173, max=3.134ms, true=7080, false=93
      G8 威震八荒: 72.688ms, calls=9042, max=2.603ms, true=0, false=9042
      G191 手足互动: 69.754ms, calls=4485, max=2.761ms, true=3902, false=583
      G190 父母互动: 69.444ms, calls=3796, max=6.739ms, true=3577, false=219
      G193 结义互动: 65.372ms, calls=2873, max=3.794ms, true=2535, false=338
      G220 道法开悟: 56.115ms, calls=2641, max=4.459ms, true=1173, false=1468
      G187 惩戒良善: 55.733ms, calls=6466, max=2.671ms, true=6369, false=97
      G2 敬贤扬善: 55.567ms, calls=3240, max=3.517ms, true=864, false=2376
    actionTargetMatchByActionTop:
      A111 指点武学: 637.906ms, calls=37498, max=5.352ms, selector=CloseTarget, range=BlockRange, rangeValue=2, true=7039, false=30459
      A114 指点技艺: 540.573ms, calls=29103, max=5.360ms, selector=CloseTarget, range=BlockRange, rangeValue=2, true=12750, false=16353
      A82 咒骂: 274.957ms, calls=17009, max=6.925ms, selector=RandomTarget, range=SameBlock, rangeValue=1, true=11, false=16998
      A32 乐善好施道具: 265.124ms, calls=19291, max=5.092ms, selector=CloseTarget, range=BlockRange, rangeValue=2, true=940, false=18351
      A33 襄助恶人道具: 246.337ms, calls=18656, max=3.745ms, selector=CloseTarget, range=BlockRange, rangeValue=2, true=1683, false=16973
      A30 襄助恶人资源: 194.327ms, calls=14861, max=4.509ms, selector=CloseTarget, range=BlockRange, rangeValue=2, true=1571, false=13290
      A90 惩戒恶人: 181.859ms, calls=10001, max=3.428ms, selector=RandomTarget, range=SameBlock, rangeValue=1, true=0, false=10001
      A29 乐善好施资源: 177.521ms, calls=13785, max=4.824ms, selector=CloseTarget, range=BlockRange, rangeValue=2, true=684, false=13101
      A89 惩戒人物: 128.957ms, calls=8652, max=2.943ms, selector=RandomTarget, range=SameBlock, rangeValue=1, true=12, false=8640
      A101 暗中损伤: 97.011ms, calls=6735, max=3.931ms, selector=RandomTarget, range=SameBlock, rangeValue=1, true=13, false=6722
      A100 施以毒害: 94.515ms, calls=7143, max=3.132ms, selector=RandomTarget, range=SameBlock, rangeValue=1, true=12, false=7131
      A110 请教突破: 75.653ms, calls=11173, max=4.191ms, selector=RequestTarget, range=BlockRange, rangeValue=2, true=0, false=11173
    targetMatcherCacheByActionTop:
      A111 指点武学: calls=37498, hits=37213, misses=285, fallbacks=0, savedCalls=37213, true=37498, false=0, selector=CloseTarget, range=BlockRange, rangeValue=2
      A114 指点技艺: calls=29103, hits=28753, misses=350, fallbacks=0, savedCalls=28753, true=29103, false=0, selector=CloseTarget, range=BlockRange, rangeValue=2
      A32 乐善好施道具: calls=19291, hits=19069, misses=222, fallbacks=0, savedCalls=19069, true=19291, false=0, selector=CloseTarget, range=BlockRange, rangeValue=2
      A33 襄助恶人道具: calls=18656, hits=18540, misses=116, fallbacks=0, savedCalls=18540, true=18656, false=0, selector=CloseTarget, range=BlockRange, rangeValue=2
      A82 咒骂: calls=17009, hits=17004, misses=3, fallbacks=2, savedCalls=17004, true=17009, false=0, fallbackReasons=StageInactive=2, selector=RandomTarget, range=SameBlock, rangeValue=1
      A30 襄助恶人资源: calls=14861, hits=14609, misses=252, fallbacks=0, savedCalls=14609, true=14861, false=0, selector=CloseTarget, range=BlockRange, rangeValue=2
      A29 乐善好施资源: calls=13785, hits=13643, misses=142, fallbacks=0, savedCalls=13643, true=13785, false=0, selector=CloseTarget, range=BlockRange, rangeValue=2
      A90 惩戒恶人: calls=10001, hits=9982, misses=19, fallbacks=0, savedCalls=9982, true=10001, false=0, selector=RandomTarget, range=SameBlock, rangeValue=1
      A222 修补道具: calls=9498, hits=9145, misses=353, fallbacks=0, savedCalls=9145, true=9498, false=0, selector=CloseTarget, range=BlockRange, rangeValue=2
      A89 惩戒人物: calls=8652, hits=8627, misses=13, fallbacks=12, savedCalls=8627, true=8652, false=0, fallbackReasons=StageInactive=12, selector=RandomTarget, range=SameBlock, rangeValue=1
      A185 促织决斗: calls=9130, hits=8575, misses=555, fallbacks=0, savedCalls=8575, true=9130, false=0, selector=CloseTarget, range=BlockRange, rangeValue=2
      A100 施以毒害: calls=7143, hits=7137, misses=6, fallbacks=0, savedCalls=7137, true=7143, false=0, selector=RandomTarget, range=SameBlock, rangeValue=1
    targetConditionsByGoalTop:
      G192 朋友互动: 1.592ms, calls=13492, max=0.023ms, true=12767, false=725, conditions=13492, refConditions=0, avgConditions=1.0, maxConditions=1, maxRefConditions=0
      G179 惩戒奸佞: 1.217ms, calls=19597, max=0.007ms, true=18449, false=1148, conditions=19597, refConditions=0, avgConditions=1.0, maxConditions=1, maxRefConditions=0
      G161 坐诊看病: 1.131ms, calls=4579, max=0.057ms, true=78, false=4501, conditions=4579, refConditions=0, avgConditions=1.0, maxConditions=1, maxRefConditions=0
      G186 帮扶奸佞: 0.677ms, calls=9186, max=0.008ms, true=9117, false=69, conditions=9186, refConditions=0, avgConditions=1.0, maxConditions=1, maxRefConditions=0
      G190 父母互动: 0.579ms, calls=3796, max=0.029ms, true=3577, false=219, conditions=3796, refConditions=0, avgConditions=1.0, maxConditions=1, maxRefConditions=0
      G178 帮扶良善: 0.572ms, calls=7473, max=0.013ms, true=7080, false=393, conditions=7473, refConditions=0, avgConditions=1.0, maxConditions=1, maxRefConditions=0
      G191 手足互动: 0.541ms, calls=4485, max=0.008ms, true=3902, false=583, conditions=4485, refConditions=0, avgConditions=1.0, maxConditions=1, maxRefConditions=0
      G8 威震八荒: 0.453ms, calls=9042, max=0.029ms, true=0, false=9042, conditions=9042, refConditions=9042, avgConditions=1.0, maxConditions=1, maxRefConditions=1
      G220 道法开悟: 0.425ms, calls=4109, max=0.010ms, true=1173, false=2936, conditions=4109, refConditions=0, avgConditions=1.0, maxConditions=1, maxRefConditions=0
      G187 惩戒良善: 0.396ms, calls=6756, max=0.002ms, true=6369, false=387, conditions=6756, refConditions=0, avgConditions=1.0, maxConditions=1, maxRefConditions=0
      G273 太吾互动: 0.332ms, calls=3556, max=0.040ms, true=192, false=3364, conditions=3556, refConditions=0, avgConditions=1.0, maxConditions=1, maxRefConditions=0
      G3 惩恶锄奸: 0.327ms, calls=6712, max=0.002ms, true=0, false=6712, conditions=6712, refConditions=0, avgConditions=1.0, maxConditions=1, maxRefConditions=0
    targetConditionsByActionTop:
      A27 请求淬毒道具: 4.649ms, calls=3222, max=0.461ms, selector=RequestTarget, range=BlockRange, rangeValue=2, true=275, false=2947, conditions=3222, refConditions=3222, avgConditions=1.0, maxConditions=1, maxRefConditions=1
      A111 指点武学: 2.940ms, calls=37498, max=0.046ms, selector=CloseTarget, range=BlockRange, rangeValue=2, true=37309, false=189, conditions=37498, refConditions=0, avgConditions=1.0, maxConditions=1, maxRefConditions=0
      A32 乐善好施道具: 2.430ms, calls=19291, max=0.037ms, selector=CloseTarget, range=BlockRange, rangeValue=2, true=940, false=18351, conditions=38582, refConditions=0, avgConditions=2.0, maxConditions=2, maxRefConditions=0
      A114 指点技艺: 2.269ms, calls=29103, max=0.031ms, selector=CloseTarget, range=BlockRange, rangeValue=2, true=29037, false=66, conditions=29103, refConditions=0, avgConditions=1.0, maxConditions=1, maxRefConditions=0
      A33 襄助恶人道具: 2.240ms, calls=18656, max=0.020ms, selector=CloseTarget, range=BlockRange, rangeValue=2, true=1683, false=16973, conditions=37312, refConditions=0, avgConditions=2.0, maxConditions=2, maxRefConditions=0
      A30 襄助恶人资源: 2.001ms, calls=14861, max=0.037ms, selector=CloseTarget, range=BlockRange, rangeValue=2, true=1571, false=13290, conditions=29722, refConditions=0, avgConditions=2.0, maxConditions=2, maxRefConditions=0
      A29 乐善好施资源: 1.844ms, calls=13785, max=0.167ms, selector=CloseTarget, range=BlockRange, rangeValue=2, true=684, false=13101, conditions=27570, refConditions=0, avgConditions=2.0, maxConditions=2, maxRefConditions=0
      A82 咒骂: 1.302ms, calls=17009, max=0.010ms, selector=RandomTarget, range=SameBlock, rangeValue=1, true=11, false=16998, conditions=17009, refConditions=0, avgConditions=1.0, maxConditions=1, maxRefConditions=0
      A110 请教突破: 0.821ms, calls=11173, max=0.006ms, selector=RequestTarget, range=BlockRange, rangeValue=2, true=0, false=11173, conditions=11173, refConditions=11173, avgConditions=1.0, maxConditions=1, maxRefConditions=1
      A90 惩戒恶人: 0.802ms, calls=10001, max=0.003ms, selector=RandomTarget, range=SameBlock, rangeValue=1, true=0, false=10001, conditions=20002, refConditions=0, avgConditions=2.0, maxConditions=2, maxRefConditions=0
      A172 请求喝酒: 0.756ms, calls=1190, max=0.010ms, selector=RequestTarget, range=BlockRange, rangeValue=1, true=229, false=961, conditions=2380, refConditions=0, avgConditions=2.0, maxConditions=2, maxRefConditions=0
      A173 请求喝茶: 0.741ms, calls=1164, max=0.031ms, selector=RequestTarget, range=BlockRange, rangeValue=1, true=228, false=936, conditions=1164, refConditions=0, avgConditions=1.0, maxConditions=1, maxRefConditions=0
    relationConditionPrefilterByGoalTop:
      G192 朋友互动: calls=13492, relationConditions=13492, relationPass=12767, relationFail=725, fullTrue=12767, fullFalse=725, avgRelationConditions=1.0
      G191 手足互动: calls=4485, relationConditions=4485, relationPass=3902, relationFail=583, fullTrue=3902, fullFalse=583, avgRelationConditions=1.0
      G193 结义互动: calls=2873, relationConditions=2873, relationPass=2535, relationFail=338, fullTrue=2535, fullFalse=338, avgRelationConditions=1.0
      G196 子女互动: calls=1658, relationConditions=1658, relationPass=1385, relationFail=273, fullTrue=1385, fullFalse=273, avgRelationConditions=1.0
      G190 父母互动: calls=3796, relationConditions=3796, relationPass=3577, relationFail=219, fullTrue=3577, fullFalse=219, avgRelationConditions=1.0
      G197 师徒互动: calls=425, relationConditions=425, relationPass=240, relationFail=185, fullTrue=240, fullFalse=185, avgRelationConditions=1.0
      G195 配偶互动: calls=512, relationConditions=512, relationPass=390, relationFail=122, fullTrue=390, fullFalse=122, avgRelationConditions=1.0
      G194 爱慕互动: calls=1346, relationConditions=1346, relationPass=1248, relationFail=98, fullTrue=1248, fullFalse=98, avgRelationConditions=1.0
      G199 仇敌互动: calls=304, relationConditions=304, relationPass=225, relationFail=79, fullTrue=225, fullFalse=79, avgRelationConditions=1.0
    targetConditionSensorUsageTop:
      TargetStateSensor: 255823
      CharacterStateSensor: 184415
      None: 20269
      CombatSkillStateSensor: 11173
      InventoryStateSensor: 4443
      OrganizationStateSensor: 3731
      LifeSkillStateSensor: 3222
      ResourceStateSensor: 453
  secondaryGoalActions:
    OfflineUpdateCurrentGoalActions: 23,060.247ms, calls=5434, max=185.788ms
    ComplementUpdateCurrentGoalActions: 47.994ms, calls=5434, max=1.528ms
    OfflineUpdateGoalPlan: 18,410.490ms, calls=12639, max=82.903ms
    ReassessPlan: 2,822.653ms, calls=23445, max=14.292ms
    OfflineCreateNextAction: 1,578.186ms, calls=10547, max=13.393ms
    ExecuteAction: 43.405ms, calls=1180, max=1.498ms
    CheckPrerequisites: 320.259ms, calls=819651, max=5.321ms
    GetCharactersInSelectRange: 612.749ms, calls=96181, max=8.992ms, input=1546580, output=0, maxInput=392, maxOutput=0
    FilterActionTargets: 10,289.577ms, calls=96181, max=17.488ms, input=473836, output=23549, maxInput=392, maxOutput=57
    CharacterActionPlannerPlan: 18,332.566ms, calls=12639, max=82.902ms
    CharacterActionPlannerReassess: 2,706.896ms, calls=18649, max=14.289ms
    WeightBasedFindPath: 0.000ms, calls=0, max=0.000ms
    WeightBasedFindPathRecursive: 0.000ms, calls=0, max=0.000ms
    WeightBasedGetUnsatisfiedStateCount: 0.000ms, calls=0, max=0.000ms
    StateMemoryCheckCondition: 0.000ms, calls=0, max=0.000ms
    PrepareContext: 11,395.502ms, calls=221215, max=17.513ms
    CalcCurrentState: 409.792ms, calls=523380, max=2.921ms
    MatchTargetCharacter: 8,745.869ms, calls=460940, max=9.911ms
    MatchTargetCharacterByConditions: 56.712ms, calls=541491, max=1.233ms
    prepareContextByActionTop:
      A82 咒骂: 1,188.838ms, calls=14318, max=9.741ms, selector=RandomTarget, range=SameBlock, rangeValue=1
      A111 指点武学: 953.281ms, calls=2578, max=10.563ms, selector=CloseTarget, range=BlockRange, rangeValue=2
      A89 惩戒人物: 922.131ms, calls=9620, max=10.128ms, selector=RandomTarget, range=SameBlock, rangeValue=1
      A90 惩戒恶人: 841.108ms, calls=9199, max=9.923ms, selector=RandomTarget, range=SameBlock, rangeValue=1
      A114 指点技艺: 656.679ms, calls=1532, max=11.713ms, selector=CloseTarget, range=BlockRange, rangeValue=2
      A32 乐善好施道具: 625.158ms, calls=1637, max=12.410ms, selector=CloseTarget, range=BlockRange, rangeValue=2
      A101 暗中损伤: 578.314ms, calls=7902, max=6.746ms, selector=RandomTarget, range=SameBlock, rangeValue=1
      A100 施以毒害: 576.687ms, calls=8011, max=11.467ms, selector=RandomTarget, range=SameBlock, rangeValue=1
      A33 襄助恶人道具: 561.375ms, calls=1548, max=12.597ms, selector=CloseTarget, range=BlockRange, rangeValue=2
      A29 乐善好施资源: 476.772ms, calls=1429, max=16.300ms, selector=CloseTarget, range=BlockRange, rangeValue=2
      A91 惩戒善人: 432.569ms, calls=6032, max=7.033ms, selector=RandomTarget, range=SameBlock, rangeValue=1
      A30 襄助恶人资源: 419.608ms, calls=1382, max=17.513ms, selector=CloseTarget, range=BlockRange, rangeValue=2
    filterActionTargetsByActionTop:
      A111 指点武学: 1,305.499ms, calls=3867, max=12.025ms, selector=CloseTarget, range=BlockRange, rangeValue=2, input=40938, output=2031, avgInput=10.6, maxInput=110, maxOutput=38
      A82 咒骂: 1,006.644ms, calls=17168, max=9.732ms, selector=RandomTarget, range=SameBlock, rangeValue=1, input=54635, output=27, avgInput=3.2, maxInput=50, maxOutput=1
      A114 指点技艺: 878.713ms, calls=2298, max=11.697ms, selector=CloseTarget, range=BlockRange, rangeValue=2, input=36378, output=2607, avgInput=15.8, maxInput=119, maxOutput=35
      A89 惩戒人物: 689.821ms, calls=9622, max=9.438ms, selector=RandomTarget, range=SameBlock, rangeValue=1, input=33315, output=14, avgInput=3.5, maxInput=50, maxOutput=1
      A90 惩戒恶人: 639.791ms, calls=9199, max=9.914ms, selector=RandomTarget, range=SameBlock, rangeValue=1, input=31390, output=1, avgInput=3.4, maxInput=50, maxOutput=1
      A32 乐善好施道具: 578.436ms, calls=1637, max=12.387ms, selector=CloseTarget, range=BlockRange, rangeValue=2, input=19474, output=290, avgInput=11.9, maxInput=119, maxOutput=11
      A33 襄助恶人道具: 522.396ms, calls=1548, max=12.580ms, selector=CloseTarget, range=BlockRange, rangeValue=2, input=20660, output=498, avgInput=13.3, maxInput=119, maxOutput=12
      A29 乐善好施资源: 430.683ms, calls=1430, max=16.268ms, selector=CloseTarget, range=BlockRange, rangeValue=2, input=13018, output=211, avgInput=9.1, maxInput=119, maxOutput=12
      A30 襄助恶人资源: 372.250ms, calls=1382, max=17.488ms, selector=CloseTarget, range=BlockRange, rangeValue=2, input=15509, output=424, avgInput=11.2, maxInput=118, maxOutput=17
      A101 暗中损伤: 370.457ms, calls=7908, max=6.737ms, selector=RandomTarget, range=SameBlock, rangeValue=1, input=20116, output=27, avgInput=2.5, maxInput=50, maxOutput=2
      A100 施以毒害: 365.509ms, calls=8013, max=5.726ms, selector=RandomTarget, range=SameBlock, rangeValue=1, input=19871, output=10, avgInput=2.5, maxInput=50, maxOutput=1
      A91 惩戒善人: 286.618ms, calls=6034, max=7.023ms, selector=RandomTarget, range=SameBlock, rangeValue=1, input=15706, output=0, avgInput=2.6, maxInput=50, maxOutput=0
    actualRelationTargetPrefilterByActionTop:
      A82 咒骂: calls=11080, selector=RandomTarget, range=SameBlock, rangeValue=1, input=115439, output=11833, dropped=103606, zeroOutput=7299, avgInput=10.4, avgOutput=1.1, maxInput=50, maxDropped=50
      A111 指点武学: calls=3261, selector=CloseTarget, range=BlockRange, rangeValue=2, input=98034, output=23403, dropped=74631, zeroOutput=1650, avgInput=30.1, avgOutput=7.2, maxInput=121, maxDropped=121
      A89 惩戒人物: calls=6036, selector=RandomTarget, range=SameBlock, rangeValue=1, input=63993, output=4239, dropped=59754, zeroOutput=4093, avgInput=10.6, avgOutput=0.7, maxInput=50, maxDropped=50
      A90 惩戒恶人: calls=5872, selector=RandomTarget, range=SameBlock, rangeValue=1, input=60437, output=5483, dropped=54954, zeroOutput=3864, avgInput=10.3, avgOutput=0.9, maxInput=50, maxDropped=50
      A101 暗中损伤: calls=5632, selector=RandomTarget, range=SameBlock, rangeValue=1, input=56422, output=6257, dropped=50165, zeroOutput=3803, avgInput=10.0, avgOutput=1.1, maxInput=50, maxDropped=50
      A100 施以毒害: calls=5645, selector=RandomTarget, range=SameBlock, rangeValue=1, input=56279, output=6138, dropped=50141, zeroOutput=3785, avgInput=10.0, avgOutput=1.1, maxInput=50, maxDropped=50
      A114 指点技艺: calls=1932, selector=CloseTarget, range=BlockRange, rangeValue=2, input=63897, output=25404, dropped=38493, zeroOutput=864, avgInput=33.1, avgOutput=13.1, maxInput=119, maxDropped=118
      A91 惩戒善人: calls=4270, selector=RandomTarget, range=SameBlock, rangeValue=1, input=42848, output=5580, dropped=37268, zeroOutput=2787, avgInput=10.0, avgOutput=1.3, maxInput=50, maxDropped=50
      A32 乐善好施道具: calls=1628, selector=CloseTarget, range=BlockRange, rangeValue=2, input=56586, output=19326, dropped=37260, zeroOutput=645, avgInput=34.8, avgOutput=11.9, maxInput=121, maxDropped=121
      A29 乐善好施资源: calls=1423, selector=CloseTarget, range=BlockRange, rangeValue=2, input=49148, output=12873, dropped=36275, zeroOutput=622, avgInput=34.5, avgOutput=9.0, maxInput=121, maxDropped=121
      A182 道法开悟: calls=1096, selector=CloseTarget, range=BlockRange, rangeValue=2, input=36298, output=994, dropped=35304, zeroOutput=648, avgInput=33.1, avgOutput=0.9, maxInput=121, maxDropped=121
      A33 襄助恶人道具: calls=1537, selector=CloseTarget, range=BlockRange, rangeValue=2, input=55720, output=20511, dropped=35209, zeroOutput=565, avgInput=36.3, avgOutput=13.3, maxInput=121, maxDropped=121
    relationPrefilterByActionTop:
      A244 绝除死气: calls=21, selector=CloseTarget, range=SameState, rangeValue=1, selectable=8232, relationCandidates=2604, dropped=5628, avgSelectable=392.0, avgRelationCandidates=124.0, maxSelectable=392, maxDropped=269
      A111 指点武学: calls=2211, selector=CloseTarget, range=BlockRange, rangeValue=2, selectable=40938, relationCandidates=38943, dropped=1995, avgSelectable=18.5, avgRelationCandidates=17.6, maxSelectable=110, maxDropped=38
      A114 指点技艺: calls=1431, selector=CloseTarget, range=BlockRange, rangeValue=2, selectable=36378, relationCandidates=35502, dropped=876, avgSelectable=25.4, avgRelationCandidates=24.8, maxSelectable=119, maxDropped=39
      A221 坐诊看病: calls=136, selector=CloseTarget, range=BlockRange, rangeValue=2, selectable=2950, relationCandidates=2180, dropped=770, avgSelectable=21.7, avgRelationCandidates=16.0, maxSelectable=119, maxDropped=84
      A82 咒骂: calls=8663, selector=RandomTarget, range=SameBlock, rangeValue=1, selectable=54635, relationCandidates=54043, dropped=592, avgSelectable=6.3, avgRelationCandidates=6.2, maxSelectable=50, maxDropped=8
      A89 惩戒人物: calls=5019, selector=RandomTarget, range=SameBlock, rangeValue=1, selectable=33315, relationCandidates=32907, dropped=408, avgSelectable=6.6, avgRelationCandidates=6.6, maxSelectable=50, maxDropped=8
      A90 惩戒恶人: calls=4885, selector=RandomTarget, range=SameBlock, rangeValue=1, selectable=31390, relationCandidates=31054, dropped=336, avgSelectable=6.4, avgRelationCandidates=6.4, maxSelectable=50, maxDropped=8
      A182 道法开悟: calls=530, selector=CloseTarget, range=BlockRange, rangeValue=2, selectable=3413, relationCandidates=3210, dropped=203, avgSelectable=6.4, avgRelationCandidates=6.1, maxSelectable=81, maxDropped=26
      A184 佛学开悟: calls=502, selector=CloseTarget, range=BlockRange, rangeValue=2, selectable=3572, relationCandidates=3373, dropped=199, avgSelectable=7.1, avgRelationCandidates=6.7, maxSelectable=81, maxDropped=19
      A225 乞讨银钱: calls=72, selector=RandomTarget, range=BlockRange, rangeValue=1, selectable=873, relationCandidates=681, dropped=192, avgSelectable=12.1, avgRelationCandidates=9.5, maxSelectable=32, maxDropped=11
      A100 施以毒害: calls=3587, selector=RandomTarget, range=SameBlock, rangeValue=1, selectable=19871, relationCandidates=19683, dropped=188, avgSelectable=5.5, avgRelationCandidates=5.5, maxSelectable=50, maxDropped=5
      A173 请求喝茶: calls=500, selector=RequestTarget, range=BlockRange, rangeValue=1, selectable=2725, relationCandidates=2569, dropped=156, avgSelectable=5.5, avgRelationCandidates=5.1, maxSelectable=66, maxDropped=20
    goalTargetMatchByGoalTop:
      G179 惩戒奸佞: 303.253ms, calls=29815, max=9.671ms, true=28853, false=962
      G192 朋友互动: 223.669ms, calls=15448, max=4.529ms, true=14546, false=902
      G3 惩恶锄奸: 170.453ms, calls=22835, max=9.910ms, true=0, false=22835
      G1 苦海无涯: 153.040ms, calls=17346, max=5.018ms, true=2648, false=14698
      G187 惩戒良善: 121.785ms, calls=12828, max=5.203ms, true=12389, false=439
      G178 帮扶良善: 99.619ms, calls=10389, max=3.735ms, true=10242, false=147
      G186 帮扶奸佞: 74.422ms, calls=9531, max=3.215ms, true=9345, false=186
      G18 生人勿近: 61.885ms, calls=14188, max=2.655ms, true=0, false=14188
      G193 结义互动: 60.242ms, calls=4926, max=3.673ms, true=4448, false=478
      G220 道法开悟: 54.558ms, calls=3352, max=2.746ms, true=1507, false=1845
      G161 坐诊看病: 54.207ms, calls=3538, max=3.002ms, true=70, false=3468
      G222 佛学开悟: 54.002ms, calls=4178, max=2.715ms, true=486, false=3692
    actionTargetMatchByActionTop:
      A111 指点武学: 550.062ms, calls=43213, max=5.045ms, selector=CloseTarget, range=BlockRange, rangeValue=2, true=14029, false=29184
      A114 指点技艺: 410.887ms, calls=31215, max=4.913ms, selector=CloseTarget, range=BlockRange, rangeValue=2, true=20655, false=10560
      A32 乐善好施道具: 296.353ms, calls=28905, max=4.659ms, selector=CloseTarget, range=BlockRange, rangeValue=2, true=1426, false=27479
      A82 咒骂: 288.946ms, calls=26065, max=3.354ms, selector=RandomTarget, range=SameBlock, rangeValue=1, true=27, false=26038
      A33 襄助恶人道具: 240.025ms, calls=26588, max=9.445ms, selector=CloseTarget, range=BlockRange, rangeValue=2, true=2924, false=23664
      A29 乐善好施资源: 226.751ms, calls=19665, max=9.639ms, selector=CloseTarget, range=BlockRange, rangeValue=2, true=882, false=18783
      A89 惩戒人物: 191.357ms, calls=13987, max=5.200ms, selector=RandomTarget, range=SameBlock, rangeValue=1, true=14, false=13973
      A30 襄助恶人资源: 168.910ms, calls=19313, max=4.513ms, selector=CloseTarget, range=BlockRange, rangeValue=2, true=2361, false=16952
      A90 惩戒恶人: 161.585ms, calls=13553, max=3.788ms, selector=RandomTarget, range=SameBlock, rangeValue=1, true=1, false=13552
      A100 施以毒害: 146.073ms, calls=9683, max=3.820ms, selector=RandomTarget, range=SameBlock, rangeValue=1, true=10, false=9673
      A101 暗中损伤: 129.943ms, calls=9954, max=4.907ms, selector=RandomTarget, range=SameBlock, rangeValue=1, true=27, false=9927
      A91 惩戒善人: 110.127ms, calls=8441, max=4.357ms, selector=RandomTarget, range=SameBlock, rangeValue=1, true=0, false=8441
    targetMatcherCacheByActionTop:
      A111 指点武学: calls=43213, hits=42744, misses=469, fallbacks=0, savedCalls=42744, true=43213, false=0, selector=CloseTarget, range=BlockRange, rangeValue=2
      A114 指点技艺: calls=31215, hits=30903, misses=312, fallbacks=0, savedCalls=30903, true=31215, false=0, selector=CloseTarget, range=BlockRange, rangeValue=2
      A32 乐善好施道具: calls=28905, hits=28675, misses=230, fallbacks=0, savedCalls=28675, true=28905, false=0, selector=CloseTarget, range=BlockRange, rangeValue=2
      A33 襄助恶人道具: calls=26588, hits=26343, misses=245, fallbacks=0, savedCalls=26343, true=26588, false=0, selector=CloseTarget, range=BlockRange, rangeValue=2
      A82 咒骂: calls=26065, hits=26023, misses=42, fallbacks=0, savedCalls=26023, true=26065, false=0, selector=RandomTarget, range=SameBlock, rangeValue=1
      A29 乐善好施资源: calls=19665, hits=19515, misses=150, fallbacks=0, savedCalls=19515, true=19665, false=0, selector=CloseTarget, range=BlockRange, rangeValue=2
      A30 襄助恶人资源: calls=19313, hits=19054, misses=259, fallbacks=0, savedCalls=19054, true=19313, false=0, selector=CloseTarget, range=BlockRange, rangeValue=2
      A89 惩戒人物: calls=13987, hits=13958, misses=5, fallbacks=24, savedCalls=13958, true=13987, false=0, fallbackReasons=StageInactive=24, selector=RandomTarget, range=SameBlock, rangeValue=1
      A90 惩戒恶人: calls=13553, hits=13544, misses=9, fallbacks=0, savedCalls=13544, true=13553, false=0, selector=RandomTarget, range=SameBlock, rangeValue=1
      A101 暗中损伤: calls=9954, hits=9896, misses=12, fallbacks=46, savedCalls=9896, true=9954, false=0, fallbackReasons=StageInactive=46, selector=RandomTarget, range=SameBlock, rangeValue=1
      A100 施以毒害: calls=9683, hits=9673, misses=10, fallbacks=0, savedCalls=9673, true=9683, false=0, selector=RandomTarget, range=SameBlock, rangeValue=1
      A222 修补道具: calls=9642, hits=9295, misses=347, fallbacks=0, savedCalls=9295, true=9642, false=0, selector=CloseTarget, range=BlockRange, rangeValue=2
    targetConditionsByGoalTop:
      G220 道法开悟: 4.609ms, calls=5197, max=0.218ms, true=1507, false=3690, conditions=5197, refConditions=0, avgConditions=1.0, maxConditions=1, maxRefConditions=0
      G222 佛学开悟: 4.259ms, calls=7870, max=0.172ms, true=486, false=7384, conditions=7870, refConditions=0, avgConditions=1.0, maxConditions=1, maxRefConditions=0
      G179 惩戒奸佞: 1.924ms, calls=32172, max=0.052ms, true=28853, false=3319, conditions=32172, refConditions=0, avgConditions=1.0, maxConditions=1, maxRefConditions=0
      G192 朋友互动: 1.811ms, calls=15448, max=0.015ms, true=14546, false=902, conditions=15448, refConditions=0, avgConditions=1.0, maxConditions=1, maxRefConditions=0
      G3 惩恶锄奸: 1.093ms, calls=22835, max=0.002ms, true=0, false=22835, conditions=22835, refConditions=0, avgConditions=1.0, maxConditions=1, maxRefConditions=0
      G1 苦海无涯: 0.874ms, calls=17346, max=0.009ms, true=2648, false=14698, conditions=17346, refConditions=0, avgConditions=1.0, maxConditions=1, maxRefConditions=0
      G187 惩戒良善: 0.814ms, calls=13845, max=0.024ms, true=12389, false=1456, conditions=13845, refConditions=0, avgConditions=1.0, maxConditions=1, maxRefConditions=0
      G161 坐诊看病: 0.801ms, calls=3538, max=0.075ms, true=70, false=3468, conditions=3538, refConditions=0, avgConditions=1.0, maxConditions=1, maxRefConditions=0
      G178 帮扶良善: 0.798ms, calls=10911, max=0.029ms, true=10242, false=669, conditions=10911, refConditions=0, avgConditions=1.0, maxConditions=1, maxRefConditions=0
      G186 帮扶奸佞: 0.749ms, calls=9999, max=0.040ms, true=9345, false=654, conditions=9999, refConditions=0, avgConditions=1.0, maxConditions=1, maxRefConditions=0
      G18 生人勿近: 0.676ms, calls=14188, max=0.021ms, true=0, false=14188, conditions=14188, refConditions=14188, avgConditions=1.0, maxConditions=1, maxRefConditions=1
      G193 结义互动: 0.609ms, calls=4926, max=0.048ms, true=4448, false=478, conditions=4926, refConditions=0, avgConditions=1.0, maxConditions=1, maxRefConditions=0
    targetConditionsByActionTop:
      A32 乐善好施道具: 4.546ms, calls=28905, max=1.233ms, selector=CloseTarget, range=BlockRange, rangeValue=2, true=1426, false=27479, conditions=57810, refConditions=0, avgConditions=2.0, maxConditions=2, maxRefConditions=0
      A33 襄助恶人道具: 4.235ms, calls=26588, max=1.223ms, selector=CloseTarget, range=BlockRange, rangeValue=2, true=2924, false=23664, conditions=53176, refConditions=0, avgConditions=2.0, maxConditions=2, maxRefConditions=0
      A111 指点武学: 3.322ms, calls=43213, max=0.035ms, selector=CloseTarget, range=BlockRange, rangeValue=2, true=43036, false=177, conditions=43213, refConditions=0, avgConditions=1.0, maxConditions=1, maxRefConditions=0
      A114 指点技艺: 2.440ms, calls=31215, max=0.027ms, selector=CloseTarget, range=BlockRange, rangeValue=2, true=31152, false=63, conditions=31215, refConditions=0, avgConditions=1.0, maxConditions=1, maxRefConditions=0
      A30 襄助恶人资源: 2.360ms, calls=19313, max=0.074ms, selector=CloseTarget, range=BlockRange, rangeValue=2, true=2361, false=16952, conditions=38626, refConditions=0, avgConditions=2.0, maxConditions=2, maxRefConditions=0
      A29 乐善好施资源: 2.228ms, calls=19665, max=0.025ms, selector=CloseTarget, range=BlockRange, rangeValue=2, true=882, false=18783, conditions=39330, refConditions=0, avgConditions=2.0, maxConditions=2, maxRefConditions=0
      A82 咒骂: 1.953ms, calls=26065, max=0.021ms, selector=RandomTarget, range=SameBlock, rangeValue=1, true=27, false=26038, conditions=26065, refConditions=0, avgConditions=1.0, maxConditions=1, maxRefConditions=0
      A27 请求淬毒道具: 1.492ms, calls=4845, max=0.535ms, selector=RequestTarget, range=BlockRange, rangeValue=2, true=436, false=4409, conditions=4845, refConditions=4845, avgConditions=1.0, maxConditions=1, maxRefConditions=1
      A89 惩戒人物: 1.074ms, calls=13987, max=0.018ms, selector=RandomTarget, range=SameBlock, rangeValue=1, true=14, false=13973, conditions=13987, refConditions=0, avgConditions=1.0, maxConditions=1, maxRefConditions=0
      A90 惩戒恶人: 1.061ms, calls=13553, max=0.024ms, selector=RandomTarget, range=SameBlock, rangeValue=1, true=1, false=13552, conditions=27106, refConditions=0, avgConditions=2.0, maxConditions=2, maxRefConditions=0
      A100 施以毒害: 0.794ms, calls=9683, max=0.031ms, selector=RandomTarget, range=SameBlock, rangeValue=1, true=10, false=9673, conditions=9683, refConditions=0, avgConditions=1.0, maxConditions=1, maxRefConditions=0
      A101 暗中损伤: 0.783ms, calls=9954, max=0.028ms, selector=RandomTarget, range=SameBlock, rangeValue=1, true=27, false=9927, conditions=9954, refConditions=0, avgConditions=1.0, maxConditions=1, maxRefConditions=0
    relationConditionPrefilterByGoalTop:
      G192 朋友互动: calls=15448, relationConditions=15448, relationPass=14546, relationFail=902, fullTrue=14546, fullFalse=902, avgRelationConditions=1.0
      G196 子女互动: calls=3571, relationConditions=3571, relationPass=2975, relationFail=596, fullTrue=2975, fullFalse=596, avgRelationConditions=1.0
      G194 爱慕互动: calls=3823, relationConditions=3823, relationPass=3287, relationFail=536, fullTrue=3287, fullFalse=536, avgRelationConditions=1.0
      G195 配偶互动: calls=1668, relationConditions=1668, relationPass=1165, relationFail=503, fullTrue=1165, fullFalse=503, avgRelationConditions=1.0
      G193 结义互动: calls=4926, relationConditions=4926, relationPass=4448, relationFail=478, fullTrue=4448, fullFalse=478, avgRelationConditions=1.0
      G191 手足互动: calls=2538, relationConditions=2538, relationPass=2060, relationFail=478, fullTrue=2060, fullFalse=478, avgRelationConditions=1.0
      G197 师徒互动: calls=1822, relationConditions=1822, relationPass=1363, relationFail=459, fullTrue=1363, fullFalse=459, avgRelationConditions=1.0
      G190 父母互动: calls=2316, relationConditions=2316, relationPass=2069, relationFail=247, fullTrue=2069, fullFalse=247, avgRelationConditions=1.0
      G199 仇敌互动: calls=231, relationConditions=231, relationPass=106, relationFail=125, fullTrue=106, fullFalse=125, avgRelationConditions=1.0
    targetConditionSensorUsageTop:
      TargetStateSensor: 347297
      CharacterStateSensor: 318337
      None: 46845
      OrganizationStateSensor: 11631
      CombatSkillStateSensor: 5534
      LifeSkillStateSensor: 4845
      InventoryStateSensor: 2472
      ResourceStateSensor: 534
  targetLookupCalls:
    SameBlock: calls=129865, hits=121070, fallbacks=8795, candidateIds=1129540, charactersAdded=1008470
    SameArea: calls=0, hits=0, fallbacks=0, candidateIds=0, charactersAdded=0
    SameState: calls=24, hits=24, fallbacks=0, candidateIds=9303, charactersAdded=9279
    BlockRange: calls=70262, hits=69125, fallbacks=1137, candidateIds=1850944, charactersAdded=1781819
    SettlementRange: calls=0, hits=0, fallbacks=0, candidateIds=0, charactersAdded=0

2026-06-28 04:29:29.2207|INFO|Main|GameData.Domains.Global.GlobalDomain|Required Space: 1073741824 bytes.
Available Space: 1407859630080
2026-06-28 04:29:29.3036|INFO|Main|GameData.Domains.World.WorldDomain|Exit advancing month state and start saving world.
2026-06-28 04:29:29.3036|INFO|Main|GameData.Domains.World.WorldDomain|Currrent Population / World Standard Population: 6573/5184, Probability Adjustment of Creating Character: 100%
2026-06-28 04:29:29.3036|INFO|Main|GameData.Domains.Character.CharacterDomain|[[85]] Alive characters: 7194, dead characters: 2809
2026-06-28 04:29:29.3036|INFO|Main|GameData.Domains.Character.CharacterDomain|Non-intelligent characters: 284
  10085: 390-般若堂弟子
  10084: 390-般若堂弟子
  10083: 390-般若堂弟子
  10082: 390-般若堂弟子
  10072: 390-般若堂弟子
  10839: 390-般若堂弟子
  10071: 390-般若堂弟子
  10070: 390-般若堂弟子
  10069: 390-般若堂弟子
  10068: 390-般若堂弟子
  10067: 390-般若堂弟子
  10066: 390-般若堂弟子
  10065: 390-般若堂弟子
  10081: 390-般若堂弟子
  10080: 390-般若堂弟子
  10064: 390-般若堂弟子
  10831: 390-般若堂弟子
  8225: 377-年轻侠士
  10063: 390-般若堂弟子
  10830: 390-般若堂弟子
  10829: 390-般若堂弟子
  10062: 390-般若堂弟子
  10061: 390-般若堂弟子
  7427: 377-年轻侠士
  10079: 390-般若堂弟子
  10838: 390-般若堂弟子
  10828: 390-般若堂弟子
  10078: 390-般若堂弟子
  10077: 390-般若堂弟子
  10060: 390-般若堂弟子
  10837: 390-般若堂弟子
  10827: 390-般若堂弟子
  10826: 390-般若堂弟子
  10825: 390-般若堂弟子
  10059: 390-般若堂弟子
  10076: 390-般若堂弟子
  10075: 390-般若堂弟子
  10058: 390-般若堂弟子
  10824: 390-般若堂弟子
  10823: 390-般若堂弟子

2026-06-28 04:29:29.3036|INFO|Main|AdaptableLog|EventArgBox newly created: 3 instances, 7133 object collections.
2026-06-28 04:29:29.3036|WARN|Main|GameData.Domains.Item.ItemDomain|1 unowned CraftTool detected.
2026-06-28 04:29:29.3036|WARN|Main|GameData.Domains.Item.ItemDomain|16 unowned SkillBook detected.
2026-06-28 04:29:29.3036|WARN|Main|GameData.Domains.Item.ItemDomain|739 unowned Cricket detected.
2026-06-28 04:29:29.3036|WARN|Main|GameData.Domains.Item.ItemDomain|1 unowned Misc detected.
2026-06-28 04:29:29.3036|INFO|Main|GameData.Domains.Item.ItemDomain|Total unowned items: 757
2026-06-28 04:29:29.6293|INFO|Main|GameData.Domains.Global.GlobalDomain|Total managed memory usage: 506.1MB
2026-06-28 04:29:29.6470|INFO|Main|GameData.Domains.Global.GlobalDomain|Required Space: 1073741824 bytes.
Available Space: 1407859630080
2026-06-28 04:29:29.9660|INFO|Main|TaiwuOptimization.Runtime.SaveWorldDiagnostics|TaiwuOptimization: SaveWorld breakdown
  total:
    elapsed: 311.775ms
    measured: 311.549ms
    other: 0.226ms
    archivePath: D:\SteamLibrary\steamapps\common\The Scroll Of Taiwu\Backend\..\SaveGames\world_1\local.sav
    fileSize: 100155094
  archiveFile:
    WriteHeader: 0.103ms
    WriteContent: 311.446ms
    contentMeasured: 310.856ms
    contentOther: 0.590ms
  domainOnSaveWorld:
    WorldDomain: 1.489ms, calls=1
    MapDomain: 11.869ms, calls=1
    OrganizationDomain: 1.332ms, calls=1
    CharacterDomain: 136.757ms, calls=1
    TaiwuDomain: 0.325ms, calls=1
    ItemDomain: 20.673ms, calls=1
    CombatSkillDomain: 14.648ms, calls=1
    CombatDomain: 0.007ms, calls=1
    BuildingDomain: 3.231ms, calls=1
    AdventureDomain: 4.945ms, calls=1
    LegendaryBookDomain: 0.012ms, calls=1
    TaiwuEventDomain: 0.025ms, calls=1
    LifeRecordDomain: 0.000ms, calls=1
    MerchantDomain: 1.097ms, calls=1
    TutorialChapterDomain: 0.000ms, calls=1
    ModDomain: 0.025ms, calls=1
    SpecialEffectDomain: 1.588ms, calls=1
    InformationDomain: 45.583ms, calls=1
    ExtraDomain: 29.287ms, calls=1
    StoryDomain: 0.063ms, calls=1
  database:
    DatabaseBridge.Disconnect: 0.693ms
    CopyWorkingDb: 36.602ms, calls=1, bytes=32514048, bufferBytes=16777216, estimatedChunks=2
    DatabaseBridge.Connect: 0.601ms
  compression:
    CompressionType: NoCompression
    EndCompression: 0.000ms
    WriteCrcToEnd: 0.004ms

2026-06-28 04:29:29.9660|INFO|Main|GameData.Domains.Global.GlobalDomain|SaveWorld: 322.1
2026-06-28 04:29:30.4178|INFO|Main|AdaptableLog|new Event triggered : 1505c7c2-8a55-4794-bd85-1c5aec7ea341, _triggeredEventList.Count = 1
2026-06-28 04:29:30.4178|INFO|Main|AdaptableLog|1505c7c2-8a55-4794-bd85-1c5aec7ea341 to event => 
2026-06-28 04:29:32.3185|INFO|ReadInterProcessMessages|GameData.GameDataBridge.GameDataBridge|Incoming message: Disconnect
2026-06-28 04:29:32.3185|INFO|ReadInterProcessMessages|GameData.GameDataBridge.GameDataBridge|ReadInterProcessMessages thread is about to exit.
2026-06-28 04:29:32.3185|INFO|Main|GameData.Program|GameData module is about to exit.
2026-06-28 04:29:32.3185|INFO|WriteInterProcessMessages|GameData.GameDataBridge.GameDataBridge|Outgoing message: Disconnect
2026-06-28 04:29:32.3185|INFO|WriteInterProcessMessages|GameData.GameDataBridge.GameDataBridge|WriteInterProcessMessages thread is about to exit.
